layer,emotion,cleaned_cosine,raw_cosine,absolute_cleaned_cosine,mean_pair_cleaned_cosine,std_pair_cleaned_cosine,pair_sign_agreement
0,disdainful,0.24866428971290588,0.24525173008441925,0.24866428971290588,0.2161206752061844,0.029603315517306328,1.0
0,grief-stricken,-0.24056661128997803,-0.25289562344551086,0.24056661128997803,-0.20769032835960388,0.03250496834516525,1.0
0,hateful,-0.22436770796775818,-0.22097335755825043,0.22436770796775818,-0.1918700933456421,0.05150794982910156,1.0
0,tense,0.22385860979557037,0.23188096284866333,0.22385860979557037,0.1930302232503891,0.0452377051115036,1.0
0,stimulated,0.2117033451795578,0.19238029420375824,0.2117033451795578,0.1828317791223526,0.02632208727300167,1.0
0,delighted,0.207362562417984,0.20935538411140442,0.207362562417984,0.18077221512794495,0.021678786724805832,1.0
0,lonely,-0.2062230259180069,-0.19376571476459503,0.2062230259180069,-0.17680494487285614,0.03357280045747757,1.0
0,playful,0.20001040399074554,0.1948869526386261,0.20001040399074554,0.17114606499671936,0.04962771013379097,1.0
0,self-conscious,0.19474633038043976,0.20358462631702423,0.19474633038043976,0.16872432827949524,0.03639042004942894,1.0
0,envious,0.18580412864685059,0.20295320451259613,0.18580412864685059,0.16056159138679504,0.0468502938747406,1.0
0,tormented,-0.18459101021289825,-0.18372194468975067,0.18459101021289825,-0.1621004045009613,0.029103312641382217,1.0
0,bewildered,-0.18108919262886047,-0.19618216156959534,0.18108919262886047,-0.1586005538702011,0.03972666710615158,1.0
0,sluggish,-0.17878709733486176,-0.177517831325531,0.17878709733486176,-0.1573483645915985,0.0401797816157341,1.0
0,grumpy,-0.1753888875246048,-0.19344864785671234,0.1753888875246048,-0.15093573927879333,0.04308752715587616,1.0
0,frustrated,-0.17054447531700134,-0.1754211187362671,0.17054447531700134,-0.14800216257572174,0.02353951521217823,1.0
0,depressed,-0.16380490362644196,-0.19037683308124542,0.16380490362644196,-0.14117977023124695,0.020467061549425125,1.0
0,paranoid,0.16187115013599396,0.17459741234779358,0.16187115013599396,0.13917884230613708,0.03639615699648857,1.0
0,compassionate,0.157121479511261,0.1623499095439911,0.157121479511261,0.1386488974094391,0.04397805035114288,1.0
0,restless,0.15311257541179657,0.13977624475955963,0.15311257541179657,0.13288763165473938,0.042038604617118835,1.0
0,indignant,-0.15052036941051483,-0.18281084299087524,0.15052036941051483,-0.1335117369890213,0.02594190277159214,1.0
0,annoyed,-0.1484832614660263,-0.1848497837781906,0.1484832614660263,-0.13023582100868225,0.05550296977162361,1.0
0,cheerful,0.1461183875799179,0.16460628807544708,0.1461183875799179,0.12826034426689148,0.014350858516991138,1.0
0,content,0.1444910317659378,0.14432740211486816,0.1444910317659378,0.12528903782367706,0.03548949956893921,1.0
0,fulfilled,0.1436939686536789,0.1615544706583023,0.1436939686536789,0.12540212273597717,0.03502057120203972,1.0
0,sympathetic,0.14036676287651062,0.13484111428260803,0.14036676287651062,0.1205369085073471,0.025410743430256844,1.0
0,humiliated,0.13622361421585083,0.1491425335407257,0.13622361421585083,0.11911624670028687,0.03591539338231087,1.0
0,contemptuous,0.13585394620895386,0.15073837339878082,0.13585394620895386,0.11713538318872452,0.023564506322145462,1.0
0,scared,0.13492901623249054,0.1371505856513977,0.13492901623249054,0.11574967205524445,0.021877029910683632,1.0
0,smug,0.13234195113182068,0.15193025767803192,0.13234195113182068,0.11689676344394684,0.016985736787319183,1.0
0,thankful,-0.13198047876358032,-0.11994797736406326,0.13198047876358032,-0.11451493203639984,0.02838238887488842,1.0
0,relaxed,-0.13192658126354218,-0.09807167202234268,0.13192658126354218,-0.11445977538824081,0.017230035737156868,1.0
0,distressed,-0.13131621479988098,-0.12510594725608826,0.13131621479988098,-0.11266545951366425,0.038414981216192245,1.0
0,at ease,0.13059456646442413,0.12759582698345184,0.13059456646442413,0.11435514688491821,0.031372129917144775,1.0
0,vibrant,0.1304420381784439,0.1090940609574318,0.1304420381784439,0.10912070423364639,0.046487320214509964,1.0
0,self-confident,0.1290837526321411,0.11901803314685822,0.1290837526321411,0.11277920007705688,0.03214642405509949,1.0
0,insulted,0.1242949515581131,0.13167935609817505,0.1242949515581131,0.10955114662647247,0.029630150645971298,1.0
0,perplexed,0.12144038826227188,0.12678766250610352,0.12144038826227188,0.104316845536232,0.04318445548415184,1.0
0,gloomy,-0.12111333757638931,-0.12440675497055054,0.12111333757638931,-0.10385439544916153,0.030201761052012444,1.0
0,angry,-0.12012802809476852,-0.1587853729724884,0.12012802809476852,-0.10603438317775726,0.048178452998399734,1.0
0,jubilant,-0.11909890174865723,-0.13902518153190613,0.11909890174865723,-0.10246133804321289,0.03639005497097969,1.0
0,miserable,-0.11876100301742554,-0.08649414777755737,0.11876100301742554,-0.10189755260944366,0.04780709743499756,1.0
0,terrified,0.11746186763048172,0.12808309495449066,0.11746186763048172,0.10188555717468262,0.04336201399564743,1.0
0,brooding,-0.11549711972475052,-0.11563463509082794,0.11549711972475052,-0.09768060594797134,0.028456253930926323,1.0
0,hostile,-0.11528785526752472,-0.12642915546894073,0.11528785526752472,-0.10131822526454926,0.03609651327133179,1.0
0,remorseful,0.11389484256505966,0.14775438606739044,0.11389484256505966,0.10030190646648407,0.041444793343544006,1.0
0,furious,0.11383943259716034,0.0820954218506813,0.11383943259716034,0.09404828399419785,0.05054963752627373,1.0
0,kind,0.11352698504924774,0.13371214270591736,0.11352698504924774,0.10077837854623795,0.04520252346992493,1.0
0,tired,-0.11276878416538239,-0.10388728976249695,0.11276878416538239,-0.098210409283638,0.017749901860952377,1.0
0,irate,0.11126283556222916,0.06348804384469986,0.11126283556222916,0.09495581686496735,0.05458415672183037,1.0
0,on edge,0.11011821031570435,0.12912259995937347,0.11011821031570435,0.09693525731563568,0.03366472199559212,1.0
0,loving,0.1080065369606018,0.0935940146446228,0.1080065369606018,0.09382279962301254,0.019986126571893692,1.0
0,unsettled,-0.10474257171154022,-0.09180920571088791,0.10474257171154022,-0.09180925786495209,0.06004532054066658,1.0
0,indifferent,-0.1046367883682251,-0.11911682784557343,0.1046367883682251,-0.0928289070725441,0.042968038469552994,1.0
0,amazed,-0.10418261587619781,-0.11426661163568497,0.10418261587619781,-0.08980480581521988,0.027084482833743095,1.0
0,weary,-0.10073678940534592,-0.10876758396625519,0.10073678940534592,-0.0881621390581131,0.023212840780615807,1.0
0,panicked,-0.09906455874443054,-0.09866107255220413,0.09906455874443054,-0.08707551658153534,0.02973795495927334,1.0
0,vindictive,-0.09757740795612335,-0.12856078147888184,0.09757740795612335,-0.08594855666160583,0.061050206422805786,0.800000011920929
0,calm,-0.09705767780542374,-0.08241380006074905,0.09705767780542374,-0.08112816512584686,0.041571661829948425,1.0
0,triumphant,-0.09615243226289749,-0.11100849509239197,0.09615243226289749,-0.08299606293439865,0.023298930376768112,1.0
0,valiant,-0.09430090337991714,-0.12637241184711456,0.09430090337991714,-0.08239848911762238,0.06854315102100372,0.800000011920929
0,aroused,0.0938892588019371,0.11048156023025513,0.0938892588019371,0.08037459850311279,0.03688773885369301,1.0
0,joyful,0.09094206988811493,0.10224973410367966,0.09094206988811493,0.08084968477487564,0.04117502644658089,1.0
0,bitter,0.09008468687534332,0.08196435868740082,0.09008468687534332,0.07844676822423935,0.051887959241867065,1.0
0,unnerved,-0.08959878981113434,-0.069887176156044,0.08959878981113434,-0.07772032171487808,0.024018768221139908,1.0
0,stressed,-0.0892365351319313,-0.10184585303068161,0.0892365351319313,-0.07901255786418915,0.05221198871731758,1.0
0,irritated,-0.08678901940584183,-0.09041335433721542,0.08678901940584183,-0.07590828835964203,0.037752240896224976,1.0
0,desperate,-0.08672092854976654,-0.08741886913776398,0.08672092854976654,-0.07333763688802719,0.02292242832481861,1.0
0,alert,-0.08607816696166992,-0.08884165436029434,0.08607816696166992,-0.07616585493087769,0.02153465896844864,1.0
0,nervous,0.08596348762512207,0.07636616379022598,0.08596348762512207,0.07467986643314362,0.021616972982883453,1.0
0,disgusted,-0.08294983208179474,-0.09830185770988464,0.08294983208179474,-0.07164576649665833,0.013540723361074924,1.0
0,thrilled,-0.08201000839471817,-0.06765532493591309,0.08201000839471817,-0.07197685539722443,0.03758128732442856,1.0
0,invigorated,0.08025434613227844,0.1085871160030365,0.08025434613227844,0.07069824635982513,0.03324580565094948,1.0
0,astonished,-0.0790250152349472,-0.07056214660406113,0.0790250152349472,-0.06750800460577011,0.04943716153502464,0.800000011920929
0,exasperated,-0.07883214205503464,-0.0882515162229538,0.07883214205503464,-0.07204195111989975,0.034651029855012894,1.0
0,eager,-0.07625610381364822,-0.06891164183616638,0.07625610381364822,-0.06595222651958466,0.02821597084403038,1.0
0,sentimental,-0.07475543767213821,-0.08305071294307709,0.07475543767213821,-0.06427215039730072,0.02544628456234932,1.0
0,stuck,-0.07425663620233536,-0.09368350356817245,0.07425663620233536,-0.06533591449260712,0.02747100219130516,1.0
0,proud,-0.0728440135717392,-0.05589696019887924,0.0728440135717392,-0.060884375125169754,0.04326045885682106,1.0
0,hysterical,0.07274451851844788,0.06662388890981674,0.07274451851844788,0.06385010480880737,0.026595093309879303,1.0
0,vengeful,-0.07166576385498047,-0.0460573211312294,0.07166576385498047,-0.06006406620144844,0.054128795862197876,0.800000011920929
0,sorry,0.07109608501195908,0.05452585965394974,0.07109608501195908,0.06449700891971588,0.0455150306224823,1.0
0,spiteful,-0.06920215487480164,-0.12821221351623535,0.06920215487480164,-0.06274224072694778,0.0476626455783844,0.800000011920929
0,optimistic,0.06895241141319275,0.025138327851891518,0.06895241141319275,0.057318173348903656,0.0381496325135231,1.0
0,hurt,0.06795693188905716,0.08402577042579651,0.06795693188905716,0.05979711934924126,0.03049994818866253,1.0
0,dependent,0.06770117580890656,0.10095422714948654,0.06770117580890656,0.059307314455509186,0.029612373560667038,1.0
0,dispirited,-0.06761867552995682,-0.05328632891178131,0.06761867552995682,-0.05740022659301758,0.031006766483187675,1.0
0,safe,-0.06584124267101288,-0.04883747547864914,0.06584124267101288,-0.056862812489271164,0.009948620572686195,1.0
0,sleepy,0.0657910406589508,0.08133652061223984,0.0657910406589508,0.05979343131184578,0.02457696758210659,1.0
0,frightened,0.06537878513336182,0.05966244265437126,0.06537878513336182,0.05379343032836914,0.03219999372959137,1.0
0,anxious,0.06521547585725784,0.07097144424915314,0.06521547585725784,0.057886116206645966,0.025021199136972427,1.0
0,inspired,-0.0651000589132309,-0.042057719081640244,0.0651000589132309,-0.05363408476114273,0.04427272453904152,1.0
0,shocked,0.0649913027882576,0.047271326184272766,0.0649913027882576,0.053813256323337555,0.04038359969854355,1.0
0,scornful,-0.064911387860775,-0.06319613009691238,0.064911387860775,-0.059848763048648834,0.033916737884283066,1.0
0,horrified,-0.06350719928741455,-0.09174180030822754,0.06350719928741455,-0.05593683570623398,0.04350334405899048,0.800000011920929
0,impatient,-0.06337659060955048,-0.05142684280872345,0.06337659060955048,-0.05301981419324875,0.02319713681936264,1.0
0,ashamed,0.06308498978614807,0.02979610487818718,0.06308498978614807,0.05248250439763069,0.025091947987675667,1.0
0,skeptical,0.0604456290602684,0.037085238844156265,0.0604456290602684,0.0484083890914917,0.0388951301574707,0.800000011920929
0,listless,-0.05829188600182533,-0.10940278321504593,0.05829188600182533,-0.05113065242767334,0.041354212909936905,1.0
0,upset,-0.057197242975234985,-0.08451288938522339,0.057197242975234985,-0.05035706236958504,0.038342565298080444,0.800000011920929
0,refreshed,0.056638456881046295,0.07407909631729126,0.056638456881046295,0.049953311681747437,0.01748242788016796,1.0
0,vigilant,0.055838536471128464,0.07995585352182388,0.055838536471128464,0.05009455606341362,0.03480157256126404,0.800000011920929
0,resigned,-0.05365767329931259,-0.0591830238699913,0.05365767329931259,-0.0469869002699852,0.033414386212825775,1.0
0,lazy,-0.05200967192649841,-0.06471779942512512,0.05200967192649841,-0.0460120365023613,0.015567159280180931,1.0
0,blissful,0.05151784420013428,0.07703293859958649,0.05151784420013428,0.047855716198682785,0.03060056082904339,1.0
0,troubled,-0.051245562732219696,-0.06754467636346817,0.051245562732219696,-0.0442308709025383,0.01769244112074375,1.0
0,self-critical,0.050666552037000656,0.026033129543066025,0.050666552037000656,0.04090922325849533,0.03850911185145378,1.0
0,amused,-0.05049126595258713,-0.08979461342096329,0.05049126595258713,-0.04811178147792816,0.04580847546458244,0.800000011920929
0,resentful,-0.04946728050708771,-0.08231378346681595,0.04946728050708771,-0.044446609914302826,0.04451475292444229,0.800000011920929
0,rattled,0.048385731875896454,0.04728677123785019,0.048385731875896454,0.04150675609707832,0.012068905867636204,1.0
0,disoriented,0.046088807284832,0.042359013110399246,0.046088807284832,0.038314107805490494,0.033119719475507736,1.0
0,shaken,-0.04354150965809822,-0.01998644322156906,0.04354150965809822,-0.036963559687137604,0.015533389523625374,1.0
0,heartbroken,-0.043124184012413025,-0.01100915763527155,0.043124184012413025,-0.033780600875616074,0.04547944664955139,0.800000011920929
0,guilty,0.041591040790081024,0.046197596937417984,0.041591040790081024,0.037113673985004425,0.03325474634766579,0.800000011920929
0,ecstatic,0.039173729717731476,0.029313616454601288,0.039173729717731476,0.03309669718146324,0.019738294184207916,1.0
0,obstinate,-0.036646682769060135,-0.0295675341039896,0.036646682769060135,-0.030598461627960205,0.042735353112220764,0.6000000238418579
0,infatuated,0.0360700860619545,0.03314979001879692,0.0360700860619545,0.0305643267929554,0.01636992022395134,1.0
0,dumbstruck,-0.03594668209552765,-0.03650716319680214,0.03594668209552765,-0.03352662920951843,0.02881006710231304,1.0
0,bored,-0.034276604652404785,0.005712882615625858,0.034276604652404785,-0.027117442339658737,0.03297438099980354,0.6000000238418579
0,serene,-0.033948928117752075,-0.00911922287195921,0.033948928117752075,-0.02527713216841221,0.04066682979464531,0.800000011920929
0,disturbed,0.03364164009690285,0.017806384712457657,0.03364164009690285,0.027347739785909653,0.022427096962928772,1.0
0,awestruck,-0.03167138993740082,0.004322993569076061,0.03167138993740082,-0.02583131194114685,0.03989993780851364,0.800000011920929
0,droopy,-0.03089633584022522,-0.029430175200104713,0.03089633584022522,-0.026507902890443802,0.02050705812871456,1.0
0,jealous,0.02999420277774334,0.028540100902318954,0.02999420277774334,0.02573082409799099,0.020228620618581772,0.800000011920929
0,hope,-0.02995271235704422,-0.03803488612174988,0.02995271235704422,-0.026112526655197144,0.02683398313820362,1.0
0,offended,-0.029080379754304886,-0.07227310538291931,0.029080379754304886,-0.026891717687249184,0.04625591263175011,0.800000011920929
0,peaceful,0.027948375791311264,0.049051493406295776,0.027948375791311264,0.025362808257341385,0.04102356731891632,0.800000011920929
0,defiant,-0.02767575904726982,-0.03674520179629326,0.02767575904726982,-0.022688884288072586,0.016382193192839622,1.0
0,trapped,0.02669014036655426,0.05287996307015419,0.02669014036655426,0.02193799614906311,0.049551788717508316,0.6000000238418579
0,puzzled,0.0263169314712286,0.017945092171430588,0.0263169314712286,0.020073115825653076,0.03202301636338234,0.6000000238418579
0,unhappy,-0.025855910032987595,-0.010725588537752628,0.025855910032987595,-0.019768942147493362,0.06001290678977966,0.6000000238418579
0,satisfied,0.024777447804808617,0.050620339810848236,0.024777447804808617,0.023797214031219482,0.0350806750357151,0.800000011920929
0,mystified,-0.024640314280986786,-0.018152015283703804,0.024640314280986786,-0.02353890985250473,0.03405337780714035,0.800000011920929
0,stubborn,0.024045085534453392,0.04715617373585701,0.024045085534453392,0.02267029881477356,0.029452944174408913,0.800000011920929
0,grateful,-0.023946033790707588,-0.03538649529218674,0.023946033790707588,-0.01862330734729767,0.026861203834414482,0.800000011920929
0,exuberant,0.022715900093317032,0.05428900197148323,0.022715900093317032,0.020509634166955948,0.058790214359760284,0.6000000238418579
0,sensitive,0.022006895393133163,0.012500789947807789,0.022006895393133163,0.01945343427360058,0.029069019481539726,0.6000000238418579
0,vulnerable,0.021311065182089806,0.027145419269800186,0.021311065182089806,0.015167603269219398,0.045731138437986374,0.6000000238418579
0,surprised,0.020840521901845932,0.02388201840221882,0.020840521901845932,0.017577290534973145,0.039237815886735916,0.800000011920929
0,worried,-0.020771443843841553,-0.03653435781598091,0.020771443843841553,-0.019507406279444695,0.06207762658596039,0.6000000238418579
0,euphoric,0.02038509026169777,0.04958285391330719,0.02038509026169777,0.020856261253356934,0.05613034591078758,0.800000011920929
0,sullen,0.019774584099650383,0.02091021090745926,0.019774584099650383,0.014944331720471382,0.028735127300024033,0.800000011920929
0,hopeful,-0.019698457792401314,-0.03560033440589905,0.019698457792401314,-0.016375351697206497,0.027449194341897964,0.800000011920929
0,sad,-0.016764987260103226,-0.01606820896267891,0.016764987260103226,-0.01641254872083664,0.0275997593998909,0.800000011920929
0,empathetic,-0.016429873183369637,0.016216374933719635,0.016429873183369637,-0.013879111036658287,0.01715012826025486,0.800000011920929
0,regretful,-0.015683699399232864,0.007631159387528896,0.015683699399232864,-0.011519625782966614,0.029754439368844032,0.6000000238418579
0,reflective,-0.015602510422468185,0.021313630044460297,0.015602510422468185,-0.012946510687470436,0.05276254191994667,0.4000000059604645
0,nostalgic,-0.015315684489905834,-0.016219880431890488,0.015315684489905834,-0.012403571046888828,0.025033075362443924,0.6000000238418579
0,enraged,-0.014089073054492474,-0.0373416505753994,0.014089073054492474,-0.013723370619118214,0.032639261335134506,0.800000011920929
0,energized,-0.013299931772053242,0.009884840808808804,0.013299931772053242,-0.011581532657146454,0.02300861105322838,0.6000000238418579
0,uneasy,0.01294982060790062,0.00416362751275301,0.01294982060790062,0.009805695153772831,0.0383925698697567,0.6000000238418579
0,elated,0.012948098592460155,0.01943294145166874,0.012948098592460155,0.014581236056983471,0.042363185435533524,0.4000000059604645
0,suspicious,0.011564582586288452,0.016472045332193375,0.011564582586288452,0.009267681278288364,0.04060104116797447,0.6000000238418579
0,outraged,-0.011162095703184605,-0.041002966463565826,0.011162095703184605,-0.010266141965985298,0.0394396148622036,0.6000000238418579
0,relieved,0.010696349665522575,-0.0005048403982073069,0.010696349665522575,0.009178092703223228,0.02566014789044857,0.6000000238418579
0,worthless,-0.00984765961766243,0.017302824184298515,0.00984765961766243,-0.007363276090472937,0.04104997590184212,0.6000000238418579
0,melancholy,-0.00971364974975586,0.004345306660979986,0.00971364974975586,-0.009757807478308678,0.04775499179959297,0.4000000059604645
0,mad,0.008485419675707817,0.04145849868655205,0.008485419675707817,0.007720567286014557,0.031523119658231735,0.4000000059604645
0,happy,-0.008265342563390732,-0.0030659269541502,0.008265342563390732,-0.0053978729993104935,0.025538409128785133,0.6000000238418579
0,overwhelmed,-0.008155079558491707,0.004709945060312748,0.008155079558491707,-0.005005123559385538,0.024095287546515465,0.4000000059604645
0,embarrassed,0.006241328082978725,0.0218668133020401,0.006241328082978725,0.008784250356256962,0.03530526161193848,0.6000000238418579
0,enthusiastic,-0.005744270980358124,0.02664715051651001,0.005744270980358124,-0.0029591736383736134,0.022925101220607758,0.6000000238418579
0,greedy,-0.005429977551102638,0.03136749565601349,0.005429977551102638,-0.0025402246974408627,0.040396012365818024,0.6000000238418579
0,mortified,-0.00436507910490036,-0.017289912328124046,0.00436507910490036,-0.005094883497804403,0.02396962232887745,0.4000000059604645
0,worn out,0.004066703841090202,-0.009831001982092857,0.004066703841090202,0.00366417458280921,0.03284579515457153,0.6000000238418579
0,docile,-0.0039744689129292965,0.026219146326184273,0.0039744689129292965,0.0002212943509221077,0.04989955201745033,0.4000000059604645
0,pleased,-0.0037495617289096117,-0.010828543454408646,0.0037495617289096117,-0.0019927837420254946,0.04417583718895912,0.4000000059604645
0,excited,-0.003089150646701455,-0.008857617154717445,0.003089150646701455,0.0014077812666073442,0.03727388754487038,0.6000000238418579
0,rejuvenated,0.002191452542319894,0.03094780072569847,0.002191452542319894,0.004291576333343983,0.04091377556324005,0.800000011920929
0,alarmed,0.0018901008879765868,0.02104034088551998,0.0018901008879765868,-0.0016929140547290444,0.036448851227760315,0.4000000059604645
0,afraid,-0.001433375058695674,-0.021442314609885216,0.001433375058695674,-0.002618329366669059,0.013850752264261246,0.6000000238418579
0,patient,7.889320841059089e-05,0.01956273801624775,7.889320841059089e-05,0.0019472355488687754,0.02794726751744747,0.800000011920929
1,delighted,0.2528727352619171,0.2503858208656311,0.2528727352619171,0.22459380328655243,0.02452409453690052,1.0
1,grief-stricken,-0.24813738465309143,-0.2720244526863098,0.24813738465309143,-0.2176777869462967,0.031030749902129173,1.0
1,disdainful,0.23824073374271393,0.24706998467445374,0.23824073374271393,0.21042029559612274,0.03257676959037781,1.0
1,stimulated,0.23712126910686493,0.21260176599025726,0.23712126910686493,0.20963391661643982,0.026189113035798073,1.0
1,tense,0.21852675080299377,0.23793858289718628,0.21852675080299377,0.1917237937450409,0.048731934279203415,1.0
1,lonely,-0.21360260248184204,-0.19372862577438354,0.21360260248184204,-0.18520106375217438,0.039299581199884415,1.0
1,hateful,-0.21012088656425476,-0.2212078720331192,0.21012088656425476,-0.18361011147499084,0.05868340656161308,1.0
1,tormented,-0.1956074833869934,-0.19412806630134583,0.1956074833869934,-0.1750369369983673,0.03389587625861168,1.0
1,playful,0.18649141490459442,0.18968544900417328,0.18649141490459442,0.1608472764492035,0.047674644738435745,1.0
1,depressed,-0.18592065572738647,-0.21865203976631165,0.18592065572738647,-0.16319701075553894,0.017144320532679558,1.0
1,sluggish,-0.18526500463485718,-0.20146191120147705,0.18526500463485718,-0.16576211154460907,0.037039145827293396,1.0
1,grumpy,-0.179713636636734,-0.203253373503685,0.179713636636734,-0.1593681126832962,0.04475615546107292,1.0
1,gloomy,-0.17575906217098236,-0.1809931993484497,0.17575906217098236,-0.1553487777709961,0.028773950412869453,1.0
1,self-conscious,0.16996169090270996,0.19597457349300385,0.16996169090270996,0.14921934902668,0.04134443774819374,1.0
1,paranoid,0.16333316266536713,0.18272249400615692,0.16333316266536713,0.14148937165737152,0.052427127957344055,1.0
1,at ease,0.16319559514522552,0.15952236950397491,0.16319559514522552,0.14727088809013367,0.045685119926929474,1.0
1,content,0.1604999154806137,0.1715010702610016,0.1604999154806137,0.14196686446666718,0.05084175989031792,1.0
1,distressed,-0.16009800136089325,-0.16580291092395782,0.16009800136089325,-0.14074954390525818,0.03755229711532593,1.0
1,cheerful,0.1585177779197693,0.18153850734233856,0.1585177779197693,0.14110389351844788,0.014501627534627914,1.0
1,aroused,0.15817175805568695,0.16834034025669098,0.15817175805568695,0.13742588460445404,0.04701714217662811,1.0
1,indignant,-0.15704187750816345,-0.16851188242435455,0.15704187750816345,-0.1411728411912918,0.035385701805353165,1.0
1,frustrated,-0.1543286293745041,-0.1631762534379959,0.1543286293745041,-0.13556712865829468,0.024224786087870598,1.0
1,relaxed,-0.15392005443572998,-0.11138315498828888,0.15392005443572998,-0.1362854540348053,0.016689077019691467,1.0
1,vibrant,0.14983446896076202,0.1301460713148117,0.14983446896076202,0.12740054726600647,0.047253746539354324,1.0
1,amazed,-0.14758022129535675,-0.1615147441625595,0.14758022129535675,-0.13109463453292847,0.03188168257474899,1.0
1,smug,0.14568689465522766,0.17470939457416534,0.14568689465522766,0.1291789561510086,0.008439702913165092,1.0
1,envious,0.14405840635299683,0.16614140570163727,0.14405840635299683,0.12627559900283813,0.05265018716454506,1.0
1,self-confident,0.1422675997018814,0.13536813855171204,0.1422675997018814,0.12560740113258362,0.0263547133654356,1.0
1,sympathetic,0.14184285700321198,0.13218073546886444,0.14184285700321198,0.12337709963321686,0.030251983553171158,1.0
1,fulfilled,0.14040644466876984,0.16576078534126282,0.14040644466876984,0.12402237951755524,0.02788337506353855,1.0
1,bewildered,-0.14032882452011108,-0.16839821636676788,0.14032882452011108,-0.12453506886959076,0.04148360341787338,1.0
1,hostile,-0.1358707696199417,-0.14855700731277466,0.1358707696199417,-0.12252392619848251,0.035224538296461105,1.0
1,angry,-0.13529078662395477,-0.16127105057239532,0.13529078662395477,-0.12002482265233994,0.05375858396291733,1.0
1,kind,0.13524366915225983,0.15953809022903442,0.13524366915225983,0.12390945106744766,0.05200010910630226,1.0
1,thankful,-0.13461178541183472,-0.10920003056526184,0.13461178541183472,-0.11851789057254791,0.031222691759467125,1.0
1,compassionate,0.12772688269615173,0.14100442826747894,0.12772688269615173,0.1155477985739708,0.05419393628835678,1.0
1,resigned,-0.12400095164775848,-0.13614346086978912,0.12400095164775848,-0.11178960651159286,0.03338446840643883,1.0
1,furious,0.12372655421495438,0.09646695852279663,0.12372655421495438,0.1042184829711914,0.048293258994817734,1.0
1,perplexed,0.12257792055606842,0.1393107771873474,0.12257792055606842,0.10812916606664658,0.0363071970641613,1.0
1,calm,-0.1222962886095047,-0.10491059720516205,0.1222962886095047,-0.10260725021362305,0.05225052684545517,1.0
1,humiliated,0.11612657457590103,0.13078442215919495,0.11612657457590103,0.10130826383829117,0.04327083006501198,1.0
1,restless,0.11567293852567673,0.11507432162761688,0.11567293852567673,0.10225764662027359,0.04623766243457794,1.0
1,annoyed,-0.11319921910762787,-0.1626049429178238,0.11319921910762787,-0.09992887824773788,0.055066242814064026,1.0
1,unnerved,-0.11204183846712112,-0.09520523995161057,0.11204183846712112,-0.09868741780519485,0.016520727425813675,1.0
1,terrified,0.11157746613025665,0.12448270618915558,0.11157746613025665,0.10098137706518173,0.048850055783987045,1.0
1,miserable,-0.1109938994050026,-0.0882110744714737,0.1109938994050026,-0.0989551767706871,0.051311977207660675,1.0
1,unsettled,-0.11033409088850021,-0.09353373199701309,0.11033409088850021,-0.09664510190486908,0.06433843076229095,1.0
1,tired,-0.10903506726026535,-0.11910625547170639,0.10903506726026535,-0.09628144651651382,0.017724942415952682,1.0
1,weary,-0.10856359452009201,-0.12858130037784576,0.10856359452009201,-0.09782950580120087,0.02812141366302967,1.0
1,heartbroken,-0.10823537409305573,-0.05573251098394394,0.10823537409305573,-0.09129538387060165,0.04864336922764778,1.0
1,frightened,0.10755171626806259,0.09558898955583572,0.10755171626806259,0.0927015095949173,0.02787989377975464,1.0
1,insulted,0.10748772323131561,0.1134893074631691,0.10748772323131561,0.09601525217294693,0.04059748724102974,1.0
1,vindictive,-0.10571514070034027,-0.1387835443019867,0.10571514070034027,-0.09266048669815063,0.07032155245542526,0.800000011920929
1,shocked,0.10513276606798172,0.08487462252378464,0.10513276606798172,0.09139033406972885,0.0343380905687809,1.0
1,scared,0.10498468577861786,0.1090003028512001,0.10498468577861786,0.09140954166650772,0.014965035021305084,1.0
1,stressed,-0.1045667827129364,-0.12130998820066452,0.1045667827129364,-0.09516824036836624,0.06468193978071213,1.0
1,vigilant,0.1028442457318306,0.13876642286777496,0.1028442457318306,0.09447265416383743,0.050188370048999786,1.0
1,bitter,0.10114184021949768,0.0990729033946991,0.10114184021949768,0.09167218208312988,0.05753768980503082,1.0
1,joyful,0.10077622532844543,0.10861118137836456,0.10077622532844543,0.09066290408372879,0.032233547419309616,1.0
1,disgusted,-0.09843836724758148,-0.12593945860862732,0.09843836724758148,-0.08720658719539642,0.010944216512143612,1.0
1,dispirited,-0.09772128611803055,-0.09989966452121735,0.09772128611803055,-0.08510056138038635,0.029807819053530693,1.0
1,irritated,-0.09754351526498795,-0.10045435279607773,0.09754351526498795,-0.08669382333755493,0.03685404360294342,1.0
1,on edge,0.09563810378313065,0.11633521318435669,0.09563810378313065,0.08598770201206207,0.03822452947497368,1.0
1,irate,0.09495783597230911,0.05807576701045036,0.09495783597230911,0.08410364389419556,0.06010153517127037,1.0
1,sleepy,0.0948328897356987,0.1038665771484375,0.0948328897356987,0.0867573469877243,0.02830897830426693,1.0
1,dumbstruck,-0.09194556623697281,-0.08323387056589127,0.09194556623697281,-0.08464322239160538,0.027155514806509018,1.0
1,sorry,0.09099100530147552,0.07108930498361588,0.09099100530147552,0.08314726501703262,0.05520154908299446,1.0
1,sentimental,-0.09025461971759796,-0.10937266796827316,0.09025461971759796,-0.0806252509355545,0.03184739500284195,1.0
1,brooding,-0.0894140899181366,-0.10168846696615219,0.0894140899181366,-0.07447167485952377,0.04087464138865471,1.0
1,loving,0.08789853006601334,0.07572335749864578,0.08789853006601334,0.0784224420785904,0.03297539800405502,1.0
1,valiant,-0.08767654001712799,-0.13257108628749847,0.08767654001712799,-0.07459936290979385,0.08491427451372147,0.6000000238418579
1,exasperated,-0.08445601165294647,-0.09290334582328796,0.08445601165294647,-0.0780264362692833,0.03306209295988083,1.0
1,troubled,-0.08254947513341904,-0.10323136299848557,0.08254947513341904,-0.07196415215730667,0.01508279424160719,1.0
1,hurt,0.08087601512670517,0.09623153507709503,0.08087601512670517,0.07265852391719818,0.03457294777035713,1.0
1,alert,-0.07962889224290848,-0.08713634312152863,0.07962889224290848,-0.07289282977581024,0.03541839122772217,1.0
1,contemptuous,0.07769133150577545,0.11013780534267426,0.07769133150577545,0.06532394886016846,0.039450984448194504,1.0
1,hysterical,0.07721512019634247,0.06711725145578384,0.07721512019634247,0.06849149614572525,0.02688583917915821,1.0
1,astonished,-0.0760098546743393,-0.05976082757115364,0.0760098546743393,-0.0635133609175682,0.05844984948635101,0.800000011920929
1,dependent,0.07594941556453705,0.11225752532482147,0.07594941556453705,0.06633156538009644,0.04194996505975723,1.0
1,ashamed,0.07538298517465591,0.05405060574412346,0.07538298517465591,0.06434933096170425,0.022515712305903435,1.0
1,stuck,-0.07462979108095169,-0.102725088596344,0.07462979108095169,-0.06869343668222427,0.034630775451660156,1.0
1,nervous,0.0737866759300232,0.07224322855472565,0.0737866759300232,0.06732404232025146,0.03839138522744179,1.0
1,optimistic,0.07041202485561371,0.0305340476334095,0.07041202485561371,0.060671932995319366,0.043133124709129333,1.0
1,alarmed,-0.06939772516489029,-0.04792766273021698,0.06939772516489029,-0.06403720378875732,0.0361030139029026,0.800000011920929
1,proud,-0.06707224249839783,-0.06987378001213074,0.06707224249839783,-0.057506877928972244,0.04504590854048729,1.0
1,invigorated,0.06693428754806519,0.10042435675859451,0.06693428754806519,0.05727297067642212,0.038846928626298904,1.0
1,triumphant,-0.06687109172344208,-0.08402253687381744,0.06687109172344208,-0.057774633169174194,0.037838760763406754,0.800000011920929
1,awestruck,-0.06599021703004837,-0.04247833415865898,0.06599021703004837,-0.05711516737937927,0.04156747832894325,0.800000011920929
1,lazy,-0.06469602137804031,-0.07036715000867844,0.06469602137804031,-0.05946715921163559,0.025936435908079147,1.0
1,mystified,-0.06192781776189804,-0.050267260521650314,0.06192781776189804,-0.06028391048312187,0.0484527088701725,0.800000011920929
1,anxious,0.061539821326732635,0.07544106245040894,0.061539821326732635,0.056566156446933746,0.02145780622959137,1.0
1,jubilant,-0.061179324984550476,-0.09136394411325455,0.061179324984550476,-0.05218281224370003,0.04531392827630043,0.800000011920929
1,bored,-0.06015529856085777,-0.026884645223617554,0.06015529856085777,-0.05189540237188339,0.02747749164700508,1.0
1,scornful,-0.05894113704562187,-0.06107000261545181,0.05894113704562187,-0.0551367811858654,0.027900727465748787,1.0
1,infatuated,0.05870961770415306,0.06449077278375626,0.05870961770415306,0.05080360174179077,0.01839686743915081,1.0
1,desperate,-0.05831640213727951,-0.08514992147684097,0.05831640213727951,-0.046992573887109756,0.040103740990161896,0.800000011920929
1,remorseful,0.05675208196043968,0.1027696505188942,0.05675208196043968,0.049576979130506516,0.0413462296128273,0.800000011920929
1,elated,0.05521424859762192,0.05657730996608734,0.05521424859762192,0.051754456013441086,0.04327453672885895,1.0
1,resentful,-0.05479662865400314,-0.09131580591201782,0.05479662865400314,-0.048430897295475006,0.05467581748962402,0.800000011920929
1,listless,-0.053888265043497086,-0.11167514324188232,0.053888265043497086,-0.04681766778230667,0.03257390111684799,1.0
1,panicked,-0.053750645369291306,-0.08177591860294342,0.053750645369291306,-0.048232488334178925,0.03570479154586792,0.800000011920929
1,vengeful,-0.05362742766737938,-0.010177148506045341,0.05362742766737938,-0.04303983598947525,0.06261061877012253,0.6000000238418579
1,amused,-0.05334730073809624,-0.08745759725570679,0.05334730073809624,-0.05213119462132454,0.05164927989244461,0.800000011920929
1,exuberant,0.053342703729867935,0.07782769948244095,0.053342703729867935,0.0468948669731617,0.0626513659954071,0.800000011920929
1,skeptical,0.052189864218235016,0.02463889867067337,0.052189864218235016,0.04217802360653877,0.03883860632777214,0.800000011920929
1,euphoric,0.051270741969347,0.07832611352205276,0.051270741969347,0.04655321314930916,0.06655237823724747,0.800000011920929
1,thrilled,-0.05049128085374832,-0.041410911828279495,0.05049128085374832,-0.04564560204744339,0.04157933592796326,1.0
1,grateful,-0.05012863129377365,-0.05893973261117935,0.05012863129377365,-0.04146028682589531,0.0331435352563858,0.800000011920929
1,ecstatic,0.04964371398091316,0.03967221826314926,0.04964371398091316,0.042625542730093,0.018547996878623962,1.0
1,upset,-0.049490682780742645,-0.07820162922143936,0.049490682780742645,-0.04323546588420868,0.03922756761312485,0.800000011920929
1,sensitive,0.04934694617986679,0.05296992510557175,0.04934694617986679,0.046674761921167374,0.047279391437768936,0.6000000238418579
1,inspired,-0.04724125564098358,-0.019913282245397568,0.04724125564098358,-0.03971431404352188,0.04053681716322899,1.0
1,unhappy,-0.04659143090248108,-0.024611663073301315,0.04659143090248108,-0.0408865287899971,0.051121462136507034,0.800000011920929
1,rattled,0.04528643935918808,0.060932666063308716,0.04528643935918808,0.03879779577255249,0.01566898450255394,1.0
1,eager,-0.04525262862443924,-0.05392013117671013,0.04525262862443924,-0.0387406125664711,0.035484012216329575,0.800000011920929
1,droopy,-0.0437500961124897,-0.053353406488895416,0.0437500961124897,-0.03989099711179733,0.02671857364475727,1.0
1,peaceful,0.043312929570674896,0.06103324890136719,0.043312929570674896,0.0394994392991066,0.04505123943090439,0.800000011920929
1,hope,-0.04331233724951744,-0.04322166368365288,0.04331233724951744,-0.038815561681985855,0.015525772236287594,1.0
1,blissful,0.042928047478199005,0.07327298074960709,0.042928047478199005,0.04135581851005554,0.028736360371112823,1.0
1,embarrassed,-0.042513083666563034,-0.025243138894438744,0.042513083666563034,-0.03523358702659607,0.032006021589040756,1.0
1,impatient,-0.040282491594552994,-0.02820943482220173,0.040282491594552994,-0.03422197327017784,0.019329464063048363,1.0
1,spiteful,-0.03967377170920372,-0.1121719628572464,0.03967377170920372,-0.03691033273935318,0.04603740572929382,0.800000011920929
1,worried,0.03730109706521034,0.013761527836322784,0.03730109706521034,0.03372172638773918,0.06126288324594498,0.4000000059604645
1,regretful,-0.03709905222058296,-0.0029288409277796745,0.03709905222058296,-0.03062564507126808,0.03634510561823845,0.800000011920929
1,patient,-0.03594529256224632,-0.008569874800741673,0.03594529256224632,-0.030549418181180954,0.027275366708636284,1.0
1,offended,-0.03525889292359352,-0.07115601748228073,0.03525889292359352,-0.03137042000889778,0.05442139506340027,0.6000000238418579
1,self-critical,0.0352185033261776,0.018775954842567444,0.0352185033261776,0.02781115472316742,0.04051874950528145,0.6000000238418579
1,sullen,0.03470578044652939,0.027280637994408607,0.03470578044652939,0.02932068333029747,0.018380869179964066,1.0
1,indifferent,-0.034325044602155685,-0.062357984483242035,0.034325044602155685,-0.03396546095609665,0.032287463545799255,0.800000011920929
1,pleased,-0.03356071561574936,-0.04758211970329285,0.03356071561574936,-0.030599910765886307,0.0436275377869606,0.6000000238418579
1,afraid,-0.03313274309039116,-0.042363137006759644,0.03313274309039116,-0.03181834891438484,0.023653343319892883,0.800000011920929
1,guilty,0.032722726464271545,0.02464868687093258,0.032722726464271545,0.03136921301484108,0.037140216678380966,0.800000011920929
1,satisfied,0.03264331445097923,0.07380750775337219,0.03264331445097923,0.032266221940517426,0.037294819951057434,0.6000000238418579
1,horrified,-0.03227827697992325,-0.06440198421478271,0.03227827697992325,-0.028850579634308815,0.03284068405628204,0.800000011920929
1,melancholy,-0.031712934374809265,-0.03254755586385727,0.031712934374809265,-0.031728990375995636,0.05611945688724518,0.6000000238418579
1,mad,0.031691938638687134,0.06767655909061432,0.031691938638687134,0.028999751433730125,0.028579039499163628,1.0
1,nostalgic,0.02992207556962967,0.029381342232227325,0.02992207556962967,0.028189674019813538,0.022406140342354774,0.800000011920929
1,disoriented,0.029891740530729294,0.030243216082453728,0.029891740530729294,0.0256821122020483,0.030300632119178772,0.800000011920929
1,refreshed,0.02772604674100876,0.047024380415678024,0.02772604674100876,0.024835530668497086,0.02046567015349865,0.800000011920929
1,trapped,-0.027256915345788002,-0.0011988370679318905,0.027256915345788002,-0.0267179012298584,0.04325691610574722,0.6000000238418579
1,disturbed,0.02697095461189747,0.009619221091270447,0.02697095461189747,0.022770171985030174,0.012935482896864414,1.0
1,mortified,0.026590924710035324,0.005293531343340874,0.026590924710035324,0.02213110402226448,0.02768215723335743,1.0
1,happy,0.026287615299224854,0.028943981975317,0.026287615299224854,0.024727080017328262,0.02669653296470642,0.800000011920929
1,docile,-0.025677325204014778,-0.013381878845393658,0.025677325204014778,-0.019363071769475937,0.05940433219075203,0.4000000059604645
1,obstinate,-0.023955781012773514,-0.0244368314743042,0.023955781012773514,-0.01863197609782219,0.042209476232528687,0.6000000238418579
1,enraged,0.023574402555823326,-0.003504770575091243,0.023574402555823326,0.021817203611135483,0.03596435859799385,0.6000000238418579
1,uneasy,0.02300431579351425,0.011409539729356766,0.02300431579351425,0.018509838730096817,0.04622623696923256,0.6000000238418579
1,safe,-0.02094120718538761,-0.008824693039059639,0.02094120718538761,-0.017373330891132355,0.02848709374666214,0.6000000238418579
1,rejuvenated,0.020588932558894157,0.0447918176651001,0.020588932558894157,0.02117818593978882,0.05653071776032448,0.800000011920929
1,suspicious,-0.01995454914867878,-0.01572716236114502,0.01995454914867878,-0.020773494616150856,0.05067409574985504,0.4000000059604645
1,serene,-0.018942633643746376,0.008641631342470646,0.018942633643746376,-0.009592358954250813,0.061160337179899216,0.6000000238418579
1,puzzled,0.01771526038646698,0.02324306219816208,0.01771526038646698,0.01395089365541935,0.017961373552680016,0.6000000238418579
1,worthless,-0.016979241743683815,-0.005199937615543604,0.016979241743683815,-0.015494609251618385,0.04454149305820465,0.6000000238418579
1,empathetic,-0.01620328053832054,0.02641741745173931,0.01620328053832054,-0.014403539709746838,0.019182702526450157,0.6000000238418579
1,jealous,0.01590871810913086,0.011895003728568554,0.01590871810913086,0.012634691782295704,0.018527423962950706,0.800000011920929
1,greedy,-0.01555584091693163,0.03175457939505577,0.01555584091693163,-0.01156628504395485,0.04395696893334389,0.6000000238418579
1,excited,-0.014473732560873032,-0.015362611040472984,0.014473732560873032,-0.009598491713404655,0.02926701493561268,0.6000000238418579
1,defiant,-0.013800529763102531,-0.019400672987103462,0.013800529763102531,-0.011857764795422554,0.015679826959967613,0.6000000238418579
1,stubborn,-0.013069243170320988,0.019192544743418694,0.013069243170320988,-0.0091102235019207,0.041317168623209,0.4000000059604645
1,shaken,-0.012859506532549858,0.013694190420210361,0.012859506532549858,-0.010984702035784721,0.019151531159877777,0.6000000238418579
1,outraged,0.011007129214704037,-0.007738856598734856,0.011007129214704037,0.011990302242338657,0.04458865895867348,0.6000000238418579
1,surprised,0.010973894037306309,0.02258131466805935,0.010973894037306309,0.008945601060986519,0.0361388698220253,0.6000000238418579
1,overwhelmed,-0.010888844728469849,-0.0005370464641600847,0.010888844728469849,-0.007438718341290951,0.03331936150789261,0.6000000238418579
1,sad,-0.009604092687368393,0.0070819188840687275,0.009604092687368393,-0.009586064144968987,0.02790043130517006,0.800000011920929
1,relieved,-0.005025830585509539,0.0035983319394290447,0.005025830585509539,-0.004400415811687708,0.039823196828365326,0.6000000238418579
1,enthusiastic,-0.003962249495089054,0.03018166683614254,0.003962249495089054,-0.0015673693269491196,0.02532096952199936,0.6000000238418579
1,worn out,-0.003847144776955247,-0.017656298354268074,0.003847144776955247,-0.002960164099931717,0.025755885988473892,0.6000000238418579
1,vulnerable,-0.0027388515882194042,-0.009554017335176468,0.0027388515882194042,-0.007612003479152918,0.05412362515926361,0.6000000238418579
1,hopeful,0.002504824660718441,-0.011532989330589771,0.002504824660718441,0.0033460105769336224,0.033222999423742294,0.6000000238418579
1,energized,-0.0021434263326227665,0.03243403881788254,0.0021434263326227665,-0.0005935840308666229,0.030883891507983208,0.6000000238418579
1,reflective,0.0014716011937707663,0.030353417620062828,0.0014716011937707663,0.0006206862744875252,0.05365636199712753,0.6000000238418579
2,delighted,0.28249621391296387,0.3375580310821533,0.28249621391296387,0.2537585198879242,0.028641147539019585,1.0
2,cheerful,0.259325236082077,0.34807947278022766,0.259325236082077,0.23494644463062286,0.04010682553052902,1.0
2,disdainful,0.24140997231006622,0.33034345507621765,0.24140997231006622,0.21590855717658997,0.027291199192404747,1.0
2,frustrated,-0.2271815538406372,-0.33801355957984924,0.2271815538406372,-0.20572300255298615,0.04964103922247887,1.0
2,tormented,-0.22564348578453064,-0.15268099308013916,0.22564348578453064,-0.20188407599925995,0.04213238134980202,1.0
2,kind,0.22426658868789673,0.3444004952907562,0.22426658868789673,0.20682013034820557,0.07795717567205429,1.0
2,stressed,-0.22419872879981995,-0.3425203859806061,0.22419872879981995,-0.2071903944015503,0.09693306684494019,1.0
2,stimulated,0.22261779010295868,0.1745149940252304,0.22261779010295868,0.19767194986343384,0.03762415796518326,1.0
2,depressed,-0.2224615067243576,-0.2091836780309677,0.2224615067243576,-0.19764208793640137,0.025512665510177612,1.0
2,hostile,-0.21432705223560333,-0.33389320969581604,0.21432705223560333,-0.19725871086120605,0.07457348704338074,1.0
2,gloomy,-0.21162381768226624,-0.31076669692993164,0.21162381768226624,-0.19099584221839905,0.02673623338341713,1.0
2,indignant,-0.21006624400615692,-0.2800663113594055,0.21006624400615692,-0.19022725522518158,0.04095510020852089,1.0
2,grumpy,-0.20164291560649872,-0.15819069743156433,0.20164291560649872,-0.1796385794878006,0.037207890301942825,1.0
2,mystified,-0.2001355141401291,-0.3162285387516022,0.2001355141401291,-0.18659257888793945,0.10058650374412537,1.0
2,smug,0.19797584414482117,0.3159974217414856,0.19797584414482117,0.17933127284049988,0.029647164046764374,1.0
2,resigned,-0.19584645330905914,-0.32414987683296204,0.19584645330905914,-0.18027064204216003,0.06330554932355881,1.0
2,perplexed,0.19484080374240875,0.3242796063423157,0.19484080374240875,0.177814319729805,0.056138165295124054,1.0
2,insulted,0.19422948360443115,0.31942206621170044,0.19422948360443115,0.17902885377407074,0.08729452639818192,1.0
2,grief-stricken,-0.19329313933849335,-0.044404592365026474,0.19329313933849335,-0.16907861828804016,0.05632787197828293,1.0
2,sorry,0.19020725786685944,0.3101986348628998,0.19020725786685944,0.17553886771202087,0.09103061258792877,1.0
2,hurt,0.18601107597351074,0.31158891320228577,0.18601107597351074,0.17102554440498352,0.06915885955095291,1.0
2,thankful,-0.18424087762832642,-0.2666778564453125,0.18424087762832642,-0.16528154909610748,0.031668227165937424,1.0
2,vigilant,0.18165303766727448,0.3113844394683838,0.18165303766727448,0.1685335636138916,0.0817546546459198,1.0
2,on edge,0.18155792355537415,0.31656721234321594,0.18155792355537415,0.1676091104745865,0.08859679847955704,1.0
2,angry,-0.18073126673698425,-0.2056686133146286,0.18073126673698425,-0.16322582960128784,0.056584302335977554,1.0
2,stuck,-0.17910079658031464,-0.2978235185146332,0.17910079658031464,-0.1647759974002838,0.05912914499640465,1.0
2,hateful,-0.17777492105960846,-0.030945468693971634,0.17777492105960846,-0.15689167380332947,0.058419935405254364,1.0
2,at ease,0.17597122490406036,0.14236465096473694,0.17597122490406036,0.15804532170295715,0.039759665727615356,1.0
2,annoyed,-0.1754257082939148,-0.3125969469547272,0.1754257082939148,-0.16031542420387268,0.08385682851076126,1.0
2,sleepy,0.1729547083377838,0.29779964685440063,0.1729547083377838,0.16006651520729065,0.0755220502614975,1.0
2,irritated,-0.1687362939119339,-0.2194783240556717,0.1687362939119339,-0.15147368609905243,0.04704633355140686,1.0
2,bewildered,-0.16769367456436157,-0.2551115155220032,0.16769367456436157,-0.15269291400909424,0.06373129040002823,1.0
2,offended,-0.16646116971969604,-0.3111357092857361,0.16646116971969604,-0.1547430008649826,0.10219736397266388,0.800000011920929
2,bitter,0.16578273475170135,0.3029309809207916,0.16578273475170135,0.15381017327308655,0.08047593384981155,1.0
2,sluggish,-0.16433356702327728,-0.023677613586187363,0.16433356702327728,-0.14504876732826233,0.051884934306144714,1.0
2,amused,-0.163798987865448,-0.3019866347312927,0.163798987865448,-0.15315622091293335,0.09890793263912201,1.0
2,amazed,-0.16216780245304108,-0.3032131791114807,0.16216780245304108,-0.1473785638809204,0.046358853578567505,1.0
2,scornful,-0.15928876399993896,-0.28491833806037903,0.15928876399993896,-0.14648719131946564,0.057378362864255905,1.0
2,troubled,-0.15882982313632965,-0.3075127601623535,0.15882982313632965,-0.14726373553276062,0.0787319764494896,1.0
2,distressed,-0.1522025763988495,-0.08195839077234268,0.1522025763988495,-0.1349269598722458,0.04971316084265709,1.0
2,nostalgic,0.15181031823158264,0.29000186920166016,0.15181031823158264,0.14185357093811035,0.0789545476436615,1.0
2,dumbstruck,-0.14948737621307373,-0.29012054204940796,0.14948737621307373,-0.13953645527362823,0.07287533581256866,1.0
2,tense,0.14876143634319305,0.011046823114156723,0.14876143634319305,0.1292329728603363,0.07065622508525848,1.0
2,compassionate,0.1453469693660736,0.27743080258369446,0.1453469693660736,0.13367599248886108,0.073233462870121,1.0
2,rejuvenated,0.14073272049427032,0.29118746519088745,0.14073272049427032,0.1317290961742401,0.10002459585666656,0.800000011920929
2,sentimental,-0.13958917558193207,-0.20700804889202118,0.13958917558193207,-0.12546208500862122,0.022671090438961983,1.0
2,pleased,-0.13862866163253784,-0.2948923408985138,0.13862866163253784,-0.1286114752292633,0.065120629966259,1.0
2,lonely,-0.13708871603012085,0.05842231586575508,0.13708871603012085,-0.11677553504705429,0.0765375867486,0.800000011920929
2,dependent,0.13685059547424316,0.29204076528549194,0.13685059547424316,0.1260387897491455,0.07055999338626862,1.0
2,vulnerable,-0.13631898164749146,-0.29696744680404663,0.13631898164749146,-0.1302488148212433,0.1074165478348732,1.0
2,self-conscious,0.1350589096546173,0.10562139004468918,0.1350589096546173,0.11958591639995575,0.05189218744635582,1.0
2,paranoid,0.13115517795085907,0.06213465705513954,0.13115517795085907,0.11457668244838715,0.05808893218636513,1.0
2,sensitive,0.13060644268989563,0.25335973501205444,0.13060644268989563,0.12236366420984268,0.08084781467914581,1.0
2,mad,0.12959907948970795,0.28464019298553467,0.12959907948970795,0.12025938928127289,0.05430784076452255,1.0
2,euphoric,0.1278812289237976,0.19048431515693665,0.1278812289237976,0.11696324497461319,0.0717238187789917,0.800000011920929
2,alert,-0.1254069060087204,-0.25430846214294434,0.1254069060087204,-0.11651289463043213,0.0639331042766571,1.0
2,elated,0.12178335338830948,0.22252511978149414,0.12178335338830948,0.11283731460571289,0.0479990690946579,1.0
2,irate,0.1207895576953888,0.23624391853809357,0.1207895576953888,0.10888093709945679,0.05855901166796684,1.0
2,sympathetic,0.11895804852247238,-0.024094806984066963,0.11895804852247238,0.10348242521286011,0.03568519651889801,1.0
2,content,0.11693122237920761,0.0373862124979496,0.11693122237920761,0.10298748314380646,0.06318675726652145,1.0
2,humiliated,0.11592620611190796,0.16495996713638306,0.11592620611190796,0.1032266840338707,0.03964167460799217,1.0
2,serene,0.11448978632688522,0.2751271724700928,0.11448978632688522,0.10948822647333145,0.08974780887365341,1.0
2,obstinate,0.11136040091514587,0.27682557702064514,0.11136040091514587,0.1056268960237503,0.07555548846721649,1.0
2,thrilled,-0.11092354357242584,-0.2555183172225952,0.11092354357242584,-0.10223998874425888,0.06527646631002426,1.0
2,relaxed,-0.10990390926599503,-0.09694230556488037,0.10990390926599503,-0.09778369963169098,0.028380636125802994,1.0
2,terrified,0.10953132063150406,0.11811299622058868,0.10953132063150406,0.09818075597286224,0.049036040902137756,1.0
2,overwhelmed,0.10840240120887756,0.2685469388961792,0.10840240120887756,0.10310451686382294,0.08909070491790771,0.800000011920929
2,melancholy,-0.10758313536643982,-0.20915552973747253,0.10758313536643982,-0.10053576529026031,0.0600554458796978,1.0
2,unhappy,-0.1054394394159317,-0.2301265448331833,0.1054394394159317,-0.09638901054859161,0.055866267532110214,0.800000011920929
2,uneasy,0.10475008934736252,0.25934457778930664,0.10475008934736252,0.0959460511803627,0.060696255415678024,0.800000011920929
2,trapped,-0.10458476841449738,-0.21920904517173767,0.10458476841449738,-0.09639254957437515,0.049561627209186554,1.0
2,envious,0.10229188203811646,0.000936891243327409,0.10229188203811646,0.08994114398956299,0.05722269415855408,1.0
2,suspicious,-0.09944676607847214,-0.2511386275291443,0.09944676607847214,-0.09340181201696396,0.06457389891147614,0.800000011920929
2,satisfied,0.09439638257026672,0.16083647310733795,0.09439638257026672,0.08858046680688858,0.05769046023488045,1.0
2,triumphant,-0.09375889599323273,-0.2313070297241211,0.09375889599323273,-0.08484610170125961,0.04730403423309326,1.0
2,enthusiastic,0.08900492638349533,0.20250487327575684,0.08900492638349533,0.08234356343746185,0.04211423173546791,1.0
2,astonished,-0.08855532854795456,-0.1591475009918213,0.08855532854795456,-0.07690785825252533,0.05670994892716408,1.0
2,restless,0.08843029290437698,0.13170845806598663,0.08843029290437698,0.0778554305434227,0.045058801770210266,1.0
2,sullen,-0.087025485932827,-0.26317957043647766,0.087025485932827,-0.08350823074579239,0.07647846639156342,1.0
2,weary,-0.08670670539140701,-0.14177118241786957,0.08670670539140701,-0.08025478571653366,0.05206989496946335,1.0
2,anxious,0.08263704180717468,0.06838369369506836,0.08263704180717468,0.07371057569980621,0.007707818411290646,1.0
2,unnerved,-0.08080655336380005,-0.08422549813985825,0.08080655336380005,-0.0705975666642189,0.038888100534677505,1.0
2,docile,0.07985986769199371,0.21560047566890717,0.07985986769199371,0.0761025920510292,0.0849938914179802,0.800000011920929
2,happy,-0.07716720551252365,-0.24999769032001495,0.07716720551252365,-0.07232581079006195,0.05282312259078026,1.0
2,valiant,-0.0770958960056305,-0.06415846198797226,0.0770958960056305,-0.06804831326007843,0.0787433609366417,0.6000000238418579
2,awestruck,0.07606390118598938,0.2541036605834961,0.07606390118598938,0.07342001795768738,0.08970245718955994,0.800000011920929
2,worried,0.07471267133951187,0.18948441743850708,0.07471267133951187,0.06875331699848175,0.05554542690515518,0.800000011920929
2,surprised,-0.0744209811091423,-0.18600785732269287,0.0744209811091423,-0.07034683227539062,0.04702397808432579,1.0
2,frightened,-0.07375769317150116,-0.24974843859672546,0.07375769317150116,-0.07200773060321808,0.09034009277820587,0.800000011920929
2,calm,-0.07160940021276474,-0.12028505653142929,0.07160940021276474,-0.06123364716768265,0.04122737795114517,1.0
2,excited,0.07016156613826752,0.19638141989707947,0.07016156613826752,0.06743089109659195,0.0671674907207489,0.800000011920929
2,exuberant,0.06927783787250519,-0.029109090566635132,0.06927783787250519,0.06196789816021919,0.07007989287376404,0.800000011920929
2,worthless,0.0676334798336029,0.2049836665391922,0.0676334798336029,0.06236695125699043,0.062029238790273666,0.800000011920929
2,afraid,-0.0663323700428009,-0.06130051985383034,0.0663323700428009,-0.0602574460208416,0.01758958399295807,1.0
2,disoriented,-0.06589353829622269,-0.21322815120220184,0.06589353829622269,-0.0626664012670517,0.059209372848272324,0.800000011920929
2,infatuated,0.06585255265235901,-0.0048463549464941025,0.06585255265235901,0.057369232177734375,0.0199813824146986,1.0
2,optimistic,-0.06473357230424881,-0.23278439044952393,0.06473357230424881,-0.06327088177204132,0.08753284066915512,0.800000011920929
2,hysterical,0.06367041170597076,0.11386104673147202,0.06367041170597076,0.05800570175051689,0.03152690827846527,1.0
2,bored,0.06348811089992523,0.2490570992231369,0.06348811089992523,0.06267295777797699,0.08778030425310135,0.6000000238418579
2,nervous,0.06290137767791748,-0.01496063731610775,0.06290137767791748,0.05626425892114639,0.03264997899532318,1.0
2,jealous,0.062474898993968964,0.19681623578071594,0.062474898993968964,0.057032376527786255,0.019676795229315758,1.0
2,miserable,-0.06243109703063965,0.05223088338971138,0.06243109703063965,-0.05405833199620247,0.0621597059071064,1.0
2,stubborn,0.06192502751946449,0.22776639461517334,0.06192502751946449,0.06066061928868294,0.07071338593959808,0.6000000238418579
2,remorseful,0.06113385781645775,0.16361935436725616,0.06113385781645775,0.05610508844256401,0.050704434514045715,1.0
2,invigorated,0.060404181480407715,-0.055399395525455475,0.060404181480407715,0.052072443068027496,0.04222968593239784,0.800000011920929
2,energized,-0.05852963775396347,-0.19974647462368011,0.05852963775396347,-0.05492645502090454,0.05328860133886337,0.800000011920929
2,horrified,0.05730403587222099,0.24486055970191956,0.05730403587222099,0.05566496402025223,0.062344253063201904,0.800000011920929
2,jubilant,0.057263534516096115,0.2045261412858963,0.057263534516096115,0.05614887550473213,0.07704522460699081,0.800000011920929
2,ecstatic,0.056123699992895126,0.0822238177061081,0.056123699992895126,0.04946272447705269,0.015269272029399872,1.0
2,self-critical,-0.05484304204583168,-0.1805277168750763,0.05484304204583168,-0.053917139768600464,0.07064051181077957,0.800000011920929
2,regretful,0.05342411994934082,0.24885720014572144,0.05342411994934082,0.054182928055524826,0.09437162429094315,0.4000000059604645
2,rattled,0.05289814993739128,0.17955049872398376,0.05289814993739128,0.049116067588329315,0.032664742320775986,1.0
2,patient,0.052453599870204926,0.2033669352531433,0.052453599870204926,0.050234150141477585,0.06834709644317627,0.800000011920929
2,brooding,0.052068281918764114,0.23283693194389343,0.052068281918764114,0.05335339158773422,0.0909419134259224,0.6000000238418579
2,guilty,0.051116831600666046,0.08245962113142014,0.051116831600666046,0.04851531237363815,0.044395364820957184,0.800000011920929
2,impatient,0.05038309469819069,0.1505809724330902,0.05038309469819069,0.04846864938735962,0.047867901623249054,0.800000011920929
2,sad,0.04920691251754761,0.16055770218372345,0.04920691251754761,0.045224133878946304,0.02186504378914833,1.0
2,puzzled,-0.04875027388334274,-0.2096373289823532,0.04875027388334274,-0.049535900354385376,0.07738496363162994,0.6000000238418579
2,empathetic,0.04831194877624512,0.1715068370103836,0.04831194877624512,0.0467204824090004,0.05407192185521126,0.800000011920929
2,enraged,0.0481683649122715,0.1402304470539093,0.0481683649122715,0.04463379085063934,0.039672188460826874,0.800000011920929
2,ashamed,0.04478621855378151,0.004749017767608166,0.04478621855378151,0.03732842579483986,0.0324171744287014,0.800000011920929
2,skeptical,-0.04443984106183052,-0.19554227590560913,0.04443984106183052,-0.0455290861427784,0.07421905547380447,0.6000000238418579
2,blissful,0.04401872679591179,-0.09326300770044327,0.04401872679591179,0.040865786373615265,0.03170648589730263,0.800000011920929
2,safe,-0.04044864699244499,-0.0784345418214798,0.04044864699244499,-0.035265516489744186,0.03143604099750519,0.800000011920929
2,contemptuous,-0.03936358168721199,-0.20512227714061737,0.03936358168721199,-0.04068102687597275,0.07001399248838425,0.6000000238418579
2,upset,0.03907475993037224,0.20737630128860474,0.03907475993037224,0.03895621746778488,0.06089440733194351,0.800000011920929
2,disgusted,-0.03798817843198776,0.1522778570652008,0.03798817843198776,-0.030297499150037766,0.050471458584070206,0.6000000238418579
2,grateful,0.0368536040186882,0.21573039889335632,0.0368536040186882,0.03846108913421631,0.08135052770376205,0.4000000059604645
2,scared,0.03631473332643509,-0.14505638182163239,0.03631473332643509,0.02827148512005806,0.059958603233098984,0.6000000238418579
2,fulfilled,0.03583609312772751,-0.17441126704216003,0.03583609312772751,0.027347911149263382,0.07287562638521194,0.6000000238418579
2,vengeful,0.03555457293987274,0.20808690786361694,0.03555457293987274,0.03808791562914848,0.0826498493552208,0.6000000238418579
2,disturbed,-0.035281822085380554,-0.19480133056640625,0.035281822085380554,-0.036293040961027145,0.0658961683511734,0.6000000238418579
2,alarmed,-0.03332850709557533,0.08169012516736984,0.03332850709557533,-0.028083408251404762,0.03688282147049904,0.800000011920929
2,defiant,-0.03156200796365738,0.08137582242488861,0.03156200796365738,-0.02758146822452545,0.016495434567332268,1.0
2,heartbroken,-0.030737977474927902,0.08879823237657547,0.030737977474927902,-0.022173067554831505,0.07675502449274063,0.6000000238418579
2,worn out,0.030373504385352135,0.18878620862960815,0.030373504385352135,0.030134648084640503,0.04828754439949989,0.6000000238418579
2,embarrassed,0.02922326698899269,0.20189350843429565,0.02922326698899269,0.029935941100120544,0.05484801158308983,0.6000000238418579
2,aroused,0.028907669708132744,-0.1959807574748993,0.028907669708132744,0.0201101191341877,0.07773825526237488,0.6000000238418579
2,self-confident,-0.028701649978756905,-0.2338414490222931,0.028701649978756905,-0.03162001818418503,0.08705323189496994,0.6000000238418579
2,resentful,-0.025855228304862976,0.13221877813339233,0.025855228304862976,-0.020741311833262444,0.05797792598605156,0.6000000238418579
2,dispirited,-0.025336408987641335,0.11344989389181137,0.025336408987641335,-0.020364191383123398,0.05418652296066284,0.6000000238418579
2,tired,0.02415190450847149,0.1993512511253357,0.02415190450847149,0.024074455723166466,0.06045547127723694,0.800000011920929
2,vibrant,0.024043863639235497,-0.18252094089984894,0.024043863639235497,0.013514285907149315,0.10486488044261932,0.6000000238418579
2,reflective,-0.023909490555524826,-0.14743030071258545,0.023909490555524826,-0.02414097636938095,0.0663803443312645,0.6000000238418579
2,vindictive,-0.021197836846113205,0.18183185160160065,0.021197836846113205,-0.014746938832104206,0.06956150382757187,0.6000000238418579
2,shocked,-0.020791055634617805,-0.21295952796936035,0.020791055634617805,-0.023684825748205185,0.09119999408721924,0.6000000238418579
2,peaceful,0.020079806447029114,-0.15005889534950256,0.020079806447029114,0.0164888184517622,0.03786154091358185,0.4000000059604645
2,loving,0.01979707181453705,-0.10177280008792877,0.01979707181453705,0.015808096155524254,0.04672692343592644,0.4000000059604645
2,lazy,0.019479310140013695,0.22324879467487335,0.019479310140013695,0.020899321883916855,0.05488525331020355,0.6000000238418579
2,joyful,-0.01922476477921009,-0.23169918358325958,0.01922476477921009,-0.022229816764593124,0.07863058894872665,0.4000000059604645
2,panicked,0.017713388428092003,0.0988864079117775,0.017713388428092003,0.01710926927626133,0.040043022483587265,0.6000000238418579
2,eager,-0.01737833581864834,-0.06131884455680847,0.01737833581864834,-0.014817506074905396,0.039432380348443985,0.6000000238418579
2,furious,-0.01713055558502674,-0.16491498053073883,0.01713055558502674,-0.02262338064610958,0.10032305121421814,0.4000000059604645
2,hopeful,-0.015537694096565247,-0.16462120413780212,0.015537694096565247,-0.015344490297138691,0.0424654521048069,0.6000000238418579
2,relieved,-0.014548877254128456,0.008936797268688679,0.014548877254128456,-0.012508208863437176,0.044042062014341354,0.6000000238418579
2,hope,0.013069052249193192,0.1837426871061325,0.013069052249193192,0.01499851979315281,0.04086011275649071,0.6000000238418579
2,inspired,0.01285566296428442,0.09485974907875061,0.01285566296428442,0.014496058225631714,0.05704617500305176,0.800000011920929
2,playful,0.012198115698993206,-0.21549640595912933,0.012198115698993206,0.002932825591415167,0.10380955040454865,0.6000000238418579
2,desperate,0.011233807541429996,0.14639976620674133,0.011233807541429996,0.014192074537277222,0.05679694935679436,0.4000000059604645
2,unsettled,-0.010774150490760803,0.13820521533489227,0.010774150490760803,-0.004900227766484022,0.07790451496839523,0.6000000238418579
2,indifferent,-0.010771652683615685,0.11881966143846512,0.010771652683615685,-0.010301508009433746,0.022883089259266853,0.800000011920929
2,outraged,-0.009460562840104103,0.004220898728817701,0.009460562840104103,-0.00787273608148098,0.04070998355746269,0.6000000238418579
2,exasperated,-0.009364609606564045,0.19415166974067688,0.009364609606564045,-0.007002917118370533,0.0327262319624424,0.4000000059604645
2,mortified,0.009065818972885609,0.020062072202563286,0.009065818972885609,0.006829060614109039,0.04248148202896118,0.6000000238418579
2,refreshed,0.008708197623491287,0.004631980787962675,0.008708197623491287,0.008581629022955894,0.021449921652674675,0.6000000238418579
2,greedy,-0.006525875069200993,-0.0674847736954689,0.006525875069200993,-0.004005769733339548,0.04230264946818352,0.6000000238418579
2,spiteful,-0.006091261748224497,0.08669096231460571,0.006091261748224497,-0.007073684595525265,0.052430905401706696,0.4000000059604645
2,shaken,0.005338082555681467,0.049034569412469864,0.005338082555681467,0.0065817395225167274,0.029069948941469193,0.6000000238418579
2,droopy,0.005182104185223579,0.10202474147081375,0.005182104185223579,0.006175383925437927,0.04610294848680496,0.6000000238418579
2,proud,0.0027865818701684475,0.09004265815019608,0.0027865818701684475,0.006320652551949024,0.06112902984023094,0.6000000238418579
2,listless,0.0010488983243703842,0.15863291919231415,0.0010488983243703842,0.0036997776478528976,0.06247055530548096,0.800000011920929
3,delighted,0.30061662197113037,0.3482748568058014,0.30061662197113037,0.27212196588516235,0.025083769112825394,1.0
3,cheerful,0.26939454674720764,0.3574412167072296,0.26939454674720764,0.24564795196056366,0.0280133206397295,1.0
3,disdainful,0.2317328006029129,0.3286448121070862,0.2317328006029129,0.2098449170589447,0.02736828103661537,1.0
3,tormented,-0.22600017488002777,-0.1511543244123459,0.22600017488002777,-0.20478634536266327,0.040353212505578995,1.0
3,stimulated,0.2200631946325302,0.17615146934986115,0.2200631946325302,0.19756904244422913,0.036002930253744125,1.0
3,at ease,0.21448922157287598,0.17405512928962708,0.21448922157287598,0.19405031204223633,0.029763028025627136,1.0
3,depressed,-0.213822603225708,-0.197890043258667,0.213822603225708,-0.19220489263534546,0.025941388681530952,1.0
3,frustrated,-0.21334490180015564,-0.34051403403282166,0.21334490180015564,-0.19599959254264832,0.045404788106679916,1.0
3,hostile,-0.20437733829021454,-0.3371073603630066,0.20437733829021454,-0.18964993953704834,0.0646880641579628,1.0
3,kind,0.20085206627845764,0.3325086236000061,0.20085206627845764,0.18658380210399628,0.06222096458077431,1.0
3,stressed,-0.1982164829969406,-0.3372802734375,0.1982164829969406,-0.18518821895122528,0.08692687749862671,1.0
3,sluggish,-0.19623646140098572,-0.06261850148439407,0.19623646140098572,-0.1759084016084671,0.049566030502319336,1.0
3,grumpy,-0.1940259337425232,-0.15033529698848724,0.1940259337425232,-0.1752815544605255,0.033533692359924316,1.0
3,indignant,-0.19249370694160461,-0.2626388967037201,0.19249370694160461,-0.17660294473171234,0.038133639842271805,1.0
3,smug,0.1924133449792862,0.314839243888855,0.1924133449792862,0.17527265846729279,0.02404605597257614,1.0
3,sorry,0.1884070187807083,0.3115716278553009,0.1884070187807083,0.17588302493095398,0.07924583554267883,1.0
3,mystified,-0.1877439022064209,-0.32033443450927734,0.1877439022064209,-0.1767522394657135,0.09028473496437073,1.0
3,angry,-0.1861560344696045,-0.21409490704536438,0.1861560344696045,-0.1699637472629547,0.048122476786375046,1.0
3,grief-stricken,-0.186155766248703,-0.059687238186597824,0.186155766248703,-0.1647789180278778,0.04921669885516167,1.0
3,gloomy,-0.18527339398860931,-0.2954379618167877,0.18527339398860931,-0.1681641787290573,0.025034639984369278,1.0
3,on edge,0.18158240616321564,0.32594698667526245,0.18158240616321564,0.169203981757164,0.08584573864936829,1.0
3,resigned,-0.17861171066761017,-0.32170626521110535,0.17861171066761017,-0.16529421508312225,0.04937181621789932,1.0
3,perplexed,0.17604565620422363,0.32225552201271057,0.17604565620422363,0.16242627799510956,0.05551223084330559,1.0
3,lonely,-0.17563723027706146,0.043256957083940506,0.17563723027706146,-0.15401536226272583,0.06460538506507874,1.0
3,annoyed,-0.16390371322631836,-0.307031512260437,0.16390371322631836,-0.15160882472991943,0.07295777648687363,1.0
3,irritated,-0.16270947456359863,-0.2107446789741516,0.16270947456359863,-0.14797325432300568,0.04471427947282791,1.0
3,rejuvenated,0.16205935180187225,0.30875086784362793,0.16205935180187225,0.1520126760005951,0.08963225781917572,1.0
3,hateful,-0.16038082540035248,-0.012731675989925861,0.16038082540035248,-0.1428760439157486,0.05345781520009041,1.0
3,dumbstruck,-0.15942423045635223,-0.30624496936798096,0.15942423045635223,-0.1493188440799713,0.06385176628828049,1.0
3,stuck,-0.1568284034729004,-0.2828337550163269,0.1568284034729004,-0.1454378068447113,0.050957925617694855,1.0
3,scornful,-0.1567084938287735,-0.29365089535713196,0.1567084938287735,-0.14556220173835754,0.04975007474422455,1.0
3,elated,0.1546783745288849,0.2563287019729614,0.1546783745288849,0.1427716314792633,0.03661082684993744,1.0
3,euphoric,0.1528075635433197,0.20462027192115784,0.1528075635433197,0.1401183307170868,0.054973918944597244,1.0
3,thankful,-0.15134359896183014,-0.24771563708782196,0.15134359896183014,-0.13707491755485535,0.031246008351445198,1.0
3,distressed,-0.14953471720218658,-0.08534569293260574,0.14953471720218658,-0.1336982697248459,0.045226432383060455,1.0
3,sleepy,0.1494511365890503,0.28976714611053467,0.1494511365890503,0.1396777331829071,0.07143083959817886,1.0
3,bewildered,-0.14624200761318207,-0.2415085732936859,0.14624200761318207,-0.1344638168811798,0.056694239377975464,1.0
3,vigilant,0.14388424158096313,0.28771838545799255,0.14388424158096313,0.1351059377193451,0.07167591154575348,1.0
3,offended,-0.14332443475723267,-0.3103460669517517,0.14332443475723267,-0.13503172993659973,0.08768674731254578,0.800000011920929
3,hurt,0.14190532267093658,0.2961792051792145,0.14190532267093658,0.1322527378797531,0.060399431735277176,1.0
3,amused,-0.13933493196964264,-0.2908238470554352,0.13933493196964264,-0.1321486532688141,0.08920364826917648,1.0
3,tense,0.13557381927967072,0.011840987019240856,0.13557381927967072,0.11881326138973236,0.06374074518680573,1.0
3,troubled,-0.13539057970046997,-0.304932177066803,0.13539057970046997,-0.12663769721984863,0.06806860119104385,1.0
3,nostalgic,0.13073359429836273,0.2939458191394806,0.13073359429836273,0.12391563504934311,0.07482478767633438,1.0
3,serene,0.13028112053871155,0.287141889333725,0.13028112053871155,0.12419764697551727,0.08231856673955917,1.0
3,insulted,0.13010838627815247,0.2945125102996826,0.13010838627815247,0.1226697787642479,0.07772885262966156,1.0
3,amazed,-0.12902560830116272,-0.2752944231033325,0.12902560830116272,-0.11813779920339584,0.041984960436820984,1.0
3,content,0.12490043044090271,0.04975719749927521,0.12490043044090271,0.11111684143543243,0.05624984949827194,1.0
3,vulnerable,-0.12354002892971039,-0.29625508189201355,0.12354002892971039,-0.11867010593414307,0.08841337263584137,1.0
3,sympathetic,0.12316764146089554,-0.004138832446187735,0.12316764146089554,0.10903313010931015,0.027973666787147522,1.0
3,bitter,0.11955662071704865,0.2832878530025482,0.11955662071704865,0.1130603551864624,0.07110241800546646,1.0
3,melancholy,-0.11605840921401978,-0.21257634460926056,0.11605840921401978,-0.10859590768814087,0.05043928325176239,1.0
3,satisfied,0.11455687135457993,0.18384388089179993,0.11455687135457993,0.10719294846057892,0.043767232447862625,1.0
3,alert,-0.10948918759822845,-0.24162358045578003,0.10948918759822845,-0.10334364324808121,0.05853826552629471,1.0
3,suspicious,-0.10791315883398056,-0.25453031063079834,0.10791315883398056,-0.10062451660633087,0.053770534694194794,1.0
3,infatuated,0.10732367634773254,0.03510913997888565,0.10732367634773254,0.09514696151018143,0.020262461155653,1.0
3,sentimental,-0.10707244277000427,-0.16627590358257294,0.10707244277000427,-0.09737526625394821,0.021146174520254135,1.0
3,exuberant,0.1048310250043869,0.0050630271434783936,0.1048310250043869,0.09520905464887619,0.06327593326568604,1.0
3,trapped,-0.10411294549703598,-0.22805988788604736,0.10411294549703598,-0.0961788147687912,0.04220620542764664,1.0
3,unhappy,-0.1030358225107193,-0.22810131311416626,0.1030358225107193,-0.09479168802499771,0.05491563305258751,0.800000011920929
3,dependent,0.10185198485851288,0.27854955196380615,0.10185198485851288,0.0956396535038948,0.06427761167287827,1.0
3,irate,0.10006001591682434,0.21529191732406616,0.10006001591682434,0.09090433269739151,0.05408119410276413,1.0
3,afraid,-0.09515616297721863,-0.09147149324417114,0.09515616297721863,-0.08685429394245148,0.015742827206850052,1.0
3,terrified,0.09507817029953003,0.11369002610445023,0.09507817029953003,0.08584533631801605,0.043595585972070694,1.0
3,compassionate,0.0944310650229454,0.23620328307151794,0.0944310650229454,0.08836488425731659,0.06421855092048645,1.0
3,sensitive,0.09368864446878433,0.22871774435043335,0.09368864446878433,0.08922021836042404,0.07068527489900589,1.0
3,relaxed,-0.0927107185125351,-0.0875372663140297,0.0927107185125351,-0.08315439522266388,0.023829413577914238,1.0
3,uneasy,0.09246253222227097,0.26012828946113586,0.09246253222227097,0.08637474477291107,0.06135864183306694,0.800000011920929
3,pleased,-0.08931312710046768,-0.27410003542900085,0.08931312710046768,-0.0846177339553833,0.0583585649728775,0.800000011920929
3,humiliated,0.08823363482952118,0.14008867740631104,0.08823363482952118,0.07983418554067612,0.03332385793328285,1.0
3,mad,0.08749847859144211,0.27060940861701965,0.08749847859144211,0.08238096535205841,0.04126034677028656,1.0
3,docile,0.08348225802183151,0.22074030339717865,0.08348225802183151,0.08025876432657242,0.08318158239126205,0.800000011920929
3,weary,-0.08255689591169357,-0.1415901780128479,0.08255689591169357,-0.0765487477183342,0.04614226147532463,1.0
3,unnerved,-0.08151203393936157,-0.06354723125696182,0.08151203393936157,-0.07173644751310349,0.040083546191453934,1.0
3,overwhelmed,0.08148793876171112,0.2589450776576996,0.08148793876171112,0.07929239422082901,0.08145603537559509,0.800000011920929
3,heartbroken,-0.08013981580734253,0.0517667755484581,0.08013981580734253,-0.06787759810686111,0.0699475109577179,0.800000011920929
3,disgusted,-0.07867421954870224,0.13070158660411835,0.07867421954870224,-0.06831992417573929,0.04570428654551506,1.0
3,self-critical,-0.07840874046087265,-0.20237098634243011,0.07840874046087265,-0.07575677335262299,0.07175189256668091,0.800000011920929
3,excited,0.0778392106294632,0.1926141083240509,0.0778392106294632,0.07417509704828262,0.056658849120140076,0.800000011920929
3,impatient,0.07719270139932632,0.19093582034111023,0.07719270139932632,0.07266717404127121,0.03916862979531288,1.0
3,jubilant,0.07690925151109695,0.22311794757843018,0.07690925151109695,0.07369892299175262,0.06481734663248062,0.800000011920929
3,paranoid,0.07675052434206009,0.00262731802649796,0.07675052434206009,0.06766106188297272,0.04581457003951073,0.800000011920929
3,skeptical,-0.07643348723649979,-0.22220753133296967,0.07643348723649979,-0.07374966144561768,0.06086837127804756,1.0
3,obstinate,0.07548552751541138,0.26520249247550964,0.07548552751541138,0.07353891432285309,0.06881197541952133,0.800000011920929
3,self-conscious,0.07463854551315308,0.06035585328936577,0.07463854551315308,0.06684892624616623,0.04762560874223709,1.0
3,alarmed,-0.07394026964902878,0.03651167452335358,0.07394026964902878,-0.06597785651683807,0.03981543332338333,1.0
3,enthusiastic,0.07264023274183273,0.19281193614006042,0.07264023274183273,0.06836239993572235,0.03860990330576897,1.0
3,nervous,0.07242801040410995,0.0020617968402802944,0.07242801040410995,0.06567246466875076,0.03125947341322899,1.0
3,invigorated,0.07208526879549026,-0.045279569923877716,0.07208526879549026,0.06396415829658508,0.030754826962947845,1.0
3,ecstatic,0.06928208470344543,0.09528136253356934,0.06928208470344543,0.0614326111972332,0.01965693198144436,1.0
3,peaceful,0.06869850307703018,-0.12303321063518524,0.06869850307703018,0.06086419150233269,0.037406302988529205,1.0
3,thrilled,-0.06865347921848297,-0.22964471578598022,0.06865347921848297,-0.06506793200969696,0.06246526166796684,0.800000011920929
3,disoriented,-0.06781560927629471,-0.22123956680297852,0.06781560927629471,-0.06448619067668915,0.04742524027824402,1.0
3,awestruck,0.06701793521642685,0.25821372866630554,0.06701793521642685,0.06590665876865387,0.08256837725639343,0.800000011920929
3,aroused,0.06559545546770096,-0.1791071593761444,0.06559545546770096,0.054162126034498215,0.07058792561292648,0.6000000238418579
3,blissful,0.06494807451963425,-0.07714218646287918,0.06494807451963425,0.059942346066236496,0.030703671276569366,1.0
3,patient,0.06489354372024536,0.2055855542421341,0.06489354372024536,0.06246691197156906,0.06211457774043083,0.800000011920929
3,surprised,-0.06446639448404312,-0.17932496964931488,0.06446639448404312,-0.0621829517185688,0.04568616673350334,1.0
3,jealous,0.06337392330169678,0.20835018157958984,0.06337392330169678,0.057861942797899246,0.020251860842108727,1.0
3,envious,0.062370143830776215,-0.050629422068595886,0.062370143830776215,0.05575926974415779,0.05154842883348465,0.800000011920929
3,frightened,-0.059818968176841736,-0.2476397454738617,0.059818968176841736,-0.05944567918777466,0.08059127628803253,0.6000000238418579
3,inspired,0.05807863548398018,0.11710216104984283,0.05807863548398018,0.05582646280527115,0.04730476066470146,0.800000011920929
3,miserable,-0.05746385455131531,0.05456235259771347,0.05746385455131531,-0.04979552701115608,0.06042005866765976,1.0
3,astonished,-0.0556967556476593,-0.11129327863454819,0.0556967556476593,-0.04828330874443054,0.0453624352812767,0.800000011920929
3,relieved,-0.054809968918561935,-0.03360975161194801,0.054809968918561935,-0.048936598002910614,0.045132435858249664,0.6000000238418579
3,valiant,-0.05366562679409981,-0.051401007920503616,0.05366562679409981,-0.048104189336299896,0.06594502925872803,0.6000000238418579
3,sullen,-0.05329500138759613,-0.2546946704387665,0.05329500138759613,-0.05341339111328125,0.06335656344890594,0.6000000238418579
3,exasperated,-0.05322372540831566,0.16780687868595123,0.05322372540831566,-0.047192417085170746,0.03378259763121605,1.0
3,scared,0.05171218886971474,-0.12781095504760742,0.05171218886971474,0.043298497796058655,0.049407705664634705,0.6000000238418579
3,worried,0.05093725770711899,0.17677603662014008,0.05093725770711899,0.047455210238695145,0.04755376651883125,0.800000011920929
3,dispirited,-0.04993440955877304,0.09538562595844269,0.04993440955877304,-0.04308941215276718,0.05244230479001999,0.800000011920929
3,restless,0.04874705895781517,0.09124886244535446,0.04874705895781517,0.042962975800037384,0.041213952004909515,0.800000011920929
3,guilty,0.04807872697710991,0.08618815988302231,0.04807872697710991,0.04649791494011879,0.044816818088293076,0.800000011920929
3,anxious,0.047846343368291855,0.01616770774126053,0.047846343368291855,0.0432480089366436,0.006381737533956766,1.0
3,vibrant,0.04672390595078468,-0.17229145765304565,0.04672390595078468,0.035097528249025345,0.09568337351083755,0.6000000238418579
3,empathetic,0.046440623700618744,0.17081806063652039,0.046440623700618744,0.04489254206418991,0.0478610023856163,0.800000011920929
3,refreshed,0.04525800794363022,0.028666462749242783,0.04525800794363022,0.04152234271168709,0.016375133767724037,1.0
3,hopeful,0.044606469571590424,-0.12396041303873062,0.044606469571590424,0.03881401568651199,0.04416234791278839,0.800000011920929
3,droopy,-0.04300769045948982,0.05948122963309288,0.04300769045948982,-0.03685571998357773,0.04411757364869118,0.800000011920929
3,hysterical,0.042484965175390244,0.08250447362661362,0.042484965175390244,0.03871630132198334,0.025660758838057518,1.0
3,playful,0.04153459891676903,-0.20948123931884766,0.04153459891676903,0.030644649639725685,0.09013818204402924,0.6000000238418579
3,enraged,0.04147614166140556,0.14565391838550568,0.04147614166140556,0.03838471323251724,0.03441789373755455,0.800000011920929
3,unsettled,-0.04142823442816734,0.11309578269720078,0.04142823442816734,-0.03335649520158768,0.06856289505958557,0.800000011920929
3,worthless,0.041191261261701584,0.18789005279541016,0.041191261261701584,0.039356015622615814,0.05596544221043587,0.800000011920929
3,grateful,0.04116867110133171,0.2201411873102188,0.04116867110133171,0.041874341666698456,0.06930680572986603,0.6000000238418579
3,loving,0.041118115186691284,-0.08463019132614136,0.041118115186691284,0.03561341017484665,0.0454569049179554,0.800000011920929
3,happy,-0.035747963935136795,-0.23620620369911194,0.035747963935136795,-0.03559540584683418,0.050430670380592346,0.800000011920929
3,lazy,-0.034396395087242126,0.19915030896663666,0.034396395087242126,-0.028272682800889015,0.041533391922712326,0.6000000238418579
3,ashamed,0.033828236162662506,-0.005704826209694147,0.033828236162662506,0.027921359986066818,0.031218724325299263,0.800000011920929
3,calm,-0.0333690382540226,-0.0998729020357132,0.0333690382540226,-0.026665547862648964,0.04484545439481735,0.6000000238418579
3,vindictive,-0.03327815979719162,0.17850761115550995,0.03327815979719162,-0.02717362903058529,0.062024932354688644,0.800000011920929
3,energized,-0.0322224497795105,-0.18596529960632324,0.0322224497795105,-0.03179209679365158,0.05091504007577896,0.6000000238418579
3,fulfilled,0.03177092596888542,-0.18082934617996216,0.03177092596888542,0.025258773937821388,0.05865207687020302,0.6000000238418579
3,triumphant,-0.03152971714735031,-0.18997986614704132,0.03152971714735031,-0.02943008579313755,0.04152276739478111,0.800000011920929
3,sad,0.030591335147619247,0.14608491957187653,0.030591335147619247,0.028673361986875534,0.020909801125526428,1.0
3,furious,-0.029841532930731773,-0.17191718518733978,0.029841532930731773,-0.03363066166639328,0.08792038261890411,0.4000000059604645
3,disturbed,-0.029197677969932556,-0.19473686814308167,0.029197677969932556,-0.030468294396996498,0.05610618367791176,0.6000000238418579
3,outraged,-0.02918807975947857,-0.026416823267936707,0.02918807975947857,-0.026066530495882034,0.03871062025427818,0.800000011920929
3,safe,-0.026356644928455353,-0.0678713470697403,0.026356644928455353,-0.02270137332379818,0.0356111004948616,0.6000000238418579
3,contemptuous,-0.024328380823135376,-0.20064115524291992,0.024328380823135376,-0.0268387533724308,0.06265492737293243,0.4000000059604645
3,desperate,0.023862794041633606,0.14860183000564575,0.023862794041633606,0.025353748351335526,0.049399763345718384,0.4000000059604645
3,horrified,0.022923067212104797,0.2378859668970108,0.022923067212104797,0.024589097127318382,0.05235118418931961,0.6000000238418579
3,optimistic,-0.02283664047718048,-0.207985058426857,0.02283664047718048,-0.025661136955022812,0.08480333536863327,0.6000000238418579
3,defiant,-0.02215239778161049,0.08036395162343979,0.02215239778161049,-0.019601549953222275,0.017230981960892677,0.800000011920929
3,worn out,0.022105973213911057,0.1873379498720169,0.022105973213911057,0.022863009944558144,0.041459035128355026,0.6000000238418579
3,puzzled,-0.02137855440378189,-0.18494142591953278,0.02137855440378189,-0.024075927212834358,0.06253877282142639,0.4000000059604645
3,resentful,-0.02114933915436268,0.1366509348154068,0.02114933915436268,-0.01715770922601223,0.05505602806806564,0.6000000238418579
3,embarrassed,0.019607532769441605,0.20122860372066498,0.019607532769441605,0.020855337381362915,0.043220795691013336,0.6000000238418579
3,stubborn,0.0194232277572155,0.19765321910381317,0.0194232277572155,0.022007733583450317,0.0633360743522644,0.6000000238418579
3,brooding,0.018566522747278214,0.21643537282943726,0.018566522747278214,0.023076649755239487,0.08485060930252075,0.4000000059604645
3,indifferent,0.018108421936631203,0.14827975630760193,0.018108421936631203,0.016156157478690147,0.022565629333257675,0.800000011920929
3,regretful,-0.018030183389782906,0.21094855666160583,0.018030183389782906,-0.01082642376422882,0.08033980429172516,0.6000000238418579
3,tired,0.01731734909117222,0.1993345469236374,0.01731734909117222,0.018212078139185905,0.06144294515252113,0.6000000238418579
3,bored,0.01722770184278488,0.22873158752918243,0.01722770184278488,0.020505519583821297,0.07814302295446396,0.6000000238418579
3,rattled,0.016339613124728203,0.15402162075042725,0.016339613124728203,0.01583711802959442,0.021803928539156914,1.0
3,panicked,0.01626800373196602,0.10726436227560043,0.01626800373196602,0.01523546315729618,0.0342959389090538,0.800000011920929
3,proud,0.015783362090587616,0.09595504403114319,0.015783362090587616,0.017953287810087204,0.056306347250938416,0.800000011920929
3,listless,-0.013959000818431377,0.14534394443035126,0.013959000818431377,-0.010405476205050945,0.05402715876698494,0.6000000238418579
3,joyful,0.012303111143410206,-0.22541290521621704,0.012303111143410206,0.006696927361190319,0.07232967019081116,0.6000000238418579
3,reflective,-0.010698352009057999,-0.14562024176120758,0.010698352009057999,-0.011493347585201263,0.05788267031311989,0.6000000238418579
3,greedy,0.008646751753985882,-0.056633416563272476,0.008646751753985882,0.009186411276459694,0.02995429001748562,0.6000000238418579
3,self-confident,-0.008272796869277954,-0.23435677587985992,0.008272796869277954,-0.01259592641144991,0.08080725371837616,0.6000000238418579
3,shocked,0.007048275321722031,-0.19259151816368103,0.007048275321722031,0.001675423001870513,0.08080624788999557,0.6000000238418579
3,upset,0.005676937289535999,0.19295324385166168,0.005676937289535999,0.008146685548126698,0.052016984671354294,0.4000000059604645
3,hope,0.004987067077308893,0.1746392697095871,0.004987067077308893,0.006710700690746307,0.032192330807447433,0.6000000238418579
3,spiteful,-0.004655785392969847,0.09041714668273926,0.004655785392969847,-0.005891664884984493,0.04892727732658386,0.4000000059604645
3,shaken,-0.004263805225491524,0.0462900772690773,0.004263805225491524,-0.0029584933072328568,0.02507137320935726,0.4000000059604645
3,eager,-0.0028778708074241877,-0.040335386991500854,0.0028778708074241877,-0.002539880108088255,0.034832846373319626,0.4000000059604645
3,remorseful,-0.0012728311121463776,0.11927570402622223,0.0012728311121463776,0.0003689762088470161,0.04476071149110794,0.800000011920929
3,mortified,-0.0006211604923009872,0.015711739659309387,0.0006211604923009872,-0.0023318512830883265,0.03824920952320099,0.800000011920929
3,vengeful,-7.212522905319929e-05,0.19276289641857147,7.212522905319929e-05,0.004917229060083628,0.06740802526473999,0.4000000059604645
4,delighted,0.2996792197227478,0.3539876937866211,0.2996792197227478,0.27402082085609436,0.03193621709942818,1.0
4,cheerful,0.26626044511795044,0.3437841832637787,0.26626044511795044,0.24359159171581268,0.02208256907761097,1.0
4,at ease,0.22649455070495605,0.1941077560186386,0.22649455070495605,0.20692212879657745,0.02579253539443016,1.0
4,disdainful,0.21707861125469208,0.3057243227958679,0.21707861125469208,0.1984536349773407,0.033732518553733826,1.0
4,tormented,-0.21573375165462494,-0.16575458645820618,0.21573375165462494,-0.1979864537715912,0.04133743792772293,1.0
4,stimulated,0.20793162286281586,0.15481746196746826,0.20793162286281586,0.18934330344200134,0.017115628346800804,1.0
4,frustrated,-0.20429126918315887,-0.30565518140792847,0.20429126918315887,-0.18933746218681335,0.03966920077800751,1.0
4,depressed,-0.19129860401153564,-0.1884862780570984,0.19129860401153564,-0.17505653202533722,0.018912499770522118,1.0
4,irritated,-0.1901124268770218,-0.23442664742469788,0.1901124268770218,-0.17490707337856293,0.051264576613903046,1.0
4,hostile,-0.18983393907546997,-0.2872737646102905,0.18983393907546997,-0.17714142799377441,0.0456867590546608,1.0
4,grief-stricken,-0.17946742475032806,-0.07599519193172455,0.17946742475032806,-0.16076445579528809,0.03204771876335144,1.0
4,indignant,-0.17714451253414154,-0.22472898662090302,0.17714451253414154,-0.16375553607940674,0.03928334638476372,1.0
4,resigned,-0.17450204491615295,-0.2742081880569458,0.17450204491615295,-0.1629309356212616,0.04069158062338829,1.0
4,rejuvenated,0.17345717549324036,0.28622502088546753,0.17345717549324036,0.16216211020946503,0.0651419386267662,1.0
4,gloomy,-0.1724724918603897,-0.2548384964466095,0.1724724918603897,-0.15863986313343048,0.02066783234477043,1.0
4,elated,0.17170719802379608,0.24597202241420746,0.17170719802379608,0.15911655128002167,0.027581023052334785,1.0
4,mystified,-0.169281005859375,-0.2649418115615845,0.169281005859375,-0.16007883846759796,0.06299859285354614,1.0
4,grumpy,-0.16875572502613068,-0.13187777996063232,0.16875572502613068,-0.1540621817111969,0.026572702452540398,1.0
4,angry,-0.16765974462032318,-0.22107702493667603,0.16765974462032318,-0.15405771136283875,0.041967082768678665,1.0
4,scornful,-0.1668238341808319,-0.2705151438713074,0.1668238341808319,-0.1555236279964447,0.03856644034385681,1.0
4,smug,0.1665726900100708,0.2734825909137726,0.1665726900100708,0.15253816545009613,0.01047425251454115,1.0
4,sorry,0.16524796187877655,0.2577396035194397,0.16524796187877655,0.15561653673648834,0.06773999333381653,1.0
4,kind,0.1628560870885849,0.2647004723548889,0.1628560870885849,0.15377864241600037,0.05176256597042084,1.0
4,euphoric,0.15580886602401733,0.21406574547290802,0.15580886602401733,0.14353156089782715,0.04521022364497185,1.0
4,perplexed,0.15435665845870972,0.26906096935272217,0.15435665845870972,0.14452531933784485,0.04810478165745735,1.0
4,stressed,-0.1532553732395172,-0.26222676038742065,0.1532553732395172,-0.14489170908927917,0.05472289025783539,1.0
4,dumbstruck,-0.1523575633764267,-0.2705181837081909,0.1523575633764267,-0.14424529671669006,0.0600554458796978,1.0
4,on edge,0.15007086098194122,0.26236650347709656,0.15007086098194122,0.14101549983024597,0.06479530781507492,1.0
4,sluggish,-0.14225323498249054,-0.058179326355457306,0.14225323498249054,-0.12943199276924133,0.02729264460504055,1.0
4,sleepy,0.14030103385448456,0.23525884747505188,0.14030103385448456,0.1312951296567917,0.052995916455984116,1.0
4,troubled,-0.13611038029193878,-0.2639032304286957,0.13611038029193878,-0.1283653974533081,0.0554637648165226,1.0
4,amused,-0.13580778241157532,-0.24935925006866455,0.13580778241157532,-0.12871316075325012,0.07151702046394348,1.0
4,distressed,-0.13311387598514557,-0.0705009400844574,0.13311387598514557,-0.12055192142724991,0.035376716405153275,1.0
4,nostalgic,0.12951146066188812,0.24464605748653412,0.12951146066188812,0.12310764938592911,0.054184459149837494,1.0
4,heartbroken,-0.12927381694316864,-0.014612487517297268,0.12927381694316864,-0.11383593082427979,0.055025335401296616,1.0
4,offended,-0.12890689074993134,-0.2613609731197357,0.12890689074993134,-0.12155208736658096,0.06391898542642593,1.0
4,annoyed,-0.1285807341337204,-0.2667117416858673,0.1285807341337204,-0.1201089471578598,0.06445737183094025,1.0
4,tense,0.12763749063014984,0.013799376785755157,0.12763749063014984,0.11325275897979736,0.04542529955506325,1.0
4,hurt,0.12473170459270477,0.2441556602716446,0.12473170459270477,0.11741241067647934,0.05619150772690773,1.0
4,stuck,-0.1245826929807663,-0.22480589151382446,0.1245826929807663,-0.11784066259860992,0.04678574204444885,1.0
4,melancholy,-0.1240849643945694,-0.20898094773292542,0.1240849643945694,-0.11702493578195572,0.04056226462125778,1.0
4,lonely,-0.12376964837312698,0.0503106452524662,0.12376964837312698,-0.1084519624710083,0.05203854292631149,1.0
4,thankful,-0.12307154387235641,-0.18919499218463898,0.12307154387235641,-0.113072969019413,0.03915804624557495,1.0
4,insulted,0.12106525897979736,0.24051865935325623,0.12106525897979736,0.11453591287136078,0.05988869071006775,1.0
4,infatuated,0.11985927820205688,0.04940498620271683,0.11985927820205688,0.10805992037057877,0.014533608220517635,1.0
4,vigilant,0.11904530227184296,0.23635311424732208,0.11904530227184296,0.1138792634010315,0.06089857220649719,1.0
4,exuberant,0.11874903738498688,0.0532882995903492,0.11874903738498688,0.10818962752819061,0.04845879599452019,1.0
4,serene,0.11869872361421585,0.24072058498859406,0.11869872361421585,0.11371256411075592,0.060972440987825394,1.0
4,amazed,-0.11368878185749054,-0.23374849557876587,0.11368878185749054,-0.10609596967697144,0.0419490784406662,1.0
4,sentimental,-0.11184247583150864,-0.17103801667690277,0.11184247583150864,-0.10311559587717056,0.01617780700325966,1.0
4,satisfied,0.10991378128528595,0.179605633020401,0.10991378128528595,0.1038060411810875,0.0351153202354908,1.0
4,content,0.10953840613365173,0.06356688588857651,0.10953840613365173,0.09905773401260376,0.04409293457865715,1.0
4,hateful,-0.10871848464012146,0.020153475925326347,0.10871848464012146,-0.0977960079908371,0.04588358476758003,1.0
4,sympathetic,0.10599914193153381,0.003580640535801649,0.10599914193153381,0.09441041946411133,0.028353020548820496,1.0
4,jubilant,0.10580500215291977,0.1954500675201416,0.10580500215291977,0.09986310452222824,0.0470183826982975,1.0
4,bitter,0.10469543933868408,0.22390970587730408,0.10469543933868408,0.10031012445688248,0.054167553782463074,1.0
4,excited,0.10124713182449341,0.17999380826950073,0.10124713182449341,0.09508907049894333,0.03435392677783966,1.0
4,overwhelmed,0.09811873733997345,0.21703863143920898,0.09811873733997345,0.09425191581249237,0.06620022654533386,0.800000011920929
4,suspicious,-0.0978970155119896,-0.20557062327861786,0.0978970155119896,-0.09258569031953812,0.03875049203634262,1.0
4,bewildered,-0.09757035970687866,-0.2043241411447525,0.09757035970687866,-0.09123580157756805,0.05419854447245598,1.0
4,alert,-0.09584219008684158,-0.2112777978181839,0.09584219008684158,-0.09145361185073853,0.04802529513835907,1.0
4,vulnerable,-0.09453792124986649,-0.22669434547424316,0.09453792124986649,-0.09165624529123306,0.05903081223368645,1.0
4,irate,0.09159323573112488,0.16434891521930695,0.09159323573112488,0.08452151715755463,0.041107773780822754,1.0
4,trapped,-0.09046854078769684,-0.18504294753074646,0.09046854078769684,-0.08429665863513947,0.03792553022503853,1.0
4,mad,0.09005638211965561,0.237789124250412,0.09005638211965561,0.084947369992733,0.0358886756002903,1.0
4,worried,0.0896565169095993,0.1646469533443451,0.0896565169095993,0.08317206054925919,0.024372126907110214,1.0
4,uneasy,0.08881937712430954,0.20979243516921997,0.08881937712430954,0.08317548036575317,0.04791747033596039,0.800000011920929
4,dependent,0.08801104873418808,0.23728853464126587,0.08801104873418808,0.08323772251605988,0.054600708186626434,1.0
4,alarmed,-0.08773165196180344,-0.00422483216971159,0.08773165196180344,-0.07910408079624176,0.03993631899356842,1.0
4,unhappy,-0.08755002170801163,-0.17558015882968903,0.08755002170801163,-0.08274208754301071,0.04595983028411865,1.0
4,patient,0.08574864268302917,0.19234946370124817,0.08574864268302917,0.08062557876110077,0.033699311316013336,1.0
4,inspired,0.08465049415826797,0.15272650122642517,0.08465049415826797,0.07947137951850891,0.03220164775848389,1.0
4,frightened,-0.08365554362535477,-0.23355506360530853,0.08365554362535477,-0.08067884296178818,0.06336984783411026,0.800000011920929
4,peaceful,0.08304750174283981,-0.07681957632303238,0.08304750174283981,0.07409033924341202,0.03543518856167793,1.0
4,docile,0.0827481672167778,0.1866767406463623,0.0827481672167778,0.07874727249145508,0.06268832832574844,0.800000011920929
4,relieved,-0.08137694746255875,-0.047922611236572266,0.08137694746255875,-0.0732634887099266,0.04613678529858589,1.0
4,skeptical,-0.08127032220363617,-0.1868407428264618,0.08127032220363617,-0.07738017290830612,0.03613337129354477,1.0
4,pleased,-0.07685687392950058,-0.22245633602142334,0.07685687392950058,-0.07391564548015594,0.047391630709171295,1.0
4,unnerved,-0.07667449116706848,-0.06484296917915344,0.07667449116706848,-0.0685693621635437,0.03447498753666878,1.0
4,weary,-0.07649426907300949,-0.14056190848350525,0.07649426907300949,-0.07198663055896759,0.04626171290874481,1.0
4,disgusted,-0.07592286914587021,0.09206400066614151,0.07592286914587021,-0.06535707414150238,0.04593880474567413,1.0
4,relaxed,-0.07380049675703049,-0.05892626941204071,0.07380049675703049,-0.06694713979959488,0.019217072054743767,1.0
4,aroused,0.07378048449754715,-0.12946052849292755,0.07378048449754715,0.06227738782763481,0.051776036620140076,0.800000011920929
4,self-critical,-0.07316125929355621,-0.1782297044992447,0.07316125929355621,-0.07093659788370132,0.05586633458733559,0.800000011920929
4,awestruck,0.07282891869544983,0.22551923990249634,0.07282891869544983,0.07044336199760437,0.06439977884292603,0.800000011920929
4,impatient,0.068808913230896,0.16915245354175568,0.068808913230896,0.06576695293188095,0.034315258264541626,1.0
4,compassionate,0.06812333315610886,0.18134790658950806,0.06812333315610886,0.06547525525093079,0.05849219486117363,1.0
4,outraged,-0.06683869659900665,-0.09327687323093414,0.06683869659900665,-0.06045105308294296,0.03563745319843292,0.800000011920929
4,surprised,-0.06682652235031128,-0.14228539168834686,0.06682652235031128,-0.0644882395863533,0.03225481137633324,1.0
4,humiliated,0.06615885347127914,0.13899561762809753,0.06615885347127914,0.06003810092806816,0.04401494562625885,0.800000011920929
4,ecstatic,0.06501945853233337,0.08785519003868103,0.06501945853233337,0.05913890525698662,0.01855902560055256,1.0
4,terrified,0.0649123340845108,0.0640164241194725,0.0649123340845108,0.059792958199977875,0.03415284678339958,1.0
4,afraid,-0.0648607388138771,-0.05041966959834099,0.0648607388138771,-0.060416072607040405,0.018667137250304222,1.0
4,invigorated,0.06422363221645355,-0.007226159796118736,0.06422363221645355,0.05605502799153328,0.03540582209825516,1.0
4,horrified,0.06360650807619095,0.20599296689033508,0.06360650807619095,0.06137394905090332,0.03875843062996864,1.0
4,sullen,-0.06339975446462631,-0.20598655939102173,0.06339975446462631,-0.06120334193110466,0.03447135165333748,1.0
4,disoriented,-0.06189587339758873,-0.174870103597641,0.06189587339758873,-0.058328934013843536,0.020841095596551895,1.0
4,worn out,0.060460057109594345,0.18016266822814941,0.060460057109594345,0.058397866785526276,0.04010967165231705,1.0
4,enraged,0.06038820371031761,0.13816532492637634,0.06038820371031761,0.056141119450330734,0.024702521041035652,1.0
4,jealous,0.05636349692940712,0.16789457201957703,0.05636349692940712,0.0526793897151947,0.018122512847185135,1.0
4,sensitive,0.05621355026960373,0.16635598242282867,0.05621355026960373,0.05615592002868652,0.06460247933864594,0.800000011920929
4,obstinate,0.05573366582393646,0.1974189430475235,0.05573366582393646,0.05540307238698006,0.046560678631067276,1.0
4,enthusiastic,0.055444225668907166,0.16684941947460175,0.055444225668907166,0.052599262446165085,0.02682836912572384,1.0
4,valiant,-0.05526385456323624,-0.0838865265250206,0.05526385456323624,-0.04973974451422691,0.06452281028032303,0.6000000238418579
4,anxious,0.05435928329825401,0.01654369942843914,0.05435928329825401,0.048180919140577316,0.017900552600622177,1.0
4,nervous,0.0510358102619648,-0.011708768084645271,0.0510358102619648,0.047803737223148346,0.022231776267290115,1.0
4,exasperated,-0.05062226206064224,0.126515731215477,0.05062226206064224,-0.044483184814453125,0.03389686346054077,0.800000011920929
4,proud,0.05043880268931389,0.11153077334165573,0.05043880268931389,0.048493336886167526,0.04104398936033249,0.800000011920929
4,paranoid,0.05012396723031998,0.001158561441116035,0.05012396723031998,0.045452360063791275,0.03707713633775711,0.800000011920929
4,refreshed,0.04838327690958977,0.04726474732160568,0.04838327690958977,0.04454856365919113,0.019048631191253662,1.0
4,panicked,0.04765443876385689,0.09589184820652008,0.04765443876385689,0.04368572682142258,0.03885773941874504,0.800000011920929
4,thrilled,-0.04596680775284767,-0.18066853284835815,0.04596680775284767,-0.04536355659365654,0.06092642620205879,1.0
4,ashamed,0.04588809236884117,0.018371345475316048,0.04588809236884117,0.039766114205121994,0.03141747787594795,0.800000011920929
4,scared,0.04537973925471306,-0.08646178990602493,0.04537973925471306,0.0376962274312973,0.04169804975390434,0.800000011920929
4,energized,-0.043636906892061234,-0.14341671764850616,0.043636906892061234,-0.04187137633562088,0.04070800542831421,0.800000011920929
4,grateful,0.04069490358233452,0.16793842613697052,0.04069490358233452,0.04145180061459541,0.052182890474796295,0.800000011920929
4,happy,-0.040078211575746536,-0.19668345153331757,0.040078211575746536,-0.03954845294356346,0.04567889869213104,0.800000011920929
4,worthless,0.03929758816957474,0.15143322944641113,0.03929758816957474,0.03709223121404648,0.0484427884221077,0.800000011920929
4,contemptuous,-0.038798391819000244,-0.1532323658466339,0.038798391819000244,-0.04007769376039505,0.04581072926521301,0.800000011920929
4,unsettled,-0.03668896481394768,0.07296755909919739,0.03668896481394768,-0.030915046110749245,0.04258676618337631,0.800000011920929
4,regretful,-0.0364057682454586,0.1545625627040863,0.0364057682454586,-0.028185373172163963,0.06712907552719116,0.800000011920929
4,self-confident,-0.03571370989084244,-0.18915636837482452,0.03571370989084244,-0.036014802753925323,0.045323505997657776,0.800000011920929
4,furious,-0.033362701535224915,-0.11117526888847351,0.033362701535224915,-0.0345894992351532,0.04441233351826668,0.6000000238418579
4,tired,0.03305894508957863,0.1630844920873642,0.03305894508957863,0.03201545029878616,0.05373558774590492,0.800000011920929
4,miserable,-0.03216136619448662,0.05853132903575897,0.03216136619448662,-0.02815840020775795,0.04874824360013008,0.800000011920929
4,empathetic,0.03183471038937569,0.1482149362564087,0.03183471038937569,0.03271462395787239,0.05006292834877968,0.6000000238418579
4,self-conscious,0.03153939172625542,0.03844389691948891,0.03153939172625542,0.028723478317260742,0.05310019478201866,0.800000011920929
4,astonished,-0.03129337728023529,-0.07077532261610031,0.03129337728023529,-0.025857293978333473,0.04095377400517464,0.6000000238418579
4,upset,0.02974202297627926,0.15268442034721375,0.02974202297627926,0.030488306656479836,0.045393843203783035,0.6000000238418579
4,remorseful,-0.029229532927274704,0.0867377296090126,0.029229532927274704,-0.0256212055683136,0.03671584278345108,0.800000011920929
4,puzzled,-0.02913680300116539,-0.13962028920650482,0.02913680300116539,-0.03087674081325531,0.041157763451337814,0.6000000238418579
4,desperate,0.028804391622543335,0.10673363506793976,0.028804391622543335,0.02942407689988613,0.03929856792092323,0.800000011920929
4,optimistic,-0.02829747460782528,-0.17123639583587646,0.02829747460782528,-0.029092123731970787,0.056874070316553116,0.800000011920929
4,calm,-0.02776622772216797,-0.07413320988416672,0.02776622772216797,-0.02297566644847393,0.02975904755294323,0.6000000238418579
4,dispirited,-0.026561006903648376,0.08855191618204117,0.026561006903648376,-0.02315870299935341,0.0405067540705204,0.800000011920929
4,brooding,0.023217029869556427,0.16454963386058807,0.023217029869556427,0.026269590482115746,0.058980390429496765,0.4000000059604645
4,stubborn,-0.02301505208015442,0.13887476921081543,0.02301505208015442,-0.016437329351902008,0.052040066570043564,0.800000011920929
4,embarrassed,0.022428717464208603,0.16180960834026337,0.022428717464208603,0.023514220491051674,0.03670985624194145,0.800000011920929
4,hopeful,0.021378684788942337,-0.115303173661232,0.021378684788942337,0.018669072538614273,0.0458492711186409,0.800000011920929
4,disturbed,-0.020851539447903633,-0.15383869409561157,0.020851539447903633,-0.021823834627866745,0.034172311425209045,0.6000000238418579
4,blissful,0.02004818059504032,-0.07725565880537033,0.02004818059504032,0.019681992009282112,0.021814821287989616,0.800000011920929
4,restless,0.019762327894568443,0.05168352648615837,0.019762327894568443,0.017035145312547684,0.04005130007863045,0.6000000238418579
4,resentful,-0.019561516121029854,0.08210069686174393,0.019561516121029854,-0.015705028548836708,0.038203123956918716,0.4000000059604645
4,vindictive,-0.01850905455648899,0.1295081079006195,0.01850905455648899,-0.013581310398876667,0.04402293637394905,0.6000000238418579
4,vibrant,0.018428761512041092,-0.12713098526000977,0.018428761512041092,0.011723781004548073,0.054791003465652466,0.6000000238418579
4,droopy,-0.01753527857363224,0.0578630268573761,0.01753527857363224,-0.01461788546293974,0.03616125509142876,0.4000000059604645
4,sad,0.017436737194657326,0.11577146500349045,0.017436737194657326,0.01731010340154171,0.01905767247080803,0.800000011920929
4,hope,-0.017401885241270065,0.11796347051858902,0.017401885241270065,-0.01330955047160387,0.03653327003121376,0.6000000238418579
4,bored,0.01624182052910328,0.18079395592212677,0.01624182052910328,0.018356073647737503,0.051053304225206375,0.6000000238418579
4,fulfilled,0.016085367649793625,-0.1305602490901947,0.016085367649793625,0.011897523887455463,0.038590021431446075,0.6000000238418579
4,mortified,-0.015986688435077667,-0.012327245436608791,0.015986688435077667,-0.01493361871689558,0.02442352846264839,0.800000011920929
4,shocked,-0.01465054415166378,-0.15759478509426117,0.01465054415166378,-0.01659494638442993,0.049652595072984695,0.6000000238418579
4,hysterical,0.01329110749065876,0.02492750994861126,0.01329110749065876,0.011760979890823364,0.022558264434337616,0.4000000059604645
4,greedy,0.012118217535316944,-0.024079790338873863,0.012118217535316944,0.01174064539372921,0.02252298966050148,0.4000000059604645
4,listless,0.01176027674227953,0.11548653990030289,0.01176027674227953,0.013000878505408764,0.040803782641887665,0.6000000238418579
4,indifferent,0.010983622632920742,0.11209806054830551,0.010983622632920742,0.010903033427894115,0.016045967116951942,0.800000011920929
4,joyful,0.009303612634539604,-0.163673534989357,0.009303612634539604,0.004384507425129414,0.051142096519470215,0.6000000238418579
4,guilty,0.009091434068977833,0.04324578493833542,0.009091434068977833,0.010282263159751892,0.031969040632247925,0.800000011920929
4,shaken,0.009018320590257645,0.04866716265678406,0.009018320590257645,0.0091665955260396,0.0281309112906456,0.6000000238418579
4,safe,0.008430112153291702,-0.019802572205662727,0.008430112153291702,0.008071298711001873,0.03618389368057251,0.6000000238418579
4,envious,0.007671001832932234,-0.07952284812927246,0.007671001832932234,0.006946347653865814,0.04848366230726242,0.4000000059604645
4,lazy,-0.007647654041647911,0.17567014694213867,0.007647654041647911,-0.004208670463413,0.03393308073282242,0.6000000238418579
4,defiant,0.007139371242374182,0.09612594544887543,0.007139371242374182,0.006488305516541004,0.023782700300216675,0.6000000238418579
4,playful,0.006809374783188105,-0.17000176012516022,0.006809374783188105,0.0009729482117109001,0.05699114501476288,0.6000000238418579
4,spiteful,0.006624419707804918,0.053003501147031784,0.006624419707804918,0.004732527304440737,0.03964221477508545,0.6000000238418579
4,eager,0.005164828151464462,-0.041165340691804886,0.005164828151464462,0.005032021552324295,0.036726485937833786,0.6000000238418579
4,rattled,-0.004276826046407223,0.11801457405090332,0.004276826046407223,-0.002934519201517105,0.03037668578326702,0.6000000238418579
4,loving,-0.003600639756768942,-0.09728412330150604,0.003600639756768942,-0.004574108403176069,0.04120000824332237,0.800000011920929
4,triumphant,-0.0026728217490017414,-0.13431912660598755,0.0026728217490017414,-0.004349981434643269,0.04893257096409798,0.4000000059604645
4,reflective,0.0021281568333506584,-0.09107667952775955,0.0021281568333506584,-2.347528970858548e-05,0.05049022287130356,0.6000000238418579
4,vengeful,-0.001671231584623456,0.16428808867931366,0.001671231584623456,0.003070289734750986,0.04835149645805359,0.6000000238418579
5,cheerful,0.2620851397514343,0.05938391014933586,0.2620851397514343,0.23988839983940125,0.018169725313782692,1.0
5,at ease,0.2380773425102234,0.15486560761928558,0.2380773425102234,0.21857604384422302,0.0163008663803339,1.0
5,delighted,0.23500284552574158,0.003334649372845888,0.23500284552574158,0.21159322559833527,0.025771616026759148,1.0
5,grief-stricken,-0.23351967334747314,0.004177413415163755,0.23351967334747314,-0.20840664207935333,0.04185721278190613,1.0
5,disdainful,0.22550168633460999,0.09608630836009979,0.22550168633460999,0.20396974682807922,0.05369779095053673,1.0
5,irritated,-0.1927470713853836,-0.1378670334815979,0.1927470713853836,-0.17299774289131165,0.0707472488284111,1.0
5,tense,0.1782572716474533,-0.015449285507202148,0.1782572716474533,0.15637972950935364,0.05838930979371071,1.0
5,tormented,-0.1726871281862259,-0.07561562955379486,0.1726871281862259,-0.15804561972618103,0.037102799862623215,1.0
5,heartbroken,-0.17160764336585999,0.01767287403345108,0.17160764336585999,-0.15011581778526306,0.053254395723342896,1.0
5,depressed,-0.16657936573028564,0.00524878827854991,0.16657936573028564,-0.15203514695167542,0.021731538698077202,1.0
5,stimulated,0.1659231334924698,0.05524403229355812,0.1659231334924698,0.1457979381084442,0.05767083913087845,1.0
5,grumpy,-0.16529248654842377,-0.1143130511045456,0.16529248654842377,-0.14786182343959808,0.04116182029247284,1.0
5,gloomy,-0.15411794185638428,-0.08926057070493698,0.15411794185638428,-0.1400081366300583,0.02918417938053608,1.0
5,infatuated,0.15121637284755707,0.05169427767395973,0.15121637284755707,0.1382138431072235,0.0183078832924366,1.0
5,distressed,-0.1489681452512741,0.0057056318037211895,0.1489681452512741,-0.1340261995792389,0.0314791314303875,1.0
5,exuberant,0.1418517827987671,-0.011124987155199051,0.1418517827987671,0.12922067940235138,0.039269741624593735,1.0
5,smug,0.1417504996061325,0.07248163223266602,0.1417504996061325,0.12969377636909485,0.0045407055877149105,1.0
5,angry,-0.13476823270320892,-0.13750095665454865,0.13476823270320892,-0.12613534927368164,0.04914363473653793,1.0
5,euphoric,0.12491954863071442,0.09842143207788467,0.12491954863071442,0.1180218905210495,0.051835231482982635,1.0
5,frustrated,-0.12475882470607758,-0.06505653262138367,0.12475882470607758,-0.11720570176839828,0.030696162953972816,1.0
5,sympathetic,0.12468094378709793,0.0012697841739282012,0.12468094378709793,0.10970933735370636,0.03266148641705513,1.0
5,sluggish,-0.12393750995397568,0.02908184379339218,0.12393750995397568,-0.11270023882389069,0.021860413253307343,1.0
5,content,0.12383946776390076,-0.023015618324279785,0.12383946776390076,0.1129530817270279,0.03434883430600166,1.0
5,lonely,-0.12203069776296616,0.028962209820747375,0.12203069776296616,-0.10401134192943573,0.05294621363282204,1.0
5,invigorated,0.12042657285928726,0.02537582814693451,0.12042657285928726,0.10852022469043732,0.027240082621574402,1.0
5,alarmed,-0.11179353296756744,0.009751482866704464,0.11179353296756744,-0.10340778529644012,0.03982812538743019,1.0
5,aroused,0.10907669365406036,-0.03309914842247963,0.10907669365406036,0.09553029388189316,0.03135829418897629,1.0
5,indignant,-0.1090748980641365,-0.0697399154305458,0.1090748980641365,-0.10290125757455826,0.03912461921572685,1.0
5,resigned,-0.10904232412576675,-0.06326159089803696,0.10904232412576675,-0.1045224666595459,0.0376952663064003,1.0
5,peaceful,0.10617458075284958,-0.020836489275097847,0.10617458075284958,0.09657317399978638,0.034397926181554794,1.0
5,elated,0.10340546816587448,0.06676013022661209,0.10340546816587448,0.10070306062698364,0.0555431954562664,1.0
5,on edge,0.09572020173072815,0.059420064091682434,0.09572020173072815,0.08933582901954651,0.054804787039756775,1.0
5,satisfied,0.09142835438251495,0.07883811742067337,0.09142835438251495,0.09153052419424057,0.06285479664802551,1.0
5,hateful,-0.08939875662326813,0.03253721818327904,0.08939875662326813,-0.07909680902957916,0.03914439678192139,1.0
5,ashamed,0.08826278150081635,-0.011194288730621338,0.08826278150081635,0.07796076685190201,0.029395125806331635,1.0
5,sentimental,-0.08752342313528061,-0.0930427685379982,0.08752342313528061,-0.07981479912996292,0.022123262286186218,1.0
5,vindictive,-0.08671320229768753,0.037544894963502884,0.08671320229768753,-0.07731350511312485,0.02002767100930214,1.0
5,amazed,-0.08473412692546844,-0.0704214796423912,0.08473412692546844,-0.07871443033218384,0.02665906772017479,1.0
5,hostile,-0.08194606751203537,-0.057266030460596085,0.08194606751203537,-0.07878915965557098,0.03461522236466408,1.0
5,disgusted,-0.08138392120599747,0.03752904012799263,0.08138392120599747,-0.07090900838375092,0.027886642143130302,1.0
5,perplexed,0.07887591421604156,0.058896664530038834,0.07887591421604156,0.0757460743188858,0.036074865609407425,1.0
5,rejuvenated,0.07886236160993576,0.05807046964764595,0.07886236160993576,0.0777178481221199,0.055249929428100586,0.800000011920929
5,outraged,-0.07822350412607193,-0.0038337770383805037,0.07822350412607193,-0.07205818593502045,0.031441543251276016,1.0
5,stubborn,-0.0781262218952179,0.034903038293123245,0.0781262218952179,-0.06594361364841461,0.04181578382849693,1.0
5,refreshed,0.07795023918151855,0.011815366335213184,0.07795023918151855,0.07326702773571014,0.026575272902846336,1.0
5,spiteful,-0.07683481276035309,0.017825301736593246,0.07683481276035309,-0.07675085961818695,0.055164024233818054,1.0
5,valiant,-0.07630299031734467,-0.08753609657287598,0.07630299031734467,-0.07130221277475357,0.05603741109371185,0.800000011920929
5,relieved,-0.07597561925649643,-0.034070827066898346,0.07597561925649643,-0.06559319794178009,0.03764063119888306,1.0
5,unnerved,-0.07222883403301239,0.01992637664079666,0.07222883403301239,-0.06327606737613678,0.027867939323186874,1.0
5,scornful,-0.07040321826934814,-0.05682988092303276,0.07040321826934814,-0.06815532594919205,0.032811954617500305,1.0
5,regretful,-0.06903677433729172,0.03878548741340637,0.06903677433729172,-0.055585168302059174,0.05662919580936432,0.800000011920929
5,stuck,-0.06702100485563278,-0.05948159843683243,0.06702100485563278,-0.06673264503479004,0.044900428503751755,0.800000011920929
5,kind,0.06631684303283691,0.05679813027381897,0.06631684303283691,0.06670652329921722,0.04553796723484993,0.800000011920929
5,bewildered,-0.06585067510604858,-0.06872845441102982,0.06585067510604858,-0.06474637240171432,0.047981467097997665,1.0
5,unsettled,-0.06437866389751434,0.03800685331225395,0.06437866389751434,-0.05437549948692322,0.03903671354055405,0.800000011920929
5,guilty,-0.06422043591737747,0.029648244380950928,0.06422043591737747,-0.05417070537805557,0.040170617401599884,1.0
5,annoyed,-0.0640161857008934,-0.05850425735116005,0.0640161857008934,-0.0628574937582016,0.04972326010465622,0.800000011920929
5,dumbstruck,-0.06398952007293701,-0.05571889877319336,0.06398952007293701,-0.06417777389287949,0.04280461370944977,1.0
5,offended,-0.06322864443063736,-0.05516275018453598,0.06322864443063736,-0.06050608679652214,0.050565145909786224,0.800000011920929
5,sleepy,0.0617547407746315,0.0559912770986557,0.0617547407746315,0.05872242525219917,0.04322567209601402,1.0
5,uneasy,0.06171309947967529,0.056001242250204086,0.06171309947967529,0.05845950171351433,0.03034510649740696,1.0
5,paranoid,0.06153932958841324,-0.034703437238931656,0.06153932958841324,0.052725233137607574,0.0510348416864872,0.800000011920929
5,thankful,-0.06143289431929588,-0.057727642357349396,0.06143289431929588,-0.052242446690797806,0.06521870940923691,0.800000011920929
5,dispirited,-0.0612940788269043,0.038390904664993286,0.0612940788269043,-0.053638704121112823,0.03430315852165222,1.0
5,sorry,0.06116547808051109,0.05461529642343521,0.06116547808051109,0.05987166613340378,0.04789493605494499,1.0
5,reflective,0.06114215403795242,-0.03710123151540756,0.06114215403795242,0.05209370702505112,0.03774674981832504,1.0
5,scared,0.0596480518579483,-0.03883185610175133,0.0596480518579483,0.04889984056353569,0.04031328484416008,0.800000011920929
5,amused,-0.058691125363111496,-0.05580496788024902,0.058691125363111496,-0.058169178664684296,0.05052480846643448,0.800000011920929
5,brooding,-0.0581783652305603,0.040835730731487274,0.0581783652305603,-0.04804866015911102,0.03868928179144859,1.0
5,calm,-0.058168139308691025,-0.06402866542339325,0.058168139308691025,-0.04655757546424866,0.05811304599046707,0.800000011920929
5,resentful,-0.05729997530579567,0.040590956807136536,0.05729997530579567,-0.05067558214068413,0.022829286754131317,1.0
5,melancholy,-0.05656187981367111,-0.05883995443582535,0.05656187981367111,-0.057544004172086716,0.044888708740472794,0.800000011920929
5,playful,0.05652451142668724,-0.04153899848461151,0.05652451142668724,0.04629562050104141,0.03826271742582321,0.800000011920929
5,ecstatic,0.056132055819034576,0.025459878146648407,0.056132055819034576,0.04988588020205498,0.023240147158503532,1.0
5,joyful,0.055687740445137024,-0.04160620644688606,0.055687740445137024,0.04714029282331467,0.0310948695987463,1.0
5,hopeful,0.05541759356856346,-0.03692314028739929,0.05541759356856346,0.05110536143183708,0.056897200644016266,0.800000011920929
5,self-critical,-0.052122823894023895,-0.05560730770230293,0.052122823894023895,-0.05007495358586311,0.036315999925136566,0.800000011920929
5,upset,-0.051554515957832336,0.04130356013774872,0.051554515957832336,-0.04511714354157448,0.023116309195756912,1.0
5,enthusiastic,0.05134693905711174,0.058970216661691666,0.05134693905711174,0.048751238733530045,0.02945149503648281,1.0
5,hope,-0.051117707043886185,0.03818489983677864,0.051117707043886185,-0.04171908274292946,0.03515465185046196,0.800000011920929
5,terrified,0.050576578825712204,0.06954393535852432,0.050576578825712204,0.04557158425450325,0.04114532470703125,0.800000011920929
5,fulfilled,0.05040842667222023,-0.04137584567070007,0.05040842667222023,0.04254361614584923,0.02553440071642399,0.800000011920929
5,puzzled,0.04925503954291344,-0.041108135133981705,0.04925503954291344,0.037956494837999344,0.05149593949317932,0.800000011920929
5,safe,0.048942141234874725,0.019836420193314552,0.048942141234874725,0.04944785684347153,0.0675804391503334,0.6000000238418579
5,worried,0.04786526784300804,0.05470183491706848,0.04786526784300804,0.04327491298317909,0.02453078329563141,1.0
5,envious,0.0474136620759964,-0.027748066931962967,0.0474136620759964,0.041248153895139694,0.04970160871744156,0.800000011920929
5,listless,-0.04582924395799637,0.034322530031204224,0.04582924395799637,-0.04414873942732811,0.033201370388269424,1.0
5,weary,-0.04561110958456993,-0.06616903841495514,0.04561110958456993,-0.04927157610654831,0.06110062822699547,0.6000000238418579
5,exasperated,-0.04515857249498367,0.040304023772478104,0.04515857249498367,-0.04018872231245041,0.021767456084489822,1.0
5,sad,0.045139580965042114,0.05561818554997444,0.045139580965042114,0.040687862783670425,0.03143629804253578,1.0
5,dependent,0.04468589276075363,0.05356132984161377,0.04468589276075363,0.04464307799935341,0.046427883207798004,0.800000011920929
5,defiant,0.04467581957578659,0.06556317955255508,0.04467581957578659,0.04208508878946304,0.024935660883784294,1.0
5,mad,0.044607482850551605,0.055242691189050674,0.044607482850551605,0.04205619543790817,0.027410974726080894,1.0
5,greedy,0.044503193348646164,-0.006136744283139706,0.044503193348646164,0.045690570026636124,0.04207553341984749,0.800000011920929
5,mystified,-0.0440351739525795,-0.0525035560131073,0.0440351739525795,-0.04557672515511513,0.041324205696582794,0.6000000238418579
5,nostalgic,0.04355662688612938,0.05253760889172554,0.04355662688612938,0.04327761381864548,0.03729422762989998,0.800000011920929
5,bored,-0.04346012324094772,0.04247177019715309,0.04346012324094772,-0.03483208268880844,0.04163685813546181,0.800000011920929
5,obstinate,-0.04320532828569412,0.04266313090920448,0.04320532828569412,-0.034431952983140945,0.036253686994314194,0.800000011920929
5,shocked,0.0431775227189064,-0.042434584349393845,0.0431775227189064,0.03570723161101341,0.03388456255197525,1.0
5,stressed,-0.04271947592496872,-0.052760154008865356,0.04271947592496872,-0.04348154366016388,0.035227883607149124,0.800000011920929
5,desperate,-0.04259829223155975,0.041072942316532135,0.04259829223155975,-0.03470492362976074,0.03504059836268425,0.800000011920929
5,droopy,-0.042389437556266785,0.038950253278017044,0.042389437556266785,-0.040987249463796616,0.03886543586850166,0.800000011920929
5,vibrant,0.04170352965593338,-0.04259658604860306,0.04170352965593338,0.032152969390153885,0.044427983462810516,0.6000000238418579
5,patient,0.039898838847875595,0.05352069437503815,0.039898838847875595,0.04224374145269394,0.04774914309382439,0.800000011920929
5,vengeful,-0.03951641917228699,0.04065144434571266,0.03951641917228699,-0.02832493558526039,0.05563385412096977,0.6000000238418579
5,nervous,0.039281316101551056,-0.02485429123044014,0.039281316101551056,0.03362027555704117,0.04208691045641899,0.800000011920929
5,inspired,0.03919687122106552,0.057828158140182495,0.03919687122106552,0.04302214831113815,0.06300098448991776,0.800000011920929
5,vigilant,0.038032934069633484,0.053576212376356125,0.038032934069633484,0.0400688499212265,0.04863796755671501,0.800000011920929
5,compassionate,0.03796969726681709,0.05411931872367859,0.03796969726681709,0.037394121289253235,0.043976619839668274,0.800000011920929
5,mortified,-0.035074930638074875,-0.05405968800187111,0.035074930638074875,-0.03207225352525711,0.033269040286540985,0.800000011920929
5,trapped,-0.03507353365421295,-0.053029078990221024,0.03507353365421295,-0.033698923885822296,0.0255123283714056,1.0
5,tired,-0.03486580029129982,0.042863134294748306,0.03486580029129982,-0.032914429903030396,0.04320172220468521,0.6000000238418579
5,miserable,-0.034565605223178864,0.040338121354579926,0.034565605223178864,-0.0301531795412302,0.04230727627873421,0.800000011920929
5,impatient,0.0335223488509655,0.054637666791677475,0.0335223488509655,0.033997051417827606,0.025192225351929665,1.0
5,irate,0.0333816222846508,0.05267753452062607,0.0333816222846508,0.029762964695692062,0.034103237092494965,0.6000000238418579
5,astonished,-0.03318381682038307,0.030403736978769302,0.03318381682038307,-0.0247711893171072,0.05144820362329483,0.800000011920929
5,alert,-0.031980328261852264,-0.052901435643434525,0.031980328261852264,-0.03276935592293739,0.03883926570415497,0.6000000238418579
5,skeptical,-0.03130439668893814,-0.052104126662015915,0.03130439668893814,-0.03618032485246658,0.06010933965444565,0.6000000238418579
5,troubled,-0.030620602890849113,-0.05150695890188217,0.030620602890849113,-0.0328141525387764,0.03842427209019661,0.6000000238418579
5,happy,0.030251583084464073,-0.043900374323129654,0.030251583084464073,0.027337362989783287,0.03586004674434662,0.6000000238418579
5,insulted,0.02913486398756504,0.05119020864367485,0.02913486398756504,0.0315450057387352,0.04211784899234772,0.6000000238418579
5,jealous,0.02908799983561039,0.05179153382778168,0.02908799983561039,0.02654370293021202,0.02717505395412445,0.6000000238418579
5,self-confident,0.02855963446199894,-0.0445927195250988,0.02855963446199894,0.021922294050455093,0.0347759984433651,0.6000000238418579
5,thrilled,0.02809770777821541,-0.04345126822590828,0.02809770777821541,0.021902987733483315,0.04803641885519028,0.800000011920929
5,docile,0.02775503322482109,0.05135834962129593,0.02775503322482109,0.029419079422950745,0.05016858130693436,0.800000011920929
5,triumphant,0.026547491550445557,-0.040966346859931946,0.026547491550445557,0.024073440581560135,0.05977891758084297,0.6000000238418579
5,contemptuous,0.026411913335323334,-0.04452041536569595,0.026411913335323334,0.022342801094055176,0.026298267766833305,0.6000000238418579
5,bitter,0.02636893466114998,0.05077343434095383,0.02636893466114998,0.028283897787332535,0.04000549018383026,0.800000011920929
5,surprised,-0.026311365887522697,-0.051287274807691574,0.026311365887522697,-0.027654951438307762,0.03241158276796341,0.6000000238418579
5,self-conscious,0.025925518944859505,-0.024044178426265717,0.025925518944859505,0.023527920246124268,0.05388399958610535,0.6000000238418579
5,optimistic,0.025800490751862526,-0.04386473819613457,0.025800490751862526,0.018560444936156273,0.04774784296751022,0.4000000059604645
5,disturbed,-0.02528119459748268,-0.051647841930389404,0.02528119459748268,-0.027079913765192032,0.03597281500697136,0.800000011920929
5,empathetic,0.02513294108211994,0.05351882427930832,0.02513294108211994,0.031975820660591125,0.06778078526258469,0.6000000238418579
5,lazy,-0.02354610525071621,0.04383973032236099,0.02354610525071621,-0.018310019746422768,0.026277026161551476,0.800000011920929
5,suspicious,-0.02110164798796177,-0.05041880905628204,0.02110164798796177,-0.024049673229455948,0.03820956125855446,0.800000011920929
5,blissful,0.021058140322566032,-0.04436216503381729,0.021058140322566032,0.020974887534976006,0.022700393572449684,0.800000011920929
5,vulnerable,-0.020658038556575775,-0.05001002922654152,0.020658038556575775,-0.024413518607616425,0.043066687881946564,0.6000000238418579
5,pleased,-0.019792089238762856,-0.050297196954488754,0.019792089238762856,-0.019976310431957245,0.03153453394770622,0.800000011920929
5,jubilant,0.019208259880542755,0.04999878257513046,0.019208259880542755,0.022391851991415024,0.04257461801171303,0.6000000238418579
5,worn out,0.01870032399892807,0.05031127482652664,0.01870032399892807,0.020397713407874107,0.030290283262729645,0.800000011920929
5,horrified,-0.01840624213218689,0.04560970515012741,0.01840624213218689,-0.014843347482383251,0.01862454041838646,0.6000000238418579
5,shaken,0.0177288930863142,0.034339867532253265,0.0177288930863142,0.017717968672513962,0.017535315826535225,0.800000011920929
5,excited,0.01727910153567791,0.05021931603550911,0.01727910153567791,0.020956838503479958,0.04194849357008934,0.6000000238418579
5,enraged,0.016896724700927734,0.05090289190411568,0.016896724700927734,0.012778086587786674,0.02674466371536255,0.800000011920929
5,energized,0.016779663041234016,-0.04542260989546776,0.016779663041234016,0.014268452301621437,0.039940305054187775,0.6000000238418579
5,panicked,-0.01614987663924694,0.043739620596170425,0.01614987663924694,-0.016387861222028732,0.02943258173763752,0.6000000238418579
5,afraid,-0.0157465860247612,0.030048606917262077,0.0157465860247612,-0.01499995868653059,0.013548375107347965,1.0
5,eager,-0.01539536938071251,-0.045985978096723557,0.01539536938071251,-0.01564488746225834,0.02488383650779724,0.800000011920929
5,hysterical,0.014722680673003197,0.0502396821975708,0.014722680673003197,0.014872593805193901,0.015893323346972466,0.800000011920929
5,remorseful,-0.014350097626447678,0.04066592827439308,0.014350097626447678,-0.007544429507106543,0.04886338487267494,0.6000000238418579
5,overwhelmed,0.013298993930220604,0.04934775456786156,0.013298993930220604,0.01585845649242401,0.04358994588255882,0.6000000238418579
5,hurt,0.013295646756887436,0.04935748875141144,0.013295646756887436,0.014382806606590748,0.03718440234661102,0.4000000059604645
5,serene,0.012842105701565742,0.04934943467378616,0.012842105701565742,0.018890144303441048,0.052091147750616074,0.6000000238418579
5,embarrassed,-0.012546147219836712,0.04550478234887123,0.012546147219836712,-0.006930084433406591,0.03763512149453163,0.6000000238418579
5,restless,-0.011933254078030586,0.03017306514084339,0.011933254078030586,-0.017018983140587807,0.07573331892490387,0.20000000298023224
5,sullen,-0.011876361444592476,-0.049105122685432434,0.011876361444592476,-0.015057027339935303,0.03440751135349274,0.6000000238418579
5,awestruck,-0.009895303286612034,0.04647001251578331,0.009895303286612034,-0.0057985857129096985,0.03992009535431862,0.6000000238418579
5,rattled,0.009033757261931896,0.04849298298358917,0.009033757261931896,0.011621830984950066,0.02627226896584034,0.4000000059604645
5,grateful,-0.007724212948232889,0.04673302173614502,0.007724212948232889,-0.0022359020076692104,0.039524659514427185,0.6000000238418579
5,worthless,-0.007659023627638817,0.04633448272943497,0.007659023627638817,-0.005451015662401915,0.04148176684975624,0.6000000238418579
5,sensitive,0.00564038148149848,0.04830823838710785,0.00564038148149848,0.012023808434605598,0.055560141801834106,0.4000000059604645
5,indifferent,0.004532730672508478,0.04776664078235626,0.004532730672508478,0.0006953105330467224,0.047417640686035156,0.6000000238418579
5,furious,-0.003970220219343901,-0.04816813766956329,0.003970220219343901,-0.008849680423736572,0.04293854162096977,0.6000000238418579
5,proud,0.0038786467630416155,0.04799783229827881,0.0038786467630416155,0.009495686739683151,0.06008666008710861,0.4000000059604645
5,frightened,0.003676163963973522,-0.046730443835258484,0.003676163963973522,-0.0012771182227879763,0.03669442981481552,0.4000000059604645
5,anxious,-0.003494387259706855,0.024154650047421455,0.003494387259706855,-0.004747047089040279,0.014119386672973633,0.6000000238418579
5,relaxed,-0.002414275659248233,-0.046988874673843384,0.002414275659248233,-0.0035016119945794344,0.014586749486625195,0.6000000238418579
5,unhappy,0.0013462932547554374,-0.047125376760959625,0.0013462932547554374,-0.0006256856140680611,0.033242806792259216,0.6000000238418579
5,loving,-0.0005319986958056688,-0.046345703303813934,0.0005319986958056688,-0.0025986910331994295,0.03293205797672272,0.6000000238418579
5,disoriented,2.739432966336608e-05,-0.047630563378334045,2.739432966336608e-05,-0.004821517504751682,0.03781481087207794,0.4000000059604645
5,humiliated,1.1485535651445389e-05,-0.04071494936943054,1.1485535651445389e-05,0.002881940919905901,0.03761614114046097,0.800000011920929
6,cheerful,0.23755179345607758,0.04701431468129158,0.23755179345607758,0.21657900512218475,0.016232319176197052,1.0
6,grief-stricken,-0.22106124460697174,0.018874218687415123,0.22106124460697174,-0.19613763689994812,0.04275445267558098,1.0
6,delighted,0.21634118258953094,-0.01199350319802761,0.21634118258953094,0.19398562610149384,0.02462858520448208,1.0
6,at ease,0.21205218136310577,0.1681489795446396,0.21205218136310577,0.19562304019927979,0.023563846945762634,1.0
6,heartbroken,-0.18517637252807617,0.03159892559051514,0.18517637252807617,-0.16256913542747498,0.04768899083137512,1.0
6,tormented,-0.17151711881160736,-0.06994087249040604,0.17151711881160736,-0.15696915984153748,0.03746962547302246,1.0
6,disdainful,0.17123065888881683,0.10706400126218796,0.17123065888881683,0.1555708944797516,0.041704826056957245,1.0
6,exuberant,0.16609779000282288,-0.017932642251253128,0.16609779000282288,0.15012799203395844,0.03866833820939064,1.0
6,tense,0.15867768228054047,-0.034647636115550995,0.15867768228054047,0.13822486996650696,0.055333010852336884,1.0
6,infatuated,0.15180173516273499,0.04796748235821724,0.15180173516273499,0.13941068947315216,0.020003365352749825,1.0
6,lonely,-0.14751216769218445,0.04114088416099548,0.14751216769218445,-0.126637801527977,0.05538947507739067,1.0
6,sluggish,-0.14656201004981995,0.041742485016584396,0.14656201004981995,-0.1321781575679779,0.019035441800951958,1.0
6,angry,-0.14626352488994598,-0.15069730579853058,0.14626352488994598,-0.13488641381263733,0.040828973054885864,1.0
6,distressed,-0.14550405740737915,0.017248427495360374,0.14550405740737915,-0.13028530776500702,0.030746545642614365,1.0
6,aroused,0.14252109825611115,-0.045471545308828354,0.14252109825611115,0.12465111911296844,0.03735501319169998,1.0
6,stimulated,0.14111098647117615,0.03351040557026863,0.14111098647117615,0.12383957952260971,0.05116681382060051,1.0
6,depressed,-0.13927122950553894,0.02379506640136242,0.13927122950553894,-0.12780186533927917,0.017456740140914917,1.0
6,sympathetic,0.13730528950691223,-0.004278250969946384,0.13730528950691223,0.1198769211769104,0.0403130017220974,1.0
6,irritated,-0.1361001431941986,-0.13150756061077118,0.1361001431941986,-0.1239868625998497,0.04711627960205078,1.0
6,grumpy,-0.13499946892261505,-0.08679859340190887,0.13499946892261505,-0.12098374217748642,0.0349646732211113,1.0
6,content,0.13330607116222382,-0.036858607083559036,0.13330607116222382,0.12030887603759766,0.029017571359872818,1.0
6,vindictive,-0.12995842099189758,0.049849316477775574,0.12995842099189758,-0.11575780063867569,0.024509023874998093,1.0
6,ashamed,0.12087080627679825,-0.01033515203744173,0.12087080627679825,0.10689054429531097,0.03171806037425995,1.0
6,alarmed,-0.120150625705719,0.01976359449326992,0.120150625705719,-0.11035235226154327,0.028968628495931625,1.0
6,peaceful,0.11927211284637451,-0.03158938139677048,0.11927211284637451,0.10775811970233917,0.030971361324191093,1.0
6,disgusted,-0.11480973660945892,0.05067027732729912,0.11480973660945892,-0.10007232427597046,0.030551079660654068,1.0
6,stubborn,-0.10537464916706085,0.048298634588718414,0.10537464916706085,-0.08979488909244537,0.044759415090084076,1.0
6,gloomy,-0.10468093305826187,-0.09869305789470673,0.10468093305826187,-0.09595503658056259,0.015209672041237354,1.0
6,tired,-0.0971047580242157,0.052676521241664886,0.0971047580242157,-0.08741484582424164,0.02920529432594776,1.0
6,euphoric,0.09678665548563004,0.10746335983276367,0.09678665548563004,0.0926821157336235,0.049508288502693176,1.0
6,invigorated,0.09625914692878723,0.0034755300730466843,0.09625914692878723,0.08630336821079254,0.02962552011013031,1.0
6,brooding,-0.09586253017187119,0.05457312613725662,0.09586253017187119,-0.08111588656902313,0.04359786584973335,1.0
6,upset,-0.09410828351974487,0.05402558669447899,0.09410828351974487,-0.08148476481437683,0.029884295538067818,1.0
6,smug,0.09258512407541275,0.08592456579208374,0.09258512407541275,0.08482213318347931,0.005420988891273737,1.0
6,unsettled,-0.09073188155889511,0.051840800791978836,0.09073188155889511,-0.07733649015426636,0.04795258119702339,0.800000011920929
6,vibrant,0.09056667983531952,-0.0552452951669693,0.09056667983531952,0.07479224354028702,0.05344114452600479,0.800000011920929
6,regretful,-0.08739174902439117,0.05503172054886818,0.08739174902439117,-0.07151038944721222,0.056246399879455566,1.0
6,thrilled,0.08604218065738678,-0.05333775281906128,0.08604218065738678,0.0725679025053978,0.04669099673628807,0.800000011920929
6,hateful,-0.08588534593582153,0.05055641010403633,0.08588534593582153,-0.07606296241283417,0.03459586203098297,1.0
6,bored,-0.08576595038175583,0.055953286588191986,0.08576595038175583,-0.07199916243553162,0.044109225273132324,1.0
6,obstinate,-0.08486615866422653,0.056440018117427826,0.08486615866422653,-0.07039911299943924,0.0485396645963192,0.800000011920929
6,spiteful,-0.08418554067611694,0.028063908219337463,0.08418554067611694,-0.08287214487791061,0.05072574317455292,1.0
6,refreshed,0.0837554857134819,0.007362008094787598,0.0837554857134819,0.07799740880727768,0.01996704190969467,1.0
6,joyful,0.08362754434347153,-0.05725644528865814,0.08362754434347153,0.07107385247945786,0.03504520654678345,1.0
6,resentful,-0.08358445763587952,0.055790774524211884,0.08358445763587952,-0.07363788783550262,0.02504129894077778,1.0
6,reflective,0.08318787068128586,-0.050934240221977234,0.08318787068128586,0.07110025733709335,0.042646463960409164,1.0
6,hopeful,0.08241260051727295,-0.04956585168838501,0.08241260051727295,0.07495957612991333,0.048862945288419724,1.0
6,amazed,-0.08201546221971512,-0.09233512729406357,0.08201546221971512,-0.07624220103025436,0.024159559980034828,1.0
6,playful,0.08142106980085373,-0.057712946087121964,0.08142106980085373,0.06808389723300934,0.043486401438713074,0.800000011920929
6,elated,0.07985000312328339,0.08471158891916275,0.07985000312328339,0.07960949838161469,0.05770275741815567,1.0
6,outraged,-0.07926388084888458,0.003805274609476328,0.07926388084888458,-0.07186618447303772,0.023389706388115883,1.0
6,puzzled,0.07743354886770248,-0.05590766668319702,0.07743354886770248,0.0626848116517067,0.05652371048927307,0.800000011920929
6,satisfied,0.07728032022714615,0.09505004435777664,0.07728032022714615,0.07890751957893372,0.06960847228765488,1.0
6,triumphant,0.07428746670484543,-0.04758168384432793,0.07428746670484543,0.06537996232509613,0.0502924881875515,0.800000011920929
6,fulfilled,0.0741601288318634,-0.05723046138882637,0.0741601288318634,0.06360068172216415,0.029549986124038696,1.0
6,frustrated,-0.07393445074558258,-0.08004853129386902,0.07393445074558258,-0.07235892117023468,0.03508502244949341,1.0
6,sentimental,-0.07380080223083496,-0.10063902288675308,0.07380080223083496,-0.06865276396274567,0.02130975015461445,1.0
6,desperate,-0.07373909652233124,0.05467359721660614,0.07373909652233124,-0.06175830960273743,0.038985878229141235,1.0
6,calm,-0.07290107011795044,-0.08080419898033142,0.07290107011795044,-0.0596090666949749,0.05910160019993782,0.800000011920929
6,vengeful,-0.06884701550006866,0.053828660398721695,0.06884701550006866,-0.05392777919769287,0.06376662850379944,0.800000011920929
6,shocked,0.0679296925663948,-0.05845580995082855,0.0679296925663948,0.057323139160871506,0.035491328686475754,1.0
6,self-confident,0.0665358230471611,-0.05948597565293312,0.0665358230471611,0.05495203286409378,0.03949790075421333,1.0
6,optimistic,0.06617620587348938,-0.05672807991504669,0.06617620587348938,0.05419730395078659,0.047455091029405594,1.0
6,happy,0.06560681015253067,-0.05861484259366989,0.06560681015253067,0.058492470532655716,0.024472355842590332,1.0
6,guilty,-0.06545498967170715,0.045529045164585114,0.06545498967170715,-0.055353857576847076,0.03825531154870987,1.0
6,resigned,-0.06300167739391327,-0.07823102921247482,0.06300167739391327,-0.06362639367580414,0.04460899531841278,1.0
6,horrified,-0.06184699758887291,0.05969219654798508,0.06184699758887291,-0.052885543555021286,0.02376192808151245,1.0
6,indignant,-0.061150092631578445,-0.08122602105140686,0.061150092631578445,-0.061022721230983734,0.043967802077531815,0.800000011920929
6,scared,0.060167793184518814,-0.05769754573702812,0.060167793184518814,0.049686986953020096,0.03660967946052551,0.800000011920929
6,listless,-0.058442261070013046,0.04826023429632187,0.058442261070013046,-0.05538052320480347,0.027765098959207535,1.0
6,dispirited,-0.05813495069742203,0.05764174461364746,0.05813495069742203,-0.05128386616706848,0.030887970700860023,1.0
6,relieved,-0.05799254775047302,-0.011946878395974636,0.05799254775047302,-0.04891369491815567,0.03814604505896568,1.0
6,valiant,-0.057822614908218384,-0.08888982981443405,0.057822614908218384,-0.055382829159498215,0.0553705170750618,0.800000011920929
6,frightened,0.057615432888269424,-0.056049544364213943,0.057615432888269424,0.04738352447748184,0.03782550245523453,0.800000011920929
6,energized,0.05538055673241615,-0.059416480362415314,0.05538055673241615,0.048421911895275116,0.027789123356342316,1.0
6,envious,0.054928574711084366,-0.04137248545885086,0.054928574711084366,0.04815589264035225,0.04299626871943474,0.800000011920929
6,awestruck,-0.05423060804605484,0.060410987585783005,0.05423060804605484,-0.044501204043626785,0.039765942841768265,0.800000011920929
6,droopy,-0.05376941338181496,0.05459410324692726,0.05376941338181496,-0.0512077622115612,0.037878699600696564,1.0
6,weary,-0.052540045231580734,-0.08553334325551987,0.052540045231580734,-0.05547362565994263,0.05919784680008888,0.6000000238418579
6,safe,0.051980771124362946,0.0183938667178154,0.051980771124362946,0.05134136602282524,0.06044694408774376,0.800000011920929
6,proud,-0.051508091390132904,0.057092152535915375,0.051508091390132904,-0.03940243646502495,0.06932172179222107,0.800000011920929
6,embarrassed,-0.05142993852496147,0.05794829502701759,0.05142993852496147,-0.04047882556915283,0.04436003416776657,0.6000000238418579
6,contemptuous,0.04962807521224022,-0.06106296181678772,0.04962807521224022,0.042369645088911057,0.022556014358997345,1.0
6,nervous,0.049500077962875366,-0.032094549387693405,0.049500077962875366,0.04229579120874405,0.04414420947432518,0.800000011920929
6,lazy,-0.04847399890422821,0.05868358537554741,0.04847399890422821,-0.03959643840789795,0.03183862566947937,1.0
6,ecstatic,0.04739062860608101,0.013482227921485901,0.04739062860608101,0.04113147035241127,0.018327631056308746,1.0
6,on edge,0.04729282855987549,0.07469674944877625,0.04729282855987549,0.04687729850411415,0.04193410649895668,1.0
6,remorseful,-0.04689693823456764,0.046403951942920685,0.04689693823456764,-0.03547238931059837,0.05411521717905998,0.6000000238418579
6,perplexed,0.044938746839761734,0.07516256719827652,0.044938746839761734,0.04589575156569481,0.0383186973631382,0.800000011920929
6,hope,-0.044457003474235535,0.057981282472610474,0.044457003474235535,-0.03597382456064224,0.032700322568416595,0.800000011920929
6,melancholy,-0.04383961111307144,-0.07719860970973969,0.04383961111307144,-0.04570574685931206,0.04429422691464424,0.800000011920929
6,sad,0.04213534668087959,0.07612393796443939,0.04213534668087959,0.03788488358259201,0.03394421935081482,0.800000011920929
6,terrified,0.04144807159900665,0.07322300970554352,0.04144807159900665,0.03834591060876846,0.03853616118431091,0.800000011920929
6,miserable,-0.04095954820513725,0.05782134830951691,0.04095954820513725,-0.0357670858502388,0.040451087057590485,0.800000011920929
6,overwhelmed,-0.040379490703344345,0.06195040047168732,0.040379490703344345,-0.03130505606532097,0.04268384352326393,0.6000000238418579
6,unnerved,-0.04033268988132477,0.04595298320055008,0.04033268988132477,-0.03424894064664841,0.025041092187166214,1.0
6,furious,0.040052395313978195,-0.06251466274261475,0.040052395313978195,0.029704606160521507,0.04886820539832115,0.6000000238418579
6,restless,-0.03844305872917175,0.025624142959713936,0.03844305872917175,-0.040578924119472504,0.07310900092124939,0.800000011920929
6,sullen,0.038194991648197174,-0.06272966414690018,0.038194991648197174,0.029042333364486694,0.04000716656446457,0.6000000238418579
6,defiant,0.035586051642894745,0.07326889038085938,0.035586051642894745,0.03356914967298508,0.024860713630914688,1.0
6,bewildered,-0.035097066313028336,-0.0770750641822815,0.035097066313028336,-0.03706788644194603,0.04172554984688759,0.800000011920929
6,worthless,-0.03485367074608803,0.06136175990104675,0.03485367074608803,-0.0297454334795475,0.03890271484851837,0.800000011920929
6,hysterical,0.03423270955681801,0.07628992199897766,0.03423270955681801,0.03247896581888199,0.011332809925079346,1.0
6,annoyed,-0.03307304531335831,-0.07391555607318878,0.03307304531335831,-0.03556898236274719,0.046221181750297546,0.6000000238418579
6,empathetic,0.03239308297634125,0.07572495192289352,0.03239308297634125,0.038646310567855835,0.06940814852714539,0.6000000238418579
6,kind,0.03238070011138916,0.07306142151355743,0.03238070011138916,0.036820732057094574,0.052629049867391586,0.800000011920929
6,blissful,0.032283440232276917,-0.06203191727399826,0.032283440232276917,0.03009490668773651,0.015683310106396675,1.0
6,panicked,-0.032264843583106995,0.058671735227108,0.032264843583106995,-0.03025228902697563,0.024208156391978264,1.0
6,rattled,0.0321149118244648,0.07557398080825806,0.0321149118244648,0.032542355358600616,0.024003632366657257,1.0
6,uneasy,0.03126254305243492,0.07287222892045975,0.03126254305243492,0.0315205454826355,0.02702418901026249,0.800000011920929
6,surprised,0.029678117483854294,-0.06280356645584106,0.029678117483854294,0.021132001653313637,0.041680708527565,0.6000000238418579
6,hostile,-0.029341742396354675,-0.07207334041595459,0.029341742396354675,-0.03252515196800232,0.04065873846411705,0.6000000238418579
6,docile,-0.02878495864570141,0.06332206726074219,0.02878495864570141,-0.020476918667554855,0.051381297409534454,0.6000000238418579
6,sorry,0.02852022647857666,0.0718533843755722,0.02852022647857666,0.03140982240438461,0.04561922326683998,0.6000000238418579
6,grateful,-0.028169993311166763,0.06396740674972534,0.028169993311166763,-0.02087530493736267,0.03442157432436943,0.6000000238418579
6,stuck,-0.028137976303696632,-0.07312407344579697,0.028137976303696632,-0.03306775540113449,0.052649881690740585,0.800000011920929
6,inspired,0.02659216709434986,0.07366430014371872,0.02659216709434986,0.030712371692061424,0.05804283544421196,0.800000011920929
6,suspicious,-0.02603284642100334,-0.07191060483455658,0.02603284642100334,-0.027576366439461708,0.030626505613327026,0.800000011920929
6,hurt,-0.02591763436794281,0.06406226009130478,0.02591763436794281,-0.020058523863554,0.03317182883620262,0.800000011920929
6,paranoid,0.025387469679117203,-0.06103358790278435,0.025387469679117203,0.021157145500183105,0.03561601787805557,0.800000011920929
6,exasperated,-0.024324487894773483,0.06302440166473389,0.024324487894773483,-0.020957397297024727,0.020643463358283043,0.800000011920929
6,rejuvenated,0.024111716076731682,0.07159114629030228,0.024111716076731682,0.029121655970811844,0.058443114161491394,0.6000000238418579
6,dumbstruck,-0.024010801687836647,-0.07151958346366882,0.024010801687836647,-0.02927212417125702,0.05169136822223663,0.6000000238418579
6,skeptical,-0.023892510682344437,-0.07172681391239166,0.023892510682344437,-0.028998473659157753,0.056430667638778687,0.6000000238418579
6,unhappy,0.023347657173871994,-0.06284627318382263,0.023347657173871994,0.017589636147022247,0.03763792663812637,0.4000000059604645
6,greedy,0.0220648106187582,-0.03059081733226776,0.0220648106187582,0.025254879146814346,0.040753722190856934,0.800000011920929
6,scornful,-0.0214864332228899,-0.071212999522686,0.0214864332228899,-0.025021424517035484,0.03889429196715355,0.6000000238418579
6,worn out,-0.02127818576991558,0.06393220275640488,0.02127818576991558,-0.014085237868130207,0.03684009984135628,0.6000000238418579
6,excited,-0.021224088966846466,0.0631725862622261,0.021224088966846466,-0.01369806844741106,0.044276218861341476,0.6000000238418579
6,disoriented,0.020522501319646835,-0.06489347666501999,0.020522501319646835,0.01381771545857191,0.037259235978126526,0.800000011920929
6,mad,-0.02007092349231243,0.06289640069007874,0.02007092349231243,-0.013380801305174828,0.03446078300476074,0.6000000238418579
6,bitter,-0.019876323640346527,0.06542326509952545,0.019876323640346527,-0.0119760911911726,0.04375417158007622,0.6000000238418579
6,serene,-0.018490571528673172,0.06493402272462845,0.018490571528673172,-0.008825269527733326,0.05602668598294258,0.6000000238418579
6,vulnerable,0.017809012904763222,-0.06591622531414032,0.017809012904763222,0.009523130021989346,0.046454910188913345,0.6000000238418579
6,dependent,-0.016960659995675087,0.0652528628706932,0.016960659995675087,-0.009682321920990944,0.04358277842402458,0.6000000238418579
6,indifferent,-0.016649657860398293,0.06265664100646973,0.016649657860398293,-0.018188145011663437,0.03801003098487854,0.800000011920929
6,nostalgic,-0.01638171263039112,0.066025011241436,0.01638171263039112,-0.009226670488715172,0.04046577215194702,0.6000000238418579
6,jubilant,-0.016176803037524223,0.06575177609920502,0.016176803037524223,-0.008510169573128223,0.04893883317708969,0.6000000238418579
6,self-conscious,0.015994595363736153,-0.04371531307697296,0.015994595363736153,0.016003942117094994,0.04491255059838295,0.6000000238418579
6,worried,0.014697570353746414,0.07022769004106522,0.014697570353746414,0.013653984293341637,0.01544586755335331,0.6000000238418579
6,insulted,-0.01461559347808361,0.06600233167409897,0.01461559347808361,-0.006804019212722778,0.04566911235451698,0.6000000238418579
6,troubled,0.013952838256955147,-0.06589607149362564,0.013952838256955147,0.006371779832988977,0.043924883008003235,0.6000000238418579
6,anxious,-0.01344439759850502,0.023643940687179565,0.01344439759850502,-0.013317825272679329,0.012303168885409832,0.6000000238418579
6,relaxed,0.013146031647920609,-0.06149221211671829,0.013146031647920609,0.010029773227870464,0.015841610729694366,0.800000011920929
6,compassionate,0.013113245368003845,0.06993728131055832,0.013113245368003845,0.015848100185394287,0.03988801687955856,0.6000000238418579
6,humiliated,-0.013082265853881836,-0.06367633491754532,0.013082265853881836,-0.008978841826319695,0.03782108053565025,0.4000000059604645
6,pleased,0.01202081236988306,-0.06591133028268814,0.01202081236988306,0.00731924781575799,0.028473081067204475,0.6000000238418579
6,alert,0.01141982153058052,-0.06491691619157791,0.01141982153058052,0.006096407771110535,0.03870391100645065,0.4000000059604645
6,amused,-0.011254013516008854,-0.06963813304901123,0.011254013516008854,-0.016525616869330406,0.050053272396326065,0.6000000238418579
6,enthusiastic,0.010437559336423874,0.06894099712371826,0.010437559336423874,0.012126417830586433,0.028555434197187424,0.6000000238418579
6,eager,-0.009794986806809902,-0.05429329350590706,0.009794986806809902,-0.010236087255179882,0.018142536282539368,0.6000000238418579
6,shaken,0.009491152130067348,0.031066743656992912,0.009491152130067348,0.010559553280472755,0.019183970987796783,0.6000000238418579
6,self-critical,0.00936050433665514,-0.06596493721008301,0.00936050433665514,0.005277001298964024,0.03405158221721649,0.4000000059604645
6,enraged,0.009193575009703636,0.0673660859465599,0.009193575009703636,0.005214224569499493,0.026162676513195038,0.6000000238418579
6,sleepy,0.00901119876652956,0.06927794218063354,0.00901119876652956,0.012414775788784027,0.040350064635276794,0.6000000238418579
6,loving,0.008034338243305683,-0.06225724518299103,0.008034338243305683,0.004453658126294613,0.03091571293771267,0.6000000238418579
6,offended,-0.007868492975831032,-0.06915715336799622,0.007868492975831032,-0.011677342467010021,0.04265739023685455,0.6000000238418579
6,jealous,0.007426489144563675,0.06896628439426422,0.007426489144563675,0.007437343243509531,0.02374088391661644,0.6000000238418579
6,thankful,-0.006665168330073357,-0.06873924285173416,0.006665168330073357,-0.004661890212446451,0.047473758459091187,0.6000000238418579
6,patient,0.006557965185493231,0.06879875808954239,0.006557965185493231,0.013352682814002037,0.054751791059970856,0.6000000238418579
6,stressed,0.006207428872585297,-0.06720851361751556,0.006207428872585297,-0.00033684298978187144,0.042677249759435654,0.6000000238418579
6,mortified,-0.00595881836488843,-0.03366263210773468,0.00595881836488843,-0.0060030813328921795,0.02317212149500847,0.800000011920929
6,astonished,-0.005593892186880112,0.05821608752012253,0.005593892186880112,-0.000479741400340572,0.04261999949812889,0.4000000059604645
6,disturbed,-0.003456193720921874,-0.06803365051746368,0.003456193720921874,-0.006861650850623846,0.027760915458202362,0.6000000238418579
6,impatient,-0.0033713241573423147,0.06499408930540085,0.0033713241573423147,0.0021347824949771166,0.03810331970453262,0.6000000238418579
6,trapped,-0.003075965214520693,-0.06809867173433304,0.003075965214520693,-0.006134298630058765,0.03271095082163811,0.20000000298023224
6,irate,0.0030739789362996817,0.06811027228832245,0.0030739789362996817,0.0032649561762809753,0.02893141657114029,0.4000000059604645
6,mystified,-0.001643975148908794,-0.0683809369802475,0.001643975148908794,-0.008277948014438152,0.04732116311788559,0.6000000238418579
6,vigilant,0.0013319267891347408,0.06769557297229767,0.0013319267891347408,0.008686644025146961,0.053484342992305756,0.4000000059604645
6,sensitive,0.0009079540614038706,0.06765178591012955,0.0009079540614038706,0.008207911625504494,0.05473204702138901,0.4000000059604645
6,afraid,0.0007612424669787288,0.05281148850917816,0.0007612424669787288,-0.0016260776901617646,0.023104500025510788,0.800000011920929
7,at ease,0.23520471155643463,0.20399121940135956,0.23520471155643463,0.2138817310333252,0.013941776938736439,1.0
7,delighted,0.211516872048378,-0.03055131994187832,0.211516872048378,0.18874673545360565,0.026965050026774406,1.0
7,heartbroken,-0.20745466649532318,0.04487600922584534,0.20745466649532318,-0.18177346885204315,0.05180675908923149,1.0
7,cheerful,0.20347356796264648,0.02131599187850952,0.20347356796264648,0.1855483055114746,0.024644434452056885,1.0
7,tormented,-0.1909695565700531,-0.07597479969263077,0.1909695565700531,-0.17283406853675842,0.04333304241299629,1.0
7,grief-stricken,-0.18911108374595642,0.04374606907367706,0.18911108374595642,-0.1680850088596344,0.0324447900056839,1.0
7,sluggish,-0.16698648035526276,0.05716794356703758,0.16698648035526276,-0.14923207461833954,0.021972207352519035,1.0
7,distressed,-0.16596069931983948,0.024289198219776154,0.16596069931983948,-0.14793071150779724,0.038477033376693726,1.0
7,lonely,-0.16402257978916168,0.05663047730922699,0.16402257978916168,-0.14060115814208984,0.06476076692342758,1.0
7,depressed,-0.16325591504573822,0.031536269932985306,0.16325591504573822,-0.14715799689292908,0.02341603673994541,1.0
7,infatuated,0.16085410118103027,0.04629719629883766,0.16085410118103027,0.14576129615306854,0.011319397948682308,1.0
7,exuberant,0.15744709968566895,-0.035987310111522675,0.15744709968566895,0.14198395609855652,0.03422156721353531,1.0
7,tense,0.14956672489643097,-0.05536002293229103,0.14956672489643097,0.12943264842033386,0.06354273855686188,1.0
7,peaceful,0.1448950618505478,-0.03980796039104462,0.1448950618505478,0.12990212440490723,0.03395097702741623,1.0
7,aroused,0.14345696568489075,-0.06560902297496796,0.14345696568489075,0.12515133619308472,0.0397346206009388,1.0
7,sympathetic,0.13800708949565887,-0.016019750386476517,0.13800708949565887,0.12083376944065094,0.036463115364313126,1.0
7,vindictive,-0.1358901560306549,0.06906708329916,0.1358901560306549,-0.1208711713552475,0.02084203064441681,1.0
7,hopeful,0.13418573141098022,-0.057768817991018295,0.13418573141098022,0.11847124993801117,0.03840988874435425,1.0
7,alarmed,-0.133655846118927,0.029047850519418716,0.133655846118927,-0.12058703601360321,0.0243676770478487,1.0
7,stimulated,0.12986540794372559,0.016358990222215652,0.12986540794372559,0.1128917932510376,0.057656317949295044,1.0
7,irritated,-0.12885698676109314,-0.1491805464029312,0.12885698676109314,-0.11795041710138321,0.03697805851697922,1.0
7,disgusted,-0.127675861120224,0.06847713887691498,0.127675861120224,-0.11048033088445663,0.04044763371348381,1.0
7,angry,-0.12426523119211197,-0.12854593992233276,0.12426523119211197,-0.11481020599603653,0.04815315827727318,1.0
7,ashamed,0.12306679785251617,-0.022543013095855713,0.12306679785251617,0.10842746496200562,0.03733871504664421,1.0
7,stubborn,-0.12305197864770889,0.06473750621080399,0.12305197864770889,-0.1047205701470375,0.054278384894132614,1.0
7,grumpy,-0.12237950414419174,-0.0733039602637291,0.12237950414419174,-0.1094096302986145,0.0298372283577919,1.0
7,disdainful,0.12050442397594452,0.11921874433755875,0.12050442397594452,0.11096878349781036,0.03788403421640396,1.0
7,content,0.12022104859352112,-0.05953095853328705,0.12022104859352112,0.10779616981744766,0.025086408481001854,1.0
7,tired,-0.11776338517665863,0.07020927965641022,0.11776338517665863,-0.10482452064752579,0.031718865036964417,1.0
7,hateful,-0.11695148795843124,0.06414990872144699,0.11695148795843124,-0.10198694467544556,0.04284381866455078,1.0
7,gloomy,-0.11232170462608337,-0.12514686584472656,0.11232170462608337,-0.10272757709026337,0.013614246621727943,1.0
7,thrilled,0.1096443384885788,-0.06981971859931946,0.1096443384885788,0.092674620449543,0.054978519678115845,1.0
7,euphoric,0.10890720784664154,0.13635408878326416,0.10890720784664154,0.10223834216594696,0.04751330614089966,1.0
7,brooding,-0.10339383035898209,0.07440562546253204,0.10339383035898209,-0.08699429035186768,0.05201510339975357,1.0
7,triumphant,0.1006719321012497,-0.05976909399032593,0.1006719321012497,0.08896268159151077,0.053305890411138535,0.800000011920929
7,resentful,-0.10013732314109802,0.07406598329544067,0.10013732314109802,-0.08818866312503815,0.02818729542195797,1.0
7,bored,-0.0994415134191513,0.07498650252819061,0.0994415134191513,-0.08264247328042984,0.05924117937684059,0.800000011920929
7,spiteful,-0.09635709971189499,0.03665006905794144,0.09635709971189499,-0.09206418693065643,0.042019542306661606,1.0
7,joyful,0.09389566630125046,-0.07689115405082703,0.09389566630125046,0.07886853069067001,0.047510918229818344,1.0
7,elated,0.09366413205862045,0.1123344674706459,0.09366413205862045,0.0906500592827797,0.05664999410510063,1.0
7,unsettled,-0.09306351840496063,0.07143862545490265,0.09306351840496063,-0.0782841295003891,0.055838290601968765,0.800000011920929
7,invigorated,0.0920531153678894,-0.011883227154612541,0.0920531153678894,0.08254235982894897,0.02443675696849823,1.0
7,upset,-0.09054025262594223,0.07551038265228271,0.09054025262594223,-0.07864704728126526,0.028437752276659012,1.0
7,self-confident,0.08951503038406372,-0.0778004378080368,0.08951503038406372,0.07440893352031708,0.05139460042119026,1.0
7,vibrant,0.08875517547130585,-0.07670748233795166,0.08875517547130585,0.07249881327152252,0.060417212545871735,0.800000011920929
7,optimistic,0.0876198261976242,-0.07395154237747192,0.0876198261976242,0.07154607772827148,0.06417910009622574,0.800000011920929
7,satisfied,0.08707381039857864,0.12228140234947205,0.08707381039857864,0.08683633804321289,0.07874101400375366,1.0
7,listless,-0.08415456861257553,0.058580540120601654,0.08415456861257553,-0.07757247984409332,0.026921002194285393,1.0
7,guilty,-0.0831964910030365,0.05913500487804413,0.0831964910030365,-0.07076569646596909,0.043271854519844055,1.0
7,playful,0.08303628861904144,-0.07910460978746414,0.08303628861904144,0.06853733956813812,0.05310698226094246,0.800000011920929
7,smug,0.08175981044769287,0.10774286836385727,0.08175981044769287,0.07523398101329803,0.010602829046547413,1.0
7,happy,0.08102624863386154,-0.07752345502376556,0.08102624863386154,0.07053206115961075,0.029103469103574753,1.0
7,dispirited,-0.07956083863973618,0.07509608566761017,0.07956083863973618,-0.06802184879779816,0.04145539551973343,1.0
7,obstinate,-0.07913456857204437,0.07893282920122147,0.07913456857204437,-0.06500491499900818,0.05327095091342926,0.800000011920929
7,blissful,0.07838843762874603,-0.07524266093969345,0.07838843762874603,0.06885455548763275,0.017992908135056496,1.0
7,frightened,0.07832308858633041,-0.07236797362565994,0.07832308858633041,0.06610375642776489,0.04144199937582016,0.800000011920929
7,restless,-0.07652029395103455,0.012288849800825119,0.07652029395103455,-0.07304774224758148,0.0654696598649025,1.0
7,fulfilled,0.07648707926273346,-0.07850729674100876,0.07648707926273346,0.06485050171613693,0.03670822083950043,1.0
7,safe,0.07630390673875809,0.035607073456048965,0.07630390673875809,0.07130782306194305,0.053008679300546646,1.0
7,resigned,-0.07559645920991898,-0.1041630282998085,0.07559645920991898,-0.07382751256227493,0.039182230830192566,1.0
7,refreshed,0.07484748214483261,-0.010505675338208675,0.07484748214483261,0.07045390456914902,0.031052010133862495,1.0
7,miserable,-0.07432732731103897,0.07108025997877121,0.07432732731103897,-0.06354109197854996,0.04497141018509865,1.0
7,droopy,-0.07334276288747787,0.0702086091041565,0.07334276288747787,-0.06711017340421677,0.03216332197189331,1.0
7,awestruck,-0.07300129532814026,0.07948693633079529,0.07300129532814026,-0.060378722846508026,0.04596150293946266,1.0
7,amazed,-0.072197824716568,-0.11221943795681,0.072197824716568,-0.06704039126634598,0.024929609149694443,1.0
7,regretful,-0.071335569024086,0.07895608991384506,0.071335569024086,-0.05686807632446289,0.05951754376292229,0.6000000238418579
7,frustrated,-0.07125433534383774,-0.10347932577133179,0.07125433534383774,-0.06989248096942902,0.0392167866230011,1.0
7,vengeful,-0.0707051083445549,0.0741804763674736,0.0707051083445549,-0.054917652159929276,0.07536422461271286,0.800000011920929
7,desperate,-0.06689859181642532,0.07698351889848709,0.06689859181642532,-0.05544354394078255,0.04066932201385498,1.0
7,weary,-0.06490909308195114,-0.10909745842218399,0.06490909308195114,-0.06563703715801239,0.05904008820652962,1.0
7,remorseful,-0.06466919928789139,0.056556396186351776,0.06466919928789139,-0.05054543539881706,0.06395143270492554,0.6000000238418579
7,sentimental,-0.06379514932632446,-0.10825995355844498,0.06379514932632446,-0.060389451682567596,0.02690444514155388,1.0
7,energized,0.06313861161470413,-0.07942212373018265,0.06313861161470413,0.05514832213521004,0.031118616461753845,1.0
7,reflective,0.0606875978410244,-0.07627213001251221,0.0606875978410244,0.0521816611289978,0.029897458851337433,1.0
7,horrified,-0.05929247662425041,0.08197669684886932,0.05929247662425041,-0.04950261861085892,0.03287901356816292,0.800000011920929
7,panicked,-0.05802205950021744,0.07248754054307938,0.05802205950021744,-0.05245751142501831,0.01569253019988537,1.0
7,rattled,0.057542361319065094,0.10665301233530045,0.057542361319065094,0.0553397461771965,0.02635491080582142,1.0
7,outraged,-0.056697744876146317,0.02980497106909752,0.056697744876146317,-0.0515640489757061,0.022239109501242638,1.0
7,furious,0.05647629126906395,-0.08203642070293427,0.05647629126906395,0.044108808040618896,0.05463371425867081,0.6000000238418579
7,hysterical,0.054914020001888275,0.10564160346984863,0.054914020001888275,0.04968998581171036,0.016831208020448685,1.0
7,unnerved,-0.05447794497013092,0.05550488084554672,0.05447794497013092,-0.04619884490966797,0.02600713260471821,1.0
7,shocked,0.05414208024740219,-0.08220721036195755,0.05414208024740219,0.04457487910985947,0.03890995308756828,0.800000011920929
7,worthless,-0.05369677022099495,0.07912465929985046,0.05369677022099495,-0.04539104551076889,0.0482039637863636,0.800000011920929
7,hurt,-0.05054405331611633,0.08220107853412628,0.05054405331611633,-0.04046759754419327,0.04224034398794174,0.800000011920929
7,puzzled,0.04958320036530495,-0.08204278349876404,0.04958320036530495,0.03855665400624275,0.05107531324028969,0.800000011920929
7,overwhelmed,-0.04847901687026024,0.08244741708040237,0.04847901687026024,-0.03772571310400963,0.048413313925266266,0.6000000238418579
7,indignant,-0.047893501818180084,-0.10115347802639008,0.047893501818180084,-0.048744652420282364,0.043697383254766464,0.800000011920929
7,embarrassed,-0.046516407281160355,0.0804586410522461,0.046516407281160355,-0.03556482121348381,0.050297025591135025,0.6000000238418579
7,self-critical,0.046423643827438354,-0.08078355342149734,0.046423643827438354,0.0375940166413784,0.03905593976378441,0.800000011920929
7,envious,0.04627000167965889,-0.06368789076805115,0.04627000167965889,0.0397224985063076,0.046429675072431564,0.800000011920929
7,empathetic,0.04619390890002251,0.10251769423484802,0.04619390890002251,0.050909001380205154,0.07410785555839539,0.800000011920929
7,perplexed,0.04352157562971115,0.09812547266483307,0.04352157562971115,0.04470369964838028,0.041946109384298325,0.800000011920929
7,inspired,0.042837075889110565,0.10127903521060944,0.042837075889110565,0.04517345875501633,0.06560489535331726,0.800000011920929
7,bewildered,-0.04224860295653343,-0.1009574681520462,0.04224860295653343,-0.04349067434668541,0.04218081012368202,0.800000011920929
7,docile,-0.04218779131770134,0.08304235339164734,0.04218779131770134,-0.031620852649211884,0.05770120769739151,0.6000000238418579
7,loving,0.04188409447669983,-0.06945573538541794,0.04188409447669983,0.032924674451351166,0.04688906669616699,0.800000011920929
7,melancholy,-0.04182334989309311,-0.0996868833899498,0.04182334989309311,-0.04370434954762459,0.04961390048265457,0.800000011920929
7,contemptuous,0.041208624839782715,-0.08409044146537781,0.041208624839782715,0.03426927328109741,0.026791701093316078,1.0
7,stuck,-0.041083477437496185,-0.0988490879535675,0.041083477437496185,-0.04420436918735504,0.052554454654455185,0.800000011920929
7,compassionate,0.039472512900829315,0.09849244356155396,0.039472512900829315,0.03873602673411369,0.040771596133708954,0.800000011920929
7,kind,0.03932223096489906,0.097469761967659,0.03932223096489906,0.042962536215782166,0.056511249393224716,0.800000011920929
7,lazy,-0.036980826407670975,0.0822441428899765,0.036980826407670975,-0.02855568565428257,0.038000885397195816,0.6000000238418579
7,defiant,0.03679712861776352,0.0868677943944931,0.03679712861776352,0.03524103760719299,0.042495209723711014,0.800000011920929
7,on edge,0.03645464405417442,0.09645947068929672,0.03645464405417442,0.037885285913944244,0.0467250794172287,0.6000000238418579
7,humiliated,-0.036318402737379074,-0.09470202773809433,0.036318402737379074,-0.029479989781975746,0.042253922671079636,0.800000011920929
7,enraged,-0.03569428622722626,0.06952949613332748,0.03569428622722626,-0.03268297761678696,0.012872761115431786,1.0
7,astonished,-0.03534231334924698,0.05989334359765053,0.03534231334924698,-0.027485216036438942,0.05286859720945358,0.800000011920929
7,indifferent,-0.033616289496421814,0.08026962727308273,0.033616289496421814,-0.03266945108771324,0.036928948014974594,0.800000011920929
7,sullen,0.03294150531291962,-0.08564326167106628,0.03294150531291962,0.024355625733733177,0.04228636622428894,0.6000000238418579
7,serene,-0.03243817016482353,0.08445462584495544,0.03243817016482353,-0.02071354165673256,0.06743809580802917,0.6000000238418579
7,ecstatic,0.031587716192007065,-0.004380110651254654,0.031587716192007065,0.02647618018090725,0.017720667645335197,0.800000011920929
7,skeptical,-0.0313698835670948,-0.0960569977760315,0.0313698835670948,-0.03608047217130661,0.06598001718521118,0.6000000238418579
7,anxious,-0.03099643439054489,0.014978853985667229,0.03099643439054489,-0.02798425778746605,0.008633526042103767,1.0
7,calm,-0.030547386035323143,-0.04131266102194786,0.030547386035323143,-0.02298596128821373,0.04947393760085106,0.800000011920929
7,nervous,0.03048904426395893,-0.05480651929974556,0.03048904426395893,0.024857956916093826,0.049142446368932724,0.800000011920929
7,thankful,0.029426155611872673,-0.08354908227920532,0.029426155611872673,0.02699602209031582,0.0483623743057251,0.800000011920929
7,annoyed,-0.028449205681681633,-0.0958777517080307,0.028449205681681633,-0.03228078410029411,0.05485757067799568,0.6000000238418579
7,suspicious,-0.028369134292006493,-0.09540709853172302,0.028369134292006493,-0.03029119409620762,0.036919135600328445,0.800000011920929
7,sad,0.027686458081007004,0.09580226242542267,0.027686458081007004,0.025668632239103317,0.03444993123412132,0.6000000238418579
7,surprised,0.026721438392996788,-0.08532297611236572,0.026721438392996788,0.019202714785933495,0.03905253857374191,0.6000000238418579
7,paranoid,0.026507912203669548,-0.08201797306537628,0.026507912203669548,0.020691748708486557,0.04859253019094467,0.800000011920929
7,dependent,-0.025888800621032715,0.08597233891487122,0.025888800621032715,-0.01663285121321678,0.05339927226305008,0.6000000238418579
7,relaxed,0.02566167712211609,-0.07798805832862854,0.02566167712211609,0.021623730659484863,0.013610403053462505,1.0
7,eager,-0.024165088310837746,-0.07765474170446396,0.024165088310837746,-0.023686466738581657,0.0204586461186409,1.0
7,rejuvenated,0.023478666320443153,0.0945390909910202,0.023478666320443153,0.02862577699124813,0.06500177085399628,0.800000011920929
7,relieved,-0.02287529595196247,0.025889484211802483,0.02287529595196247,-0.01764383539557457,0.034437693655490875,0.800000011920929
7,disoriented,0.022645827382802963,-0.08680999279022217,0.022645827382802963,0.01467990130186081,0.050102490931749344,0.6000000238418579
7,sleepy,-0.0222760196775198,0.08626605570316315,0.0222760196775198,-0.014533731155097485,0.04623661935329437,0.6000000238418579
7,scared,0.021951721981167793,-0.08623498678207397,0.021951721981167793,0.01504538394510746,0.037207238376140594,0.6000000238418579
7,pleased,0.021748866885900497,-0.0863819569349289,0.021748866885900497,0.015120640397071838,0.036155227571725845,0.6000000238418579
7,mad,-0.021469421684741974,0.08440062403678894,0.021469421684741974,-0.014267435297369957,0.03906460478901863,0.6000000238418579
7,scornful,-0.02088610641658306,-0.09410227090120316,0.02088610641658306,-0.024275455623865128,0.04054180905222893,0.6000000238418579
7,hostile,-0.020157037302851677,-0.09389261901378632,0.020157037302851677,-0.024710064753890038,0.048083193600177765,0.6000000238418579
7,bitter,-0.019807837903499603,0.08785311877727509,0.019807837903499603,-0.012211372144520283,0.045232199132442474,0.6000000238418579
7,valiant,-0.018519515171647072,-0.07270019501447678,0.018519515171647072,-0.02080894634127617,0.05317697301506996,0.800000011920929
7,patient,0.01828981749713421,0.09368070214986801,0.01828981749713421,0.02360859140753746,0.055813275277614594,0.6000000238418579
7,sorry,0.01826157048344612,0.0935644656419754,0.01826157048344612,0.022442735731601715,0.04850548878312111,0.6000000238418579
7,vigilant,-0.016429703682661057,0.08605494350194931,0.016429703682661057,-0.006502293981611729,0.06299477070569992,0.6000000238418579
7,terrified,0.01602492295205593,0.06156577169895172,0.01602492295205593,0.015184231102466583,0.043242502957582474,0.4000000059604645
7,alert,0.015981214120984077,-0.08583084493875504,0.015981214120984077,0.010820235125720501,0.03698624297976494,0.6000000238418579
7,nostalgic,-0.01580502837896347,0.08864694833755493,0.01580502837896347,-0.008718008175492287,0.04408439248800278,0.4000000059604645
7,dumbstruck,-0.015493012964725494,-0.09317951649427414,0.015493012964725494,-0.020984139293432236,0.052056003361940384,0.6000000238418579
7,exasperated,-0.014768128283321857,0.08687424659729004,0.014768128283321857,-0.011337816715240479,0.02494085021317005,0.6000000238418579
7,proud,-0.014148236252367496,0.08655903488397598,0.014148236252367496,-0.007427829317748547,0.06121804565191269,0.6000000238418579
7,vulnerable,0.013711057603359222,-0.0890704095363617,0.013711057603359222,0.005597253330051899,0.05143354460597038,0.6000000238418579
7,greedy,0.013658655807375908,-0.04837647080421448,0.013658655807375908,0.01748065836727619,0.04615750536322594,0.800000011920929
7,excited,-0.0133363027125597,0.08658333867788315,0.0133363027125597,-0.006984786130487919,0.04442592337727547,0.6000000238418579
7,amused,0.013216993771493435,-0.08803131431341171,0.013216993771493435,0.004031084477901459,0.06243988871574402,0.6000000238418579
7,unhappy,0.012742710299789906,-0.08693449199199677,0.012742710299789906,0.00849220436066389,0.037579916417598724,0.4000000059604645
7,insulted,-0.01268287468701601,0.08871208131313324,0.01268287468701601,-0.0038374103605747223,0.058456189930438995,0.6000000238418579
7,afraid,-0.011844085529446602,0.058091409504413605,0.011844085529446602,-0.01199351716786623,0.016765445470809937,0.800000011920929
7,worried,-0.011592906899750233,0.08791082352399826,0.011592906899750233,-0.009298555552959442,0.022695718333125114,0.6000000238418579
7,stressed,0.011345580220222473,-0.08906008303165436,0.011345580220222473,0.004150734283030033,0.047088079154491425,0.6000000238418579
7,mystified,0.010384274646639824,-0.08948550373315811,0.010384274646639824,0.0022024051286280155,0.05441693589091301,0.6000000238418579
7,grateful,-0.008677657693624496,0.08932570368051529,0.008677657693624496,-0.003569260938093066,0.036879464983940125,0.6000000238418579
7,self-conscious,0.007766458205878735,-0.06402701884508133,0.007766458205878735,0.008712723851203918,0.04602457582950592,0.6000000238418579
7,trapped,0.006714984308928251,-0.0884827971458435,0.006714984308928251,0.004038863815367222,0.024422772228717804,0.800000011920929
7,troubled,0.006451823282986879,-0.08958766609430313,0.006451823282986879,-0.0002520732523407787,0.04624125361442566,0.6000000238418579
7,disturbed,-0.00602562353014946,-0.09091335535049438,0.00602562353014946,-0.009225747548043728,0.033223725855350494,0.6000000238418579
7,mortified,0.005782123655080795,-0.02557721734046936,0.005782123655080795,0.0035078558139503,0.027143433690071106,0.4000000059604645
7,sensitive,-0.005460986867547035,0.08862151950597763,0.005460986867547035,0.002291884971782565,0.05646774545311928,0.6000000238418579
7,uneasy,0.004262091591954231,0.09116601943969727,0.004262091591954231,0.008147971704602242,0.033788759261369705,0.6000000238418579
7,impatient,0.003945786040276289,0.08842076361179352,0.003945786040276289,0.00796808023005724,0.033521927893161774,0.4000000059604645
7,shaken,0.0034703807905316353,0.028520939871668816,0.0034703807905316353,0.006340730004012585,0.029462801292538643,0.6000000238418579
7,offended,0.003453413024544716,-0.09033742547035217,0.003453413024544716,-0.002152190310880542,0.04650852084159851,0.4000000059604645
7,jealous,0.0034396026749163866,0.09081482142210007,0.0034396026749163866,0.005060103721916676,0.0327075719833374,0.6000000238418579
7,worn out,-0.002899040002375841,0.08954150974750519,0.002899040002375841,0.0012142866617068648,0.03105461597442627,0.6000000238418579
7,hope,0.00266429060138762,0.09001925587654114,0.00266429060138762,0.00552640575915575,0.02384992688894272,0.4000000059604645
7,jubilant,0.0019725519232451916,0.09106467664241791,0.0019725519232451916,0.007547786924988031,0.047681774944067,0.6000000238418579
7,enthusiastic,0.001206718385219574,0.08758796006441116,0.001206718385219574,0.003022306365892291,0.02672349289059639,0.6000000238418579
7,irate,-0.00026633430388756096,0.08993872255086899,0.00026633430388756096,0.00021486282639671117,0.031973809003829956,0.6000000238418579
8,at ease,0.25103268027305603,0.22824668884277344,0.25103268027305603,0.228328138589859,0.0136187132447958,1.0
8,cheerful,0.22603128850460052,0.0352812297642231,0.22603128850460052,0.20604494214057922,0.01693614386022091,1.0
8,delighted,0.2230256348848343,-0.03009846992790699,0.2230256348848343,0.19869005680084229,0.03394438698887825,1.0
8,heartbroken,-0.204294815659523,0.05118490010499954,0.204294815659523,-0.1795344352722168,0.051414962857961655,1.0
8,grief-stricken,-0.19758924841880798,0.04581492021679878,0.19758924841880798,-0.17532826960086823,0.041234299540519714,1.0
8,tormented,-0.1962353140115738,-0.08299548923969269,0.1962353140115738,-0.1782854050397873,0.03914404660463333,1.0
8,depressed,-0.18977095186710358,0.025300512090325356,0.18977095186710358,-0.1710323542356491,0.031204048544168472,1.0
8,sluggish,-0.18526102602481842,0.05961921438574791,0.18526102602481842,-0.16477811336517334,0.0386289544403553,1.0
8,infatuated,0.17380402982234955,0.05847704038023949,0.17380402982234955,0.1582282930612564,0.010124754160642624,1.0
8,exuberant,0.16367334127426147,-0.036776330322027206,0.16367334127426147,0.14722442626953125,0.03043767623603344,1.0
8,lonely,-0.16222220659255981,0.06316815316677094,0.16222220659255981,-0.13865673542022705,0.07273473590612411,1.0
8,distressed,-0.16074977815151215,0.02893207222223282,0.16074977815151215,-0.14408768713474274,0.036026954650878906,1.0
8,irritated,-0.15670561790466309,-0.17750415205955505,0.15670561790466309,-0.14323733747005463,0.034970514476299286,1.0
8,stimulated,0.1543828845024109,0.035734739154577255,0.1543828845024109,0.13580544292926788,0.057616304606199265,1.0
8,tense,0.15373924374580383,-0.06147439405322075,0.15373924374580383,0.1331416368484497,0.0692262127995491,1.0
8,ashamed,0.14401057362556458,-0.010790687054395676,0.14401057362556458,0.12705595791339874,0.04203041270375252,1.0
8,alarmed,-0.14045597612857819,0.02865692414343357,0.14045597612857819,-0.1260145604610443,0.02079961448907852,1.0
8,peaceful,0.13977891206741333,-0.04723236337304115,0.13977891206741333,0.12600131332874298,0.03598181903362274,1.0
8,aroused,0.13959664106369019,-0.07442589104175568,0.13959664106369019,0.12135909497737885,0.043316684663295746,1.0
8,sympathetic,0.1362939327955246,-0.01770947128534317,0.1362939327955246,0.11985699832439423,0.037437524646520615,1.0
8,grumpy,-0.13522972166538239,-0.08790583908557892,0.13522972166538239,-0.12156771123409271,0.032338134944438934,1.0
8,hateful,-0.13490784168243408,0.0677093043923378,0.13490784168243408,-0.11908864974975586,0.045695509761571884,1.0
8,gloomy,-0.13385652005672455,-0.14680780470371246,0.13385652005672455,-0.12127093225717545,0.024392932653427124,1.0
8,hopeful,0.13214409351348877,-0.06511077284812927,0.13214409351348877,0.11664590984582901,0.03909057751297951,1.0
8,content,0.13058078289031982,-0.06369560211896896,0.13058078289031982,0.11746702343225479,0.027517182752490044,1.0
8,stubborn,-0.1299804300069809,0.07058814913034439,0.1299804300069809,-0.11088037490844727,0.05732014775276184,1.0
8,brooding,-0.12884090840816498,0.07844436168670654,0.12884090840816498,-0.10899293422698975,0.066252201795578,1.0
8,euphoric,0.12338762730360031,0.15527218580245972,0.12338762730360031,0.11504687368869781,0.04447835683822632,1.0
8,vindictive,-0.12062715739011765,0.0799788162112236,0.12062715739011765,-0.10746641457080841,0.020296869799494743,1.0
8,thrilled,0.11420215666294098,-0.07745016366243362,0.11420215666294098,0.09756149351596832,0.052625078707933426,1.0
8,tired,-0.11394757777452469,0.07958465814590454,0.11394757777452469,-0.10150758922100067,0.03261237218976021,1.0
8,disdainful,0.1099037304520607,0.1295568197965622,0.1099037304520607,0.10080520063638687,0.0419607013463974,1.0
8,disgusted,-0.10939661413431168,0.07991380244493484,0.10939661413431168,-0.09417600929737091,0.041420869529247284,1.0
8,unsettled,-0.10784944891929626,0.07596136629581451,0.10784944891929626,-0.09082531929016113,0.06487575173377991,0.800000011920929
8,angry,-0.10688722878694534,-0.11195952445268631,0.10688722878694534,-0.09829288721084595,0.043962761759757996,1.0
8,vibrant,0.10578563064336777,-0.08273892849683762,0.10578563064336777,0.08739042282104492,0.06946539878845215,0.800000011920929
8,restless,-0.10410095751285553,-0.007588998880237341,0.10410095751285553,-0.0978032574057579,0.059932608157396317,1.0
8,guilty,-0.1018449142575264,0.05854538083076477,0.1018449142575264,-0.08749932050704956,0.0492602214217186,1.0
8,joyful,0.09804116934537888,-0.08544668555259705,0.09804116934537888,0.08228427171707153,0.05257303640246391,1.0
8,bored,-0.0969177708029747,0.08449143916368484,0.0969177708029747,-0.07999096065759659,0.06621501594781876,0.800000011920929
8,spiteful,-0.0966176837682724,0.03870907425880432,0.0966176837682724,-0.09236939251422882,0.04156263917684555,1.0
8,optimistic,0.09648962318897247,-0.08049780130386353,0.09648962318897247,0.07958754152059555,0.06877933442592621,0.800000011920929
8,self-confident,0.09500657021999359,-0.08638954907655716,0.09500657021999359,0.07909061759710312,0.0576447919011116,0.800000011920929
8,resentful,-0.09323910623788834,0.08426304161548615,0.09323910623788834,-0.08290529251098633,0.024317597970366478,1.0
8,fulfilled,0.09263680130243301,-0.08512552082538605,0.09263680130243301,0.07917873561382294,0.045370668172836304,0.800000011920929
8,elated,0.09255766123533249,0.12467459589242935,0.09255766123533249,0.08982644230127335,0.057908330112695694,1.0
8,playful,0.08942002803087234,-0.08778136968612671,0.08942002803087234,0.0742712914943695,0.05752990394830704,0.800000011920929
8,upset,-0.08869270235300064,0.08513202518224716,0.08869270235300064,-0.07652346044778824,0.03200267627835274,1.0
8,dispirited,-0.0882410854101181,0.08209516853094101,0.0882410854101181,-0.07519364356994629,0.05077642947435379,1.0
8,resigned,-0.08661110699176788,-0.11872337758541107,0.08661110699176788,-0.08403937518596649,0.03996370732784271,1.0
8,blissful,0.08578769862651825,-0.08274638652801514,0.08578769862651825,0.07531402260065079,0.02282162383198738,1.0
8,frightened,0.08474914729595184,-0.07897736132144928,0.08474914729595184,0.07124654948711395,0.05273570492863655,0.800000011920929
8,vengeful,-0.08473750203847885,0.07927362620830536,0.08473750203847885,-0.06804734468460083,0.07298304885625839,0.800000011920929
8,happy,0.08450926840305328,-0.08635988086462021,0.08450926840305328,0.07406897842884064,0.028377888724207878,1.0
8,obstinate,-0.08132540434598923,0.08801084756851196,0.08132540434598923,-0.06688573211431503,0.05530673637986183,0.800000011920929
8,triumphant,0.08108435571193695,-0.07307630032300949,0.08108435571193695,0.07214386761188507,0.05688197910785675,0.800000011920929
8,listless,-0.08090290427207947,0.06556973606348038,0.08090290427207947,-0.07335340976715088,0.015830164775252342,1.0
8,invigorated,0.08033561706542969,-0.02171073667705059,0.08033561706542969,0.07341954112052917,0.028367256745696068,1.0
8,desperate,-0.07733119279146194,0.08336374163627625,0.07733119279146194,-0.06419401615858078,0.04959888383746147,0.800000011920929
8,regretful,-0.07573749870061874,0.08747781813144684,0.07573749870061874,-0.06134219840168953,0.05805216729640961,0.6000000238418579
8,awestruck,-0.07398378849029541,0.08881812542676926,0.07398378849029541,-0.06105678528547287,0.0511736124753952,0.800000011920929
8,miserable,-0.07246178388595581,0.07964490354061127,0.07246178388595581,-0.06263983249664307,0.04547880217432976,1.0
8,rattled,0.07094883918762207,0.12317492067813873,0.07094883918762207,0.06648173928260803,0.01982268877327442,1.0
8,frustrated,-0.07031653821468353,-0.11531533300876617,0.07031653821468353,-0.06899737566709518,0.03925808146595955,1.0
8,smug,0.06926844269037247,0.11703218519687653,0.06926844269037247,0.06403116881847382,0.00912565365433693,1.0
8,satisfied,0.06711134314537048,0.12286681681871414,0.06711134314537048,0.06939171254634857,0.0814853087067604,1.0
8,furious,0.0670275017619133,-0.08984620124101639,0.0670275017619133,0.05280343443155289,0.06520406156778336,0.800000011920929
8,remorseful,-0.0663076713681221,0.06143210828304291,0.0663076713681221,-0.052643418312072754,0.06243664026260376,0.6000000238418579
8,horrified,-0.06488869339227676,0.09078892320394516,0.06488869339227676,-0.05391206592321396,0.04090983048081398,0.800000011920929
8,shocked,0.06411036103963852,-0.09039577096700668,0.06411036103963852,0.053176283836364746,0.045491885393857956,0.800000011920929
8,humiliated,-0.06289754807949066,-0.1191229596734047,0.06289754807949066,-0.05444241687655449,0.03781484439969063,1.0
8,outraged,-0.06265820562839508,0.023282330483198166,0.06265820562839508,-0.05556199699640274,0.02646857127547264,1.0
8,droopy,-0.06108269467949867,0.08157677948474884,0.06108269467949867,-0.05649738758802414,0.033833764493465424,1.0
8,worthless,-0.06043334677815437,0.08690015971660614,0.06043334677815437,-0.051263511180877686,0.052963197231292725,1.0
8,reflective,0.06003289297223091,-0.0853266790509224,0.06003289297223091,0.05151981860399246,0.03126057982444763,1.0
8,unnerved,-0.05797017738223076,0.056830115616321564,0.05797017738223076,-0.04916733503341675,0.029138393700122833,1.0
8,overwhelmed,-0.05778881162405014,0.09048391133546829,0.05778881162405014,-0.0453735813498497,0.056570328772068024,0.6000000238418579
8,panicked,-0.05591801926493645,0.08083074539899826,0.05591801926493645,-0.05045811086893082,0.013364891521632671,1.0
8,refreshed,0.055748794227838516,-0.02702275663614273,0.055748794227838516,0.05504569411277771,0.0463981069624424,1.0
8,empathetic,0.0554453581571579,0.11684153228998184,0.0554453581571579,0.05838673561811447,0.06411740928888321,0.800000011920929
8,enraged,-0.055173322558403015,0.06574151664972305,0.055173322558403015,-0.049581073224544525,0.009915413334965706,1.0
8,safe,0.05441034957766533,0.013674276880919933,0.05441034957766533,0.05287018418312073,0.0674649178981781,0.800000011920929
8,perplexed,0.05410517007112503,0.11175935715436935,0.05410517007112503,0.05335962027311325,0.03727816790342331,0.800000011920929
8,amazed,-0.05373908579349518,-0.11608335375785828,0.05373908579349518,-0.05077407509088516,0.023208189755678177,1.0
8,nervous,0.05371788889169693,-0.04218309745192528,0.05371788889169693,0.04574812203645706,0.05364939942955971,0.800000011920929
8,docile,-0.053651634603738785,0.0905584916472435,0.053651634603738785,-0.04177694767713547,0.06304379552602768,0.6000000238418579
8,sentimental,-0.05340398848056793,-0.10526564717292786,0.05340398848056793,-0.05190461128950119,0.0311173964291811,0.800000011920929
8,hysterical,0.0525159053504467,0.1154678538441658,0.0525159053504467,0.04674841836094856,0.022103995084762573,1.0
8,energized,0.052327960729599,-0.09099867939949036,0.052327960729599,0.04628247767686844,0.02948862686753273,0.800000011920929
8,weary,-0.05154610052704811,-0.10433122515678406,0.05154610052704811,-0.05416508764028549,0.0627313181757927,0.800000011920929
8,puzzled,0.049896929413080215,-0.091944120824337,0.049896929413080215,0.03907433897256851,0.05210048332810402,0.800000011920929
8,anxious,-0.049118250608444214,-0.002463565906509757,0.049118250608444214,-0.04385320097208023,0.012802401557564735,1.0
8,indignant,-0.04909325763583183,-0.11300262808799744,0.04909325763583183,-0.05070832371711731,0.051250383257865906,0.800000011920929
8,lazy,-0.04861059784889221,0.08906240016222,0.04861059784889221,-0.03880125656723976,0.042857419699430466,0.800000011920929
8,on edge,0.047567471861839294,0.10988916456699371,0.047567471861839294,0.047539979219436646,0.044763870537281036,1.0
8,calm,-0.04563611373305321,-0.05622591823339462,0.04563611373305321,-0.03657681867480278,0.05554451420903206,0.800000011920929
8,stuck,-0.04562615603208542,-0.11134244501590729,0.04562615603208542,-0.048498980700969696,0.053354039788246155,0.800000011920929
8,melancholy,-0.04391118139028549,-0.1114492118358612,0.04391118139028549,-0.04561450704932213,0.046793919056653976,0.800000011920929
8,inspired,0.043716371059417725,0.11181902140378952,0.043716371059417725,0.045649778097867966,0.06551221758127213,0.800000011920929
8,hurt,-0.042782463133335114,0.09347802400588989,0.042782463133335114,-0.03362153843045235,0.04354194924235344,0.6000000238418579
8,kind,0.04095090180635452,0.10930441319942474,0.04095090180635452,0.04447680711746216,0.05593438073992729,0.800000011920929
8,compassionate,0.03996606916189194,0.11002955585718155,0.03996606916189194,0.03853689506649971,0.03862959146499634,0.800000011920929
8,embarrassed,-0.03902314603328705,0.0915118008852005,0.03902314603328705,-0.028231095522642136,0.05641881749033928,0.6000000238418579
8,serene,-0.03892785683274269,0.09308664500713348,0.03892785683274269,-0.026260439306497574,0.07292710989713669,0.6000000238418579
8,relieved,-0.03737352043390274,0.014238250441849232,0.03737352043390274,-0.031046265736222267,0.03355485200881958,0.800000011920929
8,paranoid,0.03621263429522514,-0.08871634304523468,0.03621263429522514,0.028882944956421852,0.05603332072496414,0.800000011920929
8,sullen,0.03492523729801178,-0.0955798551440239,0.03492523729801178,0.025827685371041298,0.04726779833436012,0.6000000238418579
8,self-critical,0.03462837636470795,-0.09288676083087921,0.03462837636470795,0.027496904134750366,0.03770207241177559,0.6000000238418579
8,thankful,0.034109339118003845,-0.09223580360412598,0.034109339118003845,0.02999177947640419,0.03948662430047989,0.800000011920929
8,disoriented,0.03364241495728493,-0.09513888508081436,0.03364241495728493,0.02470874786376953,0.05179500952363014,0.6000000238418579
8,scornful,-0.033194009214639664,-0.10763046890497208,0.033194009214639664,-0.0354924201965332,0.041694365441799164,0.6000000238418579
8,sorry,0.03269073739647865,0.10704892128705978,0.03269073739647865,0.034588366746902466,0.04408979415893555,0.6000000238418579
8,loving,0.03267928957939148,-0.07956542074680328,0.03267928957939148,0.024965506047010422,0.04658079892396927,0.800000011920929
8,relaxed,0.031860701739788055,-0.08414766937494278,0.031860701739788055,0.027678053826093674,0.013235918246209621,1.0
8,amused,0.03091091848909855,-0.0948442816734314,0.03091091848909855,0.01962360367178917,0.06885407865047455,0.6000000238418579
8,alert,0.029743961989879608,-0.09178570657968521,0.029743961989879608,0.023788858205080032,0.03301537409424782,0.800000011920929
8,envious,0.028514936566352844,-0.0786590576171875,0.028514936566352844,0.02250273898243904,0.06167033687233925,0.800000011920929
8,sad,0.028258901089429855,0.10694482922554016,0.028258901089429855,0.02582676336169243,0.029288275167346,0.6000000238418579
8,bewildered,-0.02732066623866558,-0.10266803205013275,0.02732066623866558,-0.029441628605127335,0.04050026461482048,0.800000011920929
8,scared,0.026771556586027145,-0.09546298533678055,0.026771556586027145,0.01943105086684227,0.03916312754154205,0.6000000238418579
8,contemptuous,0.02662179432809353,-0.0967133492231369,0.02662179432809353,0.020978061482310295,0.028197333216667175,0.6000000238418579
8,astonished,-0.026180414482951164,0.06953904032707214,0.026180414482951164,-0.019002044573426247,0.04981100931763649,0.800000011920929
8,pleased,0.025875668972730637,-0.09572616219520569,0.025875668972730637,0.018566112965345383,0.03900974988937378,0.6000000238418579
8,suspicious,-0.025580501183867455,-0.1061699390411377,0.025580501183867455,-0.02812795713543892,0.038797251880168915,0.6000000238418579
8,hostile,-0.02409742772579193,-0.10577385127544403,0.02409742772579193,-0.028506413102149963,0.05137814208865166,0.6000000238418579
8,bitter,-0.02304472215473652,0.0978611633181572,0.02304472215473652,-0.014926162548363209,0.04718630388379097,0.6000000238418579
8,excited,-0.02253357507288456,0.09420068562030792,0.02253357507288456,-0.014754682779312134,0.05306650325655937,0.6000000238418579
8,vigilant,-0.022261088714003563,0.09453378617763519,0.022261088714003563,-0.011607512831687927,0.06547839194536209,0.6000000238418579
8,afraid,-0.0222006943076849,0.05199520289897919,0.0222006943076849,-0.021508216857910156,0.016643960028886795,0.800000011920929
8,skeptical,-0.021721910685300827,-0.10542341321706772,0.021721910685300827,-0.02829521894454956,0.07889562845230103,0.4000000059604645
8,ecstatic,0.02121841348707676,-0.013980738818645477,0.02121841348707676,0.018068214878439903,0.01632649637758732,0.800000011920929
8,jealous,0.021099457517266273,0.10527198761701584,0.021099457517266273,0.019861610606312752,0.03680727630853653,0.6000000238418579
8,sleepy,-0.020917896181344986,0.09667307883501053,0.020917896181344986,-0.012480810284614563,0.05380763113498688,0.6000000238418579
8,eager,-0.019108612090349197,-0.07783706486225128,0.019108612090349197,-0.01760748028755188,0.020763367414474487,0.800000011920929
8,dumbstruck,-0.01871955208480358,-0.10485072433948517,0.01871955208480358,-0.023344766348600388,0.04914434999227524,0.6000000238418579
8,sensitive,-0.017368901520967484,0.09595630317926407,0.017368901520967484,-0.008933613076806068,0.05358099937438965,0.6000000238418579
8,mad,-0.01721363514661789,0.0954836755990982,0.01721363514661789,-0.010061508975923061,0.042858608067035675,0.6000000238418579
8,valiant,0.01621449925005436,-0.04846127703785896,0.01621449925005436,0.010681415908038616,0.052050016820430756,0.800000011920929
8,patient,0.016180261969566345,0.1042298898100853,0.016180261969566345,0.022358888760209084,0.06307974457740784,0.6000000238418579
8,shaken,0.015733584761619568,0.03978830948472023,0.015733584761619568,0.01727844774723053,0.028503788635134697,0.6000000238418579
8,defiant,0.014601179398596287,0.07198479771614075,0.014601179398596287,0.01554939616471529,0.04676790535449982,0.4000000059604645
8,insulted,-0.013375526294112206,0.09920139610767365,0.013375526294112206,-0.004352251999080181,0.06122888624668121,0.6000000238418579
8,rejuvenated,0.013111654669046402,0.10378105193376541,0.013111654669046402,0.019489863887429237,0.0720505490899086,0.800000011920929
8,mortified,0.012880501337349415,-0.017086029052734375,0.012880501337349415,0.009819282218813896,0.02734781615436077,0.6000000238418579
8,vulnerable,0.01266524288803339,-0.09997960180044174,0.01266524288803339,0.004539349116384983,0.053505439311265945,0.6000000238418579
8,dependent,-0.01205484475940466,0.0988849326968193,0.01205484475940466,-0.004690477158874273,0.05163582041859627,0.4000000059604645
8,annoyed,-0.011956190690398216,-0.10298265516757965,0.011956190690398216,-0.0169195719063282,0.054174117743968964,0.6000000238418579
8,exasperated,-0.01190826017409563,0.09742150455713272,0.01190826017409563,-0.00874013639986515,0.022325536236166954,0.4000000059604645
8,stressed,0.011854513548314571,-0.09963161498308182,0.011854513548314571,0.004151581320911646,0.050866078585386276,0.6000000238418579
8,surprised,0.011179096065461636,-0.09860780835151672,0.011179096065461636,0.005438109394162893,0.04058307036757469,0.4000000059604645
8,indifferent,-0.010230318643152714,0.09627218544483185,0.010230318643152714,-0.01218737754970789,0.045491933822631836,0.4000000059604645
8,terrified,0.010099508799612522,0.056507524102926254,0.010099508799612522,0.010913216508924961,0.035464003682136536,0.4000000059604645
8,trapped,-0.009830176830291748,-0.10267166793346405,0.009830176830291748,-0.012195630930364132,0.035370513796806335,0.20000000298023224
8,proud,-0.00974486768245697,0.09780247509479523,0.00974486768245697,-0.0035223409067839384,0.06221981719136238,0.800000011920929
8,impatient,0.008133805356919765,0.09928642958402634,0.008133805356919765,0.010657611303031445,0.025540435686707497,0.4000000059604645
8,greedy,-0.008084815926849842,-0.06792968511581421,0.008084815926849842,-0.0023001432418823242,0.04861621931195259,0.6000000238418579
8,disturbed,0.00808002706617117,-0.09799804538488388,0.00808002706617117,0.003484284970909357,0.0363883376121521,0.6000000238418579
8,jubilant,0.007625903934240341,0.10289496183395386,0.007625903934240341,0.013418731279671192,0.058402519673109055,0.6000000238418579
8,hope,0.007258648052811623,0.10155150294303894,0.007258648052811623,0.010157279670238495,0.028451384976506233,0.4000000059604645
8,mystified,0.0065982951782643795,-0.10086701810359955,0.0065982951782643795,-0.001235158764757216,0.056361857801675797,0.6000000238418579
8,nostalgic,-0.0058705806732177734,0.10088424384593964,0.0058705806732177734,0.00041263626189902425,0.04623637720942497,0.4000000059604645
8,unhappy,-0.005002589896321297,-0.10134343802928925,0.005002589896321297,-0.007379242684692144,0.03461488336324692,0.6000000238418579
8,irate,0.004626416135579348,0.10163536667823792,0.004626416135579348,0.0044379690662026405,0.033018216490745544,0.6000000238418579
8,uneasy,-0.004218429327011108,0.10025277733802795,0.004218429327011108,0.0008857212960720062,0.038649782538414,0.4000000059604645
8,troubled,-0.002019247505813837,-0.10181128233671188,0.002019247505813837,-0.008211945183575153,0.04965226352214813,0.4000000059604645
8,self-conscious,0.0015798038803040981,-0.0725904330611229,0.0015798038803040981,0.0026344158686697483,0.05284124240279198,0.6000000238418579
8,worried,-0.0015211255522444844,0.10045671463012695,0.0015211255522444844,-0.0002385850966675207,0.019110556691884995,0.4000000059604645
8,worn out,0.001250310568138957,0.10087787359952927,0.001250310568138957,0.005938200745731592,0.036452289670705795,0.4000000059604645
8,enthusiastic,0.0011299119796603918,0.096686452627182,0.0011299119796603918,0.003797906683757901,0.032313235104084015,0.6000000238418579
8,grateful,0.0006282104877755046,0.10157787799835205,0.0006282104877755046,0.0040799351409077644,0.03250214830040932,0.6000000238418579
8,offended,-0.0005201249150559306,-0.1018192395567894,0.0005201249150559306,-0.0053960224613547325,0.047001589089632034,0.6000000238418579
9,at ease,0.2885494828224182,0.27191162109375,0.2885494828224182,0.2652764320373535,0.018230384215712547,1.0
9,grief-stricken,-0.22587352991104126,0.05087392032146454,0.22587352991104126,-0.20405778288841248,0.0401618555188179,1.0
9,cheerful,0.22165466845035553,0.021396752446889877,0.22165466845035553,0.20503132045269012,0.008953990414738655,1.0
9,irritated,-0.21790561079978943,-0.23420783877372742,0.21790561079978943,-0.19993793964385986,0.042972106486558914,1.0
9,heartbroken,-0.21367104351520538,0.06676682084798813,0.21367104351520538,-0.19150733947753906,0.04525880515575409,1.0
9,delighted,0.21094374358654022,-0.048190150409936905,0.21094374358654022,0.1915486603975296,0.025653349235653877,1.0
9,tormented,-0.20327720046043396,-0.08576755970716476,0.20327720046043396,-0.1878644973039627,0.04303552582859993,1.0
9,tense,0.18381260335445404,-0.06998367607593536,0.18381260335445404,0.16413959860801697,0.05452489107847214,1.0
9,infatuated,0.18261171877384186,0.05756206810474396,0.18261171877384186,0.16955193877220154,0.011060464195907116,1.0
9,lonely,-0.17603668570518494,0.07825080305337906,0.17603668570518494,-0.1553865224123001,0.05202428996562958,1.0
9,stubborn,-0.17318063974380493,0.07746142894029617,0.17318063974380493,-0.15407678484916687,0.04120795056223869,1.0
9,ashamed,0.17121551930904388,-0.008652444928884506,0.17121551930904388,0.15441863238811493,0.036676909774541855,1.0
9,depressed,-0.1670304238796234,0.04899198189377785,0.1670304238796234,-0.15414801239967346,0.023447640240192413,1.0
9,stimulated,0.16655029356479645,0.03164345398545265,0.16655029356479645,0.15106382966041565,0.03951728343963623,1.0
9,exuberant,0.16190698742866516,-0.049916643649339676,0.16190698742866516,0.14817386865615845,0.022458061575889587,1.0
9,distressed,-0.1611800491809845,0.04174558073282242,0.1611800491809845,-0.14722153544425964,0.03788401931524277,1.0
9,sluggish,-0.16074328124523163,0.08171975612640381,0.16074328124523163,-0.14616402983665466,0.028107790276408195,1.0
9,gloomy,-0.1579592376947403,-0.17748627066612244,0.1579592376947403,-0.14490243792533875,0.027743065729737282,1.0
9,aroused,0.15766681730747223,-0.08895722776651382,0.15766681730747223,0.14103849232196808,0.03323986753821373,1.0
9,alarmed,-0.14504671096801758,0.040013719350099564,0.14504671096801758,-0.1338307410478592,0.023982016369700432,1.0
9,disdainful,0.14371128380298615,0.16100545227527618,0.14371128380298615,0.13303212821483612,0.03992955759167671,1.0
9,peaceful,0.1367059350013733,-0.061673618853092194,0.1367059350013733,0.1261206567287445,0.03343743830919266,1.0
9,euphoric,0.1291344165802002,0.1758960634469986,0.1291344165802002,0.12093247473239899,0.035418055951595306,1.0
9,vindictive,-0.12829962372779846,0.09661269932985306,0.12829962372779846,-0.1166674867272377,0.017838796600699425,1.0
9,brooding,-0.12544602155685425,0.09759623557329178,0.12544602155685425,-0.10956370830535889,0.046275775879621506,1.0
9,unsettled,-0.12155123054981232,0.09081599116325378,0.12155123054981232,-0.1065603718161583,0.045687850564718246,1.0
9,disgusted,-0.11913623660802841,0.09638239443302155,0.11913623660802841,-0.10554437339305878,0.031128430739045143,1.0
9,thrilled,0.1159982681274414,-0.09511186182498932,0.1159982681274414,0.10231014341115952,0.04454980418086052,1.0
9,obstinate,-0.11201105266809464,0.10198520123958588,0.11201105266809464,-0.0979626402258873,0.0386117659509182,1.0
9,sympathetic,0.11147378385066986,-0.04378621652722359,0.11147378385066986,0.10040150582790375,0.028022699058055878,1.0
9,guilty,-0.11123969405889511,0.0719643086194992,0.11123969405889511,-0.09867218881845474,0.03895970806479454,1.0
9,outraged,-0.11104050278663635,-0.002503213007003069,0.11104050278663635,-0.10017512738704681,0.029144955798983574,1.0
9,content,0.11102014780044556,-0.08652882277965546,0.11102014780044556,0.1015881672501564,0.029608672484755516,1.0
9,on edge,0.109540194272995,0.14239835739135742,0.109540194272995,0.10326407104730606,0.044643618166446686,1.0
9,elated,0.10854022949934006,0.1502220332622528,0.10854022949934006,0.1046731248497963,0.03978091478347778,1.0
9,hateful,-0.10520897060632706,0.09323707222938538,0.10520897060632706,-0.09436272084712982,0.041669975966215134,1.0
9,reflective,0.10194437950849533,-0.09217613190412521,0.10194437950849533,0.09161803126335144,0.025301413610577583,1.0
9,grumpy,-0.10088494420051575,-0.048333823680877686,0.10088494420051575,-0.09305329620838165,0.026974447071552277,1.0
9,humiliated,-0.09904146194458008,-0.15780656039714813,0.09904146194458008,-0.0891069620847702,0.03274193033576012,1.0
9,resigned,-0.0989285334944725,-0.14287395775318146,0.0989285334944725,-0.09492265433073044,0.025804251432418823,1.0
9,spiteful,-0.09713568538427353,0.051851142197847366,0.09713568538427353,-0.09328397363424301,0.03222719207406044,1.0
9,rattled,0.09625715762376785,0.15329375863075256,0.09625715762376785,0.08880268037319183,0.02139207348227501,1.0
9,joyful,0.09493359178304672,-0.10513268411159515,0.09493359178304672,0.08306621015071869,0.03284997493028641,1.0
9,hopeful,0.09392118453979492,-0.09292806684970856,0.09392118453979492,0.08608068525791168,0.038617514073848724,1.0
9,bored,-0.09164736419916153,0.10462761670351028,0.09164736419916153,-0.07875506579875946,0.045407190918922424,1.0
9,dispirited,-0.09049665182828903,0.10037238150835037,0.09049665182828903,-0.07973866164684296,0.038773175328969955,1.0
9,nervous,0.08711095154285431,-0.03136344254016876,0.08711095154285431,0.07829307019710541,0.04499290883541107,1.0
9,upset,-0.08530660718679428,0.10452495515346527,0.08530660718679428,-0.07533052563667297,0.025072483345866203,1.0
9,relieved,-0.08502764999866486,-0.023804284632205963,0.08502764999866486,-0.07635829597711563,0.03104526177048683,1.0
9,jealous,0.08449892699718475,0.14073209464550018,0.08449892699718475,0.07685571908950806,0.045866914093494415,1.0
9,desperate,-0.08334463834762573,0.10075409710407257,0.08334463834762573,-0.07226473093032837,0.03502584621310234,1.0
9,invigorated,0.08245667070150375,-0.029615359380841255,0.08245667070150375,0.07615931332111359,0.022473150864243507,1.0
9,frustrated,-0.08199363201856613,-0.1388176679611206,0.08199363201856613,-0.07893571257591248,0.025380833074450493,1.0
9,vibrant,0.08151719719171524,-0.10634027421474457,0.08151719719171524,0.06851578503847122,0.04800403490662575,1.0
9,angry,-0.0794823169708252,-0.08596876263618469,0.0794823169708252,-0.07450337707996368,0.04401959478855133,0.800000011920929
9,self-confident,0.07898277789354324,-0.10823255032300949,0.07898277789354324,0.06791085749864578,0.03812871873378754,1.0
9,fulfilled,0.07859057933092117,-0.10695762932300568,0.07859057933092117,0.06920742988586426,0.027399610728025436,1.0
9,listless,-0.0767119824886322,0.08417966961860657,0.0767119824886322,-0.06952282041311264,0.015530077740550041,1.0
9,restless,-0.07663905620574951,0.02363223023712635,0.07663905620574951,-0.07506915181875229,0.060307107865810394,1.0
9,regretful,-0.07613132148981094,0.10679071396589279,0.07613132148981094,-0.065097376704216,0.04166428744792938,0.800000011920929
9,shocked,0.0751602053642273,-0.10770460218191147,0.0751602053642273,0.06516320258378983,0.03672405704855919,1.0
9,indignant,-0.07515159994363785,-0.14113812148571014,0.07515159994363785,-0.07413843274116516,0.04038956016302109,1.0
9,playful,0.07399100810289383,-0.10982127487659454,0.07399100810289383,0.06361455470323563,0.03454688563942909,1.0
9,resentful,-0.07159432768821716,0.1074657142162323,0.07159432768821716,-0.06514554470777512,0.021501895040273666,1.0
9,remorseful,-0.07121048867702484,0.07437854260206223,0.07121048867702484,-0.06116945296525955,0.04548944905400276,0.800000011920929
9,sentimental,-0.07042201608419418,-0.13015685975551605,0.07042201608419418,-0.06590171158313751,0.023206258192658424,1.0
9,smug,0.07021667063236237,0.1380254626274109,0.07021667063236237,0.0650615245103836,0.004648180678486824,1.0
9,horrified,-0.06801410764455795,0.10973972082138062,0.06801410764455795,-0.05942677706480026,0.025725824758410454,1.0
9,triumphant,0.06536746025085449,-0.09611068665981293,0.06536746025085449,0.05965850502252579,0.05706429108977318,0.800000011920929
9,vengeful,-0.06350293010473251,0.10308743268251419,0.06350293010473251,-0.052706219255924225,0.04087280482053757,0.800000011920929
9,frightened,0.06316981464624405,-0.10268557816743851,0.06316981464624405,0.05404838174581528,0.03487042710185051,0.800000011920929
9,paranoid,0.06299565732479095,-0.09865284711122513,0.06299565732479095,0.05470719188451767,0.047220129519701004,0.800000011920929
9,melancholy,-0.06297966837882996,-0.13738258183002472,0.06297966837882996,-0.06202937290072441,0.03020833432674408,1.0
9,awestruck,-0.06295739114284515,0.11033191531896591,0.06295739114284515,-0.0539185032248497,0.0363166369497776,1.0
9,calm,-0.06154307350516319,-0.07320456951856613,0.06154307350516319,-0.0521102249622345,0.048366472125053406,0.800000011920929
9,optimistic,0.06140141561627388,-0.10686496645212173,0.06140141561627388,0.05138687044382095,0.047934964299201965,1.0
9,refreshed,0.06108541786670685,-0.03306974843144417,0.06108541786670685,0.06018136814236641,0.03606277331709862,1.0
9,tired,-0.06074385344982147,0.10882870852947235,0.06074385344982147,-0.05537562444806099,0.03327466547489166,1.0
9,disoriented,0.05695316940546036,-0.10987812280654907,0.05695316940546036,0.04758692532777786,0.03899584710597992,0.800000011920929
9,puzzled,0.05613422021269798,-0.1098712757229805,0.05613422021269798,0.04680686444044113,0.03744499012827873,0.800000011920929
9,perplexed,0.05535417050123215,0.13277177512645721,0.05535417050123215,0.05416540428996086,0.031572747975587845,1.0
9,scornful,-0.051224660128355026,-0.13178826868534088,0.051224660128355026,-0.051047246903181076,0.02938786894083023,1.0
9,weary,-0.05120285600423813,-0.11529415845870972,0.05120285600423813,-0.051540084183216095,0.032638851553201675,1.0
9,vigilant,-0.05095194652676582,0.10623574256896973,0.05095194652676582,-0.03974031284451485,0.05060959234833717,0.6000000238418579
9,indifferent,0.05062629655003548,0.13335305452346802,0.05062629655003548,0.043843090534210205,0.04080624878406525,0.800000011920929
9,worthless,-0.05005015805363655,0.10840670764446259,0.05005015805363655,-0.0445760115981102,0.04362243413925171,0.800000011920929
9,stuck,-0.04976500943303108,-0.13272155821323395,0.04976500943303108,-0.05141042545437813,0.03896934911608696,0.800000011920929
9,impatient,0.049720585346221924,0.1333872526884079,0.049720585346221924,0.04878491908311844,0.024687601253390312,1.0
9,defiant,0.04955526441335678,0.1109488308429718,0.04955526441335678,0.0454992949962616,0.026897041127085686,0.800000011920929
9,amazed,-0.04881779104471207,-0.13260240852832794,0.04881779104471207,-0.045841850340366364,0.02093072235584259,1.0
9,enraged,-0.04865262657403946,0.0836116224527359,0.04865262657403946,-0.04457849636673927,0.01248222030699253,1.0
9,worried,0.04802524670958519,0.13169243931770325,0.04802524670958519,0.04523397609591484,0.018313726410269737,1.0
9,sensitive,-0.04781775176525116,0.10760412365198135,0.04781775176525116,-0.038350723683834076,0.042994506657123566,0.800000011920929
9,blissful,0.047798022627830505,-0.10942834615707397,0.047798022627830505,0.04333963245153427,0.01682073250412941,1.0
9,uneasy,0.04653014987707138,0.13100644946098328,0.04653014987707138,0.04596239700913429,0.029811497777700424,1.0
9,happy,0.046165451407432556,-0.11261284351348877,0.046165451407432556,0.04198849946260452,0.02659372054040432,1.0
9,serene,-0.046112965792417526,0.11125379800796509,0.046112965792417526,-0.03518570587038994,0.05118972063064575,0.6000000238418579
9,terrified,0.04547656327486038,0.09428498893976212,0.04547656327486038,0.042606644332408905,0.03574228286743164,1.0
9,furious,0.04530780389904976,-0.1133018508553505,0.04530780389904976,0.03559672087430954,0.04641083627939224,0.6000000238418579
9,sorry,0.04315576329827309,0.12943294644355774,0.04315576329827309,0.043390728533267975,0.035509638488292694,1.0
9,shaken,0.042454302310943604,0.06941337138414383,0.042454302310943604,0.04084630683064461,0.012699373997747898,1.0
9,astonished,-0.041851501911878586,0.0724586695432663,0.041851501911878586,-0.03364712744951248,0.04557244852185249,0.800000011920929
9,satisfied,0.04157723858952522,0.12631461024284363,0.04157723858952522,0.044569388031959534,0.055508293211460114,1.0
9,anxious,-0.040858641266822815,0.008927730843424797,0.040858641266822815,-0.03754151239991188,0.011264266446232796,1.0
9,greedy,0.04021383449435234,-0.035207681357860565,0.04021383449435234,0.03902916610240936,0.026175925508141518,1.0
9,inspired,0.03962860628962517,0.12816008925437927,0.03962860628962517,0.040417108684778214,0.03977443650364876,0.800000011920929
9,empathetic,0.038768913596868515,0.12789945304393768,0.038768913596868515,0.04170503467321396,0.04319653660058975,0.800000011920929
9,safe,0.0359635055065155,-0.009855695068836212,0.0359635055065155,0.03738372400403023,0.06648869067430496,0.800000011920929
9,unnerved,-0.03488624468445778,0.08324788510799408,0.03488624468445778,-0.02948271669447422,0.021932687610387802,1.0
9,dumbstruck,-0.03463328629732132,-0.1282539665699005,0.03463328629732132,-0.037281181663274765,0.03991229459643364,0.6000000238418579
9,sullen,0.03434884175658226,-0.11553395539522171,0.03434884175658226,0.027486318722367287,0.03149687871336937,0.6000000238418579
9,skeptical,-0.03284888342022896,-0.12802763283252716,0.03284888342022896,-0.03709051385521889,0.05386417731642723,0.800000011920929
9,panicked,-0.03220856189727783,0.10618159174919128,0.03220856189727783,-0.02969912253320217,0.016687311232089996,1.0
9,hysterical,0.031098416075110435,0.1254885196685791,0.031098416075110435,0.02891313098371029,0.011386087164282799,1.0
9,envious,0.030884569510817528,-0.09335839003324509,0.030884569510817528,0.025304898619651794,0.05250493064522743,0.800000011920929
9,docile,-0.029856884852051735,0.11481323838233948,0.029856884852051735,-0.02260623499751091,0.049030981957912445,0.6000000238418579
9,kind,0.02927832305431366,0.12727753818035126,0.02927832305431366,0.032659027725458145,0.039672981947660446,0.800000011920929
9,embarrassed,-0.028830356895923615,0.11303594708442688,0.028830356895923615,-0.0208115391433239,0.03981366008520126,0.6000000238418579
9,overwhelmed,-0.02844240516424179,0.11566334217786789,0.02844240516424179,-0.020797738805413246,0.04355783760547638,0.4000000059604645
9,unhappy,0.02844236232340336,-0.11229384690523148,0.02844236232340336,0.02347611077129841,0.032938774675130844,0.6000000238418579
9,excited,-0.028390904888510704,0.11168527603149414,0.028390904888510704,-0.02152874693274498,0.03982126712799072,0.800000011920929
9,patient,0.027290023863315582,0.12683899700641632,0.027290023863315582,0.030849039554595947,0.041785698384046555,0.6000000238418579
9,hostile,-0.026474179700016975,-0.12665456533432007,0.026474179700016975,-0.02937726303935051,0.035454846918582916,0.6000000238418579
9,mad,0.025730153545737267,0.12619143724441528,0.025730153545737267,0.02631339430809021,0.02695513144135475,0.800000011920929
9,compassionate,0.025163065642118454,0.12597064673900604,0.025163065642118454,0.024754855781793594,0.03631620481610298,0.6000000238418579
9,hurt,-0.024875368922948837,0.11645703762769699,0.024875368922948837,-0.019531726837158203,0.031373102217912674,0.4000000059604645
9,rejuvenated,0.024328360334038734,0.12625041604042053,0.024328360334038734,0.02809939719736576,0.05111224949359894,0.800000011920929
9,sad,0.024160094559192657,0.12567885220050812,0.024160094559192657,0.023238202556967735,0.022257540374994278,0.800000011920929
9,miserable,-0.023854399099946022,0.11155392974615097,0.023854399099946022,-0.020554665476083755,0.043734535574913025,0.6000000238418579
9,worn out,-0.02333136461675167,0.11517319828271866,0.02333136461675167,-0.01746976748108864,0.02844802848994732,0.6000000238418579
9,eager,-0.0222433190792799,-0.08967842161655426,0.0222433190792799,-0.01969083398580551,0.02311672642827034,0.800000011920929
9,offended,-0.02198629640042782,-0.12583202123641968,0.02198629640042782,-0.02353692054748535,0.03877653181552887,0.6000000238418579
9,scared,0.02166382409632206,-0.1162881925702095,0.02166382409632206,0.016881180927157402,0.021985847502946854,0.6000000238418579
9,grateful,0.019814496859908104,0.12539419531822205,0.019814496859908104,0.020410889759659767,0.030746085569262505,0.6000000238418579
9,vulnerable,0.018516331911087036,-0.11916781961917877,0.018516331911087036,0.012060636654496193,0.035915058106184006,0.6000000238418579
9,hope,-0.01623566634953022,0.11505426466464996,0.01623566634953022,-0.013706843368709087,0.012238980270922184,0.800000011920929
9,exasperated,-0.015777597203850746,0.11610601842403412,0.015777597203850746,-0.013940942473709583,0.021183127537369728,0.800000011920929
9,suspicious,-0.015489478595554829,-0.12440119683742523,0.015489478595554829,-0.01769321598112583,0.023684872314333916,0.800000011920929
9,bitter,-0.015136546455323696,0.11920248717069626,0.015136546455323696,-0.009830832481384277,0.03482014313340187,0.4000000059604645
9,sleepy,0.014446772634983063,0.12399223446846008,0.014446772634983063,0.018048519268631935,0.038709115236997604,0.6000000238418579
9,mortified,0.013946959748864174,-0.018444163724780083,0.013946959748864174,0.010985312052071095,0.022781485691666603,0.800000011920929
9,mystified,-0.013852780684828758,-0.12446893006563187,0.013852780684828758,-0.017969410866498947,0.03800204396247864,0.6000000238418579
9,lazy,-0.013330090790987015,0.1166931763291359,0.013330090790987015,-0.009419223293662071,0.026827862486243248,0.4000000059604645
9,irate,0.012915175408124924,0.12338349968194962,0.012915175408124924,0.011255363933742046,0.03225146234035492,0.6000000238418579
9,enthusiastic,0.012887421064078808,0.11927574127912521,0.012887421064078808,0.014070505276322365,0.02748102881014347,0.800000011920929
9,nostalgic,0.012520058080554008,0.12419446557760239,0.012520058080554008,0.01589355058968067,0.03690437227487564,0.6000000238418579
9,relaxed,0.012283427640795708,-0.10937735438346863,0.012283427640795708,0.011844065971672535,0.01511209737509489,0.800000011920929
9,amused,0.011796516366302967,-0.11847473680973053,0.011796516366302967,0.004741950426250696,0.04864073172211647,0.4000000059604645
9,alert,0.011014712043106556,-0.1160399466753006,0.011014712043106556,0.007666445337235928,0.03385983407497406,0.6000000238418579
9,self-critical,-0.010972502641379833,-0.12300459295511246,0.010972502641379833,-0.013461773283779621,0.0303789172321558,0.800000011920929
9,jubilant,0.009709049016237259,0.12349475920200348,0.009709049016237259,0.014078624546527863,0.04140806943178177,0.6000000238418579
9,self-conscious,-0.009478322230279446,-0.09104892611503601,0.009478322230279446,-0.00926333200186491,0.05810292437672615,0.6000000238418579
9,loving,-0.0092532429844141,-0.11477148532867432,0.0092532429844141,-0.011468427255749702,0.03158605471253395,0.6000000238418579
9,valiant,-0.008113679476082325,-0.07863256335258484,0.008113679476082325,-0.008759002201259136,0.04825589060783386,0.6000000238418579
9,proud,-0.006351829506456852,0.11813395470380783,0.006351829506456852,-0.0013296290999278426,0.04727211222052574,0.800000011920929
9,thankful,-0.005880139768123627,-0.12119223922491074,0.005880139768123627,-0.005832740105688572,0.03936053439974785,0.4000000059604645
9,stressed,0.005751502700150013,-0.12073394656181335,0.005751502700150013,0.00038358120946213603,0.0342012457549572,0.6000000238418579
9,energized,0.005312835797667503,-0.12001708894968033,0.005312835797667503,0.004658193327486515,0.03161770477890968,0.6000000238418579
9,annoyed,-0.005177394021302462,-0.12106095999479294,0.005177394021302462,-0.008375617675483227,0.03877337649464607,0.6000000238418579
9,pleased,0.0046577127650380135,-0.1197843849658966,0.0046577127650380135,0.0013692699139937758,0.02753508649766445,0.4000000059604645
9,insulted,-0.0035437713377177715,0.12106164544820786,0.0035437713377177715,0.0017516918014734983,0.03828152269124985,0.4000000059604645
9,trapped,0.0031923367641866207,-0.11923887580633163,0.0031923367641866207,0.00012429356866050512,0.030752012506127357,0.800000011920929
9,disturbed,0.0028419014997780323,-0.1188153550028801,0.0028419014997780323,0.00029971488402225077,0.026376519352197647,0.4000000059604645
9,bewildered,-0.0027728977147489786,-0.10526290535926819,0.0027728977147489786,-0.005422838963568211,0.03135013207793236,0.4000000059604645
9,surprised,0.002165242563933134,-0.12033884227275848,0.002165242563933134,-0.002882928354665637,0.040296997874975204,0.4000000059604645
9,troubled,0.0013240923872217536,-0.12128820270299911,0.0013240923872217536,-0.0032076016068458557,0.03199445828795433,0.6000000238418579
9,droopy,-0.0009843949228525162,0.11769568920135498,0.0009843949228525162,-0.002862482564523816,0.03749479353427887,0.4000000059604645
9,afraid,-0.0008148198248818517,0.07864975184202194,0.0008148198248818517,-0.00233804015442729,0.016219904646277428,0.6000000238418579
9,ecstatic,-0.000553907360881567,-0.039370372891426086,0.000553907360881567,-0.0011221651220694184,0.018779097124934196,0.4000000059604645
9,dependent,0.0005005747079849243,0.12135614454746246,0.0005005747079849243,0.004853024147450924,0.03912309929728508,0.6000000238418579
9,contemptuous,-7.330731023102999e-05,-0.12155966460704803,7.330731023102999e-05,-0.002732734428718686,0.025243550539016724,0.6000000238418579
10,at ease,0.3447858691215515,0.3149541914463043,0.3447858691215515,0.3159964680671692,0.022530363872647285,1.0
10,tormented,-0.24829071760177612,-0.15149855613708496,0.24829071760177612,-0.229406476020813,0.029508288949728012,1.0
10,irritated,-0.23514239490032196,-0.24836014211177826,0.23514239490032196,-0.21539008617401123,0.03267860412597656,1.0
10,on edge,0.2191973477602005,0.16256876289844513,0.2191973477602005,0.20082657039165497,0.03741803765296936,1.0
10,cheerful,0.21335239708423615,0.04379449784755707,0.21335239708423615,0.19891932606697083,0.012442312203347683,1.0
10,jealous,0.2109670639038086,0.175541952252388,0.2109670639038086,0.18886244297027588,0.04899574816226959,1.0
10,delighted,0.1904202252626419,-0.036319300532341,0.1904202252626419,0.17489060759544373,0.016256043687462807,1.0
10,stubborn,-0.17214961349964142,0.06466010957956314,0.17214961349964142,-0.15238121151924133,0.0434248112142086,1.0
10,nervous,0.17157362401485443,0.055077794939279556,0.17157362401485443,0.15426063537597656,0.03159260004758835,1.0
10,droopy,0.16731813549995422,0.17038865387439728,0.16731813549995422,0.1470297873020172,0.05872080475091934,1.0
10,heartbroken,-0.16185450553894043,0.06546392291784286,0.16185450553894043,-0.14528122544288635,0.03499125316739082,1.0
10,rattled,0.159755140542984,0.18042506277561188,0.159755140542984,0.14444264769554138,0.01986982859671116,1.0
10,outraged,-0.1581258624792099,-0.0562303252518177,0.1581258624792099,-0.14181311428546906,0.032942116260528564,1.0
10,grief-stricken,-0.1580575853586197,0.05695614218711853,0.1580575853586197,-0.14389339089393616,0.022482052445411682,1.0
10,gloomy,-0.1534309834241867,-0.17261441051959991,0.1534309834241867,-0.1406942903995514,0.018717432394623756,1.0
10,ashamed,0.14804282784461975,0.0009486685739830136,0.14804282784461975,0.13458791375160217,0.021121760830283165,1.0
10,humiliated,-0.14785848557949066,-0.18596601486206055,0.14785848557949066,-0.13356877863407135,0.02963973581790924,1.0
10,mad,0.1411980539560318,0.15542292594909668,0.1411980539560318,0.12706968188285828,0.02914547547698021,1.0
10,tense,0.14063651859760284,-0.06861843913793564,0.14063651859760284,0.12630563974380493,0.033794332295656204,1.0
10,depressed,-0.1364702731370926,0.04404422268271446,0.1364702731370926,-0.12823079526424408,0.019928665831685066,1.0
10,lonely,-0.1326165497303009,0.0760999247431755,0.1326165497303009,-0.1171099916100502,0.03649948537349701,1.0
10,scornful,-0.12726691365242004,-0.14203643798828125,0.12726691365242004,-0.11937439441680908,0.022800026461482048,1.0
10,euphoric,0.12322843819856644,0.1675068736076355,0.12322843819856644,0.11571858823299408,0.02691948413848877,1.0
10,sentimental,-0.1203024834394455,-0.16284482181072235,0.1203024834394455,-0.10945725440979004,0.016320012509822845,1.0
10,infatuated,0.119610495865345,0.029556453227996826,0.119610495865345,0.11395587772130966,0.02367290109395981,1.0
10,aroused,0.11926709860563278,-0.08573921024799347,0.11926709860563278,0.10639645904302597,0.025155195966362953,1.0
10,disdainful,0.11796795576810837,0.14917504787445068,0.11796795576810837,0.11103419214487076,0.028843075037002563,1.0
10,sluggish,-0.11506543308496475,0.0798516795039177,0.11506543308496475,-0.10691811144351959,0.02282225526869297,1.0
10,resigned,-0.11499526351690292,-0.14070260524749756,0.11499526351690292,-0.10883462429046631,0.015416075475513935,1.0
10,smug,0.10924698412418365,0.143244668841362,0.10924698412418365,0.09975770860910416,0.01032557524740696,1.0
10,paranoid,0.10628162324428558,-0.07027667760848999,0.10628162324428558,0.0937487781047821,0.03481357544660568,1.0
10,stimulated,0.10612707585096359,0.0034209887962788343,0.10612707585096359,0.09725639969110489,0.02719035930931568,1.0
10,elated,0.10577373206615448,0.14415861666202545,0.10577373206615448,0.10132841765880585,0.024533260613679886,1.0
10,indignant,-0.10439186543226242,-0.1451641023159027,0.10439186543226242,-0.0996406301856041,0.03207501396536827,1.0
10,unsettled,-0.10426120460033417,0.08322574198246002,0.10426120460033417,-0.09201356023550034,0.027072299271821976,1.0
10,patient,0.09807705134153366,0.13670428097248077,0.09807705134153366,0.09442256391048431,0.031069958582520485,1.0
10,obstinate,-0.09806512296199799,0.0942879244685173,0.09806512296199799,-0.08678881078958511,0.02304045297205448,1.0
10,distressed,-0.09701339900493622,0.05355366691946983,0.09701339900493622,-0.08893080800771713,0.04074373468756676,1.0
10,grateful,0.09313663840293884,0.1332099884748459,0.09313663840293884,0.08636193722486496,0.024269266054034233,1.0
10,relieved,-0.09202878922224045,-0.04196500405669212,0.09202878922224045,-0.08139777183532715,0.03517292067408562,1.0
10,dumbstruck,-0.09082699567079544,-0.13266344368457794,0.09082699567079544,-0.08819954097270966,0.033319391310214996,1.0
10,alarmed,-0.09064970910549164,0.05049985274672508,0.09064970910549164,-0.08531240373849869,0.01980927400290966,1.0
10,valiant,0.08983300626277924,0.017788073047995567,0.08983300626277924,0.07821810245513916,0.04843621328473091,0.800000011920929
10,hateful,-0.088729627430439,0.08555713295936584,0.088729627430439,-0.08095870912075043,0.03985784575343132,1.0
10,grumpy,-0.0864233449101448,-0.04420561343431473,0.0864233449101448,-0.08144716918468475,0.025505172088742256,1.0
10,peaceful,0.08636303246021271,-0.06641189008951187,0.08636303246021271,0.08110423386096954,0.021560754626989365,1.0
10,brooding,-0.08609236031770706,0.09481692314147949,0.08609236031770706,-0.07493855804204941,0.03323790058493614,1.0
10,terrified,0.08570209890604019,0.12131604552268982,0.08570209890604019,0.07900780439376831,0.017250938341021538,1.0
10,skeptical,-0.08524838835000992,-0.13245733082294464,0.08524838835000992,-0.08259711414575577,0.02779124118387699,1.0
10,exuberant,0.08490066975355148,-0.06582915782928467,0.08490066975355148,0.0791626051068306,0.013992591761052608,1.0
10,frustrated,-0.08408544957637787,-0.132803812623024,0.08408544957637787,-0.08055577427148819,0.018513929098844528,1.0
10,melancholy,-0.08288675546646118,-0.1375121921300888,0.08288675546646118,-0.07970426976680756,0.019124049693346024,1.0
10,nostalgic,0.08131178468465805,0.12925156950950623,0.08131178468465805,0.07694868743419647,0.027146104723215103,1.0
10,indifferent,0.07970349490642548,0.13554531335830688,0.07970349490642548,0.06958404928445816,0.02790689654648304,1.0
10,impatient,0.07937853783369064,0.13822132349014282,0.07937853783369064,0.07530137151479721,0.018633496016263962,1.0
10,angry,-0.07926018536090851,-0.0834631696343422,0.07926018536090851,-0.07552704215049744,0.045559078454971313,1.0
10,worried,0.07911472767591476,0.1328839659690857,0.07911472767591476,0.07165160030126572,0.019901759922504425,1.0
10,defiant,0.07882853597402573,0.12667936086654663,0.07882853597402573,0.06889893114566803,0.038738809525966644,0.800000011920929
10,disgusted,-0.07742181420326233,0.09426359087228775,0.07742181420326233,-0.06873573362827301,0.01753564365208149,1.0
10,vindictive,-0.07719488441944122,0.0961318090558052,0.07719488441944122,-0.07181620597839355,0.013210611417889595,1.0
10,guilty,-0.07678963243961334,0.07253526896238327,0.07678963243961334,-0.069626584649086,0.021643903106451035,1.0
10,content,0.07632828503847122,-0.08412511646747589,0.07632828503847122,0.07305477559566498,0.030005715787410736,1.0
10,hostile,-0.07389677315950394,-0.1284387707710266,0.07389677315950394,-0.07099108397960663,0.020567193627357483,1.0
10,dispirited,-0.0738673284649849,0.09315095096826553,0.0738673284649849,-0.06625453382730484,0.029060356318950653,1.0
10,desperate,-0.07371706515550613,0.0921429917216301,0.07371706515550613,-0.06422900408506393,0.030200304463505745,1.0
10,sorry,0.07358676195144653,0.12756755948066711,0.07358676195144653,0.07069475948810577,0.029070885851979256,1.0
10,stuck,-0.07334034889936447,-0.13244231045246124,0.07334034889936447,-0.07291946560144424,0.03064444474875927,1.0
10,scared,-0.07319816201925278,-0.13037805259227753,0.07319816201925278,-0.06710971891880035,0.013563040643930435,1.0
10,upset,-0.0723695307970047,0.09652296453714371,0.0723695307970047,-0.06382723897695541,0.019929129630327225,1.0
10,mystified,-0.06776125729084015,-0.12628671526908875,0.06776125729084015,-0.06559111177921295,0.024187438189983368,1.0
10,hopeful,0.06728678941726685,-0.0882970467209816,0.06728678941726685,0.06359612196683884,0.030139915645122528,1.0
10,anxious,-0.06697604060173035,-0.027270428836345673,0.06697604060173035,-0.06204172223806381,0.003686225041747093,1.0
10,rejuvenated,0.06687425076961517,0.12762175500392914,0.06687425076961517,0.0654749795794487,0.039628490805625916,0.800000011920929
10,weary,-0.06640931963920593,-0.11968444287776947,0.06640931963920593,-0.06456594914197922,0.02275036834180355,1.0
10,disoriented,0.06535902619361877,-0.09757736325263977,0.06535902619361877,0.05540516972541809,0.034212224185466766,0.800000011920929
10,offended,-0.0651284009218216,-0.12624362111091614,0.0651284009218216,-0.06159980967640877,0.03359188139438629,1.0
10,reflective,0.06450431793928146,-0.09112565964460373,0.06450431793928146,0.05631218105554581,0.029290638864040375,1.0
10,greedy,0.06279021501541138,-0.00017039908561855555,0.06279021501541138,0.05871639773249626,0.018841126933693886,1.0
10,self-critical,-0.061347782611846924,-0.12785428762435913,0.061347782611846924,-0.05740342289209366,0.022161927074193954,1.0
10,enraged,-0.06093699857592583,0.062180355191230774,0.06093699857592583,-0.05587270110845566,0.008573043160140514,1.0
10,triumphant,0.060574084520339966,-0.08534932881593704,0.060574084520339966,0.054297007620334625,0.044782549142837524,0.800000011920929
10,vigilant,-0.06006719544529915,0.09270170331001282,0.06006719544529915,-0.04865318536758423,0.04276815801858902,0.800000011920929
10,contemptuous,-0.05894823744893074,-0.12576700747013092,0.05894823744893074,-0.05492088943719864,0.02165764942765236,1.0
10,thrilled,0.05698753520846367,-0.09796197712421417,0.05698753520846367,0.049015577882528305,0.040732815861701965,0.800000011920929
10,suspicious,-0.05687691643834114,-0.12578266859054565,0.05687691643834114,-0.0544714517891407,0.011373480781912804,1.0
10,regretful,-0.053893860429525375,0.10112674534320831,0.053893860429525375,-0.0448516383767128,0.0403672531247139,0.800000011920929
10,surprised,-0.05261886119842529,-0.1252269595861435,0.05261886119842529,-0.05101925879716873,0.02821221761405468,1.0
10,worthless,-0.052589647471904755,0.09703746438026428,0.052589647471904755,-0.04807533696293831,0.033794064074754715,1.0
10,empathetic,0.05213720723986626,0.12601448595523834,0.05213720723986626,0.05395740270614624,0.034220848232507706,1.0
10,restless,-0.05186617374420166,0.02628612332046032,0.05186617374420166,-0.05165312439203262,0.04368666931986809,0.800000011920929
10,perplexed,0.05084272101521492,0.12439243495464325,0.05084272101521492,0.05060623958706856,0.02912536822259426,1.0
10,compassionate,0.05050671100616455,0.12558427453041077,0.05050671100616455,0.04949913173913956,0.03766567260026932,1.0
10,horrified,-0.04979949817061424,0.10344593226909637,0.04979949817061424,-0.04421341046690941,0.013639354147017002,1.0
10,self-confident,0.04968428611755371,-0.10389707237482071,0.04968428611755371,0.04272454231977463,0.025830375030636787,1.0
10,calm,-0.04889499396085739,-0.05711716413497925,0.04889499396085739,-0.04099184647202492,0.02964402362704277,0.800000011920929
10,joyful,0.04863202944397926,-0.10388176143169403,0.04863202944397926,0.042664505541324615,0.01781345158815384,1.0
10,sad,0.04800678417086601,0.12491755932569504,0.04800678417086601,0.043771304190158844,0.009437109343707561,1.0
10,thankful,-0.047269877046346664,-0.12449154257774353,0.047269877046346664,-0.043249957263469696,0.027158204466104507,1.0
10,spiteful,-0.04676121100783348,0.06383762508630753,0.04676121100783348,-0.04929172247648239,0.04167109727859497,1.0
10,bored,-0.0464828684926033,0.10358624905347824,0.0464828684926033,-0.038714032620191574,0.035343412309885025,0.800000011920929
10,annoyed,-0.04489748552441597,-0.12365883588790894,0.04489748552441597,-0.04433686286211014,0.03691691905260086,0.800000011920929
10,proud,0.04274970293045044,0.12304097414016724,0.04274970293045044,0.04081492871046066,0.023280510678887367,1.0
10,unnerved,-0.04270092025399208,0.06403440237045288,0.04270092025399208,-0.03854972496628761,0.01526702381670475,1.0
10,shaken,0.04206573963165283,0.06478452682495117,0.04206573963165283,0.03837139159440994,0.011232966557145119,1.0
10,irate,0.041784513741731644,0.12264766544103622,0.041784513741731644,0.03777158260345459,0.02379452995955944,1.0
10,self-conscious,0.03981489688158035,-0.04139925166964531,0.03981489688158035,0.036598797887563705,0.04456792026758194,0.800000011920929
10,fulfilled,0.03956737369298935,-0.10478556156158447,0.03956737369298935,0.035847097635269165,0.017769748345017433,1.0
10,kind,0.03900874778628349,0.12165256589651108,0.03900874778628349,0.041685380041599274,0.03475668653845787,0.800000011920929
10,relaxed,-0.038460634648799896,-0.12067805975675583,0.038460634648799896,-0.03390216454863548,0.02231747657060623,1.0
10,amazed,-0.03759495168924332,-0.11896602809429169,0.03759495168924332,-0.03545774146914482,0.014104410074651241,1.0
10,inspired,0.03640981391072273,0.11765842884778976,0.03640981391072273,0.03722115606069565,0.02549780160188675,1.0
10,disturbed,-0.03613680601119995,-0.12117373943328857,0.03613680601119995,-0.034771569073200226,0.026287199929356575,0.800000011920929
10,eager,-0.03580968827009201,-0.09021081775426865,0.03580968827009201,-0.03401007875800133,0.022222653031349182,1.0
10,stressed,-0.03509468212723732,-0.12040094286203384,0.03509468212723732,-0.03631623834371567,0.023549815639853477,0.800000011920929
10,hope,0.03342821076512337,0.12036033719778061,0.03342821076512337,0.031237801536917686,0.017790816724300385,1.0
10,troubled,-0.032722827047109604,-0.12003590166568756,0.032722827047109604,-0.03331802040338516,0.023150663822889328,1.0
10,enthusiastic,0.03230613097548485,0.11812005937099457,0.03230613097548485,0.03133318945765495,0.019690824672579765,0.800000011920929
10,insulted,0.03136616572737694,0.11968613415956497,0.03136616572737694,0.032654937356710434,0.02802773006260395,0.800000011920929
10,hurt,-0.031069232150912285,0.10565468668937683,0.031069232150912285,-0.025894571095705032,0.022848214954137802,0.800000011920929
10,uneasy,0.031065763905644417,0.1197739988565445,0.031065763905644417,0.030692342668771744,0.019890593364834785,1.0
10,satisfied,0.029198553413152695,0.10972753912210464,0.029198553413152695,0.03322753682732582,0.04017576575279236,0.6000000238418579
10,astonished,-0.028012579306960106,0.06665942817926407,0.028012579306960106,-0.022229677066206932,0.029158178716897964,0.6000000238418579
10,frightened,0.02775505557656288,-0.10229842364788055,0.02775505557656288,0.022216834127902985,0.0264064222574234,0.800000011920929
10,energized,-0.02665255218744278,-0.11870387196540833,0.02665255218744278,-0.02332502231001854,0.020273547619581223,1.0
10,refreshed,0.02622850053012371,-0.04510197043418884,0.02622850053012371,0.02974957600235939,0.03553346171975136,0.6000000238418579
10,afraid,-0.025714291259646416,0.044658757746219635,0.025714291259646416,-0.024109983816742897,0.011563019827008247,1.0
10,jubilant,0.02561964839696884,0.11850190162658691,0.02561964839696884,0.02715136483311653,0.026633936911821365,0.800000011920929
10,envious,-0.025404861196875572,-0.11157091706991196,0.025404861196875572,-0.022757822647690773,0.03182070329785347,0.6000000238418579
10,remorseful,0.025363098829984665,0.11149422824382782,0.025363098829984665,0.025517284870147705,0.041288044303655624,0.800000011920929
10,lazy,0.025290468707680702,0.11810676753520966,0.025290468707680702,0.023740869015455246,0.01428082026541233,1.0
10,sensitive,-0.024699613451957703,0.1036686822772026,0.024699613451957703,-0.016372378915548325,0.044196754693984985,0.800000011920929
10,safe,-0.023820988833904266,-0.057954154908657074,0.023820988833904266,-0.017671052366495132,0.04215361550450325,0.800000011920929
10,alert,-0.02286241389811039,-0.11706290394067764,0.02286241389811039,-0.023419994860887527,0.035346899181604385,0.800000011920929
10,shocked,0.021128082647919655,-0.10875005275011063,0.021128082647919655,0.016792718321084976,0.030631624162197113,0.800000011920929
10,sleepy,0.01916358806192875,0.11677486449480057,0.01916358806192875,0.02137446217238903,0.028930671513080597,0.800000011920929
10,loving,0.01856987550854683,-0.09087499231100082,0.01856987550854683,0.014941567555069923,0.0307608712464571,0.6000000238418579
10,bitter,-0.01853332668542862,0.10971859097480774,0.01853332668542862,-0.012243574485182762,0.0343007855117321,0.800000011920929
10,mortified,0.01839643344283104,-0.007032317109405994,0.01839643344283104,0.014760220423340797,0.01686345599591732,0.6000000238418579
10,vibrant,0.017022449523210526,-0.10961346328258514,0.017022449523210526,0.011752089485526085,0.03182134032249451,0.4000000059604645
10,serene,0.016962286084890366,0.11647344380617142,0.016962286084890366,0.02156267687678337,0.03736389800906181,0.6000000238418579
10,miserable,0.016892077401280403,0.11470562219619751,0.016892077401280403,0.013447821140289307,0.04225136339664459,0.800000011920929
10,playful,0.0165902990847826,-0.11059768497943878,0.0165902990847826,0.014008959755301476,0.01664103753864765,0.800000011920929
10,bewildered,-0.016112597659230232,-0.10238704830408096,0.016112597659230232,-0.01946115866303444,0.04270754009485245,0.6000000238418579
10,hysterical,0.01606847532093525,0.10969096422195435,0.01606847532093525,0.01542248297482729,0.008255108259618282,1.0
10,pleased,-0.015806302428245544,-0.11595627665519714,0.015806302428245544,-0.01596137508749962,0.01616889424622059,0.6000000238418579
10,resentful,-0.01576235145330429,0.1092732846736908,0.01576235145330429,-0.016115767881274223,0.0145141975954175,0.800000011920929
10,dependent,0.01511275302618742,0.11604967713356018,0.01511275302618742,0.01706947200000286,0.02865309827029705,0.6000000238418579
10,docile,0.014060154557228088,0.11573275923728943,0.014060154557228088,0.016079414635896683,0.04145115986466408,0.800000011920929
10,trapped,0.013953332789242268,-0.10710801184177399,0.013953332789242268,0.009645623154938221,0.02188633754849434,0.800000011920929
10,vengeful,0.01384796854108572,0.11469101160764694,0.01384796854108572,0.015908222645521164,0.024773679673671722,0.6000000238418579
10,vulnerable,-0.01134964544326067,-0.11585820466279984,0.01134964544326067,-0.01479697972536087,0.02976686879992485,0.6000000238418579
10,tired,0.011317459866404533,0.11515889316797256,0.011317459866404533,0.00787726603448391,0.035887084901332855,0.6000000238418579
10,awestruck,0.010563194751739502,0.11542265862226486,0.010563194751739502,0.011545930989086628,0.029535507783293724,0.800000011920929
10,sympathetic,0.0096599031239748,-0.08592749387025833,0.0096599031239748,0.011145380325615406,0.033496495336294174,0.4000000059604645
10,furious,-0.009533088654279709,-0.11517223715782166,0.009533088654279709,-0.012899124994874,0.03417820855975151,0.6000000238418579
10,panicked,0.009278727695345879,0.11059396713972092,0.009278727695345879,0.0052999393083155155,0.02326987311244011,0.4000000059604645
10,embarrassed,-0.009188837371766567,0.10848197340965271,0.009188837371766567,-0.0031893551349639893,0.032129473984241486,0.6000000238418579
10,optimistic,0.008920271880924702,-0.10955663025379181,0.008920271880924702,0.00649140914902091,0.03692803159356117,0.4000000059604645
10,amused,-0.008271739818155766,-0.11426400393247604,0.008271739818155766,-0.01204515527933836,0.03647888824343681,0.6000000238418579
10,worn out,-0.00707022100687027,0.10984405130147934,0.00707022100687027,-0.0019976317416876554,0.02846914529800415,0.6000000238418579
10,blissful,0.006985326297581196,-0.10967859625816345,0.006985326297581196,0.008236605674028397,0.022545700892806053,0.6000000238418579
10,overwhelmed,-0.006678982172161341,0.11128419637680054,0.006678982172161341,-0.0031683642882853746,0.02783549204468727,0.4000000059604645
10,listless,0.00520053505897522,0.10603487491607666,0.00520053505897522,0.005258610006421804,0.01521281711757183,0.800000011920929
10,invigorated,-0.005187549162656069,-0.0778428316116333,0.005187549162656069,-0.001602841541171074,0.02951001189649105,0.6000000238418579
10,exasperated,0.004994119517505169,0.11235340684652328,0.004994119517505169,0.0037038885056972504,0.012821115553379059,0.4000000059604645
10,sullen,-0.004989203531295061,-0.11428466439247131,0.004989203531295061,-0.008001765236258507,0.02566199004650116,0.6000000238418579
10,excited,0.004856549669057131,0.1116090640425682,0.004856549669057131,0.009057360701262951,0.032633427530527115,0.6000000238418579
10,happy,0.004283842630684376,-0.11193517595529556,0.004283842630684376,0.005680103786289692,0.02263142541050911,0.800000011920929
10,puzzled,0.003866821527481079,-0.11193198710680008,0.003866821527481079,0.0007756687700748444,0.022926807403564453,0.4000000059604645
10,ecstatic,0.0035170195624232292,-0.02656731940805912,0.0035170195624232292,0.003429268253967166,0.012610960751771927,0.6000000238418579
10,unhappy,0.00041186052840203047,-0.11053495109081268,0.00041186052840203047,-0.002364564221352339,0.025687366724014282,0.6000000238418579
11,at ease,0.3300856351852417,0.30643656849861145,0.3300856351852417,0.29890570044517517,0.044931694865226746,1.0
11,tormented,-0.23538927733898163,-0.1649094671010971,0.23538927733898163,-0.21527433395385742,0.022151408717036247,1.0
11,cheerful,0.2245349884033203,0.07586102932691574,0.2245349884033203,0.20830638706684113,0.011595259420573711,1.0
11,irritated,-0.21560470759868622,-0.22929203510284424,0.21560470759868622,-0.1963183730840683,0.03531306982040405,1.0
11,delighted,0.21316950023174286,-0.0028356192633509636,0.21316950023174286,0.19495360553264618,0.018671507015824318,1.0
11,on edge,0.1850387454032898,0.14583031833171844,0.1850387454032898,0.1681261658668518,0.04982056841254234,1.0
11,jealous,0.17756393551826477,0.15905091166496277,0.17756393551826477,0.15639211237430573,0.06799059361219406,1.0
11,depressed,-0.17579716444015503,0.0015605923254042864,0.17579716444015503,-0.16166087985038757,0.010462221689522266,1.0
11,rattled,0.17083051800727844,0.18040506541728973,0.17083051800727844,0.15158183872699738,0.03967484086751938,1.0
11,gloomy,-0.15652666985988617,-0.16574403643608093,0.15652666985988617,-0.14246506989002228,0.013505847193300724,1.0
11,ashamed,0.15516263246536255,0.030953189358115196,0.15516263246536255,0.13983575999736786,0.020888011902570724,1.0
11,outraged,-0.15340840816497803,-0.073011115193367,0.15340840816497803,-0.13746264576911926,0.04053553193807602,1.0
11,stubborn,-0.15223823487758636,0.05256514251232147,0.15223823487758636,-0.13476751744747162,0.039146605879068375,1.0
11,elated,0.1491742730140686,0.14939403533935547,0.1491742730140686,0.13892774283885956,0.016187001019716263,1.0
11,sluggish,-0.14822088181972504,0.05237836390733719,0.14822088181972504,-0.13601212203502655,0.01907925307750702,1.0
11,lonely,-0.13990823924541473,0.05628271400928497,0.13990823924541473,-0.12345951795578003,0.035128284245729446,1.0
11,grief-stricken,-0.1387820541858673,0.04530486464500427,0.1387820541858673,-0.12591609358787537,0.01646006666123867,1.0
11,nervous,0.138252392411232,0.049661073833703995,0.138252392411232,0.12279484421014786,0.032745569944381714,1.0
11,humiliated,-0.1365959644317627,-0.16962109506130219,0.1365959644317627,-0.12265457212924957,0.032107047736644745,1.0
11,infatuated,0.13459180295467377,0.061603717505931854,0.13459180295467377,0.12662892043590546,0.022755850106477737,1.0
11,heartbroken,-0.1263456493616104,0.05816688388586044,0.1263456493616104,-0.11364090442657471,0.02876599133014679,1.0
11,aroused,0.12495817244052887,-0.06767601519823074,0.12495817244052887,0.11125540733337402,0.027829498052597046,1.0
11,scornful,-0.12319318950176239,-0.1303238868713379,0.12319318950176239,-0.11403322219848633,0.016939297318458557,1.0
11,brooding,-0.11868105828762054,0.07124817371368408,0.11868105828762054,-0.10388512909412384,0.036142196506261826,1.0
11,unsettled,-0.1163555383682251,0.062234506011009216,0.1163555383682251,-0.10230809450149536,0.03135072812438011,1.0
11,euphoric,0.11586276441812515,0.15345628559589386,0.11586276441812515,0.10833176225423813,0.022436220198869705,1.0
11,sentimental,-0.1124221459031105,-0.14775502681732178,0.1124221459031105,-0.10009174048900604,0.025968516245484352,1.0
11,melancholy,-0.11136314272880554,-0.13773930072784424,0.11136314272880554,-0.10320347547531128,0.01059875451028347,1.0
11,impatient,0.11075163632631302,0.1415707916021347,0.11075163632631302,0.10150863230228424,0.025121381506323814,1.0
11,mad,0.10953988879919052,0.13466158509254456,0.10953988879919052,0.09591091424226761,0.04644149914383888,1.0
11,droopy,0.10925524681806564,0.13721929490566254,0.10925524681806564,0.09395692497491837,0.06609303504228592,1.0
11,angry,-0.10884158313274384,-0.11304249614477158,0.10884158313274384,-0.10241682827472687,0.048889048397541046,1.0
11,resigned,-0.10815507918596268,-0.12804245948791504,0.10815507918596268,-0.10082520544528961,0.010132810100913048,1.0
11,grumpy,-0.10734065622091293,-0.0753009244799614,0.10734065622091293,-0.098992720246315,0.02980717271566391,1.0
11,hopeful,0.10647307336330414,-0.05854041501879692,0.10647307336330414,0.09847325086593628,0.028194911777973175,1.0
11,grateful,0.10606423020362854,0.12485393136739731,0.10606423020362854,0.09645356237888336,0.027574608102440834,1.0
11,smug,0.10451389104127884,0.13109897077083588,0.10451389104127884,0.0945860892534256,0.015189407393336296,1.0
11,desperate,-0.10438331216573715,0.06637061387300491,0.10438331216573715,-0.09113209694623947,0.03622826561331749,1.0
11,tense,0.10376022756099701,-0.06237679347395897,0.10376022756099701,0.09360621869564056,0.01961425505578518,1.0
11,dispirited,-0.10375707596540451,0.06879806518554688,0.10375707596540451,-0.09181027114391327,0.03182303160429001,1.0
11,obstinate,-0.10274851322174072,0.07757312804460526,0.10274851322174072,-0.09123098850250244,0.022014658898115158,1.0
11,guilty,-0.10193152725696564,0.04231477901339531,0.10193152725696564,-0.09127306938171387,0.02180326171219349,1.0
11,empathetic,0.09974995255470276,0.13972169160842896,0.09974995255470276,0.0950896218419075,0.021470604464411736,1.0
11,patient,0.09930842369794846,0.12566468119621277,0.09930842369794846,0.0942537933588028,0.02828120067715645,1.0
11,skeptical,-0.09889480471611023,-0.1240994781255722,0.09889480471611023,-0.09346264600753784,0.023058844730257988,1.0
11,weary,-0.09543167054653168,-0.13462375104427338,0.09543167054653168,-0.08857111632823944,0.008745376951992512,1.0
11,upset,-0.09472107887268066,0.07560829073190689,0.09472107887268066,-0.08418872207403183,0.02039334923028946,1.0
11,restless,-0.09355715662240982,-0.023444902151823044,0.09355715662240982,-0.08775072544813156,0.03237927705049515,1.0
11,paranoid,0.09288958460092545,-0.05648467689752579,0.09288958460092545,0.08020247519016266,0.04424043744802475,1.0
11,distressed,-0.09183613955974579,0.03806067258119583,0.09183613955974579,-0.08275923877954483,0.04087989404797554,1.0
11,hateful,-0.09175196290016174,0.06737744808197021,0.09175196290016174,-0.08352962881326675,0.0361381396651268,1.0
11,content,0.08819514513015747,-0.06293851882219315,0.08819514513015747,0.08364125341176987,0.029401669278740883,1.0
11,stimulated,0.0865090936422348,0.004952471237629652,0.0865090936422348,0.0778820663690567,0.028679264709353447,1.0
11,peaceful,0.0861445963382721,-0.04696673899888992,0.0861445963382721,0.08127053827047348,0.020139196887612343,1.0
11,triumphant,0.08449365198612213,-0.05904126912355423,0.08449365198612213,0.07570522278547287,0.03912721201777458,1.0
11,dumbstruck,-0.08321292698383331,-0.119150809943676,0.08321292698383331,-0.08061130344867706,0.03154877945780754,1.0
11,inspired,0.0821557343006134,0.13044628500938416,0.0821557343006134,0.07748248428106308,0.016054347157478333,1.0
11,exuberant,0.08063632249832153,-0.04880044236779213,0.08063632249832153,0.07535763829946518,0.02112654596567154,1.0
11,scared,-0.08011116087436676,-0.12038905918598175,0.08011116087436676,-0.07307292520999908,0.02435911074280739,1.0
11,worthless,-0.07949552685022354,0.07289860397577286,0.07949552685022354,-0.07136930525302887,0.034396879374980927,1.0
11,anxious,-0.07682501524686813,-0.04765544831752777,0.07682501524686813,-0.07089269161224365,0.0049713365733623505,1.0
11,valiant,0.07643065601587296,0.019756069406867027,0.07643065601587296,0.06619232892990112,0.04318622127175331,0.800000011920929
11,nostalgic,0.07441466301679611,0.11569131165742874,0.07441466301679611,0.06900768727064133,0.03207549825310707,1.0
11,defiant,0.07421630620956421,0.11304841190576553,0.07421630620956421,0.06361328065395355,0.04665845260024071,0.800000011920929
11,frustrated,-0.07280043512582779,-0.11806835979223251,0.07280043512582779,-0.06925450265407562,0.01757235638797283,1.0
11,alarmed,-0.07156791538000107,0.04315350204706192,0.07156791538000107,-0.06870648264884949,0.02224990352988243,1.0
11,indignant,-0.07137330621480942,-0.12178625911474228,0.07137330621480942,-0.06897862255573273,0.027447372674942017,1.0
11,spiteful,-0.0703049898147583,0.03267764672636986,0.0703049898147583,-0.07014568150043488,0.04230426624417305,1.0
11,rejuvenated,0.06947191059589386,0.11592965573072433,0.06947191059589386,0.06706920266151428,0.037358276546001434,0.800000011920929
11,stuck,-0.06942833960056305,-0.11949869245290756,0.06942833960056305,-0.06788384914398193,0.025299429893493652,1.0
11,proud,0.06879603862762451,0.11848762631416321,0.06879603862762451,0.06261639297008514,0.021376367658376694,1.0
11,disdainful,0.06702911853790283,0.11971581727266312,0.06702911853790283,0.06541113555431366,0.031599000096321106,1.0
11,hope,0.06664518266916275,0.11834321916103363,0.06664518266916275,0.06073456257581711,0.016992127522826195,1.0
11,self-confident,0.06611979752779007,-0.08561842143535614,0.06611979752779007,0.0580022819340229,0.024963723495602608,1.0
11,vindictive,-0.06522350758314133,0.08329518884420395,0.06522350758314133,-0.060895681381225586,0.021137384697794914,1.0
11,hurt,-0.06480208784341812,0.08245811611413956,0.06480208784341812,-0.05656415969133377,0.023807641118764877,1.0
11,bored,-0.06330020725727081,0.08505094796419144,0.06330020725727081,-0.053691018372774124,0.03628091141581535,0.800000011920929
11,disoriented,0.062632717192173,-0.08262183517217636,0.062632717192173,0.05203083157539368,0.04292518272995949,0.800000011920929
11,bewildered,-0.06238552927970886,-0.11838215589523315,0.06238552927970886,-0.0606461837887764,0.038271304219961166,1.0
11,thrilled,0.06184327229857445,-0.08093259483575821,0.06184327229857445,0.05380769819021225,0.03988541290163994,0.800000011920929
11,annoyed,-0.06105197221040726,-0.11604584753513336,0.06105197221040726,-0.057530540972948074,0.03688693419098854,1.0
11,ecstatic,0.05935804918408394,0.037311799824237823,0.05935804918408394,0.05354919284582138,0.013428268022835255,1.0
11,joyful,0.059075310826301575,-0.08691331744194031,0.059075310826301575,0.052666883915662766,0.014783956110477448,1.0
11,sorry,0.05877472087740898,0.11218492686748505,0.05877472087740898,0.05623490363359451,0.026083722710609436,1.0
11,hostile,-0.057952314615249634,-0.11255484074354172,0.057952314615249634,-0.055403489619493484,0.017957977950572968,1.0
11,relieved,-0.05626598745584488,-0.01710488460958004,0.05626598745584488,-0.04866952821612358,0.036964770406484604,1.0
11,greedy,0.0561668686568737,0.006979663856327534,0.0561668686568737,0.05316425487399101,0.022612566128373146,1.0
11,astonished,-0.055708710104227066,0.031319644302129745,0.055708710104227066,-0.047803912311792374,0.0313902385532856,1.0
11,suspicious,-0.05569453537464142,-0.11296504735946655,0.05569453537464142,-0.052500031888484955,0.009400318376719952,1.0
11,vigilant,-0.05562261492013931,0.07864964008331299,0.05562261492013931,-0.04601319506764412,0.03611241653561592,0.800000011920929
11,offended,-0.05545422062277794,-0.11160030215978622,0.05545422062277794,-0.052142538130283356,0.033461663872003555,0.800000011920929
11,satisfied,0.05369165167212486,0.11239083856344223,0.05369165167212486,0.05437754467129707,0.036668553948402405,1.0
11,compassionate,0.05329028517007828,0.11406778544187546,0.05329028517007828,0.05130467936396599,0.029997002333402634,1.0
11,contemptuous,-0.053021643310785294,-0.11182814836502075,0.053021643310785294,-0.048756323754787445,0.025479450821876526,1.0
11,kind,0.052248209714889526,0.11224133521318436,0.052248209714889526,0.05195923522114754,0.025988614186644554,1.0
11,fulfilled,0.0517752543091774,-0.08715472370386124,0.0517752543091774,0.04701165109872818,0.017933929339051247,1.0
11,loving,0.05084790661931038,-0.05700342729687691,0.05084790661931038,0.04348032549023628,0.028234485536813736,1.0
11,perplexed,0.05049276351928711,0.11167677491903305,0.05049276351928711,0.04900341108441353,0.02134527452290058,1.0
11,horrified,-0.050240904092788696,0.08856752514839172,0.050240904092788696,-0.044706009328365326,0.011781927198171616,1.0
11,enraged,-0.04843057692050934,0.05262574926018715,0.04843057692050934,-0.044310443103313446,0.012914796359837055,1.0
11,mystified,-0.04841354489326477,-0.10980777442455292,0.04841354489326477,-0.046857234090566635,0.02221938781440258,1.0
11,unnerved,-0.04754765331745148,0.044072236865758896,0.04754765331745148,-0.04402022808790207,0.016137532889842987,1.0
11,vibrant,0.04751673340797424,-0.08845877647399902,0.04751673340797424,0.03964018076658249,0.03077135607600212,0.800000011920929
11,self-critical,-0.04526178911328316,-0.11075080931186676,0.04526178911328316,-0.0423022024333477,0.021576978266239166,1.0
11,blissful,0.044999752193689346,-0.08418083935976028,0.044999752193689346,0.04229080677032471,0.02903580851852894,0.800000011920929
11,disgusted,-0.043900296092033386,0.08717620372772217,0.043900296092033386,-0.03865876793861389,0.013723298907279968,1.0
11,eager,-0.043145567178726196,-0.08629685640335083,0.043145567178726196,-0.04062113165855408,0.026075443252921104,1.0
11,disturbed,-0.042222145944833755,-0.11026299744844437,0.042222145944833755,-0.04105463624000549,0.035270366817712784,0.800000011920929
11,playful,0.04197841137647629,-0.09143966436386108,0.04197841137647629,0.03750390559434891,0.017218219116330147,1.0
11,troubled,-0.041849177330732346,-0.10907450318336487,0.041849177330732346,-0.040379010140895844,0.016449617221951485,1.0
11,calm,-0.03898215666413307,-0.045212190598249435,0.03898215666413307,-0.03219885751605034,0.02590947598218918,1.0
11,afraid,-0.03769829869270325,0.01986704021692276,0.03769829869270325,-0.034716054797172546,0.022751586511731148,0.800000011920929
11,regretful,-0.03461265563964844,0.0908157154917717,0.03461265563964844,-0.027671819552779198,0.03658084198832512,0.800000011920929
11,surprised,-0.034564193338155746,-0.10766656696796417,0.034564193338155746,-0.033892594277858734,0.030404802411794662,0.800000011920929
11,sympathetic,0.034530192613601685,-0.05478493496775627,0.034530192613601685,0.03458821773529053,0.037881165742874146,0.800000011920929
11,happy,0.03446640819311142,-0.09090336412191391,0.03446640819311142,0.033011071383953094,0.025357387959957123,0.800000011920929
11,insulted,0.034246258437633514,0.10720329731702805,0.034246258437633514,0.0338921919465065,0.025133563205599785,0.800000011920929
11,frightened,0.03367118909955025,-0.08538211137056351,0.03367118909955025,0.02722044661641121,0.027852579951286316,0.800000011920929
11,resentful,-0.03306611627340317,0.09073597192764282,0.03306611627340317,-0.032772134989500046,0.0216350294649601,1.0
11,exasperated,0.033049341291189194,0.10726724565029144,0.033049341291189194,0.027892958372831345,0.0183938629925251,0.800000011920929
11,optimistic,0.03269115090370178,-0.08885787427425385,0.03269115090370178,0.028860095888376236,0.03853616863489151,0.6000000238418579
11,panicked,-0.03245024010539055,0.08007808774709702,0.03245024010539055,-0.03310055658221245,0.02524438686668873,1.0
11,enthusiastic,0.0319405123591423,0.10462621599435806,0.0319405123591423,0.031019508838653564,0.019126752391457558,1.0
11,reflective,0.03167250379920006,-0.0858193039894104,0.03167250379920006,0.027051400393247604,0.02324789948761463,0.800000011920929
11,jubilant,0.03049089014530182,0.1063576340675354,0.03049089014530182,0.030402209609746933,0.018029192462563515,1.0
11,worried,0.03042563423514366,0.10648199170827866,0.03042563423514366,0.027894701808691025,0.021047621965408325,1.0
11,envious,-0.03007497452199459,-0.10113950073719025,0.03007497452199459,-0.026737872511148453,0.023989751935005188,0.800000011920929
11,safe,-0.0298202782869339,-0.05763716250658035,0.0298202782869339,-0.02247985079884529,0.033059559762477875,0.6000000238418579
11,remorseful,0.029786687344312668,0.1005784273147583,0.029786687344312668,0.028439918532967567,0.04338965564966202,0.800000011920929
11,indifferent,0.029612643644213676,0.10590466856956482,0.029612643644213676,0.024248292669653893,0.02782992273569107,0.800000011920929
11,shocked,0.02768596261739731,-0.09300822764635086,0.02768596261739731,0.022606465965509415,0.029011346399784088,0.800000011920929
11,overwhelmed,-0.027547292411327362,0.09207296371459961,0.027547292411327362,-0.02298431657254696,0.02668270468711853,0.6000000238418579
11,dependent,-0.02740856073796749,0.09164156764745712,0.02740856073796749,-0.021763470023870468,0.030766068026423454,0.800000011920929
11,sad,0.02648152783513069,0.10484698414802551,0.02648152783513069,0.023029932752251625,0.012903973460197449,0.800000011920929
11,irate,0.0263527762144804,0.10528051853179932,0.0263527762144804,0.022719383239746094,0.019817544147372246,1.0
11,terrified,0.026210563257336617,0.057825058698654175,0.026210563257336617,0.02481062337756157,0.01538463868200779,1.0
11,unhappy,-0.024873429909348488,-0.10462012141942978,0.024873429909348488,-0.023764794692397118,0.01737183891236782,1.0
11,relaxed,-0.023563381284475327,-0.10028683394193649,0.023563381284475327,-0.019468531012535095,0.035259392112493515,0.6000000238418579
11,bitter,-0.022394414991140366,0.09461255371570587,0.022394414991140366,-0.01638457179069519,0.03163711726665497,0.6000000238418579
11,stressed,-0.02177046611905098,-0.10436952114105225,0.02177046611905098,-0.02340609021484852,0.021322965621948242,0.800000011920929
11,vengeful,0.02028057724237442,0.10308182239532471,0.02028057724237442,0.020809266716241837,0.028559008613228798,0.6000000238418579
11,amazed,-0.02027529664337635,-0.09685823321342468,0.02027529664337635,-0.018953703343868256,0.0096949627622962,1.0
11,hysterical,-0.020143045112490654,0.07730162888765335,0.020143045112490654,-0.017710572108626366,0.012704864144325256,0.800000011920929
11,serene,0.01999257691204548,0.10382729768753052,0.01999257691204548,0.023651408031582832,0.033791813999414444,0.6000000238418579
11,listless,-0.019602453336119652,0.07983177155256271,0.019602453336119652,-0.016053318977355957,0.016341980546712875,0.800000011920929
11,tired,-0.01916830614209175,0.09404636174440384,0.01916830614209175,-0.0194680318236351,0.037980448454618454,0.6000000238418579
11,alert,-0.018781518563628197,-0.10241039097309113,0.018781518563628197,-0.01950414851307869,0.03658788278698921,0.800000011920929
11,worn out,-0.018187470734119415,0.09239663183689117,0.018187470734119415,-0.01233331486582756,0.029765207320451736,0.800000011920929
11,amused,0.017905570566654205,-0.09357228130102158,0.017905570566654205,0.012249541468918324,0.032823994755744934,0.6000000238418579
11,docile,-0.014680084772408009,0.09471278637647629,0.014680084772408009,-0.00985556561499834,0.04124600067734718,0.6000000238418579
11,refreshed,-0.014591878280043602,-0.06635947525501251,0.014591878280043602,-0.006679809186607599,0.050946980714797974,0.6000000238418579
11,shaken,0.014383082278072834,0.031246619299054146,0.014383082278072834,0.012940650805830956,0.009787673130631447,1.0
11,embarrassed,-0.013872640207409859,0.09284380078315735,0.013872640207409859,-0.008136625401675701,0.02958119474351406,0.800000011920929
11,self-conscious,0.012280374765396118,-0.04886968806385994,0.012280374765396118,0.011595403775572777,0.03726312518119812,0.6000000238418579
11,sensitive,-0.0114134531468153,0.09323275089263916,0.0114134531468153,-0.004792144056409597,0.041878022253513336,0.800000011920929
11,thankful,0.01111322920769453,-0.09291679412126541,0.01111322920769453,0.009687994606792927,0.02241300605237484,0.6000000238418579
11,awestruck,0.011086899787187576,0.10198800265789032,0.011086899787187576,0.011151193641126156,0.029591524973511696,0.800000011920929
11,excited,0.010929801501333714,0.0997278243303299,0.010929801501333714,0.014681017026305199,0.03618033975362778,0.6000000238418579
11,furious,0.009475224651396275,-0.0972977727651596,0.009475224651396275,0.004854975268244743,0.03121616318821907,0.4000000059604645
11,pleased,0.008924556896090508,-0.09567796438932419,0.008924556896090508,0.007377677597105503,0.014684842899441719,0.6000000238418579
11,lazy,-0.008923928253352642,0.09408614039421082,0.008923928253352642,-0.008340234868228436,0.012526812963187695,0.800000011920929
11,invigorated,-0.007616817019879818,-0.06636487692594528,0.007616817019879818,-0.0027198840398341417,0.04210508614778519,0.6000000238418579
11,mortified,-0.006538751535117626,-0.0270225927233696,0.006538751535117626,-0.006997046060860157,0.006801865994930267,0.800000011920929
11,miserable,0.006329990923404694,0.09700234979391098,0.006329990923404694,0.004198110196739435,0.04585140198469162,0.6000000238418579
11,sullen,0.0059280963614583015,-0.09811203926801682,0.0059280963614583015,0.0022611028980463743,0.022455289959907532,0.6000000238418579
11,vulnerable,-0.005738539155572653,-0.10120603442192078,0.005738539155572653,-0.009208107367157936,0.028467141091823578,0.6000000238418579
11,uneasy,0.0026793614961206913,0.09887101501226425,0.0026793614961206913,0.0048639895394444466,0.019478432834148407,0.6000000238418579
11,sleepy,-0.0015170720871537924,0.09757460653781891,0.0015170720871537924,0.0023255557753145695,0.02811032347381115,0.4000000059604645
11,energized,0.0007814317941665649,-0.09837140142917633,0.0007814317941665649,0.0018919792491942644,0.023367438465356827,0.4000000059604645
11,puzzled,0.0005751479184255004,-0.09876374900341034,0.0005751479184255004,-0.0014648906653746963,0.023420970886945724,0.4000000059604645
11,trapped,0.00019671717018354684,-0.09701599180698395,0.00019671717018354684,-0.002351336879655719,0.01818542368710041,0.4000000059604645
12,at ease,0.3216816484928131,0.30319562554359436,0.3216816484928131,0.2916829586029053,0.04879838973283768,1.0
12,tormented,-0.2442423403263092,-0.17094892263412476,0.2442423403263092,-0.22441110014915466,0.018389364704489708,1.0
12,delighted,0.2249584197998047,0.006953613832592964,0.2249584197998047,0.20591314136981964,0.019944939762353897,1.0
12,rattled,0.2106645256280899,0.2039611041545868,0.2106645256280899,0.1881350576877594,0.04541940987110138,1.0
12,jealous,0.20546504855155945,0.16865161061286926,0.20546504855155945,0.18254896998405457,0.0666138157248497,1.0
12,depressed,-0.2011083960533142,-0.01677834987640381,0.2011083960533142,-0.18477606773376465,0.011876434087753296,1.0
12,on edge,0.20060701668262482,0.14846695959568024,0.20060701668262482,0.1834217607975006,0.049353331327438354,1.0
12,cheerful,0.19100667536258698,0.05632080137729645,0.19100667536258698,0.17870071530342102,0.01832827739417553,1.0
12,sluggish,-0.1870541125535965,0.03655540198087692,0.1870541125535965,-0.17096443474292755,0.015242021530866623,1.0
12,irritated,-0.1796269416809082,-0.2009308636188507,0.1796269416809082,-0.16495051980018616,0.026688171550631523,1.0
12,stubborn,-0.1767207682132721,0.041241589933633804,0.1767207682132721,-0.15696386992931366,0.0441422201693058,1.0
12,lonely,-0.17402546107769012,0.04219259321689606,0.17402546107769012,-0.1539420187473297,0.040426090359687805,1.0
12,humiliated,-0.16489677131175995,-0.1903967559337616,0.16489677131175995,-0.14866337180137634,0.036127977073192596,1.0
12,gloomy,-0.1559743881225586,-0.16422885656356812,0.1559743881225586,-0.1426856815814972,0.0117492051795125,1.0
12,aroused,0.15174831449985504,-0.05796670913696289,0.15174831449985504,0.1359196901321411,0.030192682519555092,1.0
12,ashamed,0.15105758607387543,0.03191697597503662,0.15105758607387543,0.13668879866600037,0.01976398378610611,1.0
12,nervous,0.14429324865341187,0.0565851591527462,0.14429324865341187,0.12824994325637817,0.039628852158784866,1.0
12,brooding,-0.1437295526266098,0.06239527836441994,0.1437295526266098,-0.12635594606399536,0.03927500173449516,1.0
12,guilty,-0.14178302884101868,0.017770612612366676,0.14178302884101868,-0.1275089681148529,0.022049911320209503,1.0
12,heartbroken,-0.14166606962680817,0.05079377442598343,0.14166606962680817,-0.12710092961788177,0.029999352991580963,1.0
12,hopeful,0.13416418433189392,-0.04537144675850868,0.13416418433189392,0.12290618568658829,0.02636644057929516,1.0
12,elated,0.13402493298053741,0.1431780308485031,0.13402493298053741,0.12656566500663757,0.018102331086993217,1.0
12,triumphant,0.1318569928407669,-0.036913756281137466,0.1318569928407669,0.1181049793958664,0.03974440321326256,1.0
12,restless,-0.13143788278102875,-0.058964964002370834,0.13143788278102875,-0.12159393727779388,0.032555386424064636,1.0
12,grief-stricken,-0.13048475980758667,0.045409202575683594,0.13048475980758667,-0.11878341436386108,0.017382707446813583,1.0
12,infatuated,0.12665680050849915,0.057805392891168594,0.12665680050849915,0.11977151781320572,0.022813457995653152,1.0
12,melancholy,-0.12603972852230072,-0.1424253135919571,0.12603972852230072,-0.11659502983093262,0.010009577497839928,1.0
12,grateful,0.12076379358768463,0.1269133985042572,0.12076379358768463,0.11037351191043854,0.027437999844551086,1.0
12,mad,0.12040688842535019,0.13689450919628143,0.12040688842535019,0.10657596588134766,0.04378694295883179,1.0
12,outraged,-0.12015872448682785,-0.04706699401140213,0.12015872448682785,-0.10800397396087646,0.0351279079914093,1.0
12,desperate,-0.12003621459007263,0.058318305760622025,0.12003621459007263,-0.10538569837808609,0.03585240989923477,1.0
12,distressed,-0.119788758456707,0.01908983290195465,0.119788758456707,-0.1078520193696022,0.0466792918741703,1.0
12,empathetic,0.11768999695777893,0.14777454733848572,0.11768999695777893,0.11129003763198853,0.01800292544066906,1.0
12,dispirited,-0.11656057834625244,0.06268317252397537,0.11656057834625244,-0.10436811298131943,0.02857385389506817,1.0
12,valiant,0.11532223969697952,0.05819173529744148,0.11532223969697952,0.10123725980520248,0.04770695045590401,1.0
12,angry,-0.11405325680971146,-0.11906619369983673,0.11405325680971146,-0.10807861387729645,0.060384392738342285,1.0
12,resigned,-0.11303512006998062,-0.12771305441856384,0.11303512006998062,-0.10617695748806,0.012422440573573112,1.0
12,obstinate,-0.11207874864339828,0.0727633535861969,0.11207874864339828,-0.09985403716564178,0.024238402023911476,1.0
12,scornful,-0.11032716184854507,-0.12525510787963867,0.11032716184854507,-0.10313554853200912,0.013878888450562954,1.0
12,worthless,-0.10845259577035904,0.060672350227832794,0.10845259577035904,-0.09700381010770798,0.03892775997519493,1.0
12,anxious,-0.10612623393535614,-0.077944315969944,0.10612623393535614,-0.09719741344451904,0.010170960798859596,1.0
12,unsettled,-0.10450262576341629,0.06382931768894196,0.10450262576341629,-0.09236530214548111,0.027905937284231186,1.0
12,hateful,-0.10321749746799469,0.0611427016556263,0.10321749746799469,-0.09376043826341629,0.03302684426307678,1.0
12,smug,0.10146550834178925,0.1288270503282547,0.10146550834178925,0.09252704679965973,0.012839035131037235,1.0
12,impatient,0.1005389392375946,0.13517309725284576,0.1005389392375946,0.09319659322500229,0.024959221482276917,1.0
12,sentimental,-0.09856927394866943,-0.13428151607513428,0.09856927394866943,-0.08844923973083496,0.02037130855023861,1.0
12,upset,-0.09803911298513412,0.07233495265245438,0.09803911298513412,-0.08725149184465408,0.020297391340136528,1.0
12,droopy,0.09737566113471985,0.13098734617233276,0.09737566113471985,0.08361272513866425,0.06434113532304764,1.0
12,tense,0.0922253206372261,-0.06380045413970947,0.0922253206372261,0.08281253278255463,0.021446358412504196,1.0
12,euphoric,0.09176557511091232,0.13537558913230896,0.09176557511091232,0.08717701584100723,0.024628791958093643,1.0
12,bored,-0.09139034897089005,0.07619714736938477,0.09139034897089005,-0.07840059697628021,0.03996362164616585,1.0
12,skeptical,-0.08879926800727844,-0.11990857124328613,0.08879926800727844,-0.08471216261386871,0.020677968859672546,1.0
12,loving,0.08717598766088486,-0.03446156531572342,0.08717598766088486,0.07603694498538971,0.028323637321591377,1.0
12,scared,-0.08716598898172379,-0.12058145552873611,0.08716598898172379,-0.08018491417169571,0.02282145246863365,1.0
12,greedy,0.08596879243850708,0.03714069724082947,0.08596879243850708,0.07983550429344177,0.024703867733478546,1.0
12,grumpy,-0.08485963195562363,-0.054033827036619186,0.08485963195562363,-0.07847335934638977,0.03369837999343872,1.0
12,peaceful,0.08323103934526443,-0.045532502233982086,0.08323103934526443,0.07882607728242874,0.018575353547930717,1.0
12,thrilled,0.08251107484102249,-0.0725163146853447,0.08251107484102249,0.0721890851855278,0.04276552051305771,0.800000011920929
12,self-confident,0.08217103779315948,-0.08001584559679031,0.08217103779315948,0.0716710239648819,0.02709653228521347,1.0
12,frightened,0.0789671391248703,-0.06712938845157623,0.0789671391248703,0.06779780983924866,0.03509511053562164,1.0
12,exuberant,0.07863135635852814,-0.04630659520626068,0.07863135635852814,0.07357536256313324,0.023211713880300522,1.0
12,hurt,-0.07816755771636963,0.07652275264263153,0.07816755771636963,-0.06824270635843277,0.025489019230008125,1.0
12,ecstatic,0.07814229279756546,0.05702869966626167,0.07814229279756546,0.07061315327882767,0.013949031010270119,1.0
12,paranoid,0.07800723612308502,-0.06026805192232132,0.07800723612308502,0.06755416095256805,0.04104170948266983,1.0
12,patient,0.0770888552069664,0.11768495291471481,0.0770888552069664,0.07482999563217163,0.026276225224137306,1.0
12,stimulated,0.07630816102027893,-0.0008252456318587065,0.07630816102027893,0.06936448067426682,0.029652731493115425,1.0
12,weary,-0.07559986412525177,-0.11525513231754303,0.07559986412525177,-0.07151078432798386,0.01692250743508339,1.0
12,inspired,0.07486901432275772,0.12472815811634064,0.07486901432275772,0.07084878534078598,0.016640884801745415,1.0
12,spiteful,-0.07413437217473984,0.027838483452796936,0.07413437217473984,-0.07332681864500046,0.03954184800386429,1.0
12,suspicious,-0.07405032962560654,-0.11590670049190521,0.07405032962560654,-0.06910727173089981,0.007251642644405365,1.0
12,vigilant,-0.07370637357234955,0.07014330476522446,0.07370637357234955,-0.06144890934228897,0.04312538355588913,0.800000011920929
12,stuck,-0.07210750132799149,-0.11871402710676193,0.07210750132799149,-0.07074088603258133,0.026417890563607216,1.0
12,optimistic,0.07164269685745239,-0.07561900466680527,0.07164269685745239,0.06323094666004181,0.033206645399332047,1.0
12,vibrant,0.07159444689750671,-0.08052141219377518,0.07159444689750671,0.06100701540708542,0.03179236128926277,1.0
12,exasperated,0.06969425082206726,0.11711617559194565,0.06969425082206726,0.06134812906384468,0.019183728843927383,1.0
12,dumbstruck,-0.06893657147884369,-0.11391899734735489,0.06893657147884369,-0.06885839998722076,0.03565298765897751,1.0
12,defiant,0.06786318123340607,0.10571076720952988,0.06786318123340607,0.0581369511783123,0.04833286628127098,0.800000011920929
12,joyful,0.06782158464193344,-0.08304990828037262,0.06782158464193344,0.06019309163093567,0.014954500831663609,1.0
12,vindictive,-0.06773362308740616,0.08042550832033157,0.06773362308740616,-0.06256900727748871,0.019357943907380104,1.0
12,blissful,0.06673573702573776,-0.07544691860675812,0.06673573702573776,0.06152087450027466,0.022789649665355682,1.0
12,alarmed,-0.06611189246177673,0.04316837340593338,0.06611189246177673,-0.06359907984733582,0.022018326446413994,1.0
12,hope,0.0660475566983223,0.11652282625436783,0.0660475566983223,0.06160219758749008,0.023818615823984146,1.0
12,bewildered,-0.0653158649802208,-0.11825764179229736,0.0653158649802208,-0.06320236623287201,0.04563452675938606,1.0
12,overwhelmed,-0.06505236774682999,0.08049499243497849,0.06505236774682999,-0.0564323291182518,0.02453376166522503,1.0
12,nostalgic,0.06497005373239517,0.11171121150255203,0.06497005373239517,0.06141243502497673,0.025701457634568214,1.0
12,content,0.06418295204639435,-0.06823839992284775,0.06418295204639435,0.06258748471736908,0.03461794927716255,1.0
12,self-critical,-0.06255693733692169,-0.11394327878952026,0.06255693733692169,-0.05790279060602188,0.024200960993766785,1.0
12,frustrated,-0.062180522829294205,-0.11328203231096268,0.062180522829294205,-0.06024922803044319,0.017100529745221138,1.0
12,disdainful,0.061659373342990875,0.11598941683769226,0.061659373342990875,0.060405634343624115,0.029299216344952583,1.0
12,bitter,-0.06084602326154709,0.0836605355143547,0.06084602326154709,-0.05033264309167862,0.03817041963338852,0.800000011920929
12,astonished,-0.0568334199488163,0.028254611417651176,0.0568334199488163,-0.049319423735141754,0.03330947831273079,1.0
12,rejuvenated,0.05582132562994957,0.11079258471727371,0.05582132562994957,0.05567364767193794,0.039011936634778976,0.800000011920929
12,perplexed,0.05461660400032997,0.11087732762098312,0.05461660400032997,0.05302350968122482,0.020619314163923264,1.0
12,sorry,0.05330538749694824,0.10916052758693695,0.05330538749694824,0.051325034350156784,0.024262746796011925,1.0
12,disoriented,0.05229860171675682,-0.08311481773853302,0.05229860171675682,0.04261093959212303,0.04237809777259827,0.800000011920929
12,calm,-0.05183591693639755,-0.05764634162187576,0.05183591693639755,-0.04507136344909668,0.022563152015209198,1.0
12,contemptuous,-0.049940090626478195,-0.10925300419330597,0.049940090626478195,-0.04655861854553223,0.0214687567204237,1.0
12,shocked,0.049762092530727386,-0.08572705835103989,0.049762092530727386,0.042057473212480545,0.032358914613723755,0.800000011920929
12,offended,-0.049469150602817535,-0.10840380936861038,0.049469150602817535,-0.047861501574516296,0.03119535744190216,0.800000011920929
12,enraged,-0.04920445755124092,0.05100373178720474,0.04920445755124092,-0.0452643558382988,0.009556478820741177,1.0
12,hysterical,-0.048779312521219254,0.05925621837377548,0.048779312521219254,-0.042965080589056015,0.02266063168644905,1.0
12,dependent,-0.048732977360486984,0.08382371813058853,0.048732977360486984,-0.040408000349998474,0.03144953399896622,0.800000011920929
12,eager,-0.04847569391131401,-0.08880490064620972,0.04847569391131401,-0.04568202421069145,0.0287355687469244,1.0
12,irate,0.04831449314951897,0.11000821739435196,0.04831449314951897,0.04224034398794174,0.02329946681857109,1.0
12,indifferent,0.04728579893708229,0.11032295972108841,0.04728579893708229,0.0408419594168663,0.02735278569161892,0.800000011920929
12,thankful,0.047284096479415894,-0.07893092930316925,0.047284096479415894,0.041727595031261444,0.018553467467427254,1.0
12,annoyed,-0.04727252945303917,-0.10989288985729218,0.04727252945303917,-0.045818425714969635,0.04348780959844589,0.800000011920929
12,playful,0.04717249423265457,-0.08827333897352219,0.04717249423265457,0.041562605649232864,0.017276687547564507,1.0
12,reflective,0.04539521783590317,-0.07846061140298843,0.04539521783590317,0.039207763969898224,0.02759300358593464,0.800000011920929
12,listless,-0.04482443630695343,0.06507180631160736,0.04482443630695343,-0.03897804394364357,0.01700885407626629,1.0
12,invigorated,-0.04462495073676109,-0.09368573874235153,0.04462495073676109,-0.03628023713827133,0.048351772129535675,0.800000011920929
12,relieved,-0.04347681626677513,-0.006540171802043915,0.04347681626677513,-0.037883829325437546,0.03131581097841263,0.800000011920929
12,refreshed,-0.04251520335674286,-0.08791285753250122,0.04251520335674286,-0.03243071958422661,0.052457403391599655,0.800000011920929
12,embarrassed,-0.04228335991501808,0.08156014233827591,0.04228335991501808,-0.034342147409915924,0.03021254390478134,0.800000011920929
12,horrified,-0.04028426855802536,0.08857028186321259,0.04028426855802536,-0.035745665431022644,0.009802507236599922,1.0
12,satisfied,0.04018150269985199,0.10153836011886597,0.04018150269985199,0.04191560670733452,0.039518505334854126,0.800000011920929
12,sleepy,-0.03938263654708862,0.084855817258358,0.03938263654708862,-0.030482182279229164,0.03654462471604347,0.800000011920929
12,compassionate,0.039279717952013016,0.1074226051568985,0.039279717952013016,0.03917855769395828,0.03240402787923813,1.0
12,enthusiastic,0.03919583186507225,0.10614407062530518,0.03919583186507225,0.03811027854681015,0.021576326340436935,1.0
12,safe,-0.038914188742637634,-0.06427192687988281,0.038914188742637634,-0.030404850840568542,0.03572472557425499,0.6000000238418579
12,sad,0.0388680137693882,0.10728248953819275,0.0388680137693882,0.03474429249763489,0.019024033099412918,1.0
12,disgusted,-0.037423595786094666,0.08637925982475281,0.037423595786094666,-0.032852549105882645,0.014666492119431496,1.0
12,amazed,-0.036914654076099396,-0.10386792570352554,0.036914654076099396,-0.03449425473809242,0.007814096286892891,1.0
12,tired,-0.036630406975746155,0.08749504387378693,0.036630406975746155,-0.03447550907731056,0.035215768963098526,0.800000011920929
12,docile,-0.03639436513185501,0.0866488367319107,0.03639436513185501,-0.029107997193932533,0.042727645486593246,0.800000011920929
12,relaxed,0.035819701850414276,-0.06871671229600906,0.035819701850414276,0.03351112827658653,0.02394052781164646,0.800000011920929
12,indignant,-0.03579523414373398,-0.10595152527093887,0.03579523414373398,-0.03707864135503769,0.025821564719080925,1.0
12,disturbed,-0.03551042079925537,-0.10612066090106964,0.03551042079925537,-0.035451583564281464,0.04466159641742706,0.800000011920929
12,panicked,-0.03390806168317795,0.07692158222198486,0.03390806168317795,-0.034483760595321655,0.027172721922397614,1.0
12,amused,0.03348170220851898,-0.08691105991601944,0.03348170220851898,0.026287496089935303,0.03078213520348072,0.800000011920929
12,furious,0.03310326859354973,-0.08974707126617432,0.03310326859354973,0.025722777470946312,0.032540880143642426,0.800000011920929
12,happy,0.03159644454717636,-0.08955853432416916,0.03159644454717636,0.030090730637311935,0.021152354776859283,0.800000011920929
12,sympathetic,0.030917620286345482,-0.05387532711029053,0.030917620286345482,0.030032480135560036,0.03403338044881821,0.800000011920929
12,mystified,-0.030715476721525192,-0.1042267456650734,0.030715476721525192,-0.03157460317015648,0.021207110956311226,1.0
12,hostile,-0.030450159683823586,-0.10435119271278381,0.030450159683823586,-0.03155212104320526,0.020136721432209015,1.0
12,worn out,-0.03003976121544838,0.08657179772853851,0.03003976121544838,-0.022685488685965538,0.032528556883335114,0.800000011920929
12,kind,0.0290323905646801,0.10415245592594147,0.0290323905646801,0.0317072756588459,0.031155871227383614,0.800000011920929
12,troubled,-0.028070203959941864,-0.10384533554315567,0.028070203959941864,-0.02888835035264492,0.020402025431394577,1.0
12,self-conscious,-0.024799197912216187,-0.07800431549549103,0.024799197912216187,-0.021287227049469948,0.03941557928919792,0.6000000238418579
12,unnerved,-0.024169662967324257,0.056278787553310394,0.024169662967324257,-0.023044761270284653,0.02216862514615059,0.800000011920929
12,worried,0.023850049823522568,0.1025162935256958,0.023850049823522568,0.022256268188357353,0.02015540935099125,0.800000011920929
12,pleased,0.023741556331515312,-0.08944734930992126,0.023741556331515312,0.02021799236536026,0.013087356463074684,1.0
12,fulfilled,0.023232480511069298,-0.09170635789632797,0.023232480511069298,0.02135905995965004,0.02000277489423752,1.0
12,awestruck,-0.020619207993149757,0.09277775883674622,0.020619207993149757,-0.016828276216983795,0.027230292558670044,0.6000000238418579
12,unhappy,-0.02037520706653595,-0.10117416083812714,0.02037520706653595,-0.019370248541235924,0.024187486618757248,0.800000011920929
12,resentful,-0.01956445537507534,0.09189249575138092,0.01956445537507534,-0.02022089809179306,0.020168781280517578,0.800000011920929
12,insulted,0.01919248327612877,0.10177034884691238,0.01919248327612877,0.020875457674264908,0.021790506318211555,0.6000000238418579
12,trapped,-0.019087372347712517,-0.10103188455104828,0.019087372347712517,-0.019224215298891068,0.015143592841923237,1.0
12,terrified,0.017529930919408798,0.04899805039167404,0.017529930919408798,0.01745644211769104,0.012121670879423618,0.800000011920929
12,energized,0.016591640189290047,-0.0921633318066597,0.016591640189290047,0.015820199623703957,0.01955346018075943,0.800000011920929
12,shaken,0.016407251358032227,0.03321373462677002,0.016407251358032227,0.01518704928457737,0.011465008370578289,1.0
12,surprised,-0.015594719909131527,-0.10028639435768127,0.015594719909131527,-0.017450738698244095,0.028559807687997818,0.6000000238418579
12,mortified,0.014678334817290306,-0.005267527885735035,0.014678334817290306,0.012362604029476643,0.007896976545453072,0.800000011920929
12,miserable,0.013873619958758354,0.09769178926944733,0.013873619958758354,0.012113094329833984,0.040440596640110016,0.800000011920929
12,sullen,0.013330287300050259,-0.09439219534397125,0.013330287300050259,0.008314289152622223,0.025640258565545082,0.6000000238418579
12,regretful,-0.011842789128422737,0.09417136013507843,0.011842789128422737,-0.006850672420114279,0.035396941006183624,0.800000011920929
12,remorseful,0.010066804476082325,0.08702338486909866,0.010066804476082325,0.011988682672381401,0.04618903249502182,0.800000011920929
12,vengeful,-0.010039407759904861,0.09098044782876968,0.010039407759904861,-0.005565301980823278,0.03286243975162506,0.4000000059604645
12,vulnerable,-0.009400262497365475,-0.0998934656381607,0.009400262497365475,-0.013081629760563374,0.03137780353426933,0.6000000238418579
12,lazy,0.009267712011933327,0.09790908545255661,0.009267712011933327,0.00868960376828909,0.008972793817520142,0.800000011920929
12,jubilant,0.008856479078531265,0.09930091351270676,0.008856479078531265,0.011379246599972248,0.01928851753473282,0.6000000238418579
12,alert,-0.008675254881381989,-0.09688965976238251,0.008675254881381989,-0.011539756320416927,0.04131700098514557,0.6000000238418579
12,sensitive,-0.0073839109390974045,0.09229335933923721,0.0073839109390974045,-0.0004659995320253074,0.046899739652872086,0.800000011920929
12,excited,-0.006907269358634949,0.09153970330953598,0.006907269358634949,-0.0013129807775840163,0.038808055222034454,0.800000011920929
12,envious,0.006778238341212273,-0.07750198990106583,0.006778238341212273,0.005954881198704243,0.020889000967144966,0.6000000238418579
12,proud,0.006705190055072308,0.09639371931552887,0.006705190055072308,0.007071076426655054,0.0131360599771142,0.6000000238418579
12,stressed,-0.0038316906429827213,-0.09833929687738419,0.0038316906429827213,-0.007521809544414282,0.024282414466142654,0.800000011920929
12,puzzled,-0.0021149388048797846,-0.09731937199831009,0.0021149388048797846,-0.004437674768269062,0.023639753460884094,0.6000000238418579
12,afraid,0.0015336675569415092,0.05153008550405502,0.0015336675569415092,0.0013050276320427656,0.03038831427693367,0.4000000059604645
12,serene,-0.0005096508539281785,0.09662293642759323,0.0005096508539281785,0.005830986890941858,0.03817959874868393,0.6000000238418579
12,uneasy,0.00012979621533304453,0.09607236832380295,0.00012979621533304453,0.00259258970618248,0.015585138462483883,0.6000000238418579
13,at ease,0.3051803410053253,0.29640573263168335,0.3051803410053253,0.2702926695346832,0.05860557779669762,1.0
13,tormented,-0.25249800086021423,-0.1870197355747223,0.25249800086021423,-0.22606834769248962,0.026628345251083374,1.0
13,delighted,0.23801390826702118,0.022248543798923492,0.23801390826702118,0.21463839709758759,0.020241210237145424,1.0
13,cheerful,0.20943176746368408,0.08172378689050674,0.20943176746368408,0.1938573271036148,0.023565422743558884,1.0
13,depressed,-0.19318465888500214,-0.024451496079564095,0.19318465888500214,-0.17332054674625397,0.01989194191992283,1.0
13,rattled,0.19135712087154388,0.19674037396907806,0.19135712087154388,0.1649407297372818,0.06477198749780655,1.0
13,irritated,-0.18483024835586548,-0.20471173524856567,0.18483024835586548,-0.16578924655914307,0.03288990631699562,1.0
13,elated,0.17268483340740204,0.1586264818906784,0.17268483340740204,0.15915951132774353,0.017403332516551018,1.0
13,jealous,0.166118785738945,0.1569267213344574,0.166118785738945,0.14183202385902405,0.08017922192811966,1.0
13,on edge,0.16181451082229614,0.13875414431095123,0.16181451082229614,0.14436380565166473,0.054960232228040695,1.0
13,lonely,-0.1609688103199005,0.040844857692718506,0.1609688103199005,-0.13857902586460114,0.046653155237436295,1.0
13,sluggish,-0.15842187404632568,0.039902787655591965,0.15842187404632568,-0.1425958126783371,0.018082469701766968,1.0
13,inspired,0.15691666305065155,0.17326228320598602,0.15691666305065155,0.14244236052036285,0.008545320481061935,1.0
13,scornful,-0.1561729609966278,-0.13807716965675354,0.1561729609966278,-0.14141438901424408,0.02090335078537464,1.0
13,gloomy,-0.15416498482227325,-0.16409432888031006,0.15416498482227325,-0.13877853751182556,0.019218934699892998,1.0
13,triumphant,0.14631828665733337,-0.02306077815592289,0.14631828665733337,0.12914687395095825,0.03914812579751015,1.0
13,stubborn,-0.1432095468044281,0.04614001512527466,0.1432095468044281,-0.12427262961864471,0.04109349846839905,1.0
13,euphoric,0.1421123594045639,0.1698753833770752,0.1421123594045639,0.13083824515342712,0.01840452291071415,1.0
13,heartbroken,-0.13888810575008392,0.04527786374092102,0.13888810575008392,-0.12345737218856812,0.03159402310848236,1.0
13,grateful,0.13878697156906128,0.13245974481105804,0.13878697156906128,0.12170475721359253,0.045100580900907516,1.0
13,sentimental,-0.13604716956615448,-0.16475185751914978,0.13604716956615448,-0.1187301054596901,0.03663080558180809,1.0
13,ashamed,0.13558565080165863,0.02940140664577484,0.13558565080165863,0.11913146823644638,0.03074003756046295,1.0
13,aroused,0.13475103676319122,-0.057749100029468536,0.13475103676319122,0.11915135383605957,0.024871962144970894,1.0
13,scared,-0.13307280838489532,-0.13486579060554504,0.13307280838489532,-0.11655080318450928,0.04955734685063362,1.0
13,skeptical,-0.13242554664611816,-0.1314236968755722,0.13242554664611816,-0.12146369367837906,0.018575340509414673,1.0
13,restless,-0.1320447325706482,-0.06646441668272018,0.1320447325706482,-0.12023302167654037,0.03598184511065483,1.0
13,infatuated,0.1317012459039688,0.06914470344781876,0.1317012459039688,0.12225029617547989,0.02096632681787014,1.0
13,melancholy,-0.13053472340106964,-0.14463675022125244,0.13053472340106964,-0.11822523176670074,0.011447702534496784,1.0
13,humiliated,-0.12873469293117523,-0.16120721399784088,0.12873469293117523,-0.11303623020648956,0.04062557965517044,1.0
13,hopeful,0.12839819490909576,-0.041899941861629486,0.12839819490909576,0.11551596224308014,0.031281717121601105,1.0
13,resigned,-0.12811066210269928,-0.13169637322425842,0.12811066210269928,-0.11803317070007324,0.007370868232101202,1.0
13,empathetic,0.126727893948555,0.15267802774906158,0.126727893948555,0.11693479120731354,0.0174117349088192,1.0
13,outraged,-0.12170856446027756,-0.054635003209114075,0.12170856446027756,-0.1060272827744484,0.05231531709432602,1.0
13,guilty,-0.12007450312376022,0.021463124081492424,0.12007450312376022,-0.10542859137058258,0.026145877316594124,1.0
13,mad,0.11627275496721268,0.1355404108762741,0.11627275496721268,0.09967179596424103,0.05471518635749817,1.0
13,angry,-0.11602161824703217,-0.12171109020709991,0.11602161824703217,-0.10775008052587509,0.06510583311319351,1.0
13,rejuvenated,0.11457686126232147,0.12479399889707565,0.11457686126232147,0.10664204508066177,0.04259877651929855,1.0
13,ecstatic,0.11345930397510529,0.0959840640425682,0.11345930397510529,0.09924749284982681,0.026687057688832283,1.0
13,patient,0.11146184802055359,0.1272132396697998,0.11146184802055359,0.10377471148967743,0.026809051632881165,1.0
13,peaceful,0.1104273870587349,-0.025572866201400757,0.1104273870587349,0.10129556804895401,0.018420016393065453,1.0
13,suspicious,-0.10824478417634964,-0.12403158843517303,0.10824478417634964,-0.09771034121513367,0.008832359686493874,1.0
13,satisfied,0.10668375343084335,0.1438983529806137,0.10668375343084335,0.1018977016210556,0.03568645939230919,1.0
13,smug,0.10561291873455048,0.12963521480560303,0.10561291873455048,0.09490372985601425,0.0202486515045166,1.0
13,dispirited,-0.1027774065732956,0.06198016554117203,0.1027774065732956,-0.08933708816766739,0.03463548421859741,1.0
13,anxious,-0.10163949429988861,-0.07655090093612671,0.10163949429988861,-0.09051705151796341,0.015310698188841343,1.0
13,grief-stricken,-0.0956597775220871,0.053351934999227524,0.0956597775220871,-0.08642754703760147,0.019934099167585373,1.0
13,dumbstruck,-0.09482058882713318,-0.11945151537656784,0.09482058882713318,-0.09046187251806259,0.03219181299209595,1.0
13,distressed,-0.09455560892820358,0.02709810435771942,0.09455560892820358,-0.08347714692354202,0.04980740323662758,1.0
13,droopy,0.09391291439533234,0.1289755254983902,0.09391291439533234,0.07724232971668243,0.08099781721830368,0.6000000238418579
13,exuberant,0.09213892370462418,-0.032439518719911575,0.09213892370462418,0.08701847493648529,0.03373449295759201,1.0
13,weary,-0.09155070036649704,-0.12643618881702423,0.09155070036649704,-0.08388274908065796,0.011393681168556213,1.0
13,hope,0.09129137545824051,0.12461332976818085,0.09129137545824051,0.08149193227291107,0.027241580188274384,1.0
13,brooding,-0.09052131325006485,0.07170246541500092,0.09052131325006485,-0.07646672427654266,0.03617454692721367,1.0
13,nostalgic,0.08675020188093185,0.1154579222202301,0.08675020188093185,0.07931170612573624,0.03145516291260719,1.0
13,desperate,-0.0857323706150055,0.06441295146942139,0.0857323706150055,-0.07118339836597443,0.04253201186656952,0.800000011920929
13,spiteful,-0.08551276475191116,0.013623030856251717,0.08551276475191116,-0.08206458389759064,0.03560465946793556,1.0
13,grumpy,-0.0850023478269577,-0.05756963789463043,0.0850023478269577,-0.0783987045288086,0.041174281388521194,1.0
13,frustrated,-0.0849761962890625,-0.11860216408967972,0.0849761962890625,-0.07953951507806778,0.012321997433900833,1.0
13,proud,0.08402367681264877,0.1213592141866684,0.08402367681264877,0.07427214831113815,0.02719597890973091,1.0
13,astonished,-0.08341310173273087,0.0015276748454198241,0.08341310173273087,-0.07162915170192719,0.037494320422410965,1.0
13,defiant,0.0829659178853035,0.11589920520782471,0.0829659178853035,0.06976223737001419,0.0565061941742897,0.800000011920929
13,stuck,-0.08279098570346832,-0.12125017493963242,0.08279098570346832,-0.07943567633628845,0.02326337993144989,1.0
13,nervous,0.08225040137767792,0.00977855734527111,0.08225040137767792,0.0694044828414917,0.03831866756081581,0.800000011920929
13,offended,-0.08171510696411133,-0.11418896913528442,0.08171510696411133,-0.07466302067041397,0.030865440145134926,1.0
13,upset,-0.08127210289239883,0.07270292192697525,0.08127210289239883,-0.07052846252918243,0.020363179966807365,1.0
13,annoyed,-0.07832331955432892,-0.11882104724645615,0.07832331955432892,-0.07177821546792984,0.04335685446858406,0.800000011920929
13,troubled,-0.07579667121171951,-0.11394383013248444,0.07579667121171951,-0.07002973556518555,0.008530170656740665,1.0
13,jubilant,0.07344869524240494,0.11305282264947891,0.07344869524240494,0.0688914880156517,0.015522194094955921,1.0
13,mystified,-0.07318834960460663,-0.11154381185770035,0.07318834960460663,-0.0686865895986557,0.020779840648174286,1.0
13,greedy,0.07288042455911636,0.029226219281554222,0.07288042455911636,0.06665074825286865,0.02735113352537155,1.0
13,stimulated,0.07031019777059555,2.6824040105566382e-05,0.07031019777059555,0.06378878653049469,0.03812665492296219,1.0
13,self-confident,0.07006577402353287,-0.079251229763031,0.07006577402353287,0.05927000567317009,0.028418386355042458,1.0
13,sorry,0.0688217282295227,0.11103236675262451,0.0688217282295227,0.06398991495370865,0.021214300766587257,1.0
13,valiant,0.06800258904695511,0.021063314750790596,0.06800258904695511,0.057193707674741745,0.04215536266565323,0.800000011920929
13,enraged,-0.06763450056314468,0.03367474302649498,0.06763450056314468,-0.06061117723584175,0.006405131425708532,1.0
13,blissful,0.06750670820474625,-0.07064913213253021,0.06750670820474625,0.06090935319662094,0.027446448802947998,1.0
13,exasperated,0.06717478483915329,0.11475902050733566,0.06717478483915329,0.05711863562464714,0.027481205761432648,1.0
13,disturbed,-0.06471055746078491,-0.11458288133144379,0.06471055746078491,-0.06018940731883049,0.04718968644738197,0.800000011920929
13,hostile,-0.06341847777366638,-0.11033809930086136,0.06341847777366638,-0.06078402325510979,0.019632242619991302,1.0
13,bewildered,-0.06257565319538116,-0.11407681554555893,0.06257565319538116,-0.059225164353847504,0.04676392674446106,1.0
13,bored,-0.061260126531124115,0.07989784330129623,0.061260126531124115,-0.049732424318790436,0.03991202637553215,0.800000011920929
13,hurt,-0.06100739538669586,0.07728157937526703,0.06100739538669586,-0.05007200315594673,0.03212704509496689,0.800000011920929
13,kind,0.06091008335351944,0.11119547486305237,0.06091008335351944,0.05919995158910751,0.023702360689640045,1.0
13,contemptuous,-0.05949670076370239,-0.11006220430135727,0.05949670076370239,-0.05376895144581795,0.027123285457491875,1.0
13,serene,0.05915761739015579,0.11034055054187775,0.05915761739015579,0.058226488530635834,0.02807808294892311,1.0
13,envious,-0.058470115065574646,-0.11308937519788742,0.058470115065574646,-0.051848120987415314,0.02871735207736492,1.0
13,perplexed,0.058073416352272034,0.11016562581062317,0.058073416352272034,0.054932694882154465,0.014874791726469994,1.0
13,insulted,0.0578954853117466,0.10912799090147018,0.0578954853117466,0.05456716939806938,0.01893293298780918,1.0
13,disgusted,-0.05769157409667969,0.07707761973142624,0.05769157409667969,-0.049620531499385834,0.01799168810248375,1.0
13,frightened,0.055816005915403366,-0.07096491754055023,0.055816005915403366,0.04647473245859146,0.03111487440764904,0.800000011920929
13,hateful,-0.0557560920715332,0.07216163724660873,0.0557560920715332,-0.050021521747112274,0.038970619440078735,1.0
13,unsettled,-0.055394649505615234,0.07495187222957611,0.055394649505615234,-0.04650425910949707,0.028999581933021545,1.0
13,content,0.05403830111026764,-0.0677926316857338,0.05403830111026764,0.053356438875198364,0.040289051830768585,1.0
13,obstinate,-0.052225690335035324,0.08295152336359024,0.052225690335035324,-0.04472135752439499,0.02027110755443573,1.0
13,vigilant,-0.05221619829535484,0.07366155833005905,0.05221619829535484,-0.04028948396444321,0.0443507619202137,0.800000011920929
13,impatient,0.0510750450193882,0.11012518405914307,0.0510750450193882,0.04659038782119751,0.02162894420325756,1.0
13,alarmed,-0.050722636282444,0.046090736985206604,0.050722636282444,-0.05047962814569473,0.02797064371407032,1.0
13,thankful,0.049916110932826996,-0.07407259941101074,0.049916110932826996,0.042933277785778046,0.015403487719595432,1.0
13,listless,-0.04965127632021904,0.05773849040269852,0.04965127632021904,-0.042663510888814926,0.021088609471917152,1.0
13,indignant,-0.04868124797940254,-0.10916226357221603,0.04868124797940254,-0.04963785782456398,0.03220004215836525,1.0
13,loving,0.04784486070275307,-0.05079133063554764,0.04784486070275307,0.03827914595603943,0.03275606408715248,0.800000011920929
13,worthless,-0.04723735526204109,0.07668161392211914,0.04723735526204109,-0.040723852813243866,0.03611769154667854,0.800000011920929
13,self-critical,-0.047219667583703995,-0.107573501765728,0.047219667583703995,-0.04217567294836044,0.028321372345089912,1.0
13,paranoid,0.04720209538936615,-0.06874019652605057,0.04720209538936615,0.03705418482422829,0.047215428203344345,0.6000000238418579
13,terrified,-0.04710545390844345,-0.017275191843509674,0.04710545390844345,-0.0400475338101387,0.01655188947916031,1.0
13,amazed,-0.044945817440748215,-0.1058846041560173,0.044945817440748215,-0.04076976701617241,0.010712044313549995,1.0
13,stressed,-0.04438233748078346,-0.10563826560974121,0.04438233748078346,-0.043195683509111404,0.01700652204453945,1.0
13,disdainful,0.044304825365543365,0.10732188075780869,0.044304825365543365,0.04502629116177559,0.033966053277254105,1.0
13,disoriented,0.04391961917281151,-0.08187199383974075,0.04391961917281151,0.033307887613773346,0.046874117106199265,0.800000011920929
13,irate,0.042969219386577606,0.10646257549524307,0.042969219386577606,0.03577452152967453,0.029166769236326218,0.800000011920929
13,unhappy,-0.04087993502616882,-0.10590233653783798,0.04087993502616882,-0.03691808879375458,0.027289124205708504,1.0
13,optimistic,0.040593162178993225,-0.08084513247013092,0.040593162178993225,0.03481131047010422,0.03863083943724632,0.800000011920929
13,surprised,-0.04042690992355347,-0.1055273488163948,0.04042690992355347,-0.03804931789636612,0.023285478353500366,1.0
13,reflective,0.03991049900650978,-0.07619410008192062,0.03991049900650978,0.0331718735396862,0.02934219129383564,0.800000011920929
13,puzzled,-0.039759561419487,-0.10491442680358887,0.039759561419487,-0.03642653301358223,0.022222140803933144,1.0
13,joyful,0.03909808397293091,-0.08613377064466476,0.03909808397293091,0.03320782259106636,0.016469469293951988,1.0
13,vulnerable,-0.03875729814171791,-0.10385574400424957,0.03875729814171791,-0.03886774182319641,0.02506842277944088,1.0
13,panicked,-0.038107261061668396,0.07119394838809967,0.038107261061668396,-0.03776838257908821,0.02728114277124405,1.0
13,afraid,-0.037602558732032776,0.011474348604679108,0.037602558732032776,-0.03253251314163208,0.03174372762441635,0.6000000238418579
13,unnerved,-0.03463349491357803,0.043191224336624146,0.03463349491357803,-0.03130203112959862,0.025422999635338783,0.800000011920929
13,enthusiastic,0.034375693649053574,0.10112588852643967,0.034375693649053574,0.03357020020484924,0.024879783391952515,0.800000011920929
13,relaxed,0.03374824672937393,-0.0639265924692154,0.03374824672937393,0.030848216265439987,0.0276621226221323,0.800000011920929
13,hysterical,-0.0333784818649292,0.062214065343141556,0.0333784818649292,-0.02625555917620659,0.031424544751644135,0.800000011920929
13,thrilled,0.03317853808403015,-0.08318053930997849,0.03317853808403015,0.02719588577747345,0.03883586451411247,0.6000000238418579
13,energized,0.032244469970464706,-0.0848192572593689,0.032244469970464706,0.0302278995513916,0.025555824860930443,1.0
13,compassionate,0.03214060142636299,0.1026889979839325,0.03214060142636299,0.032139454036951065,0.03461221233010292,0.6000000238418579
13,happy,0.03140551596879959,-0.08656159043312073,0.03140551596879959,0.03056020475924015,0.026417173445224762,0.800000011920929
13,tired,-0.030989404767751694,0.0859738439321518,0.030989404767751694,-0.029344314709305763,0.040542930364608765,0.800000011920929
13,vindictive,-0.029763005673885345,0.08660000562667847,0.029763005673885345,-0.029294515028595924,0.0287457425147295,0.800000011920929
13,excited,0.02851714752614498,0.10144548863172531,0.02851714752614498,0.030148303136229515,0.03603551909327507,0.800000011920929
13,bitter,-0.027699381113052368,0.08816245198249817,0.027699381113052368,-0.020165961235761642,0.030974216759204865,0.800000011920929
13,resentful,-0.026949409395456314,0.08702831715345383,0.026949409395456314,-0.027581866830587387,0.026648536324501038,1.0
13,sleepy,-0.025637928396463394,0.08556820452213287,0.025637928396463394,-0.016525227576494217,0.04149932786822319,0.6000000238418579
13,mortified,-0.02546897530555725,-0.04286845400929451,0.02546897530555725,-0.02450460009276867,0.009109100326895714,1.0
13,eager,-0.02368469163775444,-0.06354786455631256,0.02368469163775444,-0.022074375301599503,0.03767956420779228,0.6000000238418579
13,indifferent,0.0232425294816494,0.09918347746133804,0.0232425294816494,0.01748739369213581,0.03134152293205261,0.800000011920929
13,regretful,0.022687777876853943,0.10031531006097794,0.022687777876853943,0.022879382595419884,0.029015880078077316,0.800000011920929
13,tense,0.021104227751493454,-0.08433234691619873,0.021104227751493454,0.01900206319987774,0.021603841334581375,0.6000000238418579
13,lazy,0.02055923268198967,0.09902345389127731,0.02055923268198967,0.017897771671414375,0.016247646883130074,0.800000011920929
13,self-conscious,-0.01948588714003563,-0.06989999115467072,0.01948588714003563,-0.018527979031205177,0.037686657160520554,0.800000011920929
13,shocked,0.01938284933567047,-0.09005142003297806,0.01938284933567047,0.014937443658709526,0.027353744953870773,0.800000011920929
13,vibrant,0.01931844651699066,-0.08988649398088455,0.01931844651699066,0.013615411706268787,0.02897018752992153,0.6000000238418579
13,sensitive,0.01908862218260765,0.09837145358324051,0.01908862218260765,0.022891614586114883,0.03991498425602913,0.800000011920929
13,invigorated,-0.01859111525118351,-0.06893628090620041,0.01859111525118351,-0.011155759915709496,0.053909894078969955,0.6000000238418579
13,uneasy,0.01839493401348591,0.09884367883205414,0.01839493401348591,0.01913556084036827,0.017237018793821335,1.0
13,dependent,-0.018343022093176842,0.08872824162244797,0.018343022093176842,-0.012230475433170795,0.03048688732087612,0.6000000238418579
13,overwhelmed,-0.01819986291229725,0.08928829431533813,0.01819986291229725,-0.014275724068284035,0.023438185453414917,0.800000011920929
13,awestruck,0.017016887664794922,0.09901345521211624,0.017016887664794922,0.0158670786768198,0.03256909176707268,0.800000011920929
13,playful,0.015382355079054832,-0.09217196702957153,0.015382355079054832,0.012853408232331276,0.02303595095872879,0.800000011920929
13,refreshed,0.014817623421549797,-0.034674908965826035,0.014817623421549797,0.0201591644436121,0.05101935938000679,0.6000000238418579
13,sympathetic,-0.014490307308733463,-0.07951213419437408,0.014490307308733463,-0.008982831612229347,0.05163925513625145,0.6000000238418579
13,furious,-0.014262627810239792,-0.09832184761762619,0.014262627810239792,-0.016993988305330276,0.028675345703959465,0.6000000238418579
13,amused,-0.013700805604457855,-0.09750238806009293,0.013700805604457855,-0.016601424664258957,0.03015471063554287,0.800000011920929
13,relieved,-0.013476230204105377,0.02010301686823368,0.013476230204105377,-0.011513648554682732,0.02818216383457184,0.6000000238418579
13,embarrassed,-0.013313776813447475,0.08737243711948395,0.013313776813447475,-0.006630982272326946,0.03534353896975517,0.4000000059604645
13,sad,0.011977043934166431,0.09481122344732285,0.011977043934166431,0.008735762909054756,0.033150508999824524,0.6000000238418579
13,vengeful,-0.011419848538935184,0.08718708157539368,0.011419848538935184,-0.007267477922141552,0.032995082437992096,0.4000000059604645
13,fulfilled,0.010962234809994698,-0.09185081720352173,0.010962234809994698,0.010826094076037407,0.02610352821648121,0.4000000059604645
13,horrified,-0.010890251956880093,0.09248165041208267,0.010890251956880093,-0.00841299258172512,0.009771175682544708,0.800000011920929
13,docile,0.010148996487259865,0.09665711224079132,0.010148996487259865,0.012194381095468998,0.04272342473268509,0.800000011920929
13,remorseful,-0.008687074296176434,0.07168734818696976,0.008687074296176434,-0.006133153103291988,0.04622399061918259,0.4000000059604645
13,sullen,-0.00823797844350338,-0.09687507897615433,0.00823797844350338,-0.011520962230861187,0.023587984964251518,0.6000000238418579
13,miserable,0.007476679515093565,0.09227333962917328,0.007476679515093565,0.0066998982802033424,0.04310806840658188,0.6000000238418579
13,worried,0.007452243007719517,0.0948292464017868,0.007452243007719517,0.007745740003883839,0.023811426013708115,0.6000000238418579
13,trapped,-0.006925457157194614,-0.09468132257461548,0.006925457157194614,-0.008955944329500198,0.02137182094156742,0.6000000238418579
13,pleased,0.005211740732192993,-0.09191799908876419,0.005211740732192993,0.0031858254224061966,0.014101075939834118,0.800000011920929
13,shaken,-0.003860156051814556,0.010819336399435997,0.003860156051814556,-0.001761971740052104,0.02008822001516819,0.4000000059604645
13,safe,0.0034432215616106987,-0.02109667658805847,0.0034432215616106987,0.009236078709363937,0.03621961176395416,0.4000000059604645
13,calm,0.0032064320985227823,-0.002146227518096566,0.0032064320985227823,0.00435322942212224,0.013604643754661083,0.6000000238418579
13,worn out,0.002047765301540494,0.09328721463680267,0.002047765301540494,0.006239687092602253,0.026515712961554527,0.6000000238418579
13,alert,-8.511764463037252e-05,-0.09108611196279526,8.511764463037252e-05,-0.0023855818435549736,0.04204544797539711,0.4000000059604645
14,at ease,0.27567633986473083,0.26888763904571533,0.27567633986473083,0.2436162531375885,0.056023068726062775,1.0
14,cheerful,0.24160698056221008,0.13142359256744385,0.24160698056221008,0.2207028567790985,0.01109978649765253,1.0
14,delighted,0.22401916980743408,0.044177375733852386,0.22401916980743408,0.20022764801979065,0.020968742668628693,1.0
14,tormented,-0.22299353778362274,-0.17335273325443268,0.22299353778362274,-0.19887833297252655,0.02426045387983322,1.0
14,elated,0.18310868740081787,0.1523393988609314,0.18310868740081787,0.16899237036705017,0.020866377279162407,1.0
14,heartbroken,-0.17445151507854462,0.010524407960474491,0.17445151507854462,-0.1524994820356369,0.039403583854436874,1.0
14,depressed,-0.17078371345996857,-0.03677762299776077,0.17078371345996857,-0.15226981043815613,0.022733889520168304,1.0
14,inspired,0.16505642235279083,0.16907939314842224,0.16505642235279083,0.14932794868946075,0.008812458254396915,1.0
14,gloomy,-0.1600155532360077,-0.15779514610767365,0.1600155532360077,-0.14227993786334991,0.02753043733537197,1.0
14,rattled,0.15864227712154388,0.16619159281253815,0.15864227712154388,0.1351790577173233,0.05839333310723305,1.0
14,restless,-0.1518634557723999,-0.10223758220672607,0.1518634557723999,-0.1369158774614334,0.03585193678736687,1.0
14,sluggish,-0.15072502195835114,0.019241569563746452,0.15072502195835114,-0.1341337263584137,0.020742395892739296,1.0
14,triumphant,0.1505860835313797,0.004053507465869188,0.1505860835313797,0.13138391077518463,0.04111851379275322,1.0
14,irritated,-0.1505374014377594,-0.16861414909362793,0.1505374014377594,-0.13687945902347565,0.016103042289614677,1.0
14,scornful,-0.14831757545471191,-0.12211518734693527,0.14831757545471191,-0.1350017786026001,0.010268212296068668,1.0
14,hopeful,0.1467534750699997,-0.01202800776809454,0.1467534750699997,0.13007012009620667,0.02996896579861641,1.0
14,skeptical,-0.1433415412902832,-0.12082991003990173,0.1433415412902832,-0.13074611127376556,0.01788083091378212,1.0
14,satisfied,0.14280803501605988,0.15777212381362915,0.14280803501605988,0.13235417008399963,0.02391302026808262,1.0
14,infatuated,0.1426296979188919,0.09340174496173859,0.1426296979188919,0.13136205077171326,0.018575962632894516,1.0
14,patient,0.14038203656673431,0.12287996709346771,0.14038203656673431,0.12960219383239746,0.021033668890595436,1.0
14,lonely,-0.13991102576255798,0.024610519409179688,0.13991102576255798,-0.1181265264749527,0.05615817755460739,1.0
14,resigned,-0.13828717172145844,-0.12105388194322586,0.13828717172145844,-0.12593579292297363,0.004981652367860079,1.0
14,aroused,0.13586372137069702,-0.03681693598628044,0.13586372137069702,0.11860305070877075,0.03374682366847992,1.0
14,on edge,0.1345062553882599,0.1171913668513298,0.1345062553882599,0.11996050179004669,0.0363999605178833,1.0
14,euphoric,0.13432586193084717,0.1542159616947174,0.13432586193084717,0.12542657554149628,0.02482968382537365,1.0
14,smug,0.13324470818042755,0.12649808824062347,0.13324470818042755,0.11925103515386581,0.021594904363155365,1.0
14,melancholy,-0.12990601360797882,-0.13138148188591003,0.12990601360797882,-0.11721108108758926,0.009003260172903538,1.0
14,empathetic,0.12920507788658142,0.1425369530916214,0.12920507788658142,0.11902110278606415,0.025602221488952637,1.0
14,ashamed,0.12055870145559311,0.03793872520327568,0.12055870145559311,0.10478631407022476,0.034436989575624466,1.0
14,stubborn,-0.11855889856815338,0.03213617205619812,0.11855889856815338,-0.10090446472167969,0.04764926806092262,1.0
14,guilty,-0.1164836511015892,-0.00031328474869951606,0.1164836511015892,-0.10085370391607285,0.032333068549633026,1.0
14,angry,-0.11582014709711075,-0.12043975293636322,0.11582014709711075,-0.10717073827981949,0.05989367142319679,1.0
14,scared,-0.1144646480679512,-0.11480104923248291,0.1144646480679512,-0.09993841499090195,0.03696511313319206,1.0
14,greedy,0.11373621225357056,0.07816754281520844,0.11373621225357056,0.10306539386510849,0.02375253662467003,1.0
14,weary,-0.11337780207395554,-0.13679291307926178,0.11337780207395554,-0.10269935429096222,0.010680883191525936,1.0
14,jealous,0.10670772194862366,0.11877670884132385,0.10670772194862366,0.08807511627674103,0.06464864313602448,0.800000011920929
14,exuberant,0.106473907828331,-0.0020849057473242283,0.106473907828331,0.09886138141155243,0.027739251032471657,1.0
14,grateful,0.1061493530869484,0.10809988528490067,0.1061493530869484,0.09390731155872345,0.02656673640012741,1.0
14,humiliated,-0.10497407615184784,-0.13160225749015808,0.10497407615184784,-0.09126665443181992,0.03769836574792862,1.0
14,dispirited,-0.1048603504896164,0.04003049060702324,0.1048603504896164,-0.09014653414487839,0.03843808174133301,1.0
14,suspicious,-0.10222113132476807,-0.10778431594371796,0.10222113132476807,-0.09161903709173203,0.007034961599856615,1.0
14,rejuvenated,0.10139396786689758,0.10635595768690109,0.10139396786689758,0.09659901261329651,0.04143534228205681,1.0
14,dumbstruck,-0.10110634565353394,-0.10560492426156998,0.10110634565353394,-0.09615402668714523,0.03153153881430626,1.0
14,stuck,-0.0990319699048996,-0.11292023956775665,0.0990319699048996,-0.09399096667766571,0.027639217674732208,1.0
14,frustrated,-0.09721124917268753,-0.10731589794158936,0.09721124917268753,-0.09067492187023163,0.01625087857246399,1.0
14,brooding,-0.097161665558815,0.04954035207629204,0.097161665558815,-0.08104895055294037,0.04381989315152168,1.0
14,blissful,0.0967879593372345,-0.039304010570049286,0.0967879593372345,0.0861254632472992,0.022305263206362724,1.0
14,ecstatic,0.09344052523374557,0.08171290904283524,0.09344052523374557,0.08197295665740967,0.024594200775027275,1.0
14,peaceful,0.09260015934705734,-0.012734312564134598,0.09260015934705734,0.08651334047317505,0.02396254986524582,1.0
14,desperate,-0.09024110436439514,0.04141823947429657,0.09024110436439514,-0.07393364608287811,0.05126328766345978,0.800000011920929
14,annoyed,-0.08991482108831406,-0.10786256939172745,0.08991482108831406,-0.08257830888032913,0.04174204543232918,1.0
14,distressed,-0.08824034780263901,0.010121408849954605,0.08824034780263901,-0.07705318182706833,0.04229001700878143,1.0
14,sentimental,-0.08619959652423859,-0.11114183068275452,0.08619959652423859,-0.07425186038017273,0.032426077872514725,1.0
14,proud,0.08475472778081894,0.1071067750453949,0.08475472778081894,0.07648111879825592,0.024312131106853485,1.0
14,hope,0.08464331179857254,0.10730927437543869,0.08464331179857254,0.0762864351272583,0.022716963663697243,1.0
14,enraged,-0.0837889090180397,0.003341406350955367,0.0837889090180397,-0.07492378354072571,0.006962019484490156,1.0
14,spiteful,-0.082920141518116,-0.004837667569518089,0.082920141518116,-0.07962601631879807,0.035791054368019104,1.0
14,alarmed,-0.08240758627653122,0.006341458763927221,0.08240758627653122,-0.07711650431156158,0.024400396272540092,1.0
14,disturbed,-0.0818810686469078,-0.10592439025640488,0.0818810686469078,-0.07614010572433472,0.049532201141119,1.0
14,mad,0.08157765865325928,0.10729235410690308,0.08157765865325928,0.06878801435232162,0.040766533464193344,0.800000011920929
14,astonished,-0.07836098223924637,-0.01351954322308302,0.07836098223924637,-0.06705784797668457,0.03699436038732529,1.0
14,jubilant,0.07832424342632294,0.09855444729328156,0.07832424342632294,0.07454890757799149,0.021786680445075035,1.0
14,bewildered,-0.07795151323080063,-0.11156061291694641,0.07795151323080063,-0.07296530157327652,0.049421317875385284,1.0
14,content,0.07602973282337189,-0.038067691028118134,0.07602973282337189,0.07200954109430313,0.026410244405269623,1.0
14,defiant,0.07494840770959854,0.09923144429922104,0.07494840770959854,0.06187182664871216,0.058968737721443176,0.800000011920929
14,anxious,-0.0735422670841217,-0.05585012212395668,0.0735422670841217,-0.06582371890544891,0.011633518151938915,1.0
14,grumpy,-0.07338020205497742,-0.053988244384527206,0.07338020205497742,-0.0672217532992363,0.042356446385383606,1.0
14,offended,-0.0722799226641655,-0.09578768908977509,0.0722799226641655,-0.06732511520385742,0.023716839030385017,1.0
14,listless,-0.07172928750514984,0.025381894782185555,0.07172928750514984,-0.06078779697418213,0.029181890189647675,1.0
14,nostalgic,0.07066550850868225,0.09559310227632523,0.07066550850868225,0.06506917625665665,0.020542196929454803,1.0
14,terrified,-0.07011158764362335,-0.04857568070292473,0.07011158764362335,-0.060758817940950394,0.01907733455300331,1.0
14,troubled,-0.06946501135826111,-0.09617334604263306,0.06946501135826111,-0.06546274572610855,0.015774304047226906,1.0
14,grief-stricken,-0.0687372088432312,0.043562524020671844,0.0687372088432312,-0.06189591437578201,0.013682314194738865,1.0
14,thankful,0.06861496716737747,-0.047381509095430374,0.06861496716737747,0.05952570587396622,0.01744900457561016,1.0
14,mystified,-0.06823054701089859,-0.09414603561162949,0.06823054701089859,-0.06467774510383606,0.01916797086596489,1.0
14,outraged,-0.06642387062311172,-0.02026982232928276,0.06642387062311172,-0.05860131233930588,0.03399958834052086,1.0
14,upset,-0.06445799022912979,0.05785961076617241,0.06445799022912979,-0.05505908280611038,0.02156723104417324,1.0
14,vigilant,-0.06281253695487976,0.0501655638217926,0.06281253695487976,-0.049135494977235794,0.05328260362148285,0.800000011920929
14,hostile,-0.06233369931578636,-0.09376014769077301,0.06233369931578636,-0.06016840785741806,0.023161184042692184,1.0
14,sorry,0.061749886721372604,0.09312240779399872,0.061749886721372604,0.05738425999879837,0.01691371761262417,1.0
14,worthless,-0.06028686836361885,0.052267108112573624,0.06028686836361885,-0.05076005309820175,0.04095795378088951,1.0
14,mortified,-0.06026194244623184,-0.07300467789173126,0.06026194244623184,-0.055518366396427155,0.010802758857607841,1.0
14,panicked,-0.05868709087371826,0.041195839643478394,0.05868709087371826,-0.05493343994021416,0.019346119835972786,1.0
14,perplexed,0.057125113904476166,0.09370990097522736,0.057125113904476166,0.054179467260837555,0.019946468994021416,1.0
14,relaxed,0.05650081858038902,-0.030079960823059082,0.05650081858038902,0.050650279968976974,0.02727614901959896,1.0
14,self-confident,0.056379467248916626,-0.0635727196931839,0.056379467248916626,0.04606850445270538,0.03201795369386673,1.0
14,happy,0.055849600583314896,-0.06129147484898567,0.055849600583314896,0.05220304802060127,0.018027687445282936,1.0
14,self-conscious,-0.053554218262434006,-0.087344691157341,0.053554218262434006,-0.04793582111597061,0.03249809890985489,1.0
14,serene,0.05340434983372688,0.09249112755060196,0.05340434983372688,0.05326596647500992,0.03263978660106659,1.0
14,loving,0.05268197879195213,-0.02873494289815426,0.05268197879195213,0.0410965159535408,0.04227538779377937,0.6000000238418579
14,energized,0.051764022558927536,-0.06020735576748848,0.051764022558927536,0.046696871519088745,0.013027781620621681,1.0
14,vindictive,-0.050907596945762634,0.062278226017951965,0.050907596945762634,-0.0478312149643898,0.022151442244648933,1.0
14,optimistic,0.050832703709602356,-0.0585189089179039,0.050832703709602356,0.0421256497502327,0.03269412741065025,0.800000011920929
14,vulnerable,-0.05020742490887642,-0.08960311114788055,0.05020742490887642,-0.049381934106349945,0.028396176174283028,1.0
14,exasperated,0.050152961164712906,0.09302417933940887,0.050152961164712906,0.04149415343999863,0.027146916836500168,1.0
14,refreshed,0.04960709437727928,0.010582058690488338,0.04960709437727928,0.0514068529009819,0.04842216894030571,0.800000011920929
14,overwhelmed,-0.04916287958621979,0.06168680638074875,0.04916287958621979,-0.04015617072582245,0.029472259804606438,0.800000011920929
14,impatient,0.04912339150905609,0.09385634958744049,0.04912339150905609,0.04487985000014305,0.018111826851963997,1.0
14,enthusiastic,0.04845407232642174,0.09338094294071198,0.04845407232642174,0.04691478982567787,0.028533615171909332,1.0
14,tired,-0.04837573319673538,0.06227031722664833,0.04837573319673538,-0.043080054223537445,0.027607718482613564,1.0
14,thrilled,0.04824463278055191,-0.059568945318460464,0.04824463278055191,0.03966481238603592,0.041454069316387177,0.800000011920929
14,indignant,-0.048073336482048035,-0.0932418555021286,0.048073336482048035,-0.049642615020275116,0.03696700930595398,1.0
14,hurt,-0.04580254480242729,0.06229197233915329,0.04580254480242729,-0.03596803545951843,0.03629147261381149,0.800000011920929
14,kind,0.04474650323390961,0.09011969715356827,0.04474650323390961,0.045539338141679764,0.036414165049791336,0.800000011920929
14,self-critical,-0.04396328330039978,-0.09026174992322922,0.04396328330039978,-0.03964269906282425,0.01896611414849758,1.0
14,hateful,-0.04189107194542885,0.05786507949233055,0.04189107194542885,-0.03758774325251579,0.03783189505338669,0.6000000238418579
14,valiant,0.04055483266711235,0.007548358291387558,0.04055483266711235,0.03143744915723801,0.04634237289428711,0.800000011920929
14,insulted,0.040119070559740067,0.08800815790891647,0.040119070559740067,0.040161121636629105,0.023878823965787888,1.0
14,stimulated,0.03901081904768944,-0.011374279856681824,0.03901081904768944,0.034851767122745514,0.03667004778981209,1.0
14,puzzled,-0.03879415616393089,-0.08796323090791702,0.03879415616393089,-0.03715161979198456,0.023911554366350174,1.0
14,sleepy,-0.037179186940193176,0.06331580877304077,0.037179186940193176,-0.026140481233596802,0.04934103414416313,0.6000000238418579
14,compassionate,0.03701520338654518,0.08821581304073334,0.03701520338654518,0.03686200827360153,0.04113036021590233,0.6000000238418579
14,joyful,0.03696601465344429,-0.06828442215919495,0.03696601465344429,0.031393397599458694,0.015597839839756489,1.0
14,bored,-0.03575250878930092,0.06766058504581451,0.03575250878930092,-0.02557532861828804,0.04505174234509468,0.6000000238418579
14,uneasy,0.035708826035261154,0.08742240071296692,0.035708826035261154,0.034228406846523285,0.017107414081692696,1.0
14,trapped,-0.03559763729572296,-0.08751680701971054,0.03559763729572296,-0.034975044429302216,0.021862836554646492,1.0
14,obstinate,-0.03528057783842087,0.06836574524641037,0.03528057783842087,-0.029193539172410965,0.023313099518418312,1.0
14,disgusted,-0.035139791667461395,0.06476990878582001,0.035139791667461395,-0.02978694438934326,0.015581674873828888,1.0
14,stressed,-0.033914387226104736,-0.08617373555898666,0.033914387226104736,-0.03505484014749527,0.02679801918566227,0.800000011920929
14,disdainful,0.033579498529434204,0.08663646131753922,0.033579498529434204,0.03441443294286728,0.034961141645908356,1.0
14,unsettled,-0.03303127735853195,0.06339483708143234,0.03303127735853195,-0.02675274945795536,0.028745749965310097,0.800000011920929
14,droopy,0.0317947119474411,0.08555169403553009,0.0317947119474411,0.02273024618625641,0.057285670191049576,0.6000000238418579
14,excited,0.03125106915831566,0.08588152378797531,0.03125106915831566,0.03408122807741165,0.04491974785923958,0.800000011920929
14,contemptuous,-0.029774224385619164,-0.0852992832660675,0.029774224385619164,-0.027994239702820778,0.018903525546193123,1.0
14,invigorated,0.029706263914704323,-0.015078243799507618,0.029706263914704323,0.031879931688308716,0.0409923791885376,1.0
14,lazy,0.029565539211034775,0.08535443246364594,0.029565539211034775,0.025801658630371094,0.014773248694837093,1.0
14,sullen,-0.029361266642808914,-0.08503639698028564,0.029361266642808914,-0.031127188354730606,0.028141630813479424,1.0
14,envious,-0.02803504280745983,-0.0790645182132721,0.02803504280745983,-0.025903919711709023,0.02482939139008522,1.0
14,afraid,-0.027884341776371002,0.008536066859960556,0.027884341776371002,-0.024049073457717896,0.036141205579042435,0.6000000238418579
14,resentful,-0.027424782514572144,0.06854891777038574,0.027424782514572144,-0.028086403384804726,0.02337982878088951,1.0
14,frightened,0.025568000972270966,-0.06295907497406006,0.025568000972270966,0.017080197110772133,0.043197210878133774,0.800000011920929
14,playful,0.025394560769200325,-0.07186315953731537,0.025394560769200325,0.021489834412932396,0.019408144056797028,0.800000011920929
14,unnerved,-0.025342386215925217,0.033122893422842026,0.025342386215925217,-0.02412770874798298,0.03182881698012352,0.800000011920929
14,reflective,0.02410748042166233,-0.06323763728141785,0.02410748042166233,0.018434105440974236,0.03374351188540459,0.800000011920929
14,bitter,-0.023446964100003242,0.07092880457639694,0.023446964100003242,-0.01601455733180046,0.035081733018159866,0.800000011920929
14,nervous,0.02291277050971985,-0.025288701057434082,0.02291277050971985,0.016437077894806862,0.03348246589303017,0.800000011920929
14,relieved,-0.022819219157099724,0.0029822434298694134,0.022819219157099724,-0.019308606162667274,0.030507219955325127,0.6000000238418579
14,sympathetic,0.022741587832570076,-0.03668321296572685,0.022741587832570076,0.02244516834616661,0.03094293549656868,0.800000011920929
14,calm,0.020745623856782913,0.016109619289636612,0.020745623856782913,0.021185576915740967,0.019765211269259453,0.800000011920929
14,vibrant,0.018477050587534904,-0.0720541775226593,0.018477050587534904,0.011789815500378609,0.030923735350370407,0.6000000238418579
14,unhappy,-0.018366113305091858,-0.08105521649122238,0.018366113305091858,-0.016885124146938324,0.03333936631679535,0.6000000238418579
14,sad,0.018190791830420494,0.08012869209051132,0.018190791830420494,0.01209284272044897,0.039322592318058014,0.6000000238418579
14,horrified,0.018113156780600548,0.0820716992020607,0.018113156780600548,0.017340274527668953,0.007551113609224558,1.0
14,worried,-0.01762893795967102,0.0679166316986084,0.01762893795967102,-0.014746898785233498,0.019609814509749413,0.800000011920929
14,sensitive,0.01598411425948143,0.08015967905521393,0.01598411425948143,0.020845726132392883,0.048875842243433,0.800000011920929
14,pleased,0.015625,-0.07074076682329178,0.015625,0.011748334392905235,0.019319599494338036,0.800000011920929
14,shaken,0.01462459284812212,0.02494872733950615,0.01462459284812212,0.012695161625742912,0.012805340811610222,0.800000011920929
14,dependent,-0.014494718983769417,0.07159829884767532,0.014494718983769417,-0.007971571758389473,0.03452024981379509,0.6000000238418579
14,amused,0.014112974517047405,-0.07115298509597778,0.014112974517047405,0.0071701607666909695,0.037918638437986374,0.6000000238418579
14,irate,0.013309965841472149,0.07953100651502609,0.013309965841472149,0.009987471625208855,0.026860004290938377,0.6000000238418579
14,hysterical,0.012883126735687256,0.07174763083457947,0.012883126735687256,0.01221607904881239,0.009886343032121658,0.800000011920929
14,regretful,0.012854269705712795,0.08039969950914383,0.012854269705712795,0.014124477282166481,0.02530958130955696,0.800000011920929
14,disoriented,-0.012784443795681,-0.08026479929685593,0.012784443795681,-0.017510415986180305,0.0425773486495018,0.6000000238418579
14,remorseful,0.010921060107648373,0.06737259775400162,0.010921060107648373,0.0128591638058424,0.04586709290742874,0.800000011920929
14,embarrassed,0.009927269071340561,0.07802168279886246,0.009927269071340561,0.014256688766181469,0.03739155828952789,0.6000000238418579
14,amazed,-0.009418085217475891,-0.0690532773733139,0.009418085217475891,-0.009900580160319805,0.013894006609916687,0.800000011920929
14,safe,0.007932745851576328,-0.008844304829835892,0.007932745851576328,0.014221089892089367,0.04479582607746124,0.4000000059604645
14,alert,0.007184070535004139,-0.07058972865343094,0.007184070535004139,0.0021312825847417116,0.04641227796673775,0.6000000238418579
14,eager,-0.007081885356456041,-0.03816971927881241,0.007081885356456041,-0.007984415628015995,0.04113394767045975,0.6000000238418579
14,fulfilled,-0.0070727430284023285,-0.07888835668563843,0.0070727430284023285,-0.0050664315931499004,0.02258940041065216,0.6000000238418579
14,awestruck,0.006219625473022461,0.07887409627437592,0.006219625473022461,0.006976964417845011,0.023537103086709976,0.800000011920929
14,furious,-0.0060492148622870445,-0.07882749289274216,0.0060492148622870445,-0.010081822983920574,0.029364116489887238,0.6000000238418579
14,docile,-0.004735587164759636,0.07457739859819412,0.004735587164759636,0.0012680016225203872,0.04507380351424217,0.4000000059604645
14,worn out,-0.004453570581972599,0.07322221994400024,0.004453570581972599,0.0007442369824275374,0.032482728362083435,0.6000000238418579
14,miserable,-0.00411927280947566,0.06940767914056778,0.00411927280947566,-0.0032527472358196974,0.03828037157654762,0.4000000059604645
14,indifferent,0.0028403426986187696,0.07389488816261292,0.0028403426986187696,-0.00045539700658991933,0.028089027851819992,0.800000011920929
14,tense,0.0027569124940782785,-0.07301045954227448,0.0027569124940782785,0.00210310029797256,0.02017299458384514,0.6000000238418579
14,vengeful,0.002726443577557802,0.07468993961811066,0.002726443577557802,0.00558535335585475,0.032464079558849335,0.6000000238418579
14,surprised,0.0013389535015448928,-0.07460734993219376,0.0013389535015448928,-0.002133683767169714,0.026856470853090286,0.4000000059604645
14,shocked,0.001017870963551104,-0.07689408212900162,0.001017870963551104,-0.0024337638169527054,0.029909374192357063,0.6000000238418579
14,paranoid,-0.0005395276239141822,-0.07141271978616714,0.0005395276239141822,-0.006233937107026577,0.04258767515420914,0.6000000238418579
15,at ease,0.2643375098705292,0.25759226083755493,0.2643375098705292,0.2349543273448944,0.05186552554368973,1.0
15,cheerful,0.24332696199417114,0.14683465659618378,0.24332696199417114,0.22357182204723358,0.011294557712972164,1.0
15,tormented,-0.2163316011428833,-0.1745811104774475,0.2163316011428833,-0.1940005123615265,0.028527598828077316,1.0
15,delighted,0.21468092501163483,0.0605715848505497,0.21468092501163483,0.1936195343732834,0.01737537980079651,1.0
15,elated,0.18855847418308258,0.14885476231575012,0.18855847418308258,0.17540374398231506,0.027051012963056564,1.0
15,depressed,-0.1842653900384903,-0.062198393046855927,0.1842653900384903,-0.1655728816986084,0.02648467943072319,1.0
15,heartbroken,-0.16389667987823486,-0.00332165090367198,0.16389667987823486,-0.14408734440803528,0.03588700294494629,1.0
15,gloomy,-0.15462394058704376,-0.14744903147220612,0.15462394058704376,-0.1376795470714569,0.029189161956310272,1.0
15,hopeful,0.1516764909029007,0.008589872159063816,0.1516764909029007,0.1354542374610901,0.022832022979855537,1.0
15,irritated,-0.14976684749126434,-0.16183674335479736,0.14976684749126434,-0.1366087794303894,0.016749201342463493,1.0
15,guilty,-0.14768175780773163,-0.036482132971286774,0.14768175780773163,-0.1285666525363922,0.03808553144335747,1.0
15,sluggish,-0.14368250966072083,0.0037782229483127594,0.14368250966072083,-0.12911833822727203,0.02104891464114189,1.0
15,satisfied,0.1370621621608734,0.14677995443344116,0.1370621621608734,0.13005836308002472,0.03670933097600937,1.0
15,restless,-0.13671280443668365,-0.09929446876049042,0.13671280443668365,-0.12526479363441467,0.029261432588100433,1.0
15,resigned,-0.13055868446826935,-0.10916619002819061,0.13055868446826935,-0.12024806439876556,0.008398672565817833,1.0
15,infatuated,0.1285855919122696,0.09009020030498505,0.1285855919122696,0.12001578509807587,0.02454315684735775,1.0
15,empathetic,0.12670503556728363,0.13302631676197052,0.12670503556728363,0.11705231666564941,0.025117482990026474,1.0
15,triumphant,0.12459634989500046,0.008584541268646717,0.12459634989500046,0.1111944168806076,0.027427658438682556,1.0
15,scornful,-0.12245285511016846,-0.10453898459672928,0.12245285511016846,-0.11296145617961884,0.014030000194907188,1.0
15,smug,0.12224806100130081,0.1131519079208374,0.12224806100130081,0.11072150617837906,0.016090385615825653,1.0
15,melancholy,-0.12182264029979706,-0.11882685869932175,0.12182264029979706,-0.11120039224624634,0.00933920033276081,1.0
15,rattled,0.12100143730640411,0.13187091052532196,0.12100143730640411,0.10286823660135269,0.048410430550575256,1.0
15,humiliated,-0.12080496549606323,-0.1378224492073059,0.12080496549606323,-0.10543415695428848,0.03916673734784126,1.0
15,euphoric,0.12040568888187408,0.13618357479572296,0.12040568888187408,0.11418180167675018,0.03063158690929413,1.0
15,inspired,0.12024817615747452,0.1318546086549759,0.12024817615747452,0.11037293821573257,0.008728242479264736,1.0
15,on edge,0.1196950301527977,0.10231485962867737,0.1196950301527977,0.10792795568704605,0.03511125221848488,1.0
15,skeptical,-0.11936210840940475,-0.1037188172340393,0.11936210840940475,-0.11097440868616104,0.02051953785121441,1.0
15,ecstatic,0.11821821331977844,0.10933364927768707,0.11821821331977844,0.1045084223151207,0.02725451998412609,1.0
15,aroused,0.11294138431549072,-0.027726981788873672,0.11294138431549072,0.09889640659093857,0.02757043018937111,1.0
15,dispirited,-0.1129150539636612,0.021107301115989685,0.1129150539636612,-0.09825985133647919,0.035867154598236084,1.0
15,lonely,-0.1121671050786972,0.01842157356441021,0.1121671050786972,-0.09426464140415192,0.052809033542871475,1.0
15,patient,0.11182042956352234,0.10381271690130234,0.11182042956352234,0.10580538213253021,0.02634800784289837,1.0
15,ashamed,0.10842284560203552,0.04219790920615196,0.10842284560203552,0.09342604130506516,0.03925346955657005,1.0
15,jealous,0.10835830122232437,0.1101793721318245,0.10835830122232437,0.0890471488237381,0.07212399691343307,0.800000011920929
15,stubborn,-0.10703117400407791,0.0204965528100729,0.10703117400407791,-0.09067882597446442,0.0490337610244751,0.800000011920929
15,weary,-0.10426554083824158,-0.1225714385509491,0.10426554083824158,-0.09603548049926758,0.011068235151469707,1.0
15,exuberant,0.10058271884918213,0.009579773992300034,0.10058271884918213,0.09379325062036514,0.021430402994155884,1.0
15,hope,0.09582341462373734,0.10203931480646133,0.09582341462373734,0.08760000765323639,0.02409503422677517,1.0
15,angry,-0.09503728896379471,-0.09910795092582703,0.09503728896379471,-0.09173329174518585,0.06222987174987793,0.800000011920929
15,distressed,-0.09434041380882263,-0.00885641947388649,0.09434041380882263,-0.08278176933526993,0.03864271938800812,1.0
15,scared,-0.09168832004070282,-0.0961184948682785,0.09168832004070282,-0.08082608878612518,0.0317741259932518,1.0
15,grateful,0.09120040386915207,0.09314192831516266,0.09120040386915207,0.08173439651727676,0.023333031684160233,1.0
15,rejuvenated,0.08993189036846161,0.09228222817182541,0.08993189036846161,0.0875881239771843,0.04507320374250412,1.0
15,peaceful,0.08960030227899551,0.0012154403375461698,0.08960030227899551,0.08551669120788574,0.03019057773053646,1.0
15,anxious,-0.08898113667964935,-0.07587020844221115,0.08898113667964935,-0.08035896718502045,0.0110983457416296,1.0
15,suspicious,-0.08720031380653381,-0.09254682064056396,0.08720031380653381,-0.07885552197694778,0.004376490134745836,1.0
15,alarmed,-0.08643103390932083,-0.01092115044593811,0.08643103390932083,-0.08009634166955948,0.024736478924751282,1.0
15,brooding,-0.08608097583055496,0.03729461878538132,0.08608097583055496,-0.07142721116542816,0.0449177548289299,1.0
15,content,0.08510272204875946,-0.01855846680700779,0.08510272204875946,0.08065576106309891,0.0243793074041605,1.0
15,grief-stricken,-0.08471286296844482,0.02191215567290783,0.08471286296844482,-0.07610828429460526,0.016667412593960762,1.0
15,greedy,0.08445923030376434,0.057446110993623734,0.08445923030376434,0.07823751866817474,0.023406967520713806,1.0
15,stuck,-0.08324028551578522,-0.09638649970293045,0.08324028551578522,-0.08082713186740875,0.03348283842206001,1.0
15,dumbstruck,-0.0829227939248085,-0.08962486684322357,0.0829227939248085,-0.08038147538900375,0.032876960933208466,1.0
15,desperate,-0.08202599734067917,0.02994740940630436,0.08202599734067917,-0.06837780773639679,0.042537759989500046,0.800000011920929
15,spiteful,-0.08180271834135056,-0.01822596602141857,0.08180271834135056,-0.07893636077642441,0.035964008420705795,1.0
15,worthless,-0.0808095708489418,0.028269441798329353,0.0808095708489418,-0.06901279836893082,0.03936934843659401,1.0
15,blissful,0.08034719526767731,-0.02973790466785431,0.08034719526767731,0.07287666946649551,0.018705863505601883,1.0
15,grumpy,-0.07977788895368576,-0.06384944170713425,0.07977788895368576,-0.07314690947532654,0.04008232057094574,1.0
15,nostalgic,0.0747859850525856,0.08577854186296463,0.0747859850525856,0.06917695701122284,0.021280562505126,1.0
15,happy,0.0693863183259964,-0.04312495142221451,0.0693863183259964,0.06483377516269684,0.018361352384090424,1.0
15,hurt,-0.06914488226175308,0.04008978605270386,0.06914488226175308,-0.05791692063212395,0.03399037942290306,1.0
15,frustrated,-0.06787575781345367,-0.08700645714998245,0.06787575781345367,-0.06456714123487473,0.017734093591570854,1.0
15,jubilant,0.06726723909378052,0.08437205851078033,0.06726723909378052,0.06491453945636749,0.022942425683140755,1.0
15,bewildered,-0.0656893253326416,-0.09362941980361938,0.0656893253326416,-0.06432163715362549,0.05145171657204628,1.0
15,disturbed,-0.0640338882803917,-0.08825045824050903,0.0640338882803917,-0.06214209273457527,0.0504801906645298,0.800000011920929
15,enraged,-0.0637158453464508,0.0027821105904877186,0.0637158453464508,-0.05704439431428909,0.007691563572734594,1.0
15,outraged,-0.062943235039711,-0.027444515377283096,0.062943235039711,-0.056354522705078125,0.03017360158264637,1.0
15,energized,0.0606684572994709,-0.04286450147628784,0.0606684572994709,0.05483923479914665,0.011334504000842571,1.0
15,upset,-0.06024086847901344,0.04460294544696808,0.06024086847901344,-0.052034150809049606,0.018446985632181168,1.0
15,optimistic,0.05965358391404152,-0.04096422344446182,0.05965358391404152,0.05054344981908798,0.02968069538474083,1.0
15,panicked,-0.05955233424901962,0.02672460675239563,0.05955233424901962,-0.05629684776067734,0.018446749076247215,1.0
15,hostile,-0.05908479541540146,-0.08148017525672913,0.05908479541540146,-0.05741904303431511,0.02223530039191246,1.0
15,mad,0.058527667075395584,0.08637667447328568,0.058527667075395584,0.04906191676855087,0.03340870141983032,0.800000011920929
15,listless,-0.057762403041124344,0.018940221518278122,0.057762403041124344,-0.04799322411417961,0.03138018772006035,1.0
15,thankful,0.05708282068371773,-0.03664605692028999,0.05708282068371773,0.04972541332244873,0.016658375039696693,1.0
15,troubled,-0.0567939355969429,-0.0812758058309555,0.0567939355969429,-0.055331598967313766,0.02255462110042572,1.0
15,sentimental,-0.05677003785967827,-0.07755444943904877,0.05677003785967827,-0.04836300015449524,0.03251019865274429,1.0
15,self-confident,0.056270748376846313,-0.04910135641694069,0.056270748376846313,0.04689165949821472,0.027813291177153587,1.0
15,annoyed,-0.055321551859378815,-0.08378525078296661,0.055321551859378815,-0.05362504720687866,0.03953969478607178,0.800000011920929
15,mystified,-0.05530369654297829,-0.07943696528673172,0.05530369654297829,-0.05315865948796272,0.018324114382267,1.0
15,hateful,-0.05512408912181854,0.03858497366309166,0.05512408912181854,-0.050082575529813766,0.03263366222381592,1.0
15,kind,0.05508987605571747,0.0820552408695221,0.05508987605571747,0.054745662957429886,0.03403085097670555,0.800000011920929
15,obstinate,-0.055075354874134064,0.04891412705183029,0.055075354874134064,-0.04725151136517525,0.024071641266345978,1.0
15,tired,-0.054666392505168915,0.04587841406464577,0.054666392505168915,-0.04888615012168884,0.0233102235943079,1.0
15,proud,0.0546351782977581,0.08412868529558182,0.0546351782977581,0.050100065767765045,0.021281279623508453,1.0
15,vigilant,-0.05451122298836708,0.03901030868291855,0.05451122298836708,-0.04164818674325943,0.05434602499008179,0.800000011920929
15,offended,-0.05159226432442665,-0.07889656722545624,0.05159226432442665,-0.05066656321287155,0.027890842407941818,1.0
15,refreshed,0.05140791833400726,0.019559361040592194,0.05140791833400726,0.05432768538594246,0.054254915565252304,1.0
15,puzzled,-0.05117689445614815,-0.08006031066179276,0.05117689445614815,-0.04906759411096573,0.025476958602666855,1.0
15,mortified,-0.05100241303443909,-0.06066468358039856,0.05100241303443909,-0.047837283462285995,0.011206468567252159,1.0
15,stimulated,0.050868742167949677,0.007892954163253307,0.050868742167949677,0.044846612960100174,0.03859369829297066,1.0
15,thrilled,0.04990500584244728,-0.04466019943356514,0.04990500584244728,0.04213448613882065,0.03591543436050415,0.800000011920929
15,vindictive,-0.04967574030160904,0.048284225165843964,0.04967574030160904,-0.046598050743341446,0.02264893427491188,1.0
15,afraid,-0.0492657907307148,-0.018248431384563446,0.0492657907307148,-0.04182354733347893,0.0376136377453804,0.800000011920929
15,enthusiastic,0.04922974109649658,0.08322487026453018,0.04922974109649658,0.04881232604384422,0.03355010226368904,0.800000011920929
15,defiant,0.04887526109814644,0.06868509948253632,0.04887526109814644,0.040085919201374054,0.04663882777094841,0.800000011920929
15,astonished,-0.04864887893199921,-0.0010570073500275612,0.04864887893199921,-0.04143240302801132,0.028666561469435692,1.0
15,unnerved,-0.04816346615552902,0.0031415228731930256,0.04816346615552902,-0.0435720756649971,0.030618304386734962,1.0
15,bored,-0.04536398872733116,0.050836216658353806,0.04536398872733116,-0.03426138311624527,0.046740997582674026,0.800000011920929
15,contemptuous,-0.04497648403048515,-0.07793567329645157,0.04497648403048515,-0.04083235189318657,0.020627139136195183,1.0
15,joyful,0.04496807977557182,-0.05206779018044472,0.04496807977557182,0.038789086043834686,0.01419580914080143,1.0
15,sorry,0.04495298117399216,0.07704130560159683,0.04495298117399216,0.042593009769916534,0.01735387183725834,1.0
15,impatient,0.04484705999493599,0.08069179952144623,0.04484705999493599,0.04136141017079353,0.024276722222566605,1.0
15,relaxed,0.04458979144692421,-0.02382405661046505,0.04458979144692421,0.040555138140916824,0.024964597076177597,0.800000011920929
15,serene,0.043372225016355515,0.0777558758854866,0.043372225016355515,0.0452217198908329,0.03858315199613571,1.0
15,indignant,-0.043364882469177246,-0.07982953637838364,0.043364882469177246,-0.04544802010059357,0.03692920133471489,1.0
15,overwhelmed,-0.04295128583908081,0.04930686578154564,0.04295128583908081,-0.03617611527442932,0.02261846885085106,1.0
15,unsettled,-0.042740851640701294,0.04580698907375336,0.042740851640701294,-0.035185329616069794,0.028845544904470444,0.800000011920929
15,valiant,0.042107123881578445,0.0162715595215559,0.042107123881578445,0.03345367684960365,0.04413401708006859,0.800000011920929
15,loving,0.041515666991472244,-0.02257363311946392,0.041515666991472244,0.03313841670751572,0.03256794810295105,0.800000011920929
15,perplexed,0.04131993651390076,0.07706212997436523,0.04131993651390076,0.040176745504140854,0.020897163078188896,1.0
15,vulnerable,-0.040868375450372696,-0.07541152834892273,0.040868375450372696,-0.04133018106222153,0.02919449284672737,1.0
15,sleepy,-0.039268650114536285,0.048520494252443314,0.039268650114536285,-0.02802654542028904,0.05208444967865944,0.6000000238418579
15,compassionate,0.03913399577140808,0.07752612233161926,0.03913399577140808,0.039584681391716,0.0432160459458828,1.0
15,excited,0.03825840353965759,0.07713796198368073,0.03825840353965759,0.04098983854055405,0.04686276987195015,0.800000011920929
15,insulted,0.03662913292646408,0.0750909149646759,0.03662913292646408,0.036378003656864166,0.018610456958413124,1.0
15,resentful,-0.03602733835577965,0.05221659317612648,0.03602733835577965,-0.035938918590545654,0.024174440652132034,1.0
15,self-conscious,-0.034110479056835175,-0.06278128176927567,0.034110479056835175,-0.030599161982536316,0.03258047625422478,0.6000000238418579
15,sympathetic,0.03273123875260353,-0.017328983172774315,0.03273123875260353,0.03179316967725754,0.028625385835766792,1.0
15,relieved,-0.031538937240839005,-0.01069605816155672,0.031538937240839005,-0.025884289294481277,0.0332944430410862,0.800000011920929
15,dependent,-0.030285730957984924,0.052658140659332275,0.030285730957984924,-0.022114727646112442,0.03592567890882492,0.6000000238418579
15,pleased,0.029915664345026016,-0.05226060748100281,0.029915664345026016,0.02487201616168022,0.020258380100131035,1.0
15,frightened,0.02978876419365406,-0.04702351242303848,0.02978876419365406,0.020116277039051056,0.050131846219301224,0.800000011920929
15,unhappy,-0.029716629534959793,-0.07344700396060944,0.029716629534959793,-0.0267739649862051,0.030065082013607025,0.800000011920929
15,fulfilled,0.02952195517718792,-0.0551069900393486,0.02952195517718792,0.027713846415281296,0.015895407646894455,1.0
15,stressed,-0.028396984562277794,-0.07250353693962097,0.028396984562277794,-0.031113287433981895,0.032501328736543655,0.800000011920929
15,playful,0.027996469289064407,-0.05764792859554291,0.027996469289064407,0.02401850000023842,0.017210593447089195,0.800000011920929
15,miserable,-0.026843704283237457,0.045616935938596725,0.026843704283237457,-0.024733085185289383,0.02901495061814785,1.0
15,terrified,-0.026555931195616722,-0.012075348757207394,0.026555931195616722,-0.023752570152282715,0.008028075098991394,1.0
15,surprised,-0.026246627792716026,-0.07211565971374512,0.026246627792716026,-0.02553505077958107,0.027578402310609818,0.800000011920929
15,self-critical,-0.025940435007214546,-0.07201319187879562,0.025940435007214546,-0.025118684396147728,0.0153362350538373,1.0
15,nervous,0.02479879930615425,-0.014284620061516762,0.02479879930615425,0.017568975687026978,0.04129940643906593,0.6000000238418579
15,envious,-0.023258395493030548,-0.06536006182432175,0.023258395493030548,-0.021350592374801636,0.023101450875401497,0.800000011920929
15,shaken,0.022605542093515396,0.030351735651493073,0.022605542093515396,0.018166515976190567,0.019163798540830612,0.800000011920929
15,disgusted,-0.022550569847226143,0.05544707179069519,0.022550569847226143,-0.018910538405179977,0.01214950904250145,1.0
15,amused,0.021425940096378326,-0.05518723279237747,0.021425940096378326,0.014070183038711548,0.03577018901705742,0.6000000238418579
15,safe,0.021193889901041985,0.00841318815946579,0.021193889901041985,0.027814602479338646,0.057939428836107254,0.4000000059604645
15,bitter,-0.021117039024829865,0.057963382452726364,0.021117039024829865,-0.014465984888374805,0.031203819438815117,0.6000000238418579
15,droopy,0.02042161487042904,0.0681062564253807,0.02042161487042904,0.011656497605144978,0.05951129272580147,0.4000000059604645
15,vibrant,0.020095394924283028,-0.0582411028444767,0.020095394924283028,0.013887489214539528,0.02815273590385914,0.6000000238418579
15,docile,-0.019560327753424644,0.056292541325092316,0.019560327753424644,-0.011521819047629833,0.04763704538345337,0.6000000238418579
15,horrified,0.019400309771299362,0.06993323564529419,0.019400309771299362,0.018558714538812637,0.008015626110136509,1.0
15,reflective,0.01879328303039074,-0.05202392488718033,0.01879328303039074,0.013217898085713387,0.030844228342175484,0.800000011920929
15,disdainful,0.01842859946191311,0.06785658746957779,0.01842859946191311,0.02237146534025669,0.041954636573791504,0.6000000238418579
15,tense,0.018424203619360924,-0.05380253121256828,0.018424203619360924,0.015109391883015633,0.023253407329320908,0.800000011920929
15,uneasy,0.01823926717042923,0.06922542303800583,0.01823926717042923,0.01851474680006504,0.013760303147137165,1.0
15,sullen,-0.01673189364373684,-0.06914670020341873,0.01673189364373684,-0.019593482837080956,0.027748439460992813,0.6000000238418579
15,hysterical,-0.015563089400529861,0.042163461446762085,0.015563089400529861,-0.012920168228447437,0.01328341569751501,0.800000011920929
15,alert,0.015263033099472523,-0.054164327681064606,0.015263033099472523,0.008302849717438221,0.04982205480337143,0.6000000238418579
15,vengeful,0.014979170635342598,0.06719430536031723,0.014979170635342598,0.017261937260627747,0.033639997243881226,0.6000000238418579
15,invigorated,0.013528561219573021,-0.019512122496962547,0.013528561219573021,0.018515530973672867,0.050196532160043716,0.6000000238418579
15,indifferent,0.01318194717168808,0.06587962806224823,0.01318194717168808,0.0075272261165082455,0.037402451038360596,0.800000011920929
15,trapped,-0.012997259385883808,-0.0669201910495758,0.012997259385883808,-0.016132965683937073,0.030142003670334816,0.6000000238418579
15,lazy,0.0117894746363163,0.066306471824646,0.0117894746363163,0.009963138028979301,0.010560007765889168,0.800000011920929
15,worn out,0.011385602876543999,0.0664207935333252,0.011385602876543999,0.014864723198115826,0.028250735253095627,0.6000000238418579
15,paranoid,-0.010674250312149525,-0.06369052827358246,0.010674250312149525,-0.015948835760354996,0.04752061888575554,0.4000000059604645
15,remorseful,0.010563990101218224,0.05549556389451027,0.010563990101218224,0.01244994718581438,0.040182359516620636,0.800000011920929
15,eager,0.009876856580376625,-0.015967274084687233,0.009876856580376625,0.0056795524433255196,0.0439663827419281,0.6000000238418579
15,exasperated,0.009637783281505108,0.06544934958219528,0.009637783281505108,0.005464762914925814,0.025351757183670998,0.4000000059604645
15,sensitive,0.008368155919015408,0.06473015248775482,0.008368155919015408,0.013098475523293018,0.04356274753808975,0.6000000238418579
15,disoriented,0.007936118170619011,-0.06078021228313446,0.007936118170619011,-0.00015248730778694153,0.05358210206031799,0.6000000238418579
15,regretful,-0.007777323480695486,0.06142028793692589,0.007777323480695486,-0.0034468520898371935,0.02946379780769348,0.800000011920929
15,embarrassed,0.006383521482348442,0.06404893100261688,0.006383521482348442,0.01135823130607605,0.03915448114275932,0.4000000059604645
15,shocked,0.0058432589285075665,-0.06245981529355049,0.0058432589285075665,0.0013849306851625443,0.0331101231276989,0.6000000238418579
15,worried,-0.003739230101928115,0.0601235032081604,0.003739230101928115,-0.004085376858711243,0.020770713686943054,0.4000000059604645
15,sad,0.0032701855525374413,0.06110529229044914,0.0032701855525374413,-0.0016926832031458616,0.03919418528676033,0.4000000059604645
15,amazed,-0.002553456462919712,-0.052901800721883774,0.002553456462919712,-0.0034764292649924755,0.01502106711268425,0.800000011920929
15,furious,0.001301288022659719,-0.06387045234441757,0.001301288022659719,-0.0034854798577725887,0.030856739729642868,0.4000000059604645
15,calm,-0.0011126667959615588,-0.005161585286259651,0.0011126667959615588,0.0027738078497350216,0.023823214694857597,0.6000000238418579
15,awestruck,0.0008493873756378889,0.06449534744024277,0.0008493873756378889,0.0027243266813457012,0.02373172529041767,0.6000000238418579
15,irate,0.000605715555138886,0.06219984591007233,0.000605715555138886,-0.0018372491467744112,0.030092991888523102,0.20000000298023224
16,at ease,0.25234124064445496,0.23699718713760376,0.25234124064445496,0.2256908416748047,0.052469540387392044,1.0
16,cheerful,0.22340385615825653,0.15158043801784515,0.22340385615825653,0.20672941207885742,0.015617341734468937,1.0
16,elated,0.21265295147895813,0.15386557579040527,0.21265295147895813,0.19640830159187317,0.019544361159205437,1.0
16,tormented,-0.20456400513648987,-0.16274553537368774,0.20456400513648987,-0.1852811574935913,0.02610986866056919,1.0
16,resigned,-0.1953851580619812,-0.11437802016735077,0.1953851580619812,-0.17806804180145264,0.009934435598552227,1.0
16,delighted,0.18234030902385712,0.07195891439914703,0.18234030902385712,0.16560716927051544,0.015630420297384262,1.0
16,euphoric,0.1589139699935913,0.1595635861158371,0.1589139699935913,0.1470656841993332,0.013326103799045086,1.0
16,scornful,-0.15840087831020355,-0.10074035823345184,0.15840087831020355,-0.14474517107009888,0.01796112209558487,1.0
16,depressed,-0.15764501690864563,-0.06851352751255035,0.15764501690864563,-0.14242427051067352,0.020756665617227554,1.0
16,restless,-0.15559104084968567,-0.1268061101436615,0.15559104084968567,-0.14202138781547546,0.021076517179608345,1.0
16,skeptical,-0.15539023280143738,-0.10097059607505798,0.15539023280143738,-0.14361441135406494,0.015545694157481194,1.0
16,patient,0.1553718000650406,0.10365942120552063,0.1553718000650406,0.1441844403743744,0.015970919281244278,1.0
16,satisfied,0.15383541584014893,0.14918182790279388,0.15383541584014893,0.14474505186080933,0.02858663909137249,1.0
16,melancholy,-0.1497027724981308,-0.11092307418584824,0.1497027724981308,-0.1363043338060379,0.01410461775958538,1.0
16,inspired,0.14818835258483887,0.1396072804927826,0.14818835258483887,0.13531124591827393,0.0061774663627147675,1.0
16,heartbroken,-0.1462240368127823,-0.02076777070760727,0.1462240368127823,-0.12986288964748383,0.03036188706755638,1.0
16,gloomy,-0.14270879328250885,-0.13273973762989044,0.14270879328250885,-0.12796108424663544,0.027579914778470993,1.0
16,irritated,-0.14211973547935486,-0.1399507373571396,0.14211973547935486,-0.12893308699131012,0.021403370425105095,1.0
16,infatuated,0.1393173485994339,0.10829836875200272,0.1393173485994339,0.12896569073200226,0.020114058628678322,1.0
16,rejuvenated,0.13741259276866913,0.09153036028146744,0.13741259276866913,0.12935569882392883,0.03185730054974556,1.0
16,ecstatic,0.13618750870227814,0.12916284799575806,0.13618750870227814,0.12129388004541397,0.030248424038290977,1.0
16,hopeful,0.13596421480178833,0.026490099728107452,0.13596421480178833,0.12255461513996124,0.01586011052131653,1.0
16,stuck,-0.13053297996520996,-0.09334732592105865,0.13053297996520996,-0.12237876653671265,0.025193896144628525,1.0
16,empathetic,0.12467890232801437,0.1183297336101532,0.12467890232801437,0.11572609096765518,0.02194472961127758,1.0
16,jubilant,0.12343894690275192,0.08405371010303497,0.12343894690275192,0.11430980265140533,0.009343031793832779,1.0
16,frustrated,-0.12220264226198196,-0.0851336196064949,0.12220264226198196,-0.1122950091958046,0.009069187566637993,1.0
16,troubled,-0.11901639401912689,-0.08072499930858612,0.11901639401912689,-0.11027978360652924,0.012356972321867943,1.0
16,smug,0.11864030361175537,0.09707501530647278,0.11864030361175537,0.10665561258792877,0.01917719468474388,1.0
16,sluggish,-0.11819314956665039,-0.007064172066748142,0.11819314956665039,-0.10647125542163849,0.015658076852560043,1.0
16,weary,-0.1181638091802597,-0.11246258020401001,0.1181638091802597,-0.10867144167423248,0.010877612046897411,1.0
16,exuberant,0.11601953208446503,0.04991305246949196,0.11601953208446503,0.10775723308324814,0.015324384905397892,1.0
16,refreshed,0.11595983058214188,0.08324256539344788,0.11595983058214188,0.11119787395000458,0.043435078114271164,1.0
16,grateful,0.1153111681342125,0.08539589494466782,0.1153111681342125,0.1031256765127182,0.02756822481751442,1.0
16,hostile,-0.11516312509775162,-0.07858192175626755,0.11516312509775162,-0.10682264715433121,0.012719141319394112,1.0
16,excited,0.11502254754304886,0.09348922967910767,0.11502254754304886,0.10811785608530045,0.029817789793014526,1.0
16,suspicious,-0.10900170356035233,-0.08291246742010117,0.10900170356035233,-0.09843431413173676,0.012046447023749352,1.0
16,angry,-0.10738345980644226,-0.11691416800022125,0.10738345980644226,-0.10259504616260529,0.05034297704696655,1.0
16,dumbstruck,-0.1062261164188385,-0.07990515232086182,0.1062261164188385,-0.1010800451040268,0.026416156440973282,1.0
16,nostalgic,0.10483274608850479,0.07532048970460892,0.10483274608850479,0.09596788138151169,0.021840495988726616,1.0
16,guilty,-0.10455819964408875,-0.030974924564361572,0.10455819964408875,-0.09110233932733536,0.030898602679371834,1.0
16,grumpy,-0.10438060760498047,-0.09179795533418655,0.10438060760498047,-0.09454520046710968,0.03733086585998535,1.0
16,spiteful,-0.10387483239173889,-0.06020611524581909,0.10387483239173889,-0.0984748899936676,0.03299223259091377,1.0
16,proud,0.10192330926656723,0.0875895544886589,0.10192330926656723,0.0928228497505188,0.02444468066096306,1.0
16,puzzled,-0.10185854136943817,-0.08064661175012589,0.10185854136943817,-0.09561208635568619,0.022688904777169228,1.0
16,peaceful,0.10115083307027817,0.031207457184791565,0.10115083307027817,0.09531161934137344,0.021871203556656837,1.0
16,mystified,-0.0993533805012703,-0.07082680612802505,0.0993533805012703,-0.0922577753663063,0.012533306144177914,1.0
16,rattled,0.09894421696662903,0.10092713683843613,0.09894421696662903,0.0843084454536438,0.0429995134472847,1.0
16,on edge,0.09710951894521713,0.0778411477804184,0.09710951894521713,0.08980406820774078,0.031757902354002,1.0
16,triumphant,0.0967160239815712,0.015125339850783348,0.0967160239815712,0.08818672597408295,0.01964416354894638,1.0
16,kind,0.09611722826957703,0.07613997161388397,0.09611722826957703,0.09057912975549698,0.03202803432941437,1.0
16,offended,-0.09581755101680756,-0.07441437989473343,0.09581755101680756,-0.0893644466996193,0.017393911257386208,1.0
16,sorry,0.09486047178506851,0.0729336366057396,0.09486047178506851,0.08713698387145996,0.012886736541986465,1.0
16,annoyed,-0.09481575340032578,-0.08338966220617294,0.09481575340032578,-0.08850085735321045,0.03310639411211014,1.0
16,vulnerable,-0.09432006627321243,-0.07174637913703918,0.09432006627321243,-0.08897844702005386,0.025066936388611794,1.0
16,humiliated,-0.09299076348543167,-0.10946188122034073,0.09299076348543167,-0.08233638852834702,0.030491415411233902,1.0
16,perplexed,0.09265675395727158,0.07539781183004379,0.09265675395727158,0.08527064323425293,0.02048800140619278,1.0
16,enthusiastic,0.09202802181243896,0.09587990492582321,0.09202802181243896,0.08655218780040741,0.023553257808089256,1.0
16,self-conscious,-0.09066431224346161,-0.1005476713180542,0.09066431224346161,-0.08122872561216354,0.03180922195315361,1.0
16,hope,0.09060461819171906,0.09250854700803757,0.09060461819171906,0.0837334543466568,0.024193931370973587,1.0
16,serene,0.09016148746013641,0.07511268556118011,0.09016148746013641,0.08656655251979828,0.028972700238227844,1.0
16,disturbed,-0.08888053894042969,-0.0883660539984703,0.08888053894042969,-0.08520182222127914,0.0454590767621994,1.0
16,anxious,-0.08829665929079056,-0.08413638919591904,0.08829665929079056,-0.08048491179943085,0.008486275561153889,1.0
16,insulted,0.08783945441246033,0.06987974047660828,0.08783945441246033,0.08066977560520172,0.010101460851728916,1.0
16,stressed,-0.08762908726930618,-0.06900907307863235,0.08762908726930618,-0.08329916000366211,0.022168729454278946,1.0
16,indignant,-0.08752325177192688,-0.08229085803031921,0.08752325177192688,-0.08419041335582733,0.02707662433385849,1.0
16,bewildered,-0.08679766207933426,-0.09559356421232224,0.08679766207933426,-0.08333627879619598,0.05029238387942314,1.0
16,compassionate,0.08608909696340561,0.08275016397237778,0.08608909696340561,0.08036797493696213,0.03749286010861397,1.0
16,blissful,0.0857144147157669,-0.004277851898223162,0.0857144147157669,0.07803093641996384,0.020613616332411766,1.0
16,lonely,-0.0854446068406105,0.0058023338206112385,0.0854446068406105,-0.07137126475572586,0.05034593492746353,0.800000011920929
16,enraged,-0.08433660119771957,-0.03639567270874977,0.08433660119771957,-0.07598588615655899,0.010369057767093182,1.0
16,content,0.08421953022480011,0.004973085597157478,0.08421953022480011,0.07905914634466171,0.017035389319062233,1.0
16,dispirited,-0.0774381086230278,0.013799021951854229,0.0774381086230278,-0.06781348586082458,0.025608763098716736,1.0
16,contemptuous,-0.07715316116809845,-0.06914550811052322,0.07715316116809845,-0.06998494267463684,0.024364357814192772,1.0
16,distressed,-0.07137789577245712,-0.009644053876399994,0.07137789577245712,-0.06303735077381134,0.030024729669094086,1.0
16,stimulated,0.07053375989198685,0.03254218026995659,0.07053375989198685,0.06175321340560913,0.03657810017466545,1.0
16,embarrassed,0.06920699775218964,0.07170219719409943,0.06920699775218964,0.06679166853427887,0.03126559406518936,1.0
16,safe,0.0684942901134491,0.05785601586103439,0.0684942901134491,0.06885281950235367,0.04399596154689789,1.0
16,trapped,-0.06702829897403717,-0.07573367655277252,0.06702829897403717,-0.06341616809368134,0.018106261268258095,1.0
16,sullen,-0.06579247117042542,-0.06848311424255371,0.06579247117042542,-0.06256167590618134,0.016019277274608612,1.0
16,scared,-0.06550826132297516,-0.07439768314361572,0.06550826132297516,-0.05956653878092766,0.01796342246234417,1.0
16,ashamed,0.06457556039094925,0.021945925429463387,0.06457556039094925,0.05485741049051285,0.030077651143074036,1.0
16,sympathetic,0.06374911963939667,0.030453050509095192,0.06374911963939667,0.059187404811382294,0.027862899005413055,1.0
16,paranoid,-0.0627322718501091,-0.0745454877614975,0.0627322718501091,-0.060781460255384445,0.030926397070288658,1.0
16,greedy,0.05978862941265106,0.0419568307697773,0.05978862941265106,0.05705057457089424,0.029190145432949066,1.0
16,furious,-0.059651292860507965,-0.062246039509773254,0.059651292860507965,-0.05790437385439873,0.022827768698334694,1.0
16,alarmed,-0.058253444731235504,-0.018941204994916916,0.058253444731235504,-0.055603813380002975,0.03176623210310936,1.0
16,panicked,-0.05812115967273712,0.009168015792965889,0.05812115967273712,-0.05529145151376724,0.023148637264966965,1.0
16,optimistic,0.05773932859301567,-0.01945844292640686,0.05773932859301567,0.04987848177552223,0.02651110477745533,1.0
16,happy,0.05766800045967102,-0.027194909751415253,0.05766800045967102,0.054731447249650955,0.02044966258108616,1.0
16,horrified,0.05644160509109497,0.06246395781636238,0.05644160509109497,0.05075782537460327,0.010696716606616974,1.0
16,aroused,0.05599325895309448,-0.026084182783961296,0.05599325895309448,0.04901638254523277,0.022158697247505188,1.0
16,disoriented,-0.05522291734814644,-0.06503010541200638,0.05522291734814644,-0.05539191886782646,0.04140126705169678,1.0
16,hateful,-0.05497882142663002,0.020785745233297348,0.05497882142663002,-0.04959602653980255,0.03499661386013031,1.0
16,terrified,-0.05418737605214119,-0.052653808146715164,0.05418737605214119,-0.0488608293235302,0.006510091945528984,1.0
16,envious,-0.05197357386350632,-0.07249849289655685,0.05197357386350632,-0.04716023802757263,0.02015230990946293,1.0
16,mortified,-0.051882319152355194,-0.050765398889780045,0.051882319152355194,-0.047990720719099045,0.004364171531051397,1.0
16,listless,-0.048806022852659225,0.006095332093536854,0.048806022852659225,-0.03978819027543068,0.03873060271143913,0.800000011920929
16,miserable,-0.048211000859737396,0.016851259395480156,0.048211000859737396,-0.043693237006664276,0.024029409512877464,1.0
16,impatient,0.047804199159145355,0.06760872900485992,0.047804199159145355,0.0450826957821846,0.027454566210508347,0.800000011920929
16,invigorated,0.04627698287367821,0.023133985698223114,0.04627698287367821,0.04643986374139786,0.03946858271956444,1.0
16,astonished,-0.04582943767309189,-0.016572130843997,0.04582943767309189,-0.04006577283143997,0.01891218312084675,1.0
16,self-critical,-0.04578495770692825,-0.06549730896949768,0.04578495770692825,-0.04212791472673416,0.013648547232151031,1.0
16,thrilled,0.045759133994579315,-0.02401180937886238,0.045759133994579315,0.038409024477005005,0.03709041327238083,0.800000011920929
16,brooding,-0.045352622866630554,0.029156310483813286,0.045352622866630554,-0.0361953042447567,0.03510662540793419,0.800000011920929
16,outraged,-0.044837817549705505,-0.01948336511850357,0.044837817549705505,-0.040456049144268036,0.023880258202552795,1.0
16,relaxed,0.04482055455446243,-0.0017381159123033285,0.04482055455446243,0.040585409849882126,0.02366187982261181,1.0
16,surprised,-0.04449702799320221,-0.06057914346456528,0.04449702799320221,-0.04275434836745262,0.024113455787301064,1.0
16,stubborn,-0.04425676539540291,0.0233478806912899,0.04425676539540291,-0.035648949444293976,0.04632488265633583,0.800000011920929
16,unhappy,-0.04407166317105293,-0.0651010200381279,0.04407166317105293,-0.0390380397439003,0.03024546429514885,1.0
16,tired,-0.04228094220161438,0.031406715512275696,0.04228094220161438,-0.03825761005282402,0.016797715798020363,1.0
16,jealous,0.041282180696725845,0.06278052181005478,0.041282180696725845,0.030966883525252342,0.05801089107990265,0.800000011920929
16,valiant,0.04108383134007454,0.030253538861870766,0.04108383134007454,0.033734031021595,0.0439525730907917,0.800000011920929
16,energized,0.04069557785987854,-0.032043952494859695,0.04069557785987854,0.03845991939306259,0.015379048883914948,1.0
16,thankful,0.04014622047543526,-0.022543111816048622,0.04014622047543526,0.03576608747243881,0.009819867089390755,1.0
16,shocked,-0.03883866220712662,-0.059808697551488876,0.03883866220712662,-0.03841704875230789,0.025992203503847122,1.0
16,reflective,-0.0383482500910759,-0.0609884113073349,0.0383482500910759,-0.03726133704185486,0.026579005643725395,1.0
16,bitter,0.037198200821876526,0.056278835982084274,0.037198200821876526,0.03621602803468704,0.022972237318754196,0.800000011920929
16,joyful,0.036119770258665085,-0.03498493507504463,0.036119770258665085,0.031474512070417404,0.012565609067678452,1.0
16,unnerved,-0.03578552231192589,-0.0034523995127528906,0.03578552231192589,-0.033605240285396576,0.02701764926314354,0.800000011920929
16,defiant,0.03568439558148384,0.042286552488803864,0.03568439558148384,0.029308056458830833,0.040989235043525696,0.800000011920929
16,worn out,0.03552597016096115,0.05839729309082031,0.03552597016096115,0.03517364710569382,0.019187528640031815,1.0
16,uneasy,0.033041585236787796,0.05603528022766113,0.033041585236787796,0.032199762761592865,0.014418267644941807,1.0
16,disdainful,0.030889255926012993,0.05865241214632988,0.030889255926012993,0.03164427727460861,0.03330928087234497,1.0
16,grief-stricken,-0.030832365155220032,0.028283800929784775,0.030832365155220032,-0.02803843654692173,0.009978627786040306,1.0
16,awestruck,0.03029654547572136,0.0566646084189415,0.03029654547572136,0.028570344671607018,0.021588191390037537,1.0
16,desperate,-0.02986609935760498,0.03040289506316185,0.02986609935760498,-0.023120872676372528,0.03006959892809391,0.800000011920929
16,alert,-0.02899087406694889,-0.056297410279512405,0.02899087406694889,-0.029704492539167404,0.03635060414671898,0.800000011920929
16,sentimental,-0.028898432850837708,-0.03255891799926758,0.028898432850837708,-0.02338193729519844,0.028146587312221527,0.800000011920929
16,droopy,-0.027697641402482986,0.028111644089221954,0.027697641402482986,-0.02930619940161705,0.04620463773608208,0.6000000238418579
16,resentful,-0.027071621268987656,0.03672708943486214,0.027071621268987656,-0.027891511097550392,0.025875750929117203,1.0
16,calm,0.026509253308176994,0.025576692074537277,0.026509253308176994,0.027409885078668594,0.021910835057497025,0.800000011920929
16,sensitive,0.02642238326370716,0.05380977317690849,0.02642238326370716,0.02949068509042263,0.05110461264848709,0.800000011920929
16,vindictive,-0.025319211184978485,0.03478994220495224,0.025319211184978485,-0.02453555539250374,0.019785329699516296,0.800000011920929
16,mad,0.025077274069190025,0.05258997902274132,0.025077274069190025,0.01963588409125805,0.028690719977021217,0.800000011920929
16,self-confident,0.0225971806794405,-0.03872539475560188,0.0225971806794405,0.018401673063635826,0.015237667597830296,0.800000011920929
16,eager,0.02030608057975769,0.0006864189635962248,0.02030608057975769,0.0159409511834383,0.04150545224547386,0.6000000238418579
16,pleased,0.019624218344688416,-0.033818624913692474,0.019624218344688416,0.017221054062247276,0.016824278980493546,0.800000011920929
16,tense,-0.019063912332057953,-0.05542776733636856,0.019063912332057953,-0.017537031322717667,0.01955864392220974,0.800000011920929
16,lazy,0.0188433900475502,0.04997428506612778,0.0188433900475502,0.015251198783516884,0.016275053843855858,0.800000011920929
16,unsettled,-0.018473612144589424,0.03198741748929024,0.018473612144589424,-0.014333056285977364,0.025731325149536133,0.4000000059604645
16,loving,0.017696604132652283,-0.01346710603684187,0.017696604132652283,0.013602842576801777,0.023062612861394882,0.800000011920929
16,worried,-0.016982417553663254,0.03520077466964722,0.016982417553663254,-0.016414489597082138,0.02206169255077839,0.6000000238418579
16,sleepy,0.016126379370689392,0.04845524951815605,0.016126379370689392,0.019591590389609337,0.035206664353609085,0.6000000238418579
16,nervous,-0.015841441228985786,-0.032004013657569885,0.015841441228985786,-0.017237067222595215,0.02588471584022045,0.800000011920929
16,shaken,0.01512728538364172,0.018929092213511467,0.01512728538364172,0.011578502133488655,0.018628761172294617,0.6000000238418579
16,afraid,-0.014378746971487999,-0.007110085338354111,0.014378746971487999,-0.011707519181072712,0.032840557396411896,0.6000000238418579
16,playful,0.012304926291108131,-0.04373622313141823,0.012304926291108131,0.010147137567400932,0.015110142529010773,0.800000011920929
16,frightened,-0.011259454302489758,-0.042926181107759476,0.011259454302489758,-0.016077006235718727,0.04388658329844475,0.6000000238418579
16,upset,-0.011231768876314163,0.039118826389312744,0.011231768876314163,-0.009345540776848793,0.011468343436717987,0.6000000238418579
16,hurt,-0.010617148131132126,0.038620952516794205,0.010617148131132126,-0.007828091271221638,0.013110702857375145,0.6000000238418579
16,worthless,-0.010087157599627972,0.035188667476177216,0.010087157599627972,-0.006458753254264593,0.026721859350800514,0.6000000238418579
16,amazed,0.009948493912816048,-0.025102030485868454,0.009948493912816048,0.007889585569500923,0.018063928931951523,0.800000011920929
16,hysterical,0.00917705800384283,0.041031159460544586,0.00917705800384283,0.009328181855380535,0.01650846004486084,0.800000011920929
16,obstinate,-0.009025713428854942,0.042407091706991196,0.009025713428854942,-0.007170758210122585,0.018423233181238174,0.4000000059604645
16,exasperated,0.008710893802344799,0.050029341131448746,0.008710893802344799,0.004451891873031855,0.02525046281516552,0.4000000059604645
16,vibrant,-0.008688253350555897,-0.0466313436627388,0.008688253350555897,-0.011563471518456936,0.0240531824529171,0.6000000238418579
16,docile,0.008348590694367886,0.046982668340206146,0.008348590694367886,0.012243164703249931,0.03678986802697182,0.6000000238418579
16,remorseful,-0.007372837979346514,0.022425634786486626,0.007372837979346514,-0.004068322479724884,0.04030020534992218,0.4000000059604645
16,overwhelmed,-0.006278757471591234,0.04108230397105217,0.006278757471591234,-0.00361247593536973,0.019537799060344696,0.800000011920929
16,irate,0.006115858908742666,0.045332230627536774,0.006115858908742666,0.0018065028125420213,0.03649802878499031,0.4000000059604645
16,amused,-0.005781582556664944,-0.04416116699576378,0.005781582556664944,-0.00902237743139267,0.02584431879222393,0.4000000059604645
16,dependent,0.0056952061131596565,0.04566216468811035,0.0056952061131596565,0.009030506014823914,0.02815905585885048,0.4000000059604645
16,vigilant,0.004444536752998829,0.04095546528697014,0.004444536752998829,0.009555546566843987,0.04307092726230621,0.4000000059604645
16,regretful,0.004154626280069351,0.04783431813120842,0.004154626280069351,0.007536210119724274,0.03328421711921692,0.4000000059604645
16,fulfilled,-0.0029700191225856543,-0.04700002819299698,0.0029700191225856543,-0.0011659411247819662,0.015969885513186455,0.800000011920929
16,relieved,0.0015080501325428486,0.013617405667901039,0.0015080501325428486,0.003235951066017151,0.03642268851399422,0.4000000059604645
16,disgusted,-0.001281144330278039,0.04441126808524132,0.001281144330278039,-9.88263673207257e-06,0.012829571962356567,0.800000011920929
16,bored,-0.0011980533599853516,0.04430381581187248,0.0011980533599853516,0.004092874936759472,0.037480007857084274,0.6000000238418579
16,sad,-0.001109028933569789,0.04500722140073776,0.001109028933569789,-0.004602150060236454,0.03235100954771042,0.6000000238418579
16,indifferent,-0.000923682120628655,0.0412621945142746,0.000923682120628655,-0.0043543195351958275,0.03125998377799988,0.4000000059604645
16,vengeful,-0.0005168156931176782,0.03779545798897743,0.0005168156931176782,0.0038953088223934174,0.03500188887119293,0.4000000059604645
17,cheerful,0.23167018592357635,0.16546668112277985,0.23167018592357635,0.21579477190971375,0.012885872274637222,1.0
17,at ease,0.2125115841627121,0.20659813284873962,0.2125115841627121,0.19296029210090637,0.04222039133310318,1.0
17,delighted,0.201719731092453,0.09126494824886322,0.201719731092453,0.18521924316883087,0.015130085870623589,1.0
17,elated,0.19260472059249878,0.14780838787555695,0.19260472059249878,0.18049612641334534,0.023498190566897392,1.0
17,tormented,-0.1820490062236786,-0.1424718052148819,0.1820490062236786,-0.16791307926177979,0.025416314601898193,1.0
17,resigned,-0.17797814309597015,-0.11425228416919708,0.17797814309597015,-0.1642819344997406,0.010824684984982014,1.0
17,euphoric,0.17017264664173126,0.16935814917087555,0.17017264664173126,0.15925264358520508,0.0177688617259264,1.0
17,satisfied,0.15660245716571808,0.15768924355506897,0.15660245716571808,0.14796942472457886,0.026932435110211372,1.0
17,gloomy,-0.15406209230422974,-0.1434854120016098,0.15406209230422974,-0.1393841803073883,0.030040530487895012,1.0
17,inspired,0.14990659058094025,0.14567948877811432,0.14990659058094025,0.13890652358531952,0.006144622806459665,1.0
17,restless,-0.14534354209899902,-0.12073634564876556,0.14534354209899902,-0.13451316952705383,0.022003276273608208,1.0
17,depressed,-0.14380118250846863,-0.06464292109012604,0.14380118250846863,-0.1318277269601822,0.018510671332478523,1.0
17,heartbroken,-0.1429581493139267,-0.02214157208800316,0.1429581493139267,-0.1283634603023529,0.031706541776657104,1.0
17,melancholy,-0.13915680348873138,-0.11180328577756882,0.13915680348873138,-0.12800246477127075,0.015085128135979176,1.0
17,infatuated,0.13777734339237213,0.10896112769842148,0.13777734339237213,0.1283789873123169,0.018596753478050232,1.0
17,patient,0.1334569901227951,0.09886793047189713,0.1334569901227951,0.1257135570049286,0.01910039596259594,1.0
17,refreshed,0.1331576108932495,0.1016719788312912,0.1331576108932495,0.12705770134925842,0.0341341532766819,1.0
17,angry,-0.13269716501235962,-0.13820476830005646,0.13269716501235962,-0.12555792927742004,0.045069217681884766,1.0
17,skeptical,-0.12850700318813324,-0.09558387845754623,0.12850700318813324,-0.12070000171661377,0.016653578728437424,1.0
17,hopeful,0.1274924874305725,0.02519170194864273,0.1274924874305725,0.11602514982223511,0.01613691635429859,1.0
17,ecstatic,0.12459089607000351,0.11985012888908386,0.12459089607000351,0.11307744681835175,0.027548275887966156,1.0
17,exuberant,0.1232408955693245,0.05457012355327606,0.1232408955693245,0.11465145647525787,0.01186230219900608,1.0
17,scornful,-0.12120399624109268,-0.09097030013799667,0.12120399624109268,-0.11294382810592651,0.015145543031394482,1.0
17,sluggish,-0.11984071880578995,-0.010956437326967716,0.11984071880578995,-0.1086287647485733,0.01770039089024067,1.0
17,rejuvenated,0.1190129891037941,0.0893363431096077,0.1190129891037941,0.11439237743616104,0.038013756275177,1.0
17,stuck,-0.1188390925526619,-0.09419813007116318,0.1188390925526619,-0.11281082779169083,0.026152698323130608,1.0
17,jubilant,0.11738058179616928,0.08462502807378769,0.11738058179616928,0.1103263646364212,0.013221853412687778,1.0
17,empathetic,0.11162987351417542,0.11470111459493637,0.11162987351417542,0.10487258434295654,0.02176869846880436,1.0
17,blissful,0.11159626394510269,0.0068264249712228775,0.11159626394510269,0.10255950689315796,0.013894599862396717,1.0
17,triumphant,0.11113099008798599,0.026399536058306694,0.11113099008798599,0.10174764692783356,0.020293982699513435,1.0
17,spiteful,-0.10920435190200806,-0.06596209108829498,0.10920435190200806,-0.1035379022359848,0.02647118829190731,1.0
17,irritated,-0.10812993347644806,-0.11344736069440842,0.10812993347644806,-0.10024120658636093,0.018374184146523476,1.0
17,peaceful,0.1079782024025917,0.037288449704647064,0.1079782024025917,0.10292335599660873,0.027409842237830162,1.0
17,weary,-0.10635202378034592,-0.10849253088235855,0.10635202378034592,-0.09865672886371613,0.009009414352476597,1.0
17,bewildered,-0.10634788870811462,-0.11404560506343842,0.10634788870811462,-0.10058312118053436,0.04165291041135788,1.0
17,excited,0.10503235459327698,0.09259212762117386,0.10503235459327698,0.1000458225607872,0.03262971341609955,1.0
17,grumpy,-0.10421579331159592,-0.09439415484666824,0.10421579331159592,-0.09554274380207062,0.030209872871637344,1.0
17,disturbed,-0.10382290184497833,-0.09914496541023254,0.10382290184497833,-0.09772348403930664,0.03806447237730026,1.0
17,vulnerable,-0.10008881986141205,-0.07653224468231201,0.10008881986141205,-0.09471533447504044,0.022334471344947815,1.0
17,puzzled,-0.0997333973646164,-0.0832166075706482,0.0997333973646164,-0.0941188782453537,0.02146029844880104,1.0
17,troubled,-0.09962978959083557,-0.07865026593208313,0.09962978959083557,-0.09453314542770386,0.021442336961627007,1.0
17,smug,0.09873681515455246,0.09338106960058212,0.09873681515455246,0.0897422656416893,0.015156557783484459,1.0
17,frustrated,-0.0982464998960495,-0.08080049604177475,0.0982464998960495,-0.09176860004663467,0.012905889190733433,1.0
17,greedy,0.09724264591932297,0.0753168910741806,0.09724264591932297,0.09179890155792236,0.025177931413054466,1.0
17,suspicious,-0.09709370136260986,-0.08231917768716812,0.09709370136260986,-0.08929766714572906,0.010266314260661602,1.0
17,content,0.09483752399682999,0.015472820028662682,0.09483752399682999,0.08820369094610214,0.009059499017894268,1.0
17,grateful,0.0921412855386734,0.07996230572462082,0.0921412855386734,0.08377017080783844,0.02233375422656536,1.0
17,hostile,-0.0920570120215416,-0.07500255852937698,0.0920570120215416,-0.0872543603181839,0.01706143468618393,1.0
17,annoyed,-0.09033162146806717,-0.08454995602369308,0.09033162146806717,-0.08477296680212021,0.03079170174896717,1.0
17,hope,0.08884810656309128,0.09445083886384964,0.08884810656309128,0.0822128877043724,0.02298065647482872,1.0
17,kind,0.087724469602108,0.07733851671218872,0.087724469602108,0.08418621867895126,0.03302556276321411,1.0
17,droopy,-0.0868430957198143,-0.006369031500071287,0.0868430957198143,-0.08269885927438736,0.030522622168064117,1.0
17,proud,0.08625136315822601,0.08307696133852005,0.08625136315822601,0.08114652335643768,0.022000111639499664,1.0
17,guilty,-0.08587879687547684,-0.023167697712779045,0.08587879687547684,-0.07527995109558105,0.02930847555398941,1.0
17,offended,-0.08543109148740768,-0.0743027776479721,0.08543109148740768,-0.08105375617742538,0.02050030417740345,1.0
17,lonely,-0.08384174108505249,0.005321032367646694,0.08384174108505249,-0.0713844746351242,0.04892454668879509,0.800000011920929
17,compassionate,0.08371899276971817,0.08432657271623611,0.08371899276971817,0.07881331443786621,0.034542568027973175,1.0
17,dumbstruck,-0.0834314227104187,-0.07550977915525436,0.0834314227104187,-0.08016888797283173,0.02252214401960373,1.0
17,anxious,-0.0828104093670845,-0.07834409922361374,0.0828104093670845,-0.07559369504451752,0.012317631393671036,1.0
17,enthusiastic,0.08254532516002655,0.09238579124212265,0.08254532516002655,0.07871276885271072,0.02645893581211567,1.0
17,safe,0.0823792889714241,0.07165764272212982,0.0823792889714241,0.08187475055456161,0.04575619474053383,1.0
17,disoriented,-0.08039171248674393,-0.07649741321802139,0.08039171248674393,-0.07798189669847488,0.03317052498459816,1.0
17,sympathetic,0.07999277114868164,0.04603374004364014,0.07999277114868164,0.07367056608200073,0.0196544099599123,1.0
17,optimistic,0.07959896326065063,-0.010945269837975502,0.07959896326065063,0.06975226104259491,0.029408447444438934,1.0
17,perplexed,0.07641685754060745,0.07303618639707565,0.07641685754060745,0.07100676000118256,0.02078264206647873,1.0
17,enraged,-0.07538089901208878,-0.029949961230158806,0.07538089901208878,-0.06891739368438721,0.009394215419888496,1.0
17,trapped,-0.07533041387796402,-0.08190848678350449,0.07533041387796402,-0.07112995535135269,0.012767940759658813,1.0
17,stressed,-0.0735771432518959,-0.06860408931970596,0.0735771432518959,-0.07125471532344818,0.02530825324356556,1.0
17,serene,0.07295318692922592,0.07229312509298325,0.07295318692922592,0.07189096510410309,0.03541584685444832,1.0
17,terrified,-0.07293626666069031,-0.06948988139629364,0.07293626666069031,-0.06603790819644928,0.011791924946010113,1.0
17,dispirited,-0.0728997141122818,0.0133903743699193,0.0728997141122818,-0.06412430107593536,0.028931455686688423,1.0
17,aroused,0.0727982446551323,-0.021021105349063873,0.0727982446551323,0.0654604583978653,0.020104482769966125,1.0
17,distressed,-0.07260942459106445,-0.01440794300287962,0.07260942459106445,-0.06496553122997284,0.031708043068647385,1.0
17,panicked,-0.07255531847476959,-0.0023028110153973103,0.07255531847476959,-0.06766559928655624,0.014463738538324833,1.0
17,paranoid,-0.07221703231334686,-0.0825120285153389,0.07221703231334686,-0.06997505575418472,0.02877461351454258,1.0
17,mystified,-0.07054304331541061,-0.0659150704741478,0.07054304331541061,-0.06772737205028534,0.017810769379138947,1.0
17,self-conscious,-0.06955316662788391,-0.08051490783691406,0.06955316662788391,-0.06389429420232773,0.025669440627098083,1.0
17,miserable,-0.06664146482944489,0.005098761525005102,0.06664146482944489,-0.060244522988796234,0.020466655492782593,1.0
17,hateful,-0.0654134750366211,0.013685044832527637,0.0654134750366211,-0.059168897569179535,0.030611122027039528,1.0
17,invigorated,0.06501146405935287,0.04360088333487511,0.06501146405935287,0.06376112997531891,0.03667616844177246,1.0
17,humiliated,-0.06441745907068253,-0.08368048071861267,0.06441745907068253,-0.058271847665309906,0.024653742089867592,1.0
17,on edge,0.0641651451587677,0.06852664053440094,0.0641651451587677,0.060240376740694046,0.02806129679083824,1.0
17,happy,0.06404264271259308,-0.024810969829559326,0.06404264271259308,0.0607023611664772,0.017719293013215065,1.0
17,relaxed,0.06372185051441193,0.012771531008183956,0.06372185051441193,0.05750753730535507,0.01772211119532585,1.0
17,alarmed,-0.06355240941047668,-0.02156805247068405,0.06355240941047668,-0.06108177825808525,0.030748924240469933,1.0
17,insulted,0.0613822340965271,0.06555842608213425,0.0613822340965271,0.05760747194290161,0.007532873190939426,1.0
17,stimulated,0.06135210394859314,0.026805099099874496,0.06135210394859314,0.0547892265021801,0.03375649452209473,1.0
17,indignant,-0.05991484969854355,-0.0700775533914566,0.05991484969854355,-0.060243554413318634,0.03435276821255684,1.0
17,nostalgic,0.0598897822201252,0.06491558998823166,0.0598897822201252,0.05619993805885315,0.019076300784945488,1.0
17,rattled,0.058505184948444366,0.07379866391420364,0.058505184948444366,0.04908242076635361,0.03688911721110344,1.0
17,embarrassed,0.05343801528215408,0.06837243586778641,0.05343801528215408,0.05245532467961311,0.02803155593574047,1.0
17,tired,-0.05338238179683685,0.026502039283514023,0.05338238179683685,-0.048573143780231476,0.015140457078814507,1.0
17,thankful,0.05300747975707054,-0.016531536355614662,0.05300747975707054,0.0472942590713501,0.01574903354048729,1.0
17,astonished,-0.05277298018336296,-0.021750206127762794,0.05277298018336296,-0.04654570296406746,0.024337878450751305,1.0
17,unnerved,-0.05226960778236389,-0.018211746588349342,0.05226960778236389,-0.04766739159822464,0.03026999905705452,1.0
17,energized,0.05206013470888138,-0.026274461299180984,0.05206013470888138,0.04847637936472893,0.008026642724871635,1.0
17,brooding,-0.05193006247282028,0.02732529304921627,0.05193006247282028,-0.04289368540048599,0.0369296595454216,0.800000011920929
17,sorry,0.05163869261741638,0.06305420398712158,0.05163869261741638,0.04873824119567871,0.013913213275372982,1.0
17,envious,-0.05126258358359337,-0.07125119864940643,0.05126258358359337,-0.047191329300403595,0.01687002182006836,1.0
17,sullen,-0.05036021023988724,-0.06566213071346283,0.05036021023988724,-0.04876630753278732,0.017280105501413345,1.0
17,unhappy,-0.050291918218135834,-0.06997060030698776,0.050291918218135834,-0.04501970857381821,0.02670121379196644,1.0
17,joyful,0.049931470304727554,-0.031636953353881836,0.049931470304727554,0.044812098145484924,0.014082987792789936,1.0
17,scared,-0.04844433069229126,-0.06868647038936615,0.04844433069229126,-0.04487272724509239,0.010537620633840561,1.0
17,sensitive,0.04800240695476532,0.06477335840463638,0.04800240695476532,0.047887831926345825,0.03772202879190445,1.0
17,worried,-0.047429222613573074,0.022525139153003693,0.047429222613573074,-0.0440310537815094,0.01764143444597721,1.0
17,resentful,-0.046071235090494156,0.03001490607857704,0.046071235090494156,-0.04495662450790405,0.02171054482460022,1.0
17,contemptuous,-0.0429544635117054,-0.059683263301849365,0.0429544635117054,-0.04038948565721512,0.01895354688167572,1.0
17,vindictive,-0.04286904260516167,0.029234234243631363,0.04286904260516167,-0.0405019149184227,0.019248949363827705,1.0
17,reflective,-0.042417027056217194,-0.06510122865438461,0.042417027056217194,-0.04015984386205673,0.02278883382678032,1.0
17,grief-stricken,-0.04133736342191696,0.021429207175970078,0.04133736342191696,-0.03763982281088829,0.012321124784648418,1.0
17,disdainful,0.039750419557094574,0.06533759087324142,0.039750419557094574,0.03795045241713524,0.021671859547495842,1.0
17,mortified,-0.03958563506603241,-0.04158743470907211,0.03958563506603241,-0.037584591656923294,0.009305302053689957,1.0
17,self-confident,0.03895192593336105,-0.03458186984062195,0.03895192593336105,0.03315747156739235,0.021685324609279633,1.0
17,outraged,-0.03885509818792343,-0.016144482418894768,0.03885509818792343,-0.03641905635595322,0.02357684075832367,0.800000011920929
17,thrilled,0.038049619644880295,-0.02666771039366722,0.038049619644880295,0.03267782926559448,0.02857188694179058,0.800000011920929
17,shocked,-0.03600658103823662,-0.0601501390337944,0.03600658103823662,-0.036296289414167404,0.026741860434412956,1.0
17,listless,-0.03599817678332329,0.013150462880730629,0.03599817678332329,-0.029736792668700218,0.030150698497891426,0.800000011920929
17,ashamed,0.03574485704302788,0.0004879769403487444,0.03574485704302788,0.029631495475769043,0.03070935234427452,0.800000011920929
17,horrified,0.03519224002957344,0.05847690626978874,0.03519224002957344,0.032266486436128616,0.007541127968579531,1.0
17,sad,-0.03358345478773117,0.026421600952744484,0.03358345478773117,-0.033419858664274216,0.031289536505937576,0.800000011920929
17,furious,-0.03333926945924759,-0.05587382987141609,0.03333926945924759,-0.03524502366781235,0.03308096155524254,0.800000011920929
17,relieved,0.03295321390032768,0.04657578468322754,0.03295321390032768,0.030651088804006577,0.021868741139769554,1.0
17,upset,-0.031422991305589676,0.033148907124996185,0.031422991305589676,-0.028128832578659058,0.01198015920817852,1.0
17,surprised,-0.030927807092666626,-0.05582556873559952,0.030927807092666626,-0.030837496742606163,0.02558954246342182,0.800000011920929
17,desperate,-0.029782520607113838,0.028508204966783524,0.029782520607113838,-0.023392708972096443,0.03141510486602783,0.800000011920929
17,remorseful,-0.02959650754928589,0.007167085073888302,0.02959650754928589,-0.02514486014842987,0.03460805118083954,0.800000011920929
17,frightened,-0.028612172231078148,-0.053055066615343094,0.028612172231078148,-0.031226586550474167,0.03891407325863838,0.800000011920929
17,bitter,0.02829098328948021,0.055589161813259125,0.02829098328948021,0.028557833284139633,0.02341436967253685,0.800000011920929
17,stubborn,-0.027384115383028984,0.03132632374763489,0.027384115383028984,-0.021151475608348846,0.038712937384843826,0.800000011920929
17,pleased,0.027308272197842598,-0.03170809894800186,0.027308272197842598,0.023932795971632004,0.01987740397453308,1.0
17,defiant,0.02530716545879841,0.035132985562086105,0.02530716545879841,0.021475795656442642,0.03162071481347084,0.6000000238418579
17,uneasy,0.0247658584266901,0.053761713206768036,0.0247658584266901,0.02498471736907959,0.018210511654615402,1.0
17,impatient,0.024226104840636253,0.05274773761630058,0.024226104840636253,0.02322106435894966,0.023256706073880196,0.800000011920929
17,nervous,-0.02364068478345871,-0.040180932730436325,0.02364068478345871,-0.024418048560619354,0.02802324667572975,0.800000011920929
17,playful,0.023249974474310875,-0.04132883995771408,0.023249974474310875,0.019946832209825516,0.015850277617573738,0.800000011920929
17,valiant,0.023247582837939262,0.011038102209568024,0.023247582837939262,0.018497545272111893,0.03903194144368172,0.800000011920929
17,loving,0.02311551570892334,-0.010673582553863525,0.02311551570892334,0.01835799403488636,0.027566324919462204,0.800000011920929
17,calm,0.022514022886753082,0.020736901089549065,0.022514022886753082,0.024390820413827896,0.026062432676553726,0.800000011920929
17,overwhelmed,-0.021318385377526283,0.03642403334379196,0.021318385377526283,-0.017159614711999893,0.021957891061902046,0.800000011920929
17,indifferent,-0.02015978842973709,0.03309500962495804,0.02015978842973709,-0.021421438083052635,0.030087469145655632,0.800000011920929
17,self-critical,-0.018467359244823456,-0.05505482479929924,0.018467359244823456,-0.018351150676608086,0.010139399208128452,1.0
17,sleepy,0.017659593373537064,0.049911029636859894,0.017659593373537064,0.021644840016961098,0.0414716899394989,0.6000000238418579
17,shaken,-0.0170186348259449,-0.011627288535237312,0.0170186348259449,-0.016587425023317337,0.015220671892166138,0.800000011920929
17,worn out,0.01679772324860096,0.05251188576221466,0.01679772324860096,0.017091408371925354,0.014797160401940346,0.800000011920929
17,hurt,-0.015586457215249538,0.038053933531045914,0.015586457215249538,-0.011805390939116478,0.021440299227833748,0.6000000238418579
17,vigilant,0.015196912921965122,0.04801074415445328,0.015196912921965122,0.018582943826913834,0.03833892568945885,0.6000000238418579
17,afraid,-0.014858441427350044,-0.0066463942639529705,0.014858441427350044,-0.013089276850223541,0.025082997977733612,0.6000000238418579
17,regretful,0.013951776549220085,0.052504438906908035,0.013951776549220085,0.01580618880689144,0.02807803452014923,0.6000000238418579
17,sentimental,-0.013663631863892078,-0.022980527952313423,0.013663631863892078,-0.010953208431601524,0.02268625982105732,0.4000000059604645
17,hysterical,0.013632584363222122,0.042227853089571,0.013632584363222122,0.012770755216479301,0.009426310658454895,0.800000011920929
17,eager,0.013460851274430752,-0.00531618669629097,0.013460851274430752,0.011015922762453556,0.03472617641091347,0.4000000059604645
17,alert,-0.012855451554059982,-0.048958275467157364,0.012855451554059982,-0.014915498904883862,0.03424812853336334,0.6000000238418579
17,unsettled,-0.012780812568962574,0.035776231437921524,0.012780812568962574,-0.00988516304641962,0.021965881809592247,0.4000000059604645
17,jealous,-0.012680336833000183,0.036783188581466675,0.012680336833000183,-0.016598094254732132,0.04413183405995369,0.4000000059604645
17,fulfilled,0.01210472546517849,-0.04250593110918999,0.01210472546517849,0.012145903892815113,0.012131322175264359,1.0
17,mad,-0.011364003643393517,0.036371342837810516,0.011364003643393517,-0.012207276187837124,0.016345011070370674,0.800000011920929
17,vibrant,0.010516613721847534,-0.04144534468650818,0.010516613721847534,0.005867707543075085,0.029401909559965134,0.6000000238418579
17,tense,-0.009673348627984524,-0.05098550766706467,0.009673348627984524,-0.010278159752488136,0.019443612545728683,0.800000011920929
17,dependent,0.00934382900595665,0.04814401641488075,0.00934382900595665,0.01196462381631136,0.027608051896095276,0.4000000059604645
17,docile,0.00926192756742239,0.04754779860377312,0.00926192756742239,0.012451587244868279,0.03655128553509712,0.800000011920929
17,worthless,0.008156436495482922,0.04377753287553787,0.008156436495482922,0.010013525374233723,0.02504245564341545,0.6000000238418579
17,exasperated,0.004852110520005226,0.04944843798875809,0.004852110520005226,0.0013024552026763558,0.026229729875922203,0.4000000059604645
17,irate,-0.004227387253195047,0.04316800460219383,0.004227387253195047,-0.006930232979357243,0.03672288730740547,0.800000011920929
17,amused,0.003572089597582817,-0.04175489768385887,0.003572089597582817,-0.00039224623469635844,0.029192263260483742,0.6000000238418579
17,disgusted,-0.003530234331265092,0.04433359205722809,0.003530234331265092,-0.0024401904083788395,0.010827997699379921,0.800000011920929
17,awestruck,0.0028597633354365826,0.04898576810956001,0.0028597633354365826,0.004675968084484339,0.022317765280604362,0.4000000059604645
17,bored,0.0020044606644660234,0.04665724188089371,0.0020044606644660234,0.006947576999664307,0.03955645486712456,0.4000000059604645
17,obstinate,-0.0017796282190829515,0.04597983881831169,0.0017796282190829515,-0.0007423363858833909,0.016894008964300156,0.4000000059604645
17,lazy,-0.0013522410299628973,0.04260590299963951,0.0013522410299628973,-0.0021168228704482317,0.008694170974195004,0.4000000059604645
17,vengeful,0.0012237820774316788,0.04026240110397339,0.0012237820774316788,0.004865051247179508,0.03244933485984802,0.6000000238418579
17,amazed,0.0011764437658712268,-0.030899858102202415,0.0011764437658712268,0.00010440163168823346,0.016630372032523155,0.4000000059604645
18,cheerful,0.22740903496742249,0.16349439322948456,0.22740903496742249,0.21271724998950958,0.00943699013441801,1.0
18,at ease,0.21271184086799622,0.20572078227996826,0.21271184086799622,0.1961584985256195,0.035453133285045624,1.0
18,delighted,0.19377730786800385,0.09094202518463135,0.19377730786800385,0.17971715331077576,0.015270701609551907,1.0
18,tormented,-0.1834276020526886,-0.14460501074790955,0.1834276020526886,-0.17024438083171844,0.028606830164790154,1.0
18,elated,0.17986173927783966,0.14748334884643555,0.17986173927783966,0.17032292485237122,0.020441140979528427,1.0
18,resigned,-0.16823792457580566,-0.11666370183229446,0.16823792457580566,-0.15632136166095734,0.015809273347258568,1.0
18,infatuated,0.1650531142950058,0.13713638484477997,0.1650531142950058,0.15415973961353302,0.014857159927487373,1.0
18,euphoric,0.1509339064359665,0.1550394594669342,0.1509339064359665,0.14194650948047638,0.012943151406943798,1.0
18,gloomy,-0.14518538117408752,-0.1406688243150711,0.14518538117408752,-0.13324622809886932,0.02573346719145775,1.0
18,heartbroken,-0.14361591637134552,-0.02450084127485752,0.14361591637134552,-0.13059094548225403,0.03242187201976776,1.0
18,depressed,-0.13933733105659485,-0.06121910735964775,0.13933733105659485,-0.12942638993263245,0.016942882910370827,1.0
18,ecstatic,0.13799118995666504,0.1324930489063263,0.13799118995666504,0.12618614733219147,0.02911633811891079,1.0
18,restless,-0.13541832566261292,-0.11396455764770508,0.13541832566261292,-0.1263779103755951,0.02756599336862564,1.0
18,melancholy,-0.13463422656059265,-0.11288740485906601,0.13463422656059265,-0.12455679476261139,0.017847929149866104,1.0
18,satisfied,0.13100895285606384,0.13847950100898743,0.13100895285606384,0.12533564865589142,0.02379828505218029,1.0
18,jubilant,0.13015012443065643,0.09385211020708084,0.13015012443065643,0.12318076193332672,0.016388196498155594,1.0
18,patient,0.12889014184474945,0.10118979960680008,0.12889014184474945,0.12269958108663559,0.018939994275569916,1.0
18,irritated,-0.12583838403224945,-0.1269654631614685,0.12583838403224945,-0.11707379668951035,0.014874682761728764,1.0
18,refreshed,0.12503395974636078,0.09255111962556839,0.12503395974636078,0.11900750547647476,0.02175377681851387,1.0
18,inspired,0.1240280494093895,0.12692314386367798,0.1240280494093895,0.11644218116998672,0.009208782576024532,1.0
18,rejuvenated,0.12384358793497086,0.09475665539503098,0.12384358793497086,0.119157575070858,0.030794838443398476,1.0
18,exuberant,0.12212509661912918,0.059276092797517776,0.12212509661912918,0.11438141763210297,0.011979518458247185,1.0
18,hopeful,0.12091675400733948,0.023126665502786636,0.12091675400733948,0.11142180860042572,0.014189710840582848,1.0
18,scornful,-0.11895544081926346,-0.09476878494024277,0.11895544081926346,-0.11169900000095367,0.014166627079248428,1.0
18,excited,0.1143685132265091,0.10033847391605377,0.1143685132265091,0.10870178043842316,0.03175702691078186,1.0
18,skeptical,-0.11234425753355026,-0.09345880895853043,0.11234425753355026,-0.10629172623157501,0.01485678181052208,1.0
18,angry,-0.11187709122896194,-0.1194731816649437,0.11187709122896194,-0.10659708827733994,0.04195035994052887,1.0
18,spiteful,-0.11152392625808716,-0.0709104910492897,0.11152392625808716,-0.10652394592761993,0.026734964922070503,1.0
18,stuck,-0.11137700825929642,-0.09338342398405075,0.11137700825929642,-0.1057511419057846,0.022395538166165352,1.0
18,grumpy,-0.10714555531740189,-0.09579352289438248,0.10714555531740189,-0.09887277334928513,0.0234894510358572,1.0
18,sluggish,-0.1057882234454155,-0.005080224946141243,0.1057882234454155,-0.0971636027097702,0.014613915234804153,1.0
18,disturbed,-0.10530634969472885,-0.1053575724363327,0.10530634969472885,-0.09857627004384995,0.038032446056604385,1.0
18,troubled,-0.10521981865167618,-0.08448959141969681,0.10521981865167618,-0.09999594837427139,0.019740646705031395,1.0
18,hostile,-0.10385643690824509,-0.08172735571861267,0.10385643690824509,-0.0988110676407814,0.01577644981443882,1.0
18,grateful,0.10233201831579208,0.087795190513134,0.10233201831579208,0.09423176944255829,0.019480636343359947,1.0
18,peaceful,0.09986474364995956,0.03381287306547165,0.09986474364995956,0.09588327258825302,0.025074539706110954,1.0
18,compassionate,0.09926332533359528,0.09547263383865356,0.09926332533359528,0.0923486202955246,0.03487326577305794,1.0
18,frustrated,-0.09867582470178604,-0.08402051031589508,0.09867582470178604,-0.09212787449359894,0.013067168183624744,1.0
18,blissful,0.09799639135599136,0.0028881540056318045,0.09799639135599136,0.09072975814342499,0.016480030491948128,1.0
18,lonely,-0.09658220410346985,-0.0007652366766706109,0.09658220410346985,-0.085572749376297,0.03764394670724869,1.0
18,stimulated,0.09560053795576096,0.05239443853497505,0.09560053795576096,0.08668210357427597,0.032286643981933594,1.0
18,hope,0.09519338607788086,0.10353511571884155,0.09519338607788086,0.08896507322788239,0.02878476493060589,1.0
18,suspicious,-0.0943077802658081,-0.08399944752454758,0.0943077802658081,-0.08708351105451584,0.010262584313750267,1.0
18,droopy,-0.09283123910427094,-0.010598447173833847,0.09283123910427094,-0.0875246673822403,0.023584889248013496,1.0
18,humiliated,-0.09241784363985062,-0.1065889373421669,0.09241784363985062,-0.08512413501739502,0.020063869655132294,1.0
18,offended,-0.09187498688697815,-0.07971283048391342,0.09187498688697815,-0.08730839192867279,0.019502991810441017,1.0
18,vulnerable,-0.09100925922393799,-0.07811343669891357,0.09100925922393799,-0.08635201305150986,0.019578028470277786,1.0
18,smug,0.09061916172504425,0.09126029163599014,0.09061916172504425,0.08345992863178253,0.014667727053165436,1.0
18,empathetic,0.09041513502597809,0.10102320462465286,0.09041513502597809,0.08533064275979996,0.023828934878110886,1.0
18,puzzled,-0.08555196970701218,-0.08227265626192093,0.08555196970701218,-0.08153408765792847,0.01855047419667244,1.0
18,proud,0.08446387946605682,0.08517284691333771,0.08446387946605682,0.07983260601758957,0.018854327499866486,1.0
18,kind,0.08418036997318268,0.07852758467197418,0.08418036997318268,0.07988299429416656,0.0281215887516737,1.0
18,greedy,0.08247634023427963,0.06181143596768379,0.08247634023427963,0.07854414731264114,0.0269479900598526,1.0
18,sympathetic,0.08239778876304626,0.04870861396193504,0.08239778876304626,0.07531989365816116,0.018448276445269585,1.0
18,anxious,-0.08171211928129196,-0.0809897631406784,0.08171211928129196,-0.07598496973514557,0.01769298128783703,1.0
18,weary,-0.08151409029960632,-0.08524513989686966,0.08151409029960632,-0.07615876942873001,0.014924807474017143,1.0
18,enthusiastic,0.08053003996610641,0.092752605676651,0.08053003996610641,0.07655615359544754,0.02303095906972885,1.0
18,indignant,-0.08049896359443665,-0.08371784538030624,0.08049896359443665,-0.07916907966136932,0.03043794445693493,1.0
18,dumbstruck,-0.0802992507815361,-0.07796639204025269,0.0802992507815361,-0.07775028049945831,0.021279875189065933,1.0
18,bewildered,-0.07935894280672073,-0.09446074813604355,0.07935894280672073,-0.0749034434556961,0.042256202548742294,1.0
18,triumphant,0.07793581485748291,0.007487063761800528,0.07793581485748291,0.07297410070896149,0.02231491543352604,1.0
18,guilty,-0.077415831387043,-0.016371097415685654,0.077415831387043,-0.06921924650669098,0.02396666258573532,1.0
18,disoriented,-0.0771678164601326,-0.0791422501206398,0.0771678164601326,-0.07408881932497025,0.024571852758526802,1.0
18,content,0.07709728181362152,0.005734968930482864,0.07709728181362152,0.07243937999010086,0.010956854559481144,1.0
18,unhappy,-0.07611063122749329,-0.08524604886770248,0.07611063122749329,-0.06910159438848495,0.024764077737927437,1.0
18,optimistic,0.07507796585559845,-0.012360239401459694,0.07507796585559845,0.06641007959842682,0.02971409447491169,1.0
18,mystified,-0.07476931065320969,-0.07060911506414413,0.07476931065320969,-0.07183925807476044,0.015424191951751709,1.0
18,annoyed,-0.07459947466850281,-0.08137714862823486,0.07459947466850281,-0.07036443054676056,0.028282221406698227,1.0
18,perplexed,0.07453163713216782,0.0753173902630806,0.07453163713216782,0.06895075738430023,0.022992467507719994,1.0
18,safe,0.07301878184080124,0.06199193373322487,0.07301878184080124,0.07367225736379623,0.04428599774837494,1.0
18,hateful,-0.07289418578147888,0.012307805940508842,0.07289418578147888,-0.0652354508638382,0.032428815960884094,1.0
18,stressed,-0.07126179337501526,-0.07063017785549164,0.07126179337501526,-0.06879798322916031,0.02050328627228737,1.0
18,on edge,0.07102249562740326,0.07495862990617752,0.07102249562740326,0.0675753802061081,0.027421418577432632,1.0
18,insulted,0.0661190077662468,0.07054490596055984,0.0661190077662468,0.062348999083042145,0.0072497352957725525,1.0
18,serene,0.06501202285289764,0.07130418717861176,0.06501202285289764,0.06505309045314789,0.03615206107497215,1.0
18,aroused,0.06453603506088257,-0.02456713281571865,0.06453603506088257,0.05962449312210083,0.019247030839323997,1.0
18,dispirited,-0.06423070281744003,0.018654244020581245,0.06423070281744003,-0.057132918387651443,0.02626378834247589,1.0
18,trapped,-0.06412963569164276,-0.08053676038980484,0.06412963569164276,-0.061048723757267,0.010145466774702072,1.0
18,embarrassed,0.0640731230378151,0.07611490041017532,0.0640731230378151,0.06179988384246826,0.02150782011449337,1.0
18,contemptuous,-0.06358760595321655,-0.06986907869577408,0.06358760595321655,-0.0604594461619854,0.01651644892990589,1.0
18,enraged,-0.06039263680577278,-0.021397441625595093,0.06039263680577278,-0.0563427209854126,0.006901604123413563,1.0
18,alarmed,-0.05984798073768616,-0.02153797447681427,0.05984798073768616,-0.058878254145383835,0.03442244604229927,1.0
18,paranoid,-0.059208814054727554,-0.07698860764503479,0.059208814054727554,-0.05778169631958008,0.023225102573633194,1.0
18,nostalgic,0.058846455067396164,0.06881396472454071,0.058846455067396164,0.05560290813446045,0.016092395409941673,1.0
18,self-conscious,-0.05845152586698532,-0.07221636921167374,0.05845152586698532,-0.054419420659542084,0.030779356136918068,1.0
18,invigorated,0.056866709142923355,0.03487667441368103,0.056866709142923355,0.055299095809459686,0.027970243245363235,1.0
18,joyful,0.05658126622438431,-0.03047390654683113,0.05658126622438431,0.0513652078807354,0.015189049765467644,1.0
18,miserable,-0.054770659655332565,0.012406901456415653,0.054770659655332565,-0.04954413324594498,0.02314893715083599,1.0
18,astonished,-0.0544852577149868,-0.02493053302168846,0.0544852577149868,-0.04851314425468445,0.025797592476010323,1.0
18,terrified,-0.05368620529770851,-0.05244249850511551,0.05368620529770851,-0.0489128902554512,0.009301002137362957,1.0
18,sensitive,0.052483461797237396,0.06984132528305054,0.052483461797237396,0.05066850781440735,0.03318680450320244,1.0
18,sullen,-0.05206075683236122,-0.06929794698953629,0.05206075683236122,-0.0505046546459198,0.01712513342499733,1.0
18,shocked,-0.051992017775774,-0.0684746503829956,0.051992017775774,-0.05049780011177063,0.020193342119455338,1.0
18,outraged,-0.05162229761481285,-0.026728017255663872,0.05162229761481285,-0.04878772050142288,0.016962537541985512,1.0
18,worried,-0.051611803472042084,0.01989109441637993,0.051611803472042084,-0.048277150839567184,0.02071719616651535,1.0
18,brooding,-0.051539137959480286,0.028604703024029732,0.051539137959480286,-0.043990202248096466,0.030241427943110466,1.0
18,unnerved,-0.05147397145628929,-0.01823493093252182,0.05147397145628929,-0.04693344980478287,0.02903069369494915,0.800000011920929
18,distressed,-0.05145164579153061,0.003473379649221897,0.05145164579153061,-0.046305835247039795,0.03421599790453911,1.0
18,thrilled,0.05088214948773384,-0.022802941501140594,0.05088214948773384,0.045955948531627655,0.024647196754813194,1.0
18,surprised,-0.050808124244213104,-0.06655541062355042,0.050808124244213104,-0.04865749925374985,0.02332921512424946,1.0
18,panicked,-0.049837883561849594,0.013091732747852802,0.049837883561849594,-0.04701096937060356,0.01206725463271141,1.0
18,rattled,0.049166690558195114,0.07011651992797852,0.049166690558195114,0.04285331815481186,0.026216594502329826,1.0
18,happy,0.04830009862780571,-0.03149682655930519,0.04830009862780571,0.046609796583652496,0.018438560888171196,1.0
18,scared,-0.044945236295461655,-0.07233083993196487,0.044945236295461655,-0.04297873005270958,0.010395155288279057,1.0
18,remorseful,-0.04417942464351654,-0.0035275034606456757,0.04417942464351654,-0.03924592211842537,0.0328897200524807,0.800000011920929
18,sorry,0.0437755323946476,0.06437817960977554,0.0437755323946476,0.04176606982946396,0.012998669408261776,1.0
18,valiant,0.04354536160826683,0.02962537296116352,0.04354536160826683,0.038441069424152374,0.02828878164291382,1.0
18,disdainful,0.04248540848493576,0.06853356957435608,0.04248540848493576,0.03993276134133339,0.018152054399251938,1.0
18,grief-stricken,-0.04002529755234718,0.024214351549744606,0.04002529755234718,-0.03675562143325806,0.01000974141061306,1.0
18,self-confident,0.03913610801100731,-0.03610604628920555,0.03913610801100731,0.034263093024492264,0.017575176432728767,1.0
18,furious,-0.039005380123853683,-0.060455288738012314,0.039005380123853683,-0.03986523672938347,0.026837989687919617,1.0
18,relaxed,0.03639088198542595,-0.005374896805733442,0.03639088198542595,0.032908011227846146,0.020820826292037964,1.0
18,bitter,0.035613205283880234,0.06053093448281288,0.035613205283880234,0.03421374037861824,0.01929496042430401,0.800000011920929
18,ashamed,0.03492850810289383,0.001471446012146771,0.03492850810289383,0.030109498649835587,0.025236500427126884,1.0
18,vindictive,-0.033538684248924255,0.034084297716617584,0.033538684248924255,-0.032553769648075104,0.019520487636327744,1.0
18,reflective,-0.03305663540959358,-0.06296365708112717,0.03305663540959358,-0.03105265274643898,0.029040519148111343,0.800000011920929
18,envious,-0.032671671360731125,-0.060545019805431366,0.032671671360731125,-0.031262271106243134,0.016218986362218857,1.0
18,impatient,0.031972818076610565,0.059311117976903915,0.031972818076610565,0.030983397737145424,0.018954098224639893,1.0
18,tired,-0.03173653781414032,0.03663996607065201,0.03173653781414032,-0.02834310196340084,0.015800921246409416,1.0
18,eager,0.03117561899125576,0.011361918412148952,0.03117561899125576,0.027949076145887375,0.02934350073337555,0.800000011920929
18,playful,0.02916034311056137,-0.041711535304784775,0.02916034311056137,0.025766104459762573,0.01521772425621748,0.800000011920929
18,mortified,-0.028107168152928352,-0.028745122253894806,0.028107168152928352,-0.026644224300980568,0.0056436145678162575,1.0
18,frightened,-0.027591602876782417,-0.053611256182193756,0.027591602876782417,-0.029297733679413795,0.03119959495961666,0.800000011920929
18,unsettled,-0.02727610245347023,0.029926354065537453,0.02727610245347023,-0.023747149854898453,0.02114335633814335,0.800000011920929
18,stubborn,-0.02638326957821846,0.03111417032778263,0.02638326957821846,-0.0226081945002079,0.03407369181513786,0.800000011920929
18,horrified,0.025111814960837364,0.058599717915058136,0.025111814960837364,0.022668633610010147,0.009669396094977856,1.0
18,resentful,-0.025043442845344543,0.03930092602968216,0.025043442845344543,-0.025499379262328148,0.021353015676140785,0.800000011920929
18,sleepy,0.023644259199500084,0.055018894374370575,0.023644259199500084,0.026538103818893433,0.035752326250076294,0.800000011920929
18,fulfilled,0.023545237258076668,-0.0415988489985466,0.023545237258076668,0.022472206503152847,0.013234165497124195,1.0
18,hurt,-0.022816574200987816,0.037064146250486374,0.022816574200987816,-0.019457722082734108,0.01549783069640398,0.800000011920929
18,energized,0.022768907248973846,-0.039808373898267746,0.022768907248973846,0.02123190648853779,0.004400776233524084,1.0
18,worn out,0.021461615338921547,0.056786637753248215,0.021461615338921547,0.02177816815674305,0.016516048461198807,0.800000011920929
18,loving,0.02132232114672661,-0.012946492992341518,0.02132232114672661,0.016684968024492264,0.031147167086601257,0.800000011920929
18,overwhelmed,-0.020688040181994438,0.038029566407203674,0.020688040181994438,-0.016625763848423958,0.024852775037288666,0.800000011920929
18,thankful,0.020493557676672935,-0.03282386064529419,0.020493557676672935,0.01777387224137783,0.011913212947547436,1.0
18,afraid,-0.01971311867237091,-0.011372151784598827,0.01971311867237091,-0.018594451248645782,0.031173596158623695,0.6000000238418579
18,defiant,0.01942073367536068,0.028946904465556145,0.01942073367536068,0.01801106333732605,0.035034943372011185,0.6000000238418579
18,tense,0.019152073189616203,-0.039996568113565445,0.019152073189616203,0.01565997675061226,0.023869553580880165,0.800000011920929
18,self-critical,-0.018661029636859894,-0.0569043792784214,0.018661029636859894,-0.01911923475563526,0.013993044383823872,1.0
18,sad,-0.018434880301356316,0.035543639212846756,0.018434880301356316,-0.01917712762951851,0.031977664679288864,0.800000011920929
18,vibrant,0.018359042704105377,-0.04076661914587021,0.018359042704105377,0.013710705563426018,0.027438638731837273,0.6000000238418579
18,desperate,-0.018210435286164284,0.03598625957965851,0.018210435286164284,-0.013401925563812256,0.027793724089860916,0.6000000238418579
18,lazy,-0.015542907640337944,0.037820689380168915,0.015542907640337944,-0.014549212530255318,0.012236225418746471,0.800000011920929
18,pleased,0.015477674081921577,-0.03732025623321533,0.015477674081921577,0.013386649079620838,0.019949089735746384,0.6000000238418579
18,indifferent,-0.015051668509840965,0.037332434207201004,0.015051668509840965,-0.016512108966708183,0.03027184307575226,0.800000011920929
18,obstinate,-0.014823529869318008,0.04343085363507271,0.014823529869318008,-0.013341272249817848,0.014707067981362343,0.6000000238418579
18,bored,0.013889677822589874,0.05294691398739815,0.013889677822589874,0.016983427107334137,0.03120534121990204,0.6000000238418579
18,awestruck,0.013702310621738434,0.054816581308841705,0.013702310621738434,0.014105623587965965,0.01735951378941536,0.800000011920929
18,listless,-0.012548345141112804,0.03061782754957676,0.012548345141112804,-0.008177656680345535,0.02940690517425537,0.6000000238418579
18,amused,0.01235254667699337,-0.039363693445920944,0.01235254667699337,0.00825823936611414,0.02640341781079769,0.6000000238418579
18,jealous,-0.012134898453950882,0.03974495083093643,0.012134898453950882,-0.014433461241424084,0.030884239822626114,0.6000000238418579
18,uneasy,0.01194265577942133,0.051734548062086105,0.01194265577942133,0.013313740491867065,0.02096380479633808,0.6000000238418579
18,disgusted,-0.011432085186243057,0.04389536753296852,0.011432085186243057,-0.009306327439844608,0.017355982214212418,0.800000011920929
18,docile,-0.011100295931100845,0.04259338974952698,0.011100295931100845,-0.006687474902719259,0.036804378032684326,0.6000000238418579
18,hysterical,-0.01079716719686985,0.027263237163424492,0.01079716719686985,-0.009270353242754936,0.013829082250595093,0.800000011920929
18,sentimental,-0.010430505499243736,-0.015766607597470284,0.010430505499243736,-0.00784996896982193,0.02437441423535347,0.4000000059604645
18,dependent,-0.009084024466574192,0.04296358674764633,0.009084024466574192,-0.005609963089227676,0.022689081728458405,0.6000000238418579
18,alert,-0.006164431571960449,-0.048141587525606155,0.006164431571960449,-0.008650415576994419,0.03520076349377632,0.6000000238418579
18,shaken,-0.005657650995999575,-0.001507864217273891,0.005657650995999575,-0.006135932169854641,0.014428605325520039,0.4000000059604645
18,mad,-0.005095698870718479,0.04166910797357559,0.005095698870718479,-0.005760812666267157,0.01441977359354496,0.800000011920929
18,calm,0.004832744598388672,0.002152247354388237,0.004832744598388672,0.008107741363346577,0.027393626049160957,0.6000000238418579
18,vengeful,-0.004495883360505104,0.038810551166534424,0.004495883360505104,-0.0011092409258708358,0.028477322310209274,0.4000000059604645
18,vigilant,0.003872052300721407,0.04342781752347946,0.003872052300721407,0.007001279853284359,0.03206388279795647,0.6000000238418579
18,upset,-0.003514810698106885,0.045441363006830215,0.003514810698106885,-0.0026065194979310036,0.01051766611635685,0.6000000238418579
18,worthless,-0.0031537136528640985,0.04036259651184082,0.0031537136528640985,-0.001534310169517994,0.02047487534582615,0.6000000238418579
18,regretful,0.002394129289314151,0.050786588340997696,0.002394129289314151,0.004576547536998987,0.02550656720995903,0.4000000059604645
18,amazed,0.0017375105526298285,-0.031203538179397583,0.0017375105526298285,0.0009738236549310386,0.015082486905157566,0.6000000238418579
18,relieved,-0.0012079756706953049,0.01163523830473423,0.0012079756706953049,-0.0016472734278067946,0.027145840227603912,0.6000000238418579
18,nervous,-0.0009238068014383316,-0.02085481397807598,0.0009238068014383316,-0.0029216192197054625,0.024621687829494476,0.800000011920929
18,irate,0.0005763957742601633,0.04521720111370087,0.0005763957742601633,-0.0025962651707232,0.035403553396463394,0.20000000298023224
18,exasperated,-0.00012813648208975792,0.04981927573680878,0.00012813648208975792,-0.00254176277667284,0.02481122501194477,0.800000011920929
19,at ease,0.21844922006130219,0.21022410690784454,0.21844922006130219,0.20311951637268066,0.027963973581790924,1.0
19,cheerful,0.21501152217388153,0.17642921209335327,0.21501152217388153,0.2020014226436615,0.00999397598206997,1.0
19,elated,0.19731208682060242,0.1623261421918869,0.19731208682060242,0.18706922233104706,0.020998511463403702,1.0
19,delighted,0.17829158902168274,0.10685312002897263,0.17829158902168274,0.1655423939228058,0.01444522850215435,1.0
19,tormented,-0.17150351405143738,-0.14259731769561768,0.17150351405143738,-0.16028538346290588,0.02877250872552395,1.0
19,euphoric,0.1701057106256485,0.1753494292497635,0.1701057106256485,0.15972398221492767,0.01430386584252119,1.0
19,resigned,-0.16412432491779327,-0.11451194435358047,0.16412432491779327,-0.153071328997612,0.012412622570991516,1.0
19,infatuated,0.15493813157081604,0.13838838040828705,0.15493813157081604,0.1454389989376068,0.017325103282928467,1.0
19,patient,0.14482127130031586,0.10642559081315994,0.14482127130031586,0.1381518840789795,0.021706681698560715,1.0
19,jubilant,0.14260844886302948,0.09549165517091751,0.14260844886302948,0.134663388133049,0.018287375569343567,1.0
19,inspired,0.1419045478105545,0.1460288166999817,0.1419045478105545,0.13296671211719513,0.012258988805115223,1.0
19,refreshed,0.14140458405017853,0.12550927698612213,0.14140458405017853,0.1339486837387085,0.016565216705203056,1.0
19,restless,-0.13902509212493896,-0.13108298182487488,0.13902509212493896,-0.13100065290927887,0.027212804183363914,1.0
19,rejuvenated,0.13658581674098969,0.09732695668935776,0.13658581674098969,0.13079750537872314,0.030155610293149948,1.0
19,exuberant,0.13417905569076538,0.09209991246461868,0.13417905569076538,0.12595632672309875,0.011355079710483551,1.0
19,excited,0.13108573853969574,0.10318535566329956,0.13108573853969574,0.12408182770013809,0.027352584525942802,1.0
19,ecstatic,0.13030119240283966,0.13146525621414185,0.13030119240283966,0.12002100050449371,0.02754381112754345,1.0
19,disturbed,-0.12969748675823212,-0.11731276661157608,0.12969748675823212,-0.12121957540512085,0.028475387021899223,1.0
19,stuck,-0.1296745240688324,-0.101825051009655,0.1296745240688324,-0.12298254668712616,0.015403560362756252,1.0
19,spiteful,-0.12357631325721741,-0.10084707289934158,0.12357631325721741,-0.11828639358282089,0.026087002828717232,1.0
19,scornful,-0.12323357164859772,-0.09059586375951767,0.12323357164859772,-0.11663800477981567,0.012775398790836334,1.0
19,peaceful,0.12281130254268646,0.07284542173147202,0.12281130254268646,0.11694302409887314,0.02150026150047779,1.0
19,satisfied,0.122471384704113,0.13336412608623505,0.122471384704113,0.1168728917837143,0.018713442608714104,1.0
19,skeptical,-0.12208637595176697,-0.09372229129076004,0.12208637595176697,-0.11595773696899414,0.019020747393369675,1.0
19,troubled,-0.12121229618787766,-0.08505336195230484,0.12121229618787766,-0.11483936011791229,0.012367485091090202,1.0
19,heartbroken,-0.11911289393901825,-0.035382598638534546,0.11911289393901825,-0.10856564342975616,0.02829880453646183,1.0
19,melancholy,-0.11710937321186066,-0.10002940148115158,0.11710937321186066,-0.1095002144575119,0.014406342059373856,1.0
19,angry,-0.11476366966962814,-0.12426487356424332,0.11476366966962814,-0.10872552543878555,0.035070545971393585,1.0
19,bewildered,-0.11445453017950058,-0.12407728284597397,0.11445453017950058,-0.10753190517425537,0.029413267970085144,1.0
19,vulnerable,-0.11285831779241562,-0.077430360019207,0.11285831779241562,-0.10618212074041367,0.009220154024660587,1.0
19,frustrated,-0.11279914528131485,-0.08615853637456894,0.11279914528131485,-0.1060294508934021,0.01285549346357584,1.0
19,puzzled,-0.1102142408490181,-0.08530426025390625,0.1102142408490181,-0.10479368269443512,0.013648316264152527,1.0
19,hopeful,0.10914451628923416,0.040678028017282486,0.10914451628923416,0.10126110166311264,0.014879699796438217,1.0
19,irritated,-0.10874930769205093,-0.1044679582118988,0.10874930769205093,-0.10188432037830353,0.018079599365592003,1.0
19,offended,-0.10830646008253098,-0.07834801077842712,0.10830646008253098,-0.10249651968479156,0.010714421980082989,1.0
19,sympathetic,0.10796040296554565,0.08517356216907501,0.10796040296554565,0.09835027158260345,0.024753499776124954,1.0
19,proud,0.10765516012907028,0.09542210400104523,0.10765516012907028,0.10182777792215347,0.02111308090388775,1.0
19,grumpy,-0.10629013180732727,-0.10194303095340729,0.10629013180732727,-0.09859487414360046,0.020495403558015823,1.0
19,safe,0.10545871406793594,0.10145154595375061,0.10545871406793594,0.10285439342260361,0.04057691991329193,1.0
19,disoriented,-0.10508974641561508,-0.08523565530776978,0.10508974641561508,-0.09919580072164536,0.010768081061542034,1.0
19,gloomy,-0.10361102223396301,-0.10755524784326553,0.10361102223396301,-0.09501811116933823,0.02519405074417591,1.0
19,hostile,-0.1028585433959961,-0.0736570656299591,0.1028585433959961,-0.09786520898342133,0.013430057093501091,1.0
19,annoyed,-0.100301593542099,-0.08834056556224823,0.100301593542099,-0.09439844638109207,0.022632278501987457,1.0
19,dumbstruck,-0.09991205483675003,-0.07712885737419128,0.09991205483675003,-0.09588794410228729,0.017129527404904366,1.0
19,blissful,0.09762049466371536,0.02523704804480076,0.09762049466371536,0.09021711349487305,0.01828923635184765,1.0
19,kind,0.09603971987962723,0.07687026262283325,0.09603971987962723,0.09118412435054779,0.02019951306283474,1.0
19,droopy,-0.09567877650260925,-0.03910774365067482,0.09567877650260925,-0.08995726704597473,0.01597391813993454,1.0
19,enthusiastic,0.09543651342391968,0.10155974328517914,0.09543651342391968,0.09079404175281525,0.022618386894464493,1.0
19,greedy,0.09210806339979172,0.08343703299760818,0.09210806339979172,0.08734942972660065,0.02166241593658924,1.0
19,suspicious,-0.09184776246547699,-0.07714688777923584,0.09184776246547699,-0.08466710895299911,0.01186949573457241,1.0
19,smug,0.09155284613370895,0.08853158354759216,0.09155284613370895,0.0846414640545845,0.016586877405643463,1.0
19,depressed,-0.08994387835264206,-0.04403805732727051,0.08994387835264206,-0.08421046286821365,0.02265261299908161,1.0
19,indignant,-0.08940793573856354,-0.08062125742435455,0.08940793573856354,-0.08768674731254578,0.03247678652405739,1.0
19,weary,-0.08893128484487534,-0.09251395612955093,0.08893128484487534,-0.08373703062534332,0.010692175477743149,1.0
19,empathetic,0.08855286985635757,0.09777592867612839,0.08855286985635757,0.08459450304508209,0.02238507568836212,1.0
19,stressed,-0.08774800598621368,-0.068242147564888,0.08774800598621368,-0.08405373990535736,0.0146713862195611,1.0
19,invigorated,0.08662246912717819,0.07927422225475311,0.08662246912717819,0.08205129951238632,0.023842180147767067,1.0
19,embarrassed,0.08656668663024902,0.07926205545663834,0.08656668663024902,0.08299688994884491,0.016449127346277237,1.0
19,paranoid,-0.08648885041475296,-0.08953884243965149,0.08648885041475296,-0.08227676898241043,0.018079234287142754,1.0
19,hope,0.08602409064769745,0.08987408131361008,0.08602409064769745,0.08041182905435562,0.027591148391366005,1.0
19,serene,0.08317025750875473,0.07199497520923615,0.08317025750875473,0.0810566395521164,0.02647741697728634,1.0
19,compassionate,0.08259578794240952,0.07635777443647385,0.08259578794240952,0.07688923180103302,0.027663739398121834,1.0
19,sluggish,-0.08098729699850082,-0.015907257795333862,0.08098729699850082,-0.07472293078899384,0.01780719868838787,1.0
19,perplexed,0.079478420317173,0.06756845116615295,0.079478420317173,0.07384929060935974,0.017750393599271774,1.0
19,trapped,-0.07920178025960922,-0.0799916610121727,0.07920178025960922,-0.07458667457103729,0.0059815263375639915,1.0
19,content,0.07884760946035385,0.027050722390413284,0.07884760946035385,0.0741078332066536,0.008229237049818039,1.0
19,mystified,-0.07763919234275818,-0.06186720356345177,0.07763919234275818,-0.07463143765926361,0.016209769994020462,1.0
19,grateful,0.07618600130081177,0.06583613902330399,0.07618600130081177,0.07035106420516968,0.01692214235663414,1.0
19,self-conscious,-0.07555573433637619,-0.08824826031923294,0.07555573433637619,-0.07056519389152527,0.030322693288326263,1.0
19,anxious,-0.07437116652727127,-0.07909749448299408,0.07437116652727127,-0.069727823138237,0.026508411392569542,1.0
19,terrified,-0.07424205541610718,-0.08354581892490387,0.07424205541610718,-0.06798683851957321,0.01452556625008583,1.0
19,unnerved,-0.07325299829244614,-0.05183001980185509,0.07325299829244614,-0.06707955151796341,0.028331035748124123,1.0
19,enraged,-0.07301362603902817,-0.04831249639391899,0.07301362603902817,-0.06850828975439072,0.012624059803783894,1.0
19,optimistic,0.0721396654844284,0.0058158813044428825,0.0721396654844284,0.06353764981031418,0.03659952059388161,0.800000011920929
19,triumphant,0.07209713011980057,0.02753128483891487,0.07209713011980057,0.06768451631069183,0.019537022337317467,1.0
19,shocked,-0.07189660519361496,-0.0661926195025444,0.07189660519361496,-0.06846572458744049,0.017482338473200798,1.0
19,surprised,-0.07128715515136719,-0.06694373488426208,0.07128715515136719,-0.06810304522514343,0.01616850681602955,1.0
19,stimulated,0.06973831355571747,0.040707822889089584,0.06973831355571747,0.06322292983531952,0.029066085815429688,1.0
19,sensitive,0.06824774295091629,0.07246324419975281,0.06824774295091629,0.06483325362205505,0.024021213874220848,1.0
19,insulted,0.06762467324733734,0.0600847527384758,0.06762467324733734,0.06407679617404938,0.011206092312932014,1.0
19,astonished,-0.06741978228092194,-0.05128580704331398,0.06741978228092194,-0.06078613921999931,0.02772161178290844,1.0
19,sullen,-0.06704256683588028,-0.06458384543657303,0.06704256683588028,-0.06427337229251862,0.013235853984951973,1.0
19,bitter,0.0642608106136322,0.05949380621314049,0.0642608106136322,0.06065860390663147,0.010992140509188175,1.0
19,unhappy,-0.062091145664453506,-0.06720388680696487,0.062091145664453506,-0.05575309321284294,0.028369463980197906,1.0
19,nostalgic,0.06065430864691734,0.0578598715364933,0.06065430864691734,0.05827968567609787,0.013541408814489841,1.0
19,sorry,0.05911622568964958,0.05830240994691849,0.05911622568964958,0.05629359930753708,0.010039682500064373,1.0
19,happy,0.05878043919801712,-0.007316937670111656,0.05878043919801712,0.0560465082526207,0.01318301446735859,1.0
19,humiliated,-0.058747801929712296,-0.06444921344518661,0.058747801929712296,-0.05463510751724243,0.024427592754364014,1.0
19,panicked,-0.05798731744289398,-0.013591429218649864,0.05798731744289398,-0.05458564683794975,0.010279064998030663,1.0
19,hateful,-0.05619304999709129,0.0018703843234106898,0.05619304999709129,-0.0503273606300354,0.02886814996600151,1.0
19,alarmed,-0.05617288500070572,-0.034762874245643616,0.05617288500070572,-0.05506255477666855,0.02750922553241253,1.0
19,miserable,-0.055346887558698654,-0.008568039163947105,0.055346887558698654,-0.05008820444345474,0.023254629224538803,1.0
19,joyful,0.05513649433851242,-0.01214122399687767,0.05513649433851242,0.05065976455807686,0.012654775753617287,1.0
19,contemptuous,-0.054474856704473495,-0.05341682583093643,0.054474856704473495,-0.0523279532790184,0.014404911547899246,1.0
19,on edge,0.05416014418005943,0.053655460476875305,0.05416014418005943,0.052816830575466156,0.03051256202161312,1.0
19,outraged,-0.053921204060316086,-0.03910002112388611,0.053921204060316086,-0.051344551146030426,0.016622254624962807,1.0
19,mortified,-0.05328615382313728,-0.055115073919296265,0.05328615382313728,-0.050610922276973724,0.009953525848686695,1.0
19,dispirited,-0.05247480049729347,0.004879383835941553,0.05247480049729347,-0.04741981625556946,0.024856919422745705,1.0
19,worried,-0.05218883976340294,0.00030951379449106753,0.05218883976340294,-0.04853760823607445,0.022183647379279137,1.0
19,reflective,-0.05195710435509682,-0.0629376769065857,0.05195710435509682,-0.04840629920363426,0.022782674059271812,1.0
19,furious,-0.05065518990159035,-0.053595080971717834,0.05065518990159035,-0.05074930191040039,0.02690485492348671,1.0
19,jealous,-0.04979129135608673,-0.0038926207926124334,0.04979129135608673,-0.048147834837436676,0.0280831940472126,1.0
19,frightened,-0.04882550239562988,-0.05473031848669052,0.04882550239562988,-0.04831866919994354,0.02287357859313488,1.0
19,disdainful,0.04543137550354004,0.05908602848649025,0.04543137550354004,0.04294120520353317,0.010012095794081688,1.0
19,envious,-0.043972115963697433,-0.06230119243264198,0.043972115963697433,-0.04129169508814812,0.012904806062579155,1.0
19,guilty,-0.0438101664185524,-0.010729781351983547,0.0438101664185524,-0.03861325606703758,0.02140728011727333,1.0
19,relaxed,0.043680693954229355,0.015646127983927727,0.043680693954229355,0.039666689932346344,0.02152217924594879,1.0
19,nervous,-0.04210870712995529,-0.05998636409640312,0.04210870712995529,-0.04045671969652176,0.027837960049510002,0.800000011920929
19,distressed,-0.04102455452084541,-0.0064658476039767265,0.04102455452084541,-0.03685365989804268,0.03469596803188324,1.0
19,sleepy,0.040905773639678955,0.050914615392684937,0.040905773639678955,0.041967056691646576,0.03288225084543228,0.800000011920929
19,resentful,-0.039419326931238174,0.01338303554803133,0.039419326931238174,-0.038680143654346466,0.020627694204449654,0.800000011920929
19,shaken,-0.039348240941762924,-0.0354623943567276,0.039348240941762924,-0.03702128678560257,0.013840421102941036,1.0
19,calm,0.03905847296118736,0.040532227605581284,0.03905847296118736,0.039889443665742874,0.028950288891792297,1.0
19,lonely,-0.0389406681060791,0.011163108050823212,0.0389406681060791,-0.03306685760617256,0.031123057007789612,0.800000011920929
19,horrified,0.0378362312912941,0.05057137459516525,0.0378362312912941,0.03441101312637329,0.017831861972808838,1.0
19,aroused,0.03750642016530037,-0.017832152545452118,0.03750642016530037,0.03479953110218048,0.01150957215577364,1.0
19,bored,0.03423628583550453,0.04759927839040756,0.03423628583550453,0.03506442531943321,0.02619883231818676,0.800000011920929
19,worthless,0.033546242862939835,0.04812949523329735,0.033546242862939835,0.03181089088320732,0.02266216091811657,1.0
19,rattled,0.03283228725194931,0.04605185613036156,0.03283228725194931,0.029219022020697594,0.021085476502776146,1.0
19,vindictive,-0.03164748474955559,0.017032556235790253,0.03164748474955559,-0.03088199533522129,0.01600392535328865,1.0
19,indifferent,-0.031114697456359863,0.010461453348398209,0.031114697456359863,-0.030465329065918922,0.023992927744984627,0.800000011920929
19,sad,-0.03070639632642269,0.011737719178199768,0.03070639632642269,-0.02980373427271843,0.02675856649875641,0.800000011920929
19,ashamed,0.030308419838547707,0.008291981182992458,0.030308419838547707,0.027162259444594383,0.022954292595386505,0.800000011920929
19,alert,-0.03017265722155571,-0.04546808823943138,0.03017265722155571,-0.030662093311548233,0.0305885411798954,0.800000011920929
19,impatient,0.02990713156759739,0.04590984433889389,0.02990713156759739,0.029525065794587135,0.019105851650238037,1.0
19,worn out,0.0298701710999012,0.04757453873753548,0.0298701710999012,0.029089579358696938,0.009770928882062435,1.0
19,lazy,-0.02941831573843956,0.015187273733317852,0.02941831573843956,-0.027135243639349937,0.01629532314836979,0.800000011920929
19,self-confident,0.027789367362856865,-0.022527210414409637,0.027789367362856865,0.02418682351708412,0.016375873237848282,0.800000011920929
19,scared,-0.02734336256980896,-0.050995346158742905,0.02734336256980896,-0.026519890874624252,0.011029408313333988,1.0
19,remorseful,-0.027072682976722717,-0.0019291001372039318,0.027072682976722717,-0.02324613556265831,0.03153819963335991,0.800000011920929
19,hysterical,0.026715675368905067,0.05121048912405968,0.026715675368905067,0.025064971297979355,0.017321990802884102,1.0
19,thrilled,0.025610003620386124,-0.01772494614124298,0.025610003620386124,0.022550854831933975,0.01839277893304825,0.800000011920929
19,tired,-0.025591671466827393,0.020757723599672318,0.025591671466827393,-0.02299795299768448,0.01610078662633896,1.0
19,playful,0.024942627176642418,-0.02653355337679386,0.024942627176642418,0.022329743951559067,0.01626015082001686,0.800000011920929
19,brooding,-0.023888150230050087,0.021664099767804146,0.023888150230050087,-0.01916251704096794,0.02919856272637844,0.800000011920929
19,regretful,0.0226718969643116,0.04608887806534767,0.0226718969643116,0.023162782192230225,0.020853418856859207,1.0
19,fulfilled,0.022636722773313522,-0.025153499096632004,0.022636722773313522,0.021306496113538742,0.01584492437541485,0.800000011920929
19,dependent,0.019411206245422363,0.04316910356283188,0.019411206245422363,0.020722610875964165,0.022569376975297928,0.800000011920929
19,vigilant,0.01847904920578003,0.0386083610355854,0.01847904920578003,0.019523832947015762,0.019112469628453255,0.800000011920929
19,docile,0.018197257071733475,0.041935112327337265,0.018197257071733475,0.019845053553581238,0.03362054377794266,0.800000011920929
19,valiant,0.017872503027319908,0.008784743957221508,0.017872503027319908,0.015103715471923351,0.02971947193145752,0.4000000059604645
19,uneasy,0.017628250643610954,0.04111623391509056,0.017628250643610954,0.018658261746168137,0.021943842992186546,0.800000011920929
19,relieved,0.015432169660925865,0.03177989274263382,0.015432169660925865,0.013630270957946777,0.016890225932002068,0.800000011920929
19,energized,0.014775263145565987,-0.024465203285217285,0.014775263145565987,0.013729801401495934,0.0015257879858836532,1.0
19,pleased,0.014273437671363354,-0.02233608439564705,0.014273437671363354,0.012172967195510864,0.021458642557263374,0.800000011920929
19,thankful,0.01401869673281908,-0.016785848885774612,0.01401869673281908,0.011872892268002033,0.010643938556313515,1.0
19,upset,-0.013884495943784714,0.023468216881155968,0.013884495943784714,-0.012144121341407299,0.008983737789094448,1.0
19,grief-stricken,-0.01362673006951809,0.022969387471675873,0.01362673006951809,-0.012109270319342613,0.01260665524750948,1.0
19,tense,-0.013500416651368141,-0.04530586674809456,0.013500416651368141,-0.014214101247489452,0.02186541259288788,0.800000011920929
19,unsettled,-0.013189400546252728,0.02306290529668331,0.013189400546252728,-0.011453819461166859,0.022219739854335785,0.6000000238418579
19,mad,-0.01264878734946251,0.021494120359420776,0.01264878734946251,-0.012096608988940716,0.014336750842630863,0.800000011920929
19,awestruck,0.012447277083992958,0.03958641365170479,0.012447277083992958,0.01313062570989132,0.015495776198804379,0.800000011920929
19,amused,-0.010869086720049381,-0.03522784262895584,0.010869086720049381,-0.01258389838039875,0.027303015813231468,0.6000000238418579
19,desperate,0.010579978115856647,0.03451848402619362,0.010579978115856647,0.01235142257064581,0.02462877333164215,0.800000011920929
19,amazed,0.010545376688241959,-0.010889335535466671,0.010545376688241959,0.009318390861153603,0.013860986568033695,0.6000000238418579
19,exasperated,-0.0092085599899292,0.02837221510708332,0.0092085599899292,-0.01099163293838501,0.025221100077033043,0.800000011920929
19,obstinate,0.008599868975579739,0.03795774281024933,0.008599868975579739,0.0075661661103367805,0.019071783870458603,0.6000000238418579
19,disgusted,-0.007972529157996178,0.030539212748408318,0.007972529157996178,-0.006055737845599651,0.016642147675156593,0.800000011920929
19,listless,-0.007798268925398588,0.015474474057555199,0.007798268925398588,-0.0048468452878296375,0.023259101435542107,0.800000011920929
19,self-critical,-0.007616354618221521,-0.03793097287416458,0.007616354618221521,-0.009011946618556976,0.01723894104361534,0.6000000238418579
19,hurt,0.006536656059324741,0.035395748913288116,0.006536656059324741,0.007668797858059406,0.020122045651078224,0.4000000059604645
19,afraid,-0.006490915548056364,-0.0014265475329011679,0.006490915548056364,-0.005715600680559874,0.024801434949040413,0.6000000238418579
19,vengeful,-0.006167632527649403,0.024133192375302315,0.006167632527649403,-0.002878443105146289,0.02424936555325985,0.4000000059604645
19,loving,0.005912948399782181,-0.014429137110710144,0.005912948399782181,0.002569538075476885,0.033004969358444214,0.800000011920929
19,overwhelmed,-0.005158958025276661,0.028608884662389755,0.005158958025276661,-0.0023100145626813173,0.025775179266929626,0.800000011920929
19,vibrant,-0.00355995399877429,-0.034394364804029465,0.00355995399877429,-0.00667525315657258,0.029262537136673927,0.4000000059604645
19,sentimental,0.0033706233371049166,-0.00037083320785313845,0.0033706233371049166,0.004377317614853382,0.021097414195537567,0.6000000238418579
19,defiant,-0.002167666098102927,0.004736072383821011,0.002167666098102927,-0.0013582075480371714,0.03526277840137482,0.6000000238418579
19,stubborn,0.0020297153387218714,0.03205301985144615,0.0020297153387218714,0.0027941842563450336,0.018255647271871567,0.20000000298023224
19,eager,-0.002005181973800063,-0.014661477878689766,0.002005181973800063,-0.0026952303014695644,0.02420060709118843,0.6000000238418579
19,irate,-0.0018809944158419967,0.028263933956623077,0.0018809944158419967,-0.004393800161778927,0.03240456059575081,0.800000011920929
20,at ease,0.21658819913864136,0.20699253678321838,0.21658819913864136,0.2013232260942459,0.030023664236068726,1.0
20,cheerful,0.20261482894420624,0.16709308326244354,0.20261482894420624,0.1909463107585907,0.01408358570188284,1.0
20,delighted,0.18288278579711914,0.11405813694000244,0.18288278579711914,0.16989727318286896,0.014634842053055763,1.0
20,tormented,-0.18108195066452026,-0.15334154665470123,0.18108195066452026,-0.16911272704601288,0.025902705267071724,1.0
20,elated,0.17763438820838928,0.14738447964191437,0.17763438820838928,0.16908960044384003,0.024166017770767212,1.0
20,resigned,-0.17067310214042664,-0.11429484933614731,0.17067310214042664,-0.1593482941389084,0.012163693085312843,1.0
20,infatuated,0.16003426909446716,0.14360731840133667,0.16003426909446716,0.14998245239257812,0.013170590624213219,1.0
20,euphoric,0.1510077565908432,0.15670740604400635,0.1510077565908432,0.14252758026123047,0.018561741337180138,1.0
20,restless,-0.1392282247543335,-0.12832969427108765,0.1392282247543335,-0.13119472563266754,0.028995385393500328,1.0
20,gloomy,-0.13492944836616516,-0.12867341935634613,0.13492944836616516,-0.1241900771856308,0.02587754838168621,1.0
20,patient,0.1291494071483612,0.09451882541179657,0.1291494071483612,0.12337050586938858,0.02012038789689541,1.0
20,irritated,-0.12736469507217407,-0.12193290144205093,0.12736469507217407,-0.11914439499378204,0.012495830655097961,1.0
20,melancholy,-0.12651245296001434,-0.10151127725839615,0.12651245296001434,-0.11868320405483246,0.014465835876762867,1.0
20,ecstatic,0.12445900589227676,0.12725669145584106,0.12445900589227676,0.11486063152551651,0.02421809919178486,1.0
20,stuck,-0.12443039566278458,-0.09448011219501495,0.12443039566278458,-0.11868424713611603,0.01949036493897438,1.0
20,heartbroken,-0.12395156919956207,-0.04252875968813896,0.12395156919956207,-0.1130734458565712,0.02925303764641285,1.0
20,depressed,-0.12068363279104233,-0.07120725512504578,0.12068363279104233,-0.11250542104244232,0.024523425847291946,1.0
20,scornful,-0.12027760595083237,-0.08711040765047073,0.12027760595083237,-0.11386604607105255,0.013188740238547325,1.0
20,jubilant,0.11882888525724411,0.08224248141050339,0.11882888525724411,0.1125912219285965,0.015714900568127632,1.0
20,exuberant,0.1176496222615242,0.07994302362203598,0.1176496222615242,0.11031725257635117,0.01488660741597414,1.0
20,satisfied,0.1168798878788948,0.12123081088066101,0.1168798878788948,0.11193017661571503,0.020738020539283752,1.0
20,spiteful,-0.11244971305131912,-0.09049639105796814,0.11244971305131912,-0.10770602524280548,0.025195730850100517,1.0
20,hopeful,0.11208836734294891,0.0463702492415905,0.11208836734294891,0.10390528291463852,0.01613672636449337,1.0
20,refreshed,0.11120421439409256,0.09325774759054184,0.11120421439409256,0.10596489906311035,0.020526142790913582,1.0
20,inspired,0.11079437285661697,0.11636942625045776,0.11079437285661697,0.10439523309469223,0.009886808693408966,1.0
20,frustrated,-0.11074526607990265,-0.08074171841144562,0.11074526607990265,-0.10407540947198868,0.012647325173020363,1.0
20,troubled,-0.1101345419883728,-0.07581417262554169,0.1101345419883728,-0.10473557561635971,0.014062331058084965,1.0
20,disturbed,-0.10694342851638794,-0.10026732832193375,0.10694342851638794,-0.10052110999822617,0.03214653208851814,1.0
20,rejuvenated,0.10690829157829285,0.08077441900968552,0.10690829157829285,0.10357333719730377,0.03373323753476143,1.0
20,vulnerable,-0.10621044784784317,-0.07222072035074234,0.10621044784784317,-0.10037863254547119,0.011557722464203835,1.0
20,excited,0.10604504495859146,0.08755887299776077,0.10604504495859146,0.10110723972320557,0.030277058482170105,1.0
20,angry,-0.10227347910404205,-0.11212422698736191,0.10227347910404205,-0.09721184521913528,0.037412140518426895,1.0
20,dumbstruck,-0.10171466320753098,-0.07479646056890488,0.10171466320753098,-0.09758535772562027,0.016917401924729347,1.0
20,bewildered,-0.09925619512796402,-0.10662425309419632,0.09925619512796402,-0.09394216537475586,0.03564174100756645,1.0
20,skeptical,-0.09837765991687775,-0.07906332612037659,0.09837765991687775,-0.09400005638599396,0.018205974251031876,1.0
20,offended,-0.09818990528583527,-0.07113362848758698,0.09818990528583527,-0.09305612742900848,0.012352176010608673,1.0
20,grumpy,-0.09765224903821945,-0.09232329577207565,0.09765224903821945,-0.0905715823173523,0.01844779960811138,1.0
20,sluggish,-0.09707175195217133,-0.027475284412503242,0.09707175195217133,-0.0896821916103363,0.016042688861489296,1.0
20,hostile,-0.09617114812135696,-0.06793633103370667,0.09617114812135696,-0.09174865484237671,0.013269917108118534,1.0
20,kind,0.09615108370780945,0.072664774954319,0.09615108370780945,0.09169034659862518,0.02120259776711464,1.0
20,hope,0.0952814370393753,0.0928797721862793,0.0952814370393753,0.08890435099601746,0.026331866160035133,1.0
20,peaceful,0.09491940587759018,0.054416678845882416,0.09491940587759018,0.09116275608539581,0.025292489677667618,1.0
20,empathetic,0.09462571889162064,0.09716344624757767,0.09462571889162064,0.0901663526892662,0.022467046976089478,1.0
20,perplexed,0.09449268877506256,0.07067376375198364,0.09449268877506256,0.08796079456806183,0.01866822876036167,1.0
20,weary,-0.09372493624687195,-0.0902358815073967,0.09372493624687195,-0.08824391663074493,0.011272531934082508,1.0
20,blissful,0.09291063249111176,0.026768740266561508,0.09291063249111176,0.08605358749628067,0.01949315145611763,1.0
20,puzzled,-0.0918181762099266,-0.07308082282543182,0.0918181762099266,-0.0878206193447113,0.015283232554793358,1.0
20,stimulated,0.09129979461431503,0.06361015141010284,0.09129979461431503,0.08319292962551117,0.030346659943461418,1.0
20,anxious,-0.09099320322275162,-0.09558846801519394,0.09099320322275162,-0.08485900610685349,0.02463969588279724,1.0
20,compassionate,0.09006621688604355,0.07786815613508224,0.09006621688604355,0.08393017202615738,0.027426496148109436,1.0
20,sympathetic,0.08894574642181396,0.07070553302764893,0.08894574642181396,0.08120454847812653,0.018551645800471306,1.0
20,greedy,0.08857566118240356,0.08005537837743759,0.08857566118240356,0.08445116132497787,0.025712326169013977,1.0
20,suspicious,-0.08846123516559601,-0.07212699204683304,0.08846123516559601,-0.08189361542463303,0.009042943827807903,1.0
20,smug,0.08804482221603394,0.08263379335403442,0.08804482221603394,0.08200562000274658,0.015134774148464203,1.0
20,content,0.08749713748693466,0.034281060099601746,0.08749713748693466,0.08232611417770386,0.0090256929397583,1.0
20,grateful,0.08526745438575745,0.06865239888429642,0.08526745438575745,0.07877571880817413,0.01631791517138481,1.0
20,unhappy,-0.08422523736953735,-0.07925751060247421,0.08422523736953735,-0.07644901424646378,0.02799019031226635,1.0
20,optimistic,0.08218014985322952,0.015701787546277046,0.08218014985322952,0.07307295501232147,0.03383461758494377,1.0
20,annoyed,-0.08061947673559189,-0.07327914983034134,0.08061947673559189,-0.07670185714960098,0.028147399425506592,1.0
20,droopy,-0.07954992353916168,-0.029233690351247787,0.07954992353916168,-0.07551179826259613,0.01603466458618641,1.0
20,proud,0.07787508517503738,0.07456205040216446,0.07787508517503738,0.07447914779186249,0.01645422726869583,1.0
20,humiliated,-0.0762760117650032,-0.08264091610908508,0.0762760117650032,-0.07003703713417053,0.033532753586769104,1.0
20,stressed,-0.07529938220977783,-0.05896703526377678,0.07529938220977783,-0.07283631712198257,0.01744428277015686,1.0
20,disoriented,-0.07266521453857422,-0.06671638041734695,0.07266521453857422,-0.06955311447381973,0.01837613433599472,1.0
20,mystified,-0.0725073367357254,-0.05669618025422096,0.0725073367357254,-0.06986129283905029,0.01586003415286541,1.0
20,dispirited,-0.0724589005112648,-0.008064236491918564,0.0724589005112648,-0.06569106876850128,0.028068309649825096,1.0
20,trapped,-0.07212653756141663,-0.07413050532341003,0.07212653756141663,-0.0681193396449089,0.005533145274966955,1.0
20,embarrassed,0.07045433670282364,0.06651430577039719,0.07045433670282364,0.068369559943676,0.020692458376288414,1.0
20,insulted,0.06999128311872482,0.057065680623054504,0.06999128311872482,0.06620167195796967,0.011136134155094624,1.0
20,enthusiastic,0.06980790197849274,0.07851087301969528,0.06980790197849274,0.06740175187587738,0.025963129475712776,1.0
20,on edge,0.0696268379688263,0.0581623911857605,0.0696268379688263,0.06669849902391434,0.024110494181513786,1.0
20,rattled,0.0689406618475914,0.07449862360954285,0.0689406618475914,0.06222652643918991,0.027110958471894264,1.0
20,indignant,-0.0684623196721077,-0.06418973952531815,0.0684623196721077,-0.06790897995233536,0.03133421763777733,1.0
20,guilty,-0.06714946776628494,-0.031588975340127945,0.06714946776628494,-0.05997999757528305,0.025174537673592567,1.0
20,nostalgic,0.06672754883766174,0.056588128209114075,0.06672754883766174,0.06362579017877579,0.015880541875958443,1.0
20,sensitive,0.06640788912773132,0.0681147351861,0.06640788912773132,0.0635978952050209,0.025931768119335175,1.0
20,safe,0.06545515358448029,0.058767158538103104,0.06545515358448029,0.06568875908851624,0.04022977501153946,1.0
20,lonely,-0.065327487885952,-0.009258042089641094,0.065327487885952,-0.057227201759815216,0.03571576997637749,1.0
20,distressed,-0.06520812958478928,-0.025592021644115448,0.06520812958478928,-0.05962003022432327,0.03508635610342026,1.0
20,bitter,0.0641363263130188,0.05530954897403717,0.0641363263130188,0.06060674041509628,0.012182335369288921,1.0
20,ashamed,0.06371425092220306,0.03993738442659378,0.06371425092220306,0.05770965665578842,0.026979852467775345,1.0
20,surprised,-0.06203801557421684,-0.05824635177850723,0.06203801557421684,-0.059265218675136566,0.018695900216698647,1.0
20,serene,0.061856016516685486,0.05847800150513649,0.061856016516685486,0.06140878051519394,0.028895072638988495,1.0
20,disdainful,0.060126759111881256,0.06610895693302155,0.060126759111881256,0.0565979965031147,0.008889151737093925,1.0
20,miserable,-0.0600772500038147,-0.014800716191530228,0.0600772500038147,-0.05505375191569328,0.020099883899092674,1.0
20,triumphant,0.05951205641031265,0.021013036370277405,0.05951205641031265,0.056394707411527634,0.020893104374408722,1.0
20,invigorated,0.05688168853521347,0.050127897411584854,0.05688168853521347,0.05503115803003311,0.030634189024567604,1.0
20,hateful,-0.055523842573165894,-0.0019200874958187342,0.055523842573165894,-0.04970518872141838,0.02798665314912796,1.0
20,contemptuous,-0.05488220229744911,-0.05168181285262108,0.05488220229744911,-0.05227997153997421,0.01824985444545746,1.0
20,impatient,0.05358130484819412,0.06178852170705795,0.05358130484819412,0.051564812660217285,0.014053208753466606,1.0
20,enraged,-0.0533229298889637,-0.035340581089258194,0.0533229298889637,-0.05003708600997925,0.013502099551260471,1.0
20,panicked,-0.05313880741596222,-0.011538991704583168,0.05313880741596222,-0.05038071423768997,0.009113027714192867,1.0
20,unnerved,-0.05246889963746071,-0.03624579682946205,0.05246889963746071,-0.04795924574136734,0.027081165462732315,1.0
20,sorry,0.052364762872457504,0.0519840233027935,0.052364762872457504,0.049837060272693634,0.010383302345871925,1.0
20,sullen,-0.05162612348794937,-0.055619604885578156,0.05162612348794937,-0.04979417473077774,0.01216054055839777,1.0
20,brooding,-0.05011841282248497,0.005754736252129078,0.05011841282248497,-0.04343288019299507,0.029345940798521042,1.0
20,paranoid,-0.047806788235902786,-0.06099399924278259,0.047806788235902786,-0.046987198293209076,0.02199411392211914,1.0
20,self-conscious,-0.0476662740111351,-0.05945810303092003,0.0476662740111351,-0.04488767310976982,0.02721039205789566,1.0
20,astonished,-0.047330185770988464,-0.03351663425564766,0.047330185770988464,-0.04221247881650925,0.027251839637756348,1.0
20,outraged,-0.04460110887885094,-0.028196780011057854,0.04460110887885094,-0.04253489896655083,0.015208511613309383,1.0
20,happy,0.044552721083164215,-0.009014887735247612,0.044552721083164215,0.04307933896780014,0.017348168417811394,1.0
20,alarmed,-0.04450874775648117,-0.02657085470855236,0.04450874775648117,-0.04360781982541084,0.024243731051683426,1.0
20,aroused,0.04388640448451042,-0.010587465949356556,0.04388640448451042,0.04072209447622299,0.012400729581713676,1.0
20,worried,-0.04346586763858795,0.0007544709369540215,0.04346586763858795,-0.040853627026081085,0.025023775175213814,1.0
20,shocked,-0.0432371087372303,-0.0509270578622818,0.0432371087372303,-0.04192904382944107,0.020694509148597717,1.0
20,terrified,-0.04250817745923996,-0.05125034973025322,0.04250817745923996,-0.03900869935750961,0.00905108917504549,1.0
20,relaxed,0.04203734174370766,0.017965354025363922,0.04203734174370766,0.038428980857133865,0.020600777119398117,1.0
20,joyful,0.0415225513279438,-0.013558787293732166,0.0415225513279438,0.03799036145210266,0.011507724411785603,1.0
20,grief-stricken,-0.04053578898310661,0.004302844405174255,0.04053578898310661,-0.03705534338951111,0.013723721727728844,1.0
20,scared,-0.03893047571182251,-0.054428163915872574,0.03893047571182251,-0.03687204793095589,0.011061984114348888,1.0
20,reflective,-0.03862202540040016,-0.05245634540915489,0.03862202540040016,-0.03651949018239975,0.022581879049539566,1.0
20,envious,-0.03359781205654144,-0.052541621029376984,0.03359781205654144,-0.03188403695821762,0.0141520407050848,1.0
20,furious,-0.033200886100530624,-0.04291355982422829,0.033200886100530624,-0.034481167793273926,0.027129026129841805,0.800000011920929
20,frightened,-0.032010581344366074,-0.04099956527352333,0.032010581344366074,-0.03321560099720955,0.02830108068883419,0.800000011920929
20,tired,-0.031570132821798325,0.015638317912817,0.031570132821798325,-0.028667818754911423,0.016201874241232872,1.0
20,vindictive,-0.03143984079360962,0.013227498158812523,0.03143984079360962,-0.03061322495341301,0.016133200377225876,1.0
20,sleepy,0.02923780120909214,0.042081672698259354,0.02923780120909214,0.031255535781383514,0.033454131335020065,0.800000011920929
20,horrified,0.029182687401771545,0.042941853404045105,0.029182687401771545,0.026473606005311012,0.013614836148917675,1.0
20,worn out,0.028796203434467316,0.04341032728552818,0.028796203434467316,0.02775590494275093,0.009820184670388699,1.0
20,thrilled,0.0279732383787632,-0.01182609423995018,0.0279732383787632,0.02456638030707836,0.021898483857512474,0.800000011920929
20,mortified,-0.025806410238146782,-0.02774759754538536,0.025806410238146782,-0.025258224457502365,0.012776614166796207,1.0
20,playful,0.025431213900446892,-0.02213207446038723,0.025431213900446892,0.02286783792078495,0.015795903280377388,0.800000011920929
20,regretful,0.02497292123734951,0.042014408856630325,0.02497292123734951,0.02512362040579319,0.018704216927289963,1.0
20,shaken,-0.024672357365489006,-0.02304108254611492,0.024672357365489006,-0.02375035546720028,0.014168771915137768,1.0
20,remorseful,-0.02382437139749527,-0.003876877948641777,0.02382437139749527,-0.019957173615694046,0.03309153765439987,0.800000011920929
20,self-confident,0.022790569812059402,-0.02036045305430889,0.022790569812059402,0.01961158588528633,0.014500577002763748,0.800000011920929
20,irate,0.022165555506944656,0.037117596715688705,0.022165555506944656,0.017683926969766617,0.03506713733077049,0.800000011920929
20,exasperated,0.021968180313706398,0.04317793250083923,0.021968180313706398,0.017810728400945663,0.029431531205773354,0.800000011920929
20,hysterical,0.019670184701681137,0.03965602070093155,0.019670184701681137,0.01844068616628647,0.013225256465375423,1.0
20,unsettled,-0.01961834356188774,0.014855381101369858,0.01961834356188774,-0.017271671444177628,0.021167641505599022,0.800000011920929
20,alert,-0.019095757976174355,-0.03641676902770996,0.019095757976174355,-0.020509831607341766,0.03368915244936943,0.800000011920929
20,uneasy,0.01887970045208931,0.03714413195848465,0.01887970045208931,0.019549435004591942,0.019327029585838318,1.0
20,vigilant,0.018385371193289757,0.03305838629603386,0.018385371193289757,0.01979098655283451,0.021953921765089035,0.800000011920929
20,fulfilled,0.01835210621356964,-0.023207906633615494,0.01835210621356964,0.017545290291309357,0.013650189153850079,1.0
20,loving,0.01632336713373661,-0.0006243523675948381,0.01632336713373661,0.012543526478111744,0.028713824227452278,0.800000011920929
20,tense,0.016139168292284012,-0.023410867899656296,0.016139168292284012,0.013079245574772358,0.022251732647418976,0.800000011920929
20,desperate,-0.014945833012461662,0.01797102764248848,0.014945833012461662,-0.011354830116033554,0.026473192498087883,0.6000000238418579
20,lazy,-0.0146808922290802,0.019617583602666855,0.0146808922290802,-0.013528889045119286,0.017358845099806786,0.800000011920929
20,stubborn,-0.014556100592017174,0.018531495705246925,0.014556100592017174,-0.011846942827105522,0.026999972760677338,0.800000011920929
20,valiant,0.014446989633142948,0.010263882577419281,0.014446989633142948,0.011681651696562767,0.028859037905931473,0.4000000059604645
20,docile,-0.014328215271234512,0.022823553532361984,0.014328215271234512,-0.010167611762881279,0.037047576159238815,0.4000000059604645
20,resentful,-0.014248917810618877,0.021875452250242233,0.014248917810618877,-0.01539526879787445,0.025454025715589523,0.800000011920929
20,bored,0.013798588886857033,0.03546707332134247,0.013798588886857033,0.01609932817518711,0.0275722723454237,0.800000011920929
20,listless,-0.013396340422332287,0.011535795405507088,0.013396340422332287,-0.010304860770702362,0.02017865516245365,0.800000011920929
20,upset,-0.013206342235207558,0.020535485818982124,0.013206342235207558,-0.011857026256620884,0.01019746158272028,0.800000011920929
20,overwhelmed,-0.010884950868785381,0.02163476124405861,0.010884950868785381,-0.007911564782261848,0.023233240470290184,0.800000011920929
20,nervous,-0.010518581606447697,-0.02627011202275753,0.010518581606447697,-0.01170486118644476,0.02994360215961933,0.800000011920929
20,relieved,0.010325247421860695,0.022050190716981888,0.010325247421860695,0.009320934303104877,0.01902463287115097,0.800000011920929
20,energized,0.009429369121789932,-0.02510000765323639,0.009429369121789932,0.00913260318338871,0.00586962653324008,1.0
20,sad,-0.00920774880796671,0.02306283265352249,0.00920774880796671,-0.010187555104494095,0.030999060720205307,0.800000011920929
20,self-critical,-0.008203841745853424,-0.03538009524345398,0.008203841745853424,-0.009249076247215271,0.015017557889223099,0.6000000238418579
20,amazed,-0.007432684302330017,-0.02107520028948784,0.007432684302330017,-0.007207388989627361,0.013662896119058132,0.800000011920929
20,indifferent,-0.0073786284774541855,0.020889461040496826,0.0073786284774541855,-0.00884401984512806,0.03226257488131523,0.6000000238418579
20,hurt,-0.0072436947375535965,0.024470675736665726,0.0072436947375535965,-0.004934983793646097,0.019215524196624756,0.800000011920929
20,sentimental,-0.006828558165580034,-0.003978659398853779,0.006828558165580034,-0.005405687261372805,0.019157132133841515,0.4000000059604645
20,dependent,0.006591020151972771,0.031670648604631424,0.006591020151972771,0.008863674476742744,0.02223844639956951,0.4000000059604645
20,eager,0.006313162390142679,-0.003864885773509741,0.006313162390142679,0.005110412370413542,0.02522609382867813,0.4000000059604645
20,worthless,-0.0060493675991892815,0.0224752277135849,0.0060493675991892815,-0.004472410771995783,0.022963358089327812,0.4000000059604645
20,afraid,-0.005943261552602053,-0.004783655982464552,0.005943261552602053,-0.005117595661431551,0.023730242624878883,0.6000000238418579
20,calm,0.005907467566430569,0.0053261141292750835,0.005907467566430569,0.009141617454588413,0.028585566207766533,0.6000000238418579
20,pleased,0.004849642980843782,-0.02178242988884449,0.004849642980843782,0.0034410611260682344,0.02014746703207493,0.6000000238418579
20,obstinate,-0.0044000097550451756,0.02821718342602253,0.0044000097550451756,-0.003926530480384827,0.014441813342273235,0.6000000238418579
20,jealous,-0.0043046679347753525,0.02296270616352558,0.0043046679347753525,-0.006562990136444569,0.035649921745061874,0.6000000238418579
20,defiant,0.0033298470079898834,0.007142774760723114,0.0033298470079898834,0.003585068043321371,0.03801503777503967,0.4000000059604645
20,mad,-0.003148751799017191,0.022288786247372627,0.003148751799017191,-0.0036660670302808285,0.01481145154684782,0.6000000238418579
20,vengeful,0.0023855199106037617,0.023861125111579895,0.0023855199106037617,0.0053176903165876865,0.024275721982121468,0.6000000238418579
20,disgusted,0.0020027635619044304,0.03188679367303848,0.0020027635619044304,0.0031604543328285217,0.012929830700159073,0.4000000059604645
20,thankful,0.0014412796590477228,-0.02244548685848713,0.0014412796590477228,0.00028125979588367045,0.010445008985698223,0.4000000059604645
20,amused,0.0013561088126152754,-0.025102607905864716,0.0013561088126152754,-0.001456958008930087,0.02729053609073162,0.4000000059604645
20,awestruck,0.0011881738901138306,0.03191019967198372,0.0011881738901138306,0.002684436272829771,0.0164344422519207,0.6000000238418579
20,vibrant,0.0006703583057969809,-0.02821257896721363,0.0006703583057969809,-0.002603969071060419,0.02640439197421074,0.6000000238418579
21,cheerful,0.2118382304906845,0.1856537014245987,0.2118382304906845,0.2003128081560135,0.0085775600746274,1.0
21,at ease,0.20153950154781342,0.19992128014564514,0.20153950154781342,0.18855901062488556,0.026367314159870148,1.0
21,elated,0.19588328897953033,0.1779106706380844,0.19588328897953033,0.18574857711791992,0.019483698531985283,1.0
21,delighted,0.18344441056251526,0.12515884637832642,0.18344441056251526,0.17107424139976501,0.014701933600008488,1.0
21,euphoric,0.17856307327747345,0.18715113401412964,0.17856307327747345,0.16821354627609253,0.012869526632130146,1.0
21,refreshed,0.16087403893470764,0.15378034114837646,0.16087403893470764,0.15227141976356506,0.013441145420074463,1.0
21,tormented,-0.15506288409233093,-0.13380150496959686,0.15506288409233093,-0.14576458930969238,0.02210530824959278,1.0
21,inspired,0.15011923015117645,0.1602536290884018,0.15011923015117645,0.14125852286815643,0.018200645223259926,1.0
21,resigned,-0.14854854345321655,-0.11855832487344742,0.14854854345321655,-0.13956479728221893,0.012789871543645859,1.0
21,patient,0.14644689857959747,0.12121918797492981,0.14644689857959747,0.13990344107151031,0.021424120292067528,1.0
21,spiteful,-0.14378474652767181,-0.12816493213176727,0.14378474652767181,-0.13664384186267853,0.017540939152240753,1.0
21,rejuvenated,0.1376924067735672,0.10914509743452072,0.1376924067735672,0.1317245364189148,0.026939980685710907,1.0
21,infatuated,0.1325724869966507,0.12013798952102661,0.1325724869966507,0.12524792551994324,0.014236253686249256,1.0
21,peaceful,0.13251893222332,0.0932847335934639,0.13251893222332,0.12571775913238525,0.017698267474770546,1.0
21,disturbed,-0.13040584325790405,-0.1277434080839157,0.13040584325790405,-0.12242253869771957,0.020139185711741447,1.0
21,stuck,-0.12921258807182312,-0.11421936750411987,0.12921258807182312,-0.12302961200475693,0.013313655741512775,1.0
21,angry,-0.12911757826805115,-0.13905557990074158,0.12911757826805115,-0.1219765692949295,0.022593436762690544,1.0
21,restless,-0.12863720953464508,-0.12164324522018433,0.12863720953464508,-0.122014619410038,0.026648564264178276,1.0
21,bewildered,-0.12818266451358795,-0.14282949268817902,0.12818266451358795,-0.12075175344944,0.017346130684018135,1.0
21,excited,0.12654954195022583,0.11155545711517334,0.12654954195022583,0.1200900673866272,0.02233017049729824,1.0
21,exuberant,0.12215414643287659,0.09271655231714249,0.12215414643287659,0.1147317886352539,0.008544952608644962,1.0
21,satisfied,0.12114620953798294,0.13507169485092163,0.12114620953798294,0.11579885333776474,0.017912128940224648,1.0
21,skeptical,-0.12082570046186447,-0.102958083152771,0.12082570046186447,-0.11527986824512482,0.020057152956724167,1.0
21,ecstatic,0.12066015601158142,0.11747267842292786,0.12066015601158142,0.11233930289745331,0.02129075676202774,1.0
21,vulnerable,-0.11952502280473709,-0.08807841688394547,0.11952502280473709,-0.11283855140209198,0.005604251753538847,1.0
21,proud,0.11933162063360214,0.11165934801101685,0.11933162063360214,0.11308245360851288,0.022436976432800293,1.0
21,jubilant,0.11929892003536224,0.0943918377161026,0.11929892003536224,0.11274951696395874,0.015556265600025654,1.0
21,troubled,-0.11819854378700256,-0.09304001182317734,0.11819854378700256,-0.11227560043334961,0.009974951855838299,1.0
21,droopy,-0.11637875437736511,-0.06953106820583344,0.11637875437736511,-0.10971356928348541,0.01157308742403984,1.0
21,sympathetic,0.11350501328706741,0.09570789337158203,0.11350501328706741,0.10479836165904999,0.021059580147266388,1.0
21,greedy,0.1132451668381691,0.11650736629962921,0.1132451668381691,0.10690643638372421,0.015582962892949581,1.0
21,blissful,0.11322490125894547,0.04562217742204666,0.11322490125894547,0.10545382648706436,0.01675332710146904,1.0
21,scornful,-0.11283010244369507,-0.09473298490047455,0.11283010244369507,-0.10744474828243256,0.010537742637097836,1.0
21,puzzled,-0.1112242043018341,-0.09482628852128983,0.1112242043018341,-0.10570378601551056,0.009850657545030117,1.0
21,frustrated,-0.11119700968265533,-0.09557478129863739,0.11119700968265533,-0.10537903010845184,0.010406524874269962,1.0
21,hopeful,0.11094682663679123,0.05187273398041725,0.11094682663679123,0.10363159328699112,0.01684253290295601,1.0
21,melancholy,-0.10967259109020233,-0.104124054312706,0.10967259109020233,-0.10347355902194977,0.016494082286953926,1.0
21,empathetic,0.10665563493967056,0.11751965433359146,0.10665563493967056,0.10205163806676865,0.016404956579208374,1.0
21,offended,-0.10661838948726654,-0.0866793617606163,0.10661838948726654,-0.10103706270456314,0.005636151414364576,1.0
21,suspicious,-0.10438050329685211,-0.09056463092565536,0.10438050329685211,-0.09747038036584854,0.011011219583451748,1.0
21,annoyed,-0.10354871302843094,-0.1004561260342598,0.10354871302843094,-0.09764339029788971,0.02107117883861065,1.0
21,hope,0.10266148298978806,0.10398972034454346,0.10266148298978806,0.09605146944522858,0.02034301869571209,1.0
21,disoriented,-0.10220354050397873,-0.09332414716482162,0.10220354050397873,-0.09686321765184402,0.006187116727232933,1.0
21,smug,0.10196375846862793,0.10329257696866989,0.10196375846862793,0.095217764377594,0.01975351944565773,1.0
21,safe,0.09957107156515121,0.10121361166238785,0.09957107156515121,0.09686636179685593,0.03611566126346588,1.0
21,irritated,-0.09875940531492233,-0.09403165429830551,0.09875940531492233,-0.09308639913797379,0.014918540604412556,1.0
21,dumbstruck,-0.09813965857028961,-0.08539924025535583,0.09813965857028961,-0.09430785477161407,0.016335854306817055,1.0
21,kind,0.09742285311222076,0.08481879532337189,0.09742285311222076,0.0930374264717102,0.020393354818224907,1.0
21,gloomy,-0.0959632396697998,-0.10081926733255386,0.0959632396697998,-0.08872059732675552,0.02495468594133854,1.0
21,grumpy,-0.09435763955116272,-0.09094225615262985,0.09435763955116272,-0.08796282112598419,0.01868957281112671,1.0
21,heartbroken,-0.09237761050462723,-0.03014986962080002,0.09237761050462723,-0.08504553139209747,0.024132050573825836,1.0
21,content,0.09224992245435715,0.045329462736845016,0.09224992245435715,0.08754582703113556,0.008006224408745766,1.0
21,hostile,-0.0918990820646286,-0.07467398047447205,0.0918990820646286,-0.08778580278158188,0.011104892939329147,1.0
21,weary,-0.0916425883769989,-0.09916326403617859,0.0916425883769989,-0.08653883635997772,0.009840316139161587,1.0
21,invigorated,0.08887915313243866,0.08949418365955353,0.08887915313243866,0.0841720923781395,0.023836001753807068,1.0
21,anxious,-0.08779236674308777,-0.08766408264636993,0.08779236674308777,-0.0828990712761879,0.024730369448661804,1.0
21,serene,0.08717934042215347,0.08188556134700775,0.08717934042215347,0.08459077030420303,0.022854335606098175,1.0
21,depressed,-0.08609949052333832,-0.04845363274216652,0.08609949052333832,-0.0815899521112442,0.022542163729667664,1.0
21,sensitive,0.0845818892121315,0.08958255499601364,0.0845818892121315,0.08008088916540146,0.0191502645611763,1.0
21,enthusiastic,0.08316720277070999,0.09523382782936096,0.08316720277070999,0.0794328823685646,0.01818692870438099,1.0
21,sluggish,-0.08285070955753326,-0.025917164981365204,0.08285070955753326,-0.07730591297149658,0.015022090636193752,1.0
21,paranoid,-0.08273206651210785,-0.0949220359325409,0.08273206651210785,-0.07906559854745865,0.015991322696208954,1.0
21,stressed,-0.07999420911073685,-0.07069961726665497,0.07999420911073685,-0.07695664465427399,0.012971021234989166,1.0
21,trapped,-0.07995517551898956,-0.08414125442504883,0.07995517551898956,-0.07571910321712494,0.007525275927037001,1.0
21,indignant,-0.07979845255613327,-0.07959810644388199,0.07979845255613327,-0.07818835973739624,0.02883068099617958,1.0
21,optimistic,0.07969183474779129,0.013942649587988853,0.07969183474779129,0.07175280153751373,0.03545600548386574,1.0
21,perplexed,0.07886452227830887,0.07404051721096039,0.07886452227830887,0.07421255856752396,0.014931193552911282,1.0
21,shocked,-0.07774318754673004,-0.07491425424814224,0.07774318754673004,-0.07357977330684662,0.014911887235939503,1.0
21,embarrassed,0.07664797455072403,0.08089862018823624,0.07664797455072403,0.07398588955402374,0.016115456819534302,1.0
21,compassionate,0.07611479610204697,0.07710359245538712,0.07611479610204697,0.07132431864738464,0.025708990171551704,1.0
21,happy,0.0755007192492485,0.007112812250852585,0.0755007192492485,0.07162792980670929,0.0072442214004695415,1.0
21,terrified,-0.07468680292367935,-0.08755131810903549,0.07468680292367935,-0.06882581859827042,0.016364743933081627,1.0
21,astonished,-0.07396458834409714,-0.06470028311014175,0.07396458834409714,-0.06765709817409515,0.02675364725291729,1.0
21,panicked,-0.07388269156217575,-0.03416525200009346,0.07388269156217575,-0.0701550841331482,0.005245240870863199,1.0
21,mystified,-0.07336869835853577,-0.06580192595720291,0.07336869835853577,-0.07083376497030258,0.015855832025408745,1.0
21,jealous,-0.07332221418619156,-0.03158380463719368,0.07332221418619156,-0.06959478557109833,0.025927674025297165,1.0
21,worried,-0.07281658053398132,-0.021169357001781464,0.07281658053398132,-0.06802261620759964,0.020798727869987488,1.0
21,grateful,0.07015644758939743,0.06629113107919693,0.07015644758939743,0.06535764038562775,0.01662069745361805,1.0
21,enraged,-0.06982337683439255,-0.053580936044454575,0.06982337683439255,-0.06558765470981598,0.012374904938042164,1.0
21,unnerved,-0.0693964958190918,-0.052718471735715866,0.0693964958190918,-0.06420718133449554,0.023190008476376534,1.0
21,miserable,-0.0669330283999443,-0.025390032678842545,0.0669330283999443,-0.06185346841812134,0.02166149765253067,1.0
21,bitter,0.06648340821266174,0.06515952944755554,0.06648340821266174,0.06292982399463654,0.007543328683823347,1.0
21,insulted,0.06259846687316895,0.06294108927249908,0.06259846687316895,0.059736765921115875,0.012899359688162804,1.0
21,triumphant,0.06122071295976639,0.030272141098976135,0.06122071295976639,0.05825832486152649,0.02104981616139412,1.0
21,alarmed,-0.061066314578056335,-0.044099338352680206,0.061066314578056335,-0.05909348651766777,0.02216695062816143,1.0
21,dispirited,-0.059076931327581406,-0.00398618821054697,0.059076931327581406,-0.05409972742199898,0.027071939781308174,1.0
21,sullen,-0.05806514248251915,-0.06567943841218948,0.05806514248251915,-0.055608440190553665,0.008859575726091862,1.0
21,vindictive,-0.057266395539045334,-0.0007557408534921706,0.057266395539045334,-0.05468063801527023,0.01362594310194254,1.0
21,disdainful,0.05722188577055931,0.07101287692785263,0.05722188577055931,0.054487086832523346,0.006704470608383417,1.0
21,sorry,0.0565967783331871,0.060739416629076004,0.0565967783331871,0.05388077348470688,0.007511873729526997,1.0
21,frightened,-0.0563478022813797,-0.06607071310281754,0.0563478022813797,-0.05519241839647293,0.01875702477991581,1.0
21,joyful,0.05453205481171608,-0.008299438282847404,0.05453205481171608,0.05027513951063156,0.012574617750942707,1.0
21,mortified,-0.05433991551399231,-0.06085379049181938,0.05433991551399231,-0.05183173343539238,0.013997195288538933,1.0
21,outraged,-0.05416162312030792,-0.042983293533325195,0.05416162312030792,-0.051241420209407806,0.010920042172074318,1.0
21,unhappy,-0.053401701152324677,-0.05974642559885979,0.053401701152324677,-0.04843497276306152,0.026547033339738846,1.0
21,nervous,-0.05318203940987587,-0.07570130378007889,0.05318203940987587,-0.05051872879266739,0.029999077320098877,1.0
21,surprised,-0.052431151270866394,-0.05980256199836731,0.052431151270866394,-0.05057106539607048,0.016773642972111702,1.0
21,relieved,0.05123624578118324,0.06860146671533585,0.05123624578118324,0.04736784100532532,0.013097211718559265,1.0
21,resentful,-0.04993480443954468,0.0017066695727407932,0.04993480443954468,-0.047674957662820816,0.017132019624114037,1.0
21,stimulated,0.04915294796228409,0.023833155632019043,0.04915294796228409,0.044801320880651474,0.0282240379601717,1.0
21,calm,0.04845530912280083,0.0525585412979126,0.04845530912280083,0.04776975139975548,0.022701352834701538,1.0
21,distressed,-0.046336330473423004,-0.017749682068824768,0.046336330473423004,-0.043081581592559814,0.027972860261797905,1.0
21,self-conscious,-0.0458211749792099,-0.06079584360122681,0.0458211749792099,-0.04301771894097328,0.02462262287735939,1.0
21,indifferent,-0.045634616166353226,-0.004755822010338306,0.045634616166353226,-0.04374568909406662,0.020615341141819954,1.0
21,upset,-0.044442068785429,0.005101034417748451,0.044442068785429,-0.04108678922057152,0.006765001453459263,1.0
21,impatient,0.04266255721449852,0.05381336435675621,0.04266255721449852,0.0417109951376915,0.013558427803218365,1.0
21,tired,-0.041766609996557236,0.008109948597848415,0.041766609996557236,-0.03852510452270508,0.01304932776838541,1.0
21,bored,0.04153748229146004,0.05530661717057228,0.04153748229146004,0.04134315997362137,0.023573165759444237,0.800000011920929
21,aroused,0.04008610174059868,-0.011364552192389965,0.04008610174059868,0.037382788956165314,0.009513136930763721,1.0
21,hateful,-0.039943233132362366,0.007088696584105492,0.039943233132362366,-0.03551638871431351,0.028251957148313522,0.800000011920929
21,lazy,-0.039117567241191864,0.006017303094267845,0.039117567241191864,-0.03622201830148697,0.0165560282766819,1.0
21,regretful,0.038924917578697205,0.057609498500823975,0.038924917578697205,0.03777926042675972,0.016080794855952263,1.0
21,on edge,0.0387866385281086,0.04754612222313881,0.0387866385281086,0.03834355250000954,0.02447764202952385,1.0
21,shaken,-0.038638997822999954,-0.036957997828722,0.038638997822999954,-0.03650808706879616,0.009918398223817348,1.0
21,contemptuous,-0.037339068949222565,-0.04555543512105942,0.037339068949222565,-0.03636724129319191,0.016495561227202415,1.0
21,relaxed,0.036294277757406235,0.014621836133301258,0.036294277757406235,0.033806681632995605,0.019856344908475876,1.0
21,humiliated,-0.036280885338783264,-0.0346745066344738,0.036280885338783264,-0.03401492163538933,0.029156344011425972,0.800000011920929
21,nostalgic,0.03622415289282799,0.04957115277647972,0.03622415289282799,0.03547543287277222,0.012248308397829533,1.0
21,furious,-0.036188945174217224,-0.050865866243839264,0.036188945174217224,-0.03663093224167824,0.023392772302031517,0.800000011920929
21,sleepy,0.03506547212600708,0.051990341395139694,0.03506547212600708,0.03550170734524727,0.02687792293727398,0.800000011920929
21,envious,-0.03497469425201416,-0.050468701869249344,0.03497469425201416,-0.03299010545015335,0.00973413698375225,1.0
21,scared,-0.03435371816158295,-0.05405706539750099,0.03435371816158295,-0.033185385167598724,0.01118229515850544,1.0
21,worthless,0.03432368487119675,0.05430876836180687,0.03432368487119675,0.03253810852766037,0.023772338405251503,1.0
21,sad,-0.03337688371539116,0.003455459140241146,0.03337688371539116,-0.03190270811319351,0.02164965122938156,0.800000011920929
21,ashamed,0.03337408974766731,0.011818141676485538,0.03337408974766731,0.03064262866973877,0.024509014561772346,1.0
21,guilty,-0.03288834169507027,-0.006296392995864153,0.03288834169507027,-0.028836850076913834,0.021933473646640778,1.0
21,tense,-0.03219204396009445,-0.05820564925670624,0.03219204396009445,-0.031185578554868698,0.021731600165367126,1.0
21,reflective,-0.03087388537824154,-0.05102280154824257,0.03087388537824154,-0.02888050302863121,0.01656692661345005,1.0
21,brooding,-0.03062293492257595,0.0179380401968956,0.03062293492257595,-0.026272576302289963,0.02722056955099106,0.800000011920929
21,mad,-0.03049975447356701,0.006743451580405235,0.03049975447356701,-0.028563126921653748,0.012007376179099083,1.0
21,self-confident,0.02937053143978119,-0.020280195400118828,0.02937053143978119,0.02608056738972664,0.016564203426241875,1.0
21,dependent,0.02926843799650669,0.05202743783593178,0.02926843799650669,0.02954365313053131,0.020262572914361954,1.0
21,fulfilled,0.02811109647154808,-0.01998673938214779,0.02811109647154808,0.026458129286766052,0.013343539088964462,1.0
21,alert,-0.02764306217432022,-0.04676566272974014,0.02764306217432022,-0.027472516521811485,0.02245999686419964,0.800000011920929
21,lonely,-0.026552077382802963,0.017697002738714218,0.026552077382802963,-0.02238180860877037,0.029192231595516205,0.800000011920929
21,eager,-0.025388095527887344,-0.038682013750076294,0.025388095527887344,-0.02397180162370205,0.01630323752760887,0.800000011920929
21,rattled,0.02522902749478817,0.03462354093790054,0.02522902749478817,0.02277270331978798,0.02165093645453453,1.0
21,energized,0.0242910198867321,-0.013834718614816666,0.0242910198867321,0.022833893075585365,0.0031795091927051544,1.0
21,defiant,-0.023056289181113243,-0.011485659517347813,0.023056289181113243,-0.02031308226287365,0.034954383969306946,0.800000011920929
21,thankful,0.022481825202703476,-0.0062923431396484375,0.022481825202703476,0.019871825352311134,0.012056666426360607,1.0
21,listless,-0.0219534020870924,-0.0031314981169998646,0.0219534020870924,-0.018836911767721176,0.020169198513031006,0.800000011920929
21,grief-stricken,-0.02121756412088871,0.012698573991656303,0.02121756412088871,-0.019762258976697922,0.011721128597855568,1.0
21,thrilled,0.019760988652706146,-0.021104654297232628,0.019760988652706146,0.017495643347501755,0.017661819234490395,0.800000011920929
21,pleased,0.018848827108740807,-0.017629042267799377,0.018848827108740807,0.016667967662215233,0.017096562311053276,0.800000011920929
21,playful,0.018507666885852814,-0.027152393013238907,0.018507666885852814,0.016644734889268875,0.01591084711253643,0.800000011920929
21,unsettled,-0.017677797004580498,0.019291507080197334,0.017677797004580498,-0.01564759388566017,0.02070852555334568,0.800000011920929
21,afraid,-0.017063764855265617,-0.006280244328081608,0.017063764855265617,-0.015771085396409035,0.016378387808799744,0.800000011920929
21,horrified,0.01697843335568905,0.04360739886760712,0.01697843335568905,0.01539840828627348,0.014106499962508678,0.800000011920929
21,overwhelmed,-0.016738073900341988,0.021475769579410553,0.016738073900341988,-0.013648256659507751,0.022573167458176613,0.800000011920929
21,hysterical,0.015913598239421844,0.04269779846072197,0.015913598239421844,0.014796706847846508,0.020288417115807533,0.6000000238418579
21,self-critical,0.015838176012039185,-0.019698966294527054,0.015838176012039185,0.013393712230026722,0.01572652906179428,0.6000000238418579
21,amused,-0.014916736632585526,-0.040749214589595795,0.014916736632585526,-0.01605459675192833,0.027502190321683884,0.800000011920929
21,obstinate,0.014163218438625336,0.04175123944878578,0.014163218438625336,0.01286310888826847,0.017845189198851585,0.6000000238418579
21,vigilant,0.013359660282731056,0.03703203424811363,0.013359660282731056,0.014391261152923107,0.016333499923348427,0.800000011920929
21,worn out,0.012973807752132416,0.03720630705356598,0.012973807752132416,0.013152574189007282,0.007644765079021454,1.0
21,stubborn,0.01196971908211708,0.03949233889579773,0.01196971908211708,0.011596908792853355,0.011362721212208271,1.0
21,uneasy,0.011720453388988972,0.03912985324859619,0.011720453388988972,0.01305333524942398,0.019004883244633675,0.800000011920929
21,sentimental,0.010873604565858841,0.0058226753026247025,0.010873604565858841,0.010651474818587303,0.016354156658053398,0.800000011920929
21,disgusted,-0.010868027806282043,0.02651572972536087,0.010868027806282043,-0.009358773939311504,0.01445784606039524,0.800000011920929
21,desperate,0.010456066578626633,0.03632336109876633,0.010456066578626633,0.011127224192023277,0.020463695749640465,0.800000011920929
21,remorseful,-0.009407052770256996,0.014325118623673916,0.009407052770256996,-0.0071175312623381615,0.02826927788555622,0.4000000059604645
21,docile,0.006950695067644119,0.039789315313100815,0.006950695067644119,0.008399282582104206,0.030467528849840164,0.800000011920929
21,vibrant,-0.004789298865944147,-0.036429330706596375,0.004789298865944147,-0.007040972821414471,0.02459929697215557,0.4000000059604645
21,hurt,-0.0030350424349308014,0.0320248082280159,0.0030350424349308014,-0.0015618944307789207,0.018101010471582413,0.6000000238418579
21,irate,-0.0029833305161446333,0.025184104219079018,0.0029833305161446333,-0.004792402032762766,0.02660512365400791,0.800000011920929
21,loving,0.0027966876514256,-0.01901288330554962,0.0027966876514256,0.00015477091073989868,0.028842883184552193,0.800000011920929
21,vengeful,-0.002295614453032613,0.027458449825644493,0.002295614453032613,1.976601743081119e-05,0.018314914777874947,0.6000000238418579
21,amazed,0.0019917343743145466,-0.01547403447329998,0.0019917343743145466,0.0014786183601245284,0.01029272098094225,0.6000000238418579
21,awestruck,0.0008234693668782711,0.03332241252064705,0.0008234693668782711,0.0021240455098450184,0.015430185943841934,0.800000011920929
21,valiant,-0.0006986180087551475,-0.013339167460799217,0.0006986180087551475,-0.0014994799857959151,0.029255514964461327,0.6000000238418579
21,exasperated,0.0003205693210475147,0.027647508308291435,0.0003205693210475147,-0.0013821322936564684,0.022432077676057816,0.20000000298023224
22,at ease,0.21299296617507935,0.21262995898723602,0.21299296617507935,0.19947820901870728,0.026025520637631416,1.0
22,cheerful,0.20657961070537567,0.18592344224452972,0.20657961070537567,0.1951991319656372,0.010214637964963913,1.0
22,elated,0.18974295258522034,0.18017402291297913,0.18974295258522034,0.1794871687889099,0.019429916515946388,1.0
22,delighted,0.18230776488780975,0.13199976086616516,0.18230776488780975,0.16990844905376434,0.018287131562829018,1.0
22,euphoric,0.17758023738861084,0.18865233659744263,0.17758023738861084,0.1670389324426651,0.011703260242938995,1.0
22,tormented,-0.17063599824905396,-0.15237608551979065,0.17063599824905396,-0.16047444939613342,0.0258167814463377,1.0
22,refreshed,0.15693359076976776,0.15725083649158478,0.15693359076976776,0.1485106199979782,0.010200596414506435,1.0
22,spiteful,-0.15641769766807556,-0.14661426842212677,0.15641769766807556,-0.14841380715370178,0.016292719170451164,1.0
22,inspired,0.14978757500648499,0.1635022610425949,0.14978757500648499,0.14099864661693573,0.021732984110713005,1.0
22,patient,0.14592958986759186,0.12939466536045074,0.14592958986759186,0.13940434157848358,0.023850271478295326,1.0
22,resigned,-0.1449592262506485,-0.1185423731803894,0.1449592262506485,-0.13611534237861633,0.01270582526922226,1.0
22,infatuated,0.14443063735961914,0.13267692923545837,0.14443063735961914,0.1361674964427948,0.01439874991774559,1.0
22,excited,0.1391759216785431,0.12401784211397171,0.1391759216785431,0.13142721354961395,0.020817814394831657,1.0
22,bewildered,-0.1351282298564911,-0.15172341465950012,0.1351282298564911,-0.12705150246620178,0.01522222999483347,1.0
22,angry,-0.1314283013343811,-0.14409896731376648,0.1314283013343811,-0.12395082414150238,0.02061200886964798,1.0
22,disturbed,-0.1304015815258026,-0.13073210418224335,0.1304015815258026,-0.12209154665470123,0.017497751861810684,1.0
22,stuck,-0.12859828770160675,-0.11826378852128983,0.12859828770160675,-0.12230180203914642,0.012033040635287762,1.0
22,peaceful,0.12826965749263763,0.10167033225297928,0.12826965749263763,0.12169308960437775,0.013213752768933773,1.0
22,ecstatic,0.1267634481191635,0.121956005692482,0.1267634481191635,0.11770179122686386,0.024271313101053238,1.0
22,rejuvenated,0.12472587078809738,0.10862819105386734,0.12472587078809738,0.11921826750040054,0.02850431390106678,1.0
22,restless,-0.12371817231178284,-0.11947283148765564,0.12371817231178284,-0.11749324947595596,0.024646496400237083,1.0
22,sympathetic,0.12259374558925629,0.10812091827392578,0.12259374558925629,0.11310853064060211,0.02469945326447487,1.0
22,scornful,-0.12184321135282516,-0.10395020246505737,0.12184321135282516,-0.11568166315555573,0.010239195078611374,1.0
22,puzzled,-0.11970071494579315,-0.1052873507142067,0.11970071494579315,-0.11332891136407852,0.01035004761070013,1.0
22,troubled,-0.11857838183641434,-0.09691744297742844,0.11857838183641434,-0.11248107999563217,0.009151897393167019,1.0
22,vulnerable,-0.11732641607522964,-0.08826784044504166,0.11732641607522964,-0.11060533672571182,0.006560084875673056,1.0
22,hope,0.11709602177143097,0.1134440004825592,0.11709602177143097,0.10931439697742462,0.02206864021718502,1.0
22,skeptical,-0.11603395640850067,-0.10383366048336029,0.11603395640850067,-0.11069434881210327,0.023122210055589676,1.0
22,empathetic,0.11582577228546143,0.1253814548254013,0.11582577228546143,0.1108124852180481,0.016383007168769836,1.0
22,exuberant,0.11478219926357269,0.0937361866235733,0.11478219926357269,0.10764627158641815,0.008531414903700352,1.0
22,hopeful,0.11466246098279953,0.06310822814702988,0.11466246098279953,0.10706993192434311,0.02023542858660221,1.0
22,blissful,0.11428744345903397,0.05588290095329285,0.11428744345903397,0.10636327415704727,0.022524137049913406,1.0
22,jubilant,0.11377658694982529,0.09593182802200317,0.11377658694982529,0.10719426721334457,0.02149190567433834,1.0
22,annoyed,-0.11213476955890656,-0.10964511334896088,0.11213476955890656,-0.10561609268188477,0.020298613235354424,1.0
22,proud,0.11187102645635605,0.11318472027778625,0.11187102645635605,0.10545448958873749,0.028437428176403046,1.0
22,droopy,-0.11184010654687881,-0.07591649144887924,0.11184010654687881,-0.1054551750421524,0.015309030190110207,1.0
22,satisfied,0.10837016999721527,0.12174936383962631,0.10837016999721527,0.10372889041900635,0.01585014909505844,1.0
22,melancholy,-0.10658691078424454,-0.10157886892557144,0.10658691078424454,-0.10066238790750504,0.017206385731697083,1.0
22,irritated,-0.10448407381772995,-0.09526780247688293,0.10448407381772995,-0.09833721816539764,0.018775105476379395,1.0
22,anxious,-0.10395021736621857,-0.10210537910461426,0.10395021736621857,-0.09834302216768265,0.03156339377164841,1.0
22,offended,-0.10370475053787231,-0.08879931271076202,0.10370475053787231,-0.09818410128355026,0.005369849968701601,1.0
22,content,0.10346654802560806,0.058525603264570236,0.10346654802560806,0.09808149933815002,0.012997012585401535,1.0
22,frustrated,-0.10286488384008408,-0.093993179500103,0.10286488384008408,-0.09763383120298386,0.01013936661183834,1.0
22,smug,0.10190758109092712,0.10514061152935028,0.10190758109092712,0.09519724547863007,0.022963419556617737,1.0
22,weary,-0.10174830257892609,-0.10976169258356094,0.10174830257892609,-0.09605249017477036,0.007594166789203882,1.0
22,greedy,0.10102054476737976,0.10972049087285995,0.10102054476737976,0.09543146938085556,0.013560047373175621,1.0
22,kind,0.0991847813129425,0.08694165199995041,0.0991847813129425,0.09484728425741196,0.020868798717856407,1.0
22,disoriented,-0.09901951253414154,-0.09479828923940659,0.09901951253414154,-0.09374839812517166,0.0035960639361292124,1.0
22,suspicious,-0.09794234484434128,-0.08901273459196091,0.09794234484434128,-0.09141893684864044,0.01171847339719534,1.0
22,heartbroken,-0.09786675870418549,-0.040313445031642914,0.09786675870418549,-0.09062781184911728,0.022674065083265305,1.0
22,safe,0.09717533737421036,0.1067379042506218,0.09717533737421036,0.09445171058177948,0.0350218191742897,1.0
22,sluggish,-0.09500565379858017,-0.040481362491846085,0.09500565379858017,-0.0889265388250351,0.018045218661427498,1.0
22,grumpy,-0.09467041492462158,-0.0891677737236023,0.09467041492462158,-0.08828271180391312,0.02216303162276745,1.0
22,dumbstruck,-0.09394640475511551,-0.08636670559644699,0.09394640475511551,-0.09029950946569443,0.01848091557621956,1.0
22,enthusiastic,0.09275632351636887,0.10442149639129639,0.09275632351636887,0.08817125856876373,0.017313558608293533,1.0
22,panicked,-0.09270044416189194,-0.055885765701532364,0.09270044416189194,-0.08790576457977295,0.006948989816009998,1.0
22,depressed,-0.09265541285276413,-0.056518469005823135,0.09265541285276413,-0.08793824911117554,0.024639083072543144,1.0
22,hostile,-0.08920133113861084,-0.07366207242012024,0.08920133113861084,-0.08523596823215485,0.013544929213821888,1.0
22,stressed,-0.08899511396884918,-0.07527089864015579,0.08899511396884918,-0.08525868505239487,0.01274250540882349,1.0
22,serene,0.08678139001131058,0.08561162650585175,0.08678139001131058,0.08386824280023575,0.02228439971804619,1.0
22,gloomy,-0.0849263146519661,-0.08585275709629059,0.0849263146519661,-0.07841227948665619,0.026029320433735847,1.0
22,grateful,0.08486595749855042,0.07367371022701263,0.08486595749855042,0.07906828075647354,0.01800606958568096,1.0
22,miserable,-0.08449292182922363,-0.04633451998233795,0.08449292182922363,-0.0783657655119896,0.025709878653287888,1.0
22,unnerved,-0.0843290239572525,-0.06938517838716507,0.0843290239572525,-0.07806041091680527,0.0232893954962492,1.0
22,optimistic,0.0819186419248581,0.02052323706448078,0.0819186419248581,0.07367856800556183,0.04279003664851189,0.800000011920929
22,compassionate,0.08152925968170166,0.08049388229846954,0.08152925968170166,0.07644446194171906,0.02908979170024395,1.0
22,perplexed,0.08130958676338196,0.07633106410503387,0.08130958676338196,0.0764731839299202,0.015128959901630878,1.0
22,astonished,-0.08119689673185349,-0.07692404836416245,0.08119689673185349,-0.07452414929866791,0.02671930380165577,1.0
22,happy,0.07837535440921783,0.01567312702536583,0.07837535440921783,0.07422641664743423,0.008590256795287132,1.0
22,embarrassed,0.07624097913503647,0.0816129818558693,0.07624097913503647,0.07334184646606445,0.01348263118416071,1.0
22,sensitive,0.07617902755737305,0.08499643206596375,0.07617902755737305,0.07225630432367325,0.023286424577236176,1.0
22,trapped,-0.07614445686340332,-0.08121872693300247,0.07614445686340332,-0.07175632566213608,0.007278081960976124,1.0
22,dispirited,-0.07507062703371048,-0.020855609327554703,0.07507062703371048,-0.06911078095436096,0.030851541087031364,1.0
22,sorry,0.0740533322095871,0.06929390877485275,0.0740533322095871,0.07026498019695282,0.009182477369904518,1.0
22,shocked,-0.07405006140470505,-0.07558833062648773,0.07405006140470505,-0.0698399692773819,0.016244834288954735,1.0
22,enraged,-0.07290255278348923,-0.05955823138356209,0.07290255278348923,-0.06837622076272964,0.01200736965984106,1.0
22,worried,-0.07261401414871216,-0.028452839702367783,0.07261401414871216,-0.06761141121387482,0.023759527131915092,1.0
22,invigorated,0.0726061761379242,0.0807812437415123,0.0726061761379242,0.06846924871206284,0.023262370377779007,1.0
22,indignant,-0.07252364605665207,-0.07632824778556824,0.07252364605665207,-0.07128439843654633,0.03310172259807587,1.0
22,terrified,-0.07228534668684006,-0.08851109445095062,0.07228534668684006,-0.06648565828800201,0.017412828281521797,1.0
22,paranoid,-0.07185610383749008,-0.08820647746324539,0.07185610383749008,-0.06871265172958374,0.017552532255649567,1.0
22,joyful,0.07004908472299576,0.00536694610491395,0.07004908472299576,0.06486453115940094,0.01706143096089363,1.0
22,mystified,-0.06590012460947037,-0.06226550042629242,0.06590012460947037,-0.06386931240558624,0.019524041563272476,1.0
22,sullen,-0.06518395990133286,-0.0693029835820198,0.06518395990133286,-0.062196653336286545,0.010164712555706501,1.0
22,bitter,0.06399095058441162,0.06443757563829422,0.06399095058441162,0.06061536818742752,0.007403515744954348,1.0
22,outraged,-0.0636230930685997,-0.05876627564430237,0.0636230930685997,-0.05987582355737686,0.01008444745093584,1.0
22,resentful,-0.06336816400289536,-0.014146341010928154,0.06336816400289536,-0.060426224023103714,0.017750009894371033,1.0
22,insulted,0.06175819784402847,0.06140810623764992,0.06175819784402847,0.05900472402572632,0.015433008782565594,1.0
22,calm,0.0602237768471241,0.0715712383389473,0.0602237768471241,0.058849237859249115,0.024560891091823578,1.0
22,surprised,-0.05640281364321709,-0.06253109872341156,0.05640281364321709,-0.054204750806093216,0.015683894976973534,1.0
22,vindictive,-0.05549436807632446,-0.0077406615018844604,0.05549436807632446,-0.05308851599693298,0.012257806956768036,1.0
22,hateful,-0.0536080040037632,-0.005575884133577347,0.0536080040037632,-0.048597149550914764,0.03088930994272232,0.800000011920929
22,mad,-0.053589288145303726,-0.012854569591581821,0.053589288145303726,-0.05016063526272774,0.017898451536893845,1.0
22,impatient,0.05354660376906395,0.061042964458465576,0.05354660376906395,0.05181921273469925,0.01242742221802473,1.0
22,jealous,-0.052909966558218,-0.029134945943951607,0.052909966558218,-0.05008397623896599,0.020630590617656708,1.0
22,unhappy,-0.0523819774389267,-0.052976083010435104,0.0523819774389267,-0.047573626041412354,0.02832438424229622,1.0
22,nervous,-0.05180475115776062,-0.07692039757966995,0.05180475115776062,-0.0490187406539917,0.030779311433434486,1.0
22,disdainful,0.0515684075653553,0.06529820710420609,0.0515684075653553,0.04944170266389847,0.008920099586248398,1.0
22,humiliated,-0.05152454227209091,-0.04424561187624931,0.05152454227209091,-0.048467956483364105,0.027485303580760956,1.0
22,stimulated,0.05068644881248474,0.02375989779829979,0.05068644881248474,0.04647549241781235,0.029144423082470894,1.0
22,tired,-0.050256166607141495,-0.0024070297367870808,0.050256166607141495,-0.046770088374614716,0.014141048304736614,1.0
22,eager,-0.04918918386101723,-0.06377661973237991,0.04918918386101723,-0.04648914560675621,0.014793803915381432,1.0
22,relieved,0.04906105995178223,0.06503918021917343,0.04906105995178223,0.04530186206102371,0.019142400473356247,1.0
22,contemptuous,-0.04797143489122391,-0.04936673864722252,0.04797143489122391,-0.04628757759928703,0.012640358880162239,1.0
22,ashamed,0.0471019446849823,0.026742640882730484,0.0471019446849823,0.043712858110666275,0.027351822704076767,1.0
22,upset,-0.04688839614391327,-0.002869345946237445,0.04688839614391327,-0.043712884187698364,0.007239534053951502,1.0
22,alarmed,-0.04660540074110031,-0.0355510413646698,0.04660540074110031,-0.04562421515583992,0.02474600076675415,1.0
22,shaken,-0.04638605937361717,-0.047766245901584625,0.04638605937361717,-0.043417975306510925,0.012395567260682583,1.0
22,mortified,-0.04604644700884819,-0.05736866593360901,0.04604644700884819,-0.04377392679452896,0.0175518486648798,1.0
22,triumphant,0.0459476001560688,0.026835959404706955,0.0459476001560688,0.044040776789188385,0.023173946887254715,1.0
22,relaxed,0.04510859400033951,0.029822148382663727,0.04510859400033951,0.04200611636042595,0.020435187965631485,1.0
22,lazy,-0.0437273234128952,-0.003826536238193512,0.0437273234128952,-0.04024108871817589,0.02228182554244995,0.800000011920929
22,regretful,0.043617960065603256,0.05974551662802696,0.043617960065603256,0.04231443256139755,0.017663974314928055,1.0
22,nostalgic,0.04213486239314079,0.05065339803695679,0.04213486239314079,0.04105903580784798,0.010820522904396057,1.0
22,indifferent,-0.0420851856470108,-0.00906482245773077,0.0420851856470108,-0.040402043610811234,0.019034666940569878,1.0
22,on edge,0.04174153506755829,0.04698348417878151,0.04174153506755829,0.04118923097848892,0.023296741768717766,1.0
22,frightened,-0.04114310070872307,-0.05807038024067879,0.04114310070872307,-0.04044497758150101,0.016437778249382973,1.0
22,reflective,-0.04007406160235405,-0.054821811616420746,0.04007406160235405,-0.03726840019226074,0.01706036925315857,1.0
22,rattled,0.038965076208114624,0.04178723320364952,0.038965076208114624,0.03585413470864296,0.024398455396294594,1.0
22,fulfilled,0.03805689141154289,-0.011038556694984436,0.03805689141154289,0.03583342954516411,0.019759394228458405,1.0
22,scared,-0.03784777224063873,-0.05166270211338997,0.03784777224063873,-0.036545611917972565,0.012788496911525726,1.0
22,lonely,-0.037435971200466156,0.007911319844424725,0.037435971200466156,-0.0330205112695694,0.028107313439249992,0.800000011920929
22,brooding,-0.035134367644786835,0.012940432876348495,0.035134367644786835,-0.030662041157484055,0.03177865967154503,0.800000011920929
22,guilty,-0.03477216511964798,-0.007040436379611492,0.03477216511964798,-0.030878696590662003,0.02264455147087574,1.0
22,self-confident,0.03446732833981514,-0.014526140876114368,0.03446732833981514,0.030944084748625755,0.020384162664413452,0.800000011920929
22,bored,0.03357722610235214,0.05165741592645645,0.03357722610235214,0.033695805817842484,0.025160403922200203,0.800000011920929
22,distressed,-0.030948206782341003,-0.005196430720388889,0.030948206782341003,-0.028835853561758995,0.027325071394443512,0.800000011920929
22,self-conscious,-0.029439978301525116,-0.04591555893421173,0.029439978301525116,-0.027603471651673317,0.026130782440304756,0.800000011920929
22,unsettled,-0.029345165938138962,0.009077243506908417,0.029345165938138962,-0.02660508081316948,0.02357456088066101,0.800000011920929
22,alert,-0.02900628373026848,-0.04820023849606514,0.02900628373026848,-0.028335342183709145,0.020817898213863373,0.800000011920929
22,furious,-0.027623599395155907,-0.04686595872044563,0.027623599395155907,-0.028240716084837914,0.02485303208231926,0.800000011920929
22,aroused,0.027622735127806664,-0.012199237011373043,0.027622735127806664,0.025870824232697487,0.006099292077124119,1.0
22,sad,-0.026331353932619095,0.0027781131211668253,0.026331353932619095,-0.025044936686754227,0.020703868940472603,0.800000011920929
22,dependent,0.02524305321276188,0.048778876662254333,0.02524305321276188,0.02610558271408081,0.02265273779630661,0.800000011920929
22,worthless,0.025053229182958603,0.04881909862160683,0.025053229182958603,0.023735512048006058,0.026441311463713646,0.6000000238418579
22,playful,0.024938181042671204,-0.01988706737756729,0.024938181042671204,0.022565042600035667,0.018113845959305763,0.800000011920929
22,thankful,0.02456551417708397,0.0014041541144251823,0.02456551417708397,0.022061562165617943,0.010963779874145985,1.0
22,energized,0.023477012291550636,-0.009445621632039547,0.023477012291550636,0.022197823971509933,0.0071725137531757355,1.0
22,tense,-0.0231937188655138,-0.05281584709882736,0.0231937188655138,-0.022316154092550278,0.02214936725795269,0.800000011920929
22,self-critical,0.022384045645594597,-0.012714304961264133,0.022384045645594597,0.019810041412711143,0.016329631209373474,0.800000011920929
22,worn out,0.021666238084435463,0.039170991629362106,0.021666238084435463,0.021336015313863754,0.006971752271056175,1.0
22,thrilled,0.02151251584291458,-0.017880521714687347,0.02151251584291458,0.0191656406968832,0.01615176908671856,1.0
22,sentimental,0.021487273275852203,0.017514090985059738,0.021487273275852203,0.020603805780410767,0.01672728732228279,0.800000011920929
22,sleepy,0.02120438776910305,0.04252541810274124,0.02120438776910305,0.02211620844900608,0.026941271498799324,0.800000011920929
22,pleased,0.02083868905901909,-0.012855072505772114,0.02083868905901909,0.018257660791277885,0.01929125003516674,0.800000011920929
22,hysterical,0.02045602723956108,0.0475328266620636,0.02045602723956108,0.019124656915664673,0.02422553487122059,0.6000000238418579
22,listless,-0.019929420202970505,-0.008112886920571327,0.019929420202970505,-0.017188165336847305,0.0195082426071167,0.800000011920929
22,afraid,-0.01864529587328434,-0.009412993676960468,0.01864529587328434,-0.017209962010383606,0.014170683920383453,0.800000011920929
22,overwhelmed,-0.018383368849754333,0.016950588673353195,0.018383368849754333,-0.015262449160218239,0.02484922483563423,0.800000011920929
22,remorseful,-0.0173785462975502,0.0070982701145112514,0.0173785462975502,-0.01491800881922245,0.026358453556895256,0.800000011920929
22,envious,-0.01688959449529648,-0.03051045536994934,0.01688959449529648,-0.015897896140813828,0.009930827654898167,0.800000011920929
22,hurt,-0.013419992290437222,0.022633392363786697,0.013419992290437222,-0.011095376685261726,0.021919218823313713,0.800000011920929
22,defiant,-0.01298999972641468,0.0002447773003950715,0.01298999972641468,-0.01048273965716362,0.03474121540784836,0.800000011920929
22,valiant,0.012347614392638206,-0.0042082080617547035,0.012347614392638206,0.010982463136315346,0.028867479413747787,0.6000000238418579
22,loving,0.009926555678248405,-0.012338316068053246,0.009926555678248405,0.006675694137811661,0.03248055279254913,0.800000011920929
22,disgusted,-0.009739108383655548,0.023672711104154587,0.009739108383655548,-0.008619485422968864,0.014915377832949162,0.6000000238418579
22,grief-stricken,-0.008455888368189335,0.02074422314763069,0.008455888368189335,-0.007988832890987396,0.0121713075786829,0.800000011920929
22,docile,-0.007642756216228008,0.03116135112941265,0.007642756216228008,-0.005508199334144592,0.031035490334033966,0.6000000238418579
22,amused,0.007622461766004562,-0.026905018836259842,0.007622461766004562,0.005225262138992548,0.03157179430127144,0.6000000238418579
22,vengeful,-0.006919192615896463,0.021297605708241463,0.006919192615896463,-0.004479797091335058,0.019185034558176994,0.6000000238418579
22,stubborn,0.005689707584679127,0.03418462350964546,0.005689707584679127,0.0053521692752838135,0.007675488945096731,0.6000000238418579
22,desperate,0.005240431986749172,0.031592484563589096,0.005240431986749172,0.006074521690607071,0.022313192486763,0.800000011920929
22,uneasy,0.0030432180501520634,0.032326698303222656,0.0030432180501520634,0.005280735436826944,0.024736391380429268,0.4000000059604645
22,vigilant,0.0019971849396824837,0.025501664727926254,0.0019971849396824837,0.00377519428730011,0.01664915308356285,0.4000000059604645
22,vibrant,-0.0016007228987291455,-0.034513555467128754,0.0016007228987291455,-0.0039303177036345005,0.027623197063803673,0.4000000059604645
22,awestruck,0.0013969438150525093,0.030463932082057,0.0013969438150525093,0.002545013790950179,0.016740087419748306,0.800000011920929
22,exasperated,-0.0013852347619831562,0.017194557934999466,0.0013852347619831562,-0.0026071167085319757,0.021604225039482117,0.6000000238418579
22,horrified,0.0010844692587852478,0.032438892871141434,0.0010844692587852478,0.0005883596604689956,0.016406001523137093,0.6000000238418579
22,irate,0.0008752574794925749,0.02300606667995453,0.0008752574794925749,-0.0009880766738206148,0.024722736328840256,0.20000000298023224
22,obstinate,-0.0006069298833608627,0.03193371370434761,0.0006069298833608627,-0.0010676555102691054,0.020147686824202538,0.4000000059604645
22,amazed,-0.00031847471836954355,-0.013840114697813988,0.00031847471836954355,-0.0010342523455619812,0.009828654117882252,0.6000000238418579
23,at ease,0.2043091356754303,0.2031393051147461,0.2043091356754303,0.19094790518283844,0.02530244179069996,1.0
23,cheerful,0.1918075531721115,0.17562437057495117,0.1918075531721115,0.18099966645240784,0.008422446437180042,1.0
23,elated,0.18172834813594818,0.17359551787376404,0.18172834813594818,0.1716182976961136,0.01965242438018322,1.0
23,delighted,0.1748489886522293,0.13176333904266357,0.1748489886522293,0.16273458302021027,0.017092585563659668,1.0
23,euphoric,0.1738925576210022,0.1855134814977646,0.1738925576210022,0.16332091391086578,0.012421944178640842,1.0
23,tormented,-0.15736369788646698,-0.14102233946323395,0.15736369788646698,-0.14792391657829285,0.02643771842122078,1.0
23,spiteful,-0.14901772141456604,-0.1443287581205368,0.14901772141456604,-0.1414976567029953,0.01624073088169098,1.0
23,refreshed,0.1480003297328949,0.15176628530025482,0.1480003297328949,0.1398901641368866,0.011888451874256134,1.0
23,inspired,0.14308825135231018,0.1583412140607834,0.14308825135231018,0.13452765345573425,0.02292679250240326,1.0
23,patient,0.1391230821609497,0.12321853637695312,0.1391230821609497,0.13267210125923157,0.023839954286813736,1.0
23,resigned,-0.13863584399223328,-0.11154364049434662,0.13863584399223328,-0.12992171943187714,0.0130739975720644,1.0
23,excited,0.13602110743522644,0.1195320338010788,0.13602110743522644,0.12830540537834167,0.021049760282039642,1.0
23,bewildered,-0.1308668702840805,-0.1475360244512558,0.1308668702840805,-0.12308231741189957,0.015544777736067772,1.0
23,disturbed,-0.13001395761966705,-0.1293066293001175,0.13001395761966705,-0.12172039598226547,0.01709814928472042,1.0
23,infatuated,0.12956808507442474,0.11942870914936066,0.12956808507442474,0.1220126748085022,0.013782096095383167,1.0
23,angry,-0.12740777432918549,-0.14109335839748383,0.12740777432918549,-0.1201939806342125,0.019516581669449806,1.0
23,stuck,-0.12673838436603546,-0.11501505970954895,0.12673838436603546,-0.12031693756580353,0.010350666008889675,1.0
23,rejuvenated,0.12143571674823761,0.1050933226943016,0.12143571674823761,0.1159287691116333,0.027510255575180054,1.0
23,puzzled,-0.12125103920698166,-0.10356453061103821,0.12125103920698166,-0.11477390676736832,0.010142900049686432,1.0
23,scornful,-0.11926698684692383,-0.09974013268947601,0.11926698684692383,-0.11293695122003555,0.009626444429159164,1.0
23,sympathetic,0.11830390244722366,0.10660876333713531,0.11830390244722366,0.10909472405910492,0.024096282199025154,1.0
23,ecstatic,0.11822280287742615,0.11364628374576569,0.11822280287742615,0.10947489738464355,0.02357982099056244,1.0
23,peaceful,0.11740918457508087,0.09931235760450363,0.11740918457508087,0.11124714463949203,0.01592838205397129,1.0
23,troubled,-0.11732035130262375,-0.09274183213710785,0.11732035130262375,-0.11118073761463165,0.008133837953209877,1.0
23,vulnerable,-0.11591529846191406,-0.08381393551826477,0.11591529846191406,-0.10914961993694305,0.005276770796626806,1.0
23,hope,0.11450020223855972,0.10937647521495819,0.11450020223855972,0.10680878162384033,0.021853476762771606,1.0
23,restless,-0.1121530532836914,-0.11069293320178986,0.1121530532836914,-0.1066710352897644,0.025769293308258057,1.0
23,empathetic,0.11062322556972504,0.11909624189138412,0.11062322556972504,0.10583209991455078,0.016298260539770126,1.0
23,skeptical,-0.1103922501206398,-0.09796468913555145,0.1103922501206398,-0.1052062138915062,0.021009383723139763,1.0
23,jubilant,0.1095004677772522,0.09075214713811874,0.1095004677772522,0.10297419875860214,0.02019144780933857,1.0
23,proud,0.10871674120426178,0.11068010330200195,0.10871674120426178,0.10230747610330582,0.02893170341849327,1.0
23,exuberant,0.10705973207950592,0.09267227351665497,0.10705973207950592,0.10040322691202164,0.0075433929450809956,1.0
23,annoyed,-0.10552755743265152,-0.10508488863706589,0.10552755743265152,-0.09921970218420029,0.02002326026558876,1.0
23,blissful,0.10412970185279846,0.056152746081352234,0.10412970185279846,0.09676218032836914,0.021753152832388878,1.0
23,offended,-0.1040308028459549,-0.08536118268966675,0.1040308028459549,-0.09828352183103561,0.003859624732285738,1.0
23,satisfied,0.1033748984336853,0.11528985947370529,0.1033748984336853,0.09882847219705582,0.017300687730312347,1.0
23,irritated,-0.10317227989435196,-0.09160437434911728,0.10317227989435196,-0.09693106263875961,0.01820061355829239,1.0
23,hopeful,0.10220293700695038,0.05973164737224579,0.10220293700695038,0.09521140158176422,0.01935344934463501,1.0
23,melancholy,-0.1017744317650795,-0.09509186446666718,0.1017744317650795,-0.0959697961807251,0.015965012833476067,1.0
23,suspicious,-0.10073498636484146,-0.08725029975175858,0.10073498636484146,-0.09386301040649414,0.011364787817001343,1.0
23,disoriented,-0.10068794339895248,-0.0937928631901741,0.10068794339895248,-0.09517697244882584,0.0029074824415147305,1.0
23,droopy,-0.10008980333805084,-0.07346759736537933,0.10008980333805084,-0.0942663699388504,0.01584235019981861,1.0
23,content,0.09962877631187439,0.060728851705789566,0.09962877631187439,0.09420798718929291,0.010230757296085358,1.0
23,frustrated,-0.09943580627441406,-0.08948161453008652,0.09943580627441406,-0.09424465149641037,0.00961740780621767,1.0
23,kind,0.09876390546560287,0.08238893747329712,0.09876390546560287,0.09434982389211655,0.022480642423033714,1.0
23,smug,0.09702090919017792,0.09948155283927917,0.09702090919017792,0.09037134796380997,0.022551024332642555,1.0
23,anxious,-0.0954962819814682,-0.09380748867988586,0.0954962819814682,-0.09046286344528198,0.031368035823106766,1.0
23,dumbstruck,-0.094917431473732,-0.08319157361984253,0.094917431473732,-0.09116896241903305,0.017579378560185432,1.0
23,weary,-0.09349215030670166,-0.10102792829275131,0.09349215030670166,-0.08819543570280075,0.007230056915432215,1.0
23,grumpy,-0.09347546845674515,-0.08752596378326416,0.09347546845674515,-0.08705104887485504,0.02138601802289486,1.0
23,hostile,-0.09239379316568375,-0.07068376243114471,0.09239379316568375,-0.0880027785897255,0.011345340870320797,1.0
23,stressed,-0.09142514318227768,-0.0717611089348793,0.09142514318227768,-0.08739395439624786,0.011410996317863464,1.0
23,greedy,0.0910186693072319,0.10487336665391922,0.0910186693072319,0.08592170476913452,0.013788578100502491,1.0
23,safe,0.08871287107467651,0.10184217989444733,0.08871287107467651,0.08633394539356232,0.03599918633699417,1.0
23,enthusiastic,0.0878143310546875,0.09954944998025894,0.0878143310546875,0.08334100246429443,0.017065763473510742,1.0
23,heartbroken,-0.0859377309679985,-0.03806552663445473,0.0859377309679985,-0.07932166010141373,0.0211633313447237,1.0
23,sluggish,-0.0855078175663948,-0.03998064994812012,0.0855078175663948,-0.07987593114376068,0.0169083084911108,1.0
23,serene,0.08483981341123581,0.08173197507858276,0.08483981341123581,0.08180689066648483,0.020888380706310272,1.0
23,depressed,-0.08347143232822418,-0.05126454681158066,0.08347143232822418,-0.07913728058338165,0.02379809133708477,1.0
23,unnerved,-0.08292936533689499,-0.06995891034603119,0.08292936533689499,-0.07662013918161392,0.02208862453699112,1.0
23,panicked,-0.08287828415632248,-0.05385453253984451,0.08287828415632248,-0.07860147953033447,0.005769346375018358,1.0
23,compassionate,0.08168995380401611,0.07534880936145782,0.08168995380401611,0.07664506882429123,0.03143208473920822,1.0
23,miserable,-0.08138743042945862,-0.04971837252378464,0.08138743042945862,-0.07541140168905258,0.024065380915999413,1.0
23,gloomy,-0.08132180571556091,-0.0787341371178627,0.08132180571556091,-0.07505884766578674,0.025463994592428207,1.0
23,grateful,0.08020377159118652,0.06601910293102264,0.08020377159118652,0.07456829398870468,0.020053651183843613,1.0
23,perplexed,0.08016282320022583,0.07090523093938828,0.08016282320022583,0.07536692917346954,0.01631961017847061,1.0
23,astonished,-0.07904061675071716,-0.07946746051311493,0.07904061675071716,-0.07246335595846176,0.02560579776763916,1.0
23,sensitive,0.07851759344339371,0.0828143060207367,0.07851759344339371,0.07452069222927094,0.02621644362807274,1.0
23,trapped,-0.07784263044595718,-0.07871215790510178,0.07784263044595718,-0.07313869893550873,0.00795027706772089,1.0
23,embarrassed,0.07757633179426193,0.07956089079380035,0.07757633179426193,0.07454564422369003,0.014059032313525677,1.0
23,sorry,0.07613630592823029,0.0661582201719284,0.07613630592823029,0.07224279642105103,0.008633308112621307,1.0
23,optimistic,0.07551885396242142,0.02208193950355053,0.07551885396242142,0.06780355423688889,0.04132915660738945,0.800000011920929
23,shocked,-0.07511348277330399,-0.07263009995222092,0.07511348277330399,-0.07072339951992035,0.015639377757906914,1.0
23,indignant,-0.07264076173305511,-0.07431220263242722,0.07264076173305511,-0.07110808044672012,0.031860921531915665,1.0
23,dispirited,-0.07172080874443054,-0.025375906378030777,0.07172080874443054,-0.06599323451519012,0.02722371555864811,1.0
23,bitter,0.06964903324842453,0.06228955090045929,0.06964903324842453,0.06583192199468613,0.0062146298587322235,1.0
23,invigorated,0.0691390410065651,0.08091125637292862,0.0691390410065651,0.06490318477153778,0.024738876149058342,1.0
23,happy,0.06845081597566605,0.016458986327052116,0.06845081597566605,0.06494344770908356,0.007564147934317589,1.0
23,mystified,-0.06767398864030838,-0.05844288319349289,0.06767398864030838,-0.06531482189893723,0.017105579376220703,1.0
23,paranoid,-0.06695057451725006,-0.08200471103191376,0.06695057451725006,-0.06398998945951462,0.017253534868359566,1.0
23,terrified,-0.066414013504982,-0.08582953363656998,0.066414013504982,-0.061105113476514816,0.017099089920520782,1.0
23,sullen,-0.06438854336738586,-0.06562644243240356,0.06438854336738586,-0.06117595359683037,0.008474372327327728,1.0
23,joyful,0.06362226605415344,0.008658230304718018,0.06362226605415344,0.05880429595708847,0.014880692586302757,1.0
23,insulted,0.06305153667926788,0.05752028897404671,0.06305153667926788,0.06002536416053772,0.013226708397269249,1.0
23,enraged,-0.06269126385450363,-0.05521869659423828,0.06269126385450363,-0.05866391584277153,0.011436977423727512,1.0
23,disdainful,0.060213785618543625,0.06879409402608871,0.060213785618543625,0.057550810277462006,0.007860423997044563,1.0
23,worried,-0.06013469770550728,-0.027422353625297546,0.06013469770550728,-0.05590910464525223,0.021696357056498528,1.0
23,outraged,-0.058458112180233,-0.05535246059298515,0.058458112180233,-0.05504576116800308,0.00891706719994545,1.0
23,resentful,-0.057165827602148056,-0.01792912557721138,0.057165827602148056,-0.05454094335436821,0.01754310540854931,1.0
23,surprised,-0.05671839043498039,-0.05855425074696541,0.05671839043498039,-0.05459563061594963,0.017764708027243614,1.0
23,stimulated,0.05360449478030205,0.027568908408284187,0.05360449478030205,0.04922914132475853,0.028365887701511383,1.0
23,unhappy,-0.05268940329551697,-0.047151219099760056,0.05268940329551697,-0.047634802758693695,0.029685305431485176,1.0
23,calm,0.05252373218536377,0.06628983467817307,0.05252373218536377,0.0514804944396019,0.026291202753782272,1.0
23,relieved,0.052215445786714554,0.06733615696430206,0.052215445786714554,0.04818238690495491,0.018251575529575348,1.0
23,hateful,-0.05038224905729294,-0.006797271780669689,0.05038224905729294,-0.04563535004854202,0.029407570138573647,0.800000011920929
23,impatient,0.04938782379031181,0.052957240492105484,0.04938782379031181,0.04782290384173393,0.013389789499342442,1.0
23,jealous,-0.04934414476156235,-0.03442402556538582,0.04934414476156235,-0.04678111523389816,0.02309783548116684,1.0
23,contemptuous,-0.048965223133563995,-0.044751446694135666,0.048965223133563995,-0.04704198241233826,0.011895176954567432,1.0
23,humiliated,-0.04836539179086685,-0.03651637211441994,0.04836539179086685,-0.04538901150226593,0.02822364866733551,1.0
23,on edge,0.0475907027721405,0.04506026580929756,0.0475907027721405,0.04667454957962036,0.025460990145802498,1.0
23,mad,-0.04741346463561058,-0.01475849375128746,0.04741346463561058,-0.04452602192759514,0.016517316922545433,1.0
23,vindictive,-0.04696620628237724,-0.010025456547737122,0.04696620628237724,-0.04497608169913292,0.01390975620597601,1.0
23,alarmed,-0.04657397419214249,-0.04040626436471939,0.04657397419214249,-0.04533138871192932,0.024816157296299934,1.0
23,shaken,-0.04491448029875755,-0.04816694185137749,0.04491448029875755,-0.04199722781777382,0.012776663526892662,1.0
23,nostalgic,0.044750239700078964,0.046649109572172165,0.044750239700078964,0.04348037391901016,0.010556777007877827,1.0
23,eager,-0.04430597275495529,-0.05956561490893364,0.04430597275495529,-0.04183783382177353,0.013324684463441372,1.0
23,ashamed,0.043224867433309555,0.023992419242858887,0.043224867433309555,0.04014522209763527,0.027880746871232986,1.0
23,regretful,0.04314915090799332,0.05568312853574753,0.04314915090799332,0.04184608906507492,0.017024574801325798,1.0
23,nervous,-0.04280869662761688,-0.06963413953781128,0.04280869662761688,-0.040461715310811996,0.032711125910282135,0.800000011920929
23,frightened,-0.04243054613471031,-0.05546233057975769,0.04243054613471031,-0.041604574769735336,0.016486693173646927,1.0
23,lazy,-0.04234987869858742,-0.007985206320881844,0.04234987869858742,-0.03898927569389343,0.02113976515829563,0.800000011920929
23,tired,-0.04130124673247337,-0.0030829221941530704,0.04130124673247337,-0.038490235805511475,0.012476031668484211,1.0
23,mortified,-0.04118358716368675,-0.05333513766527176,0.04118358716368675,-0.039068713784217834,0.017920473590493202,1.0
23,reflective,-0.04093988239765167,-0.05124574899673462,0.04093988239765167,-0.037975043058395386,0.018630919978022575,1.0
23,relaxed,0.04071119800209999,0.03130262345075607,0.04071119800209999,0.037884581834077835,0.01937110535800457,1.0
23,upset,-0.0381588451564312,-0.004354919772595167,0.0381588451564312,-0.03555034473538399,0.004926936700940132,1.0
23,bored,0.03799707815051079,0.04994717240333557,0.03799707815051079,0.037759341299533844,0.02337707206606865,0.800000011920929
23,indifferent,-0.037647098302841187,-0.012378901243209839,0.037647098302841187,-0.036258142441511154,0.019299183040857315,1.0
23,triumphant,0.036217495799064636,0.02343090996146202,0.036217495799064636,0.03480399399995804,0.02443234808743,1.0
23,rattled,0.03558923304080963,0.03469429537653923,0.03558923304080963,0.0326823927462101,0.024521341547369957,1.0
23,lonely,-0.03425779566168785,0.005119503941386938,0.03425779566168785,-0.03000851534307003,0.026131894439458847,0.800000011920929
23,scared,-0.03325313329696655,-0.044196538627147675,0.03325313329696655,-0.03212219849228859,0.01220239419490099,1.0
23,furious,-0.03232185170054436,-0.04419581592082977,0.03232185170054436,-0.03264111652970314,0.02423826977610588,0.800000011920929
23,alert,-0.030946239829063416,-0.04645676910877228,0.030946239829063416,-0.03011922538280487,0.020671408623456955,0.800000011920929
23,fulfilled,0.03017781861126423,-0.010350313037633896,0.03017781861126423,0.028374630957841873,0.017281455919146538,1.0
23,self-confident,0.029649583622813225,-0.01065936777740717,0.029649583622813225,0.026488129049539566,0.017279883846640587,0.800000011920929
23,distressed,-0.027985887601971626,-0.005329295992851257,0.027985887601971626,-0.02590913511812687,0.026262426748871803,0.800000011920929
23,dependent,0.02761644497513771,0.04694667458534241,0.02761644497513771,0.028256118297576904,0.021669531241059303,0.800000011920929
23,self-conscious,-0.027583591639995575,-0.04370025917887688,0.027583591639995575,-0.02590849995613098,0.02612418681383133,0.800000011920929
23,worthless,0.026865215972065926,0.047121480107307434,0.026865215972065926,0.02538548782467842,0.025699764490127563,0.6000000238418579
23,brooding,-0.02663624845445156,0.012196790426969528,0.02663624845445156,-0.022788694128394127,0.02988170087337494,0.800000011920929
23,unsettled,-0.025613902136683464,0.005623986478894949,0.025613902136683464,-0.02309291437268257,0.021349964663386345,0.800000011920929
23,sleepy,0.024009767919778824,0.039717111736536026,0.024009767919778824,0.024545535445213318,0.025290150195360184,0.800000011920929
23,aroused,0.023388918489217758,-0.007993192411959171,0.023388918489217758,0.02177518978714943,0.006574920378625393,1.0
23,hysterical,0.023333514109253883,0.048252031207084656,0.023333514109253883,0.021710533648729324,0.02398332580924034,0.6000000238418579
23,defiant,-0.022324208170175552,-0.009513686411082745,0.022324208170175552,-0.019497765228152275,0.035655856132507324,0.800000011920929
23,sad,-0.02231418527662754,0.0007837014272809029,0.02231418527662754,-0.021243423223495483,0.01981520839035511,0.800000011920929
23,worn out,0.021339397877454758,0.03276773914694786,0.021339397877454758,0.021004442125558853,0.007781770545989275,1.0
23,remorseful,-0.02108817547559738,0.001993232872337103,0.02108817547559738,-0.018453244119882584,0.024411866441369057,1.0
23,valiant,0.02072468027472496,0.004958729259669781,0.02072468027472496,0.018866483122110367,0.02740878239274025,0.6000000238418579
23,tense,-0.02047416940331459,-0.048542413860559464,0.02047416940331459,-0.019671568647027016,0.0216276403516531,0.6000000238418579
23,self-critical,0.02019578404724598,-0.008396041579544544,0.02019578404724598,0.017696943134069443,0.015459881164133549,0.800000011920929
23,guilty,-0.019891753792762756,0.0037328717298805714,0.019891753792762756,-0.016908597201108932,0.022461894899606705,0.6000000238418579
23,listless,-0.019707296043634415,-0.013440905138850212,0.019707296043634415,-0.01700417324900627,0.02037971094250679,0.800000011920929
23,playful,0.01965847797691822,-0.016658825799822807,0.01965847797691822,0.017634369432926178,0.015115748159587383,0.800000011920929
23,pleased,0.018086835741996765,-0.008534212596714497,0.018086835741996765,0.015828857198357582,0.01698251999914646,0.800000011920929
23,sentimental,0.017371151596307755,0.016044745221734047,0.017371151596307755,0.016801469027996063,0.01666746288537979,0.800000011920929
23,envious,-0.015873674303293228,-0.028331104665994644,0.015873674303293228,-0.014907117001712322,0.010526398196816444,0.800000011920929
23,afraid,-0.014550238847732544,-0.005855490453541279,0.014550238847732544,-0.013281667605042458,0.014124109409749508,0.6000000238418579
23,energized,0.01432295423001051,-0.00934313889592886,0.01432295423001051,0.013535787351429462,0.005613421555608511,1.0
23,thankful,0.01403047051280737,-0.0004993738839402795,0.01403047051280737,0.012303764931857586,0.011329789645969868,0.800000011920929
23,overwhelmed,-0.013618884608149529,0.014108110219240189,0.013618884608149529,-0.010789362713694572,0.023356681689620018,0.800000011920929
23,thrilled,0.012161904014647007,-0.018728699535131454,0.012161904014647007,0.010214559733867645,0.01677362248301506,0.800000011920929
23,desperate,0.011152412742376328,0.03167043998837471,0.011152412742376328,0.011616182513535023,0.021048089489340782,0.800000011920929
23,loving,0.010912190191447735,-0.00877584982663393,0.010912190191447735,0.007706931326538324,0.031762946397066116,0.800000011920929
23,hurt,-0.009350376203656197,0.020562654361128807,0.009350376203656197,-0.007429440971463919,0.020477773621678352,0.800000011920929
23,irate,0.00895374920219183,0.02140229195356369,0.00895374920219183,0.006540323607623577,0.02376137301325798,0.4000000059604645
23,horrified,0.008062786422669888,0.030156290158629417,0.008062786422669888,0.006916072219610214,0.01448326837271452,0.800000011920929
23,stubborn,0.007742077112197876,0.031082097440958023,0.007742077112197876,0.00741872051730752,0.00877302698791027,0.800000011920929
23,docile,-0.007398027926683426,0.0276782363653183,0.007398027926683426,-0.005346545018255711,0.030781058594584465,0.4000000059604645
23,grief-stricken,-0.005967270582914352,0.019376056268811226,0.005967270582914352,-0.005494703538715839,0.01243529375642538,0.6000000238418579
23,uneasy,0.005912896245718002,0.029051460325717926,0.005912896245718002,0.007961653172969818,0.022734660655260086,0.4000000059604645
23,awestruck,0.005873831920325756,0.027380993589758873,0.005873831920325756,0.006651037372648716,0.015640007331967354,0.800000011920929
23,vengeful,-0.0052672987803816795,0.017448194324970245,0.0052672987803816795,-0.0029194499365985394,0.01848779432475567,0.6000000238418579
23,vibrant,-0.0047621950507164,-0.03099723346531391,0.0047621950507164,-0.006812737323343754,0.025614561513066292,0.6000000238418579
23,disgusted,-0.004738562740385532,0.020625855773687363,0.004738562740385532,-0.003656818065792322,0.01579228602349758,0.6000000238418579
23,obstinate,0.004635822959244251,0.02971353381872177,0.004635822959244251,0.0038214107044041157,0.018698763102293015,0.6000000238418579
23,vigilant,0.00281536765396595,0.020454851910471916,0.00281536765396595,0.004462822340428829,0.015361796133220196,0.4000000059604645
23,amused,0.0025376519188284874,-0.024745361879467964,0.0025376519188284874,0.00046396179823204875,0.029334504157304764,0.6000000238418579
23,amazed,-0.0015950947999954224,-0.011159814894199371,0.0015950947999954224,-0.0020786519162356853,0.008896942250430584,0.800000011920929
23,exasperated,1.4776363968849182e-05,0.012710914015769958,1.4776363968849182e-05,-0.0011068396270275116,0.022236665710806847,0.4000000059604645
24,at ease,0.20646217465400696,0.20699858665466309,0.20646217465400696,0.1929284781217575,0.024655478075146675,1.0
24,cheerful,0.19210876524448395,0.17484940588474274,0.19210876524448395,0.18116219341754913,0.009670482948422432,1.0
24,elated,0.1771983504295349,0.17715133726596832,0.1771983504295349,0.16723410785198212,0.017977651208639145,1.0
24,delighted,0.17571507394313812,0.13224758207798004,0.17571507394313812,0.16343922913074493,0.017382871359586716,1.0
24,euphoric,0.1730128973722458,0.1882815957069397,0.1730128973722458,0.16244572401046753,0.011925678700208664,1.0
24,tormented,-0.16126380860805511,-0.1424131542444229,0.16126380860805511,-0.15164145827293396,0.025521155446767807,1.0
24,spiteful,-0.1478034406900406,-0.14489863812923431,0.1478034406900406,-0.1402570605278015,0.016061244532465935,1.0
24,refreshed,0.14420010149478912,0.15223833918571472,0.14420010149478912,0.13621672987937927,0.012062296271324158,1.0
24,inspired,0.13612014055252075,0.15826895833015442,0.13612014055252075,0.12793035805225372,0.021933529525995255,1.0
24,resigned,-0.13303762674331665,-0.11504816263914108,0.13303762674331665,-0.1247280091047287,0.012876584194600582,1.0
24,patient,0.13231037557125092,0.12774856388568878,0.13231037557125092,0.12618155777454376,0.02267761342227459,1.0
24,bewildered,-0.13166087865829468,-0.15304119884967804,0.13166087865829468,-0.12385904788970947,0.014115557074546814,1.0
24,excited,0.12976358830928802,0.12155313789844513,0.12976358830928802,0.12240000814199448,0.019288426265120506,1.0
24,infatuated,0.1266796886920929,0.1140127032995224,0.1266796886920929,0.11923432350158691,0.013758836314082146,1.0
24,disturbed,-0.12595145404338837,-0.13338333368301392,0.12595145404338837,-0.11806893348693848,0.015778565779328346,1.0
24,angry,-0.12263991683721542,-0.13879287242889404,0.12263991683721542,-0.1156136766076088,0.018424754962325096,1.0
24,stuck,-0.12195740640163422,-0.11969131976366043,0.12195740640163422,-0.1158006563782692,0.010307088494300842,1.0
24,sympathetic,0.12169625610113144,0.11058727651834488,0.12169625610113144,0.11233770847320557,0.023269325494766235,1.0
24,ecstatic,0.11974365264177322,0.11234047263860703,0.11974365264177322,0.1108996644616127,0.023278500884771347,1.0
24,peaceful,0.11767636984586716,0.10100287199020386,0.11767636984586716,0.11123748123645782,0.016248252242803574,1.0
24,puzzled,-0.11762544512748718,-0.11067315936088562,0.11762544512748718,-0.11137653887271881,0.009272614493966103,1.0
24,restless,-0.11414528638124466,-0.11234734952449799,0.11414528638124466,-0.1084953173995018,0.024925433099269867,1.0
24,rejuvenated,0.11283212900161743,0.10911471396684647,0.11283212900161743,0.10779865086078644,0.025120167061686516,1.0
24,hope,0.11215189844369888,0.1117866188287735,0.11215189844369888,0.10476134717464447,0.020548691973090172,1.0
24,troubled,-0.1114792674779892,-0.0985342264175415,0.1114792674779892,-0.1057058721780777,0.007831497117877007,1.0
24,scornful,-0.11055366694927216,-0.10165834426879883,0.11055366694927216,-0.1047469824552536,0.008955366909503937,1.0
24,content,0.1082904040813446,0.06596937775611877,0.1082904040813446,0.10222872346639633,0.009546857327222824,1.0
24,blissful,0.1066821962594986,0.0575525276362896,0.1066821962594986,0.09913984686136246,0.020840978249907494,1.0
24,exuberant,0.10595102608203888,0.09243135899305344,0.10595102608203888,0.09940971434116364,0.007699511479586363,1.0
24,empathetic,0.1052837073802948,0.11860427260398865,0.1052837073802948,0.10093327611684799,0.017536718398332596,1.0
24,hopeful,0.1040852814912796,0.05908118188381195,0.1040852814912796,0.09701049327850342,0.018357738852500916,1.0
24,vulnerable,-0.10392152518033981,-0.08629116415977478,0.10392152518033981,-0.09795578569173813,0.005531265866011381,1.0
24,satisfied,0.102820485830307,0.11753889173269272,0.102820485830307,0.09813829511404037,0.016332611441612244,1.0
24,jubilant,0.10241266340017319,0.09484326094388962,0.10241266340017319,0.09631820023059845,0.018256776034832,1.0
24,droopy,-0.10232967138290405,-0.07685814797878265,0.10232967138290405,-0.0963997095823288,0.015821021050214767,1.0
24,annoyed,-0.10209320485591888,-0.11036219447851181,0.10209320485591888,-0.09601764380931854,0.020059701055288315,1.0
24,skeptical,-0.10074235498905182,-0.10026000440120697,0.10074235498905182,-0.09606005251407623,0.019533663988113403,1.0
24,proud,0.09999220073223114,0.11239046603441238,0.09999220073223114,0.09393952041864395,0.026008935645222664,1.0
24,melancholy,-0.09991675615310669,-0.09918708354234695,0.09991675615310669,-0.09439956396818161,0.01615028642117977,1.0
24,irritated,-0.09984205663204193,-0.08687569200992584,0.09984205663204193,-0.0938498005270958,0.018726803362369537,1.0
24,offended,-0.09681310504674911,-0.09054972231388092,0.09681310504674911,-0.0916246771812439,0.003867927473038435,1.0
24,anxious,-0.09594008326530457,-0.09213779121637344,0.09594008326530457,-0.09086330235004425,0.029847119003534317,1.0
24,disoriented,-0.09572377055883408,-0.09853028506040573,0.09572377055883408,-0.09049278497695923,0.002981566358357668,1.0
24,weary,-0.09557642787694931,-0.10520368814468384,0.09557642787694931,-0.09024741500616074,0.00715968431904912,1.0
24,grumpy,-0.09481731057167053,-0.08685573935508728,0.09481731057167053,-0.08825685828924179,0.02204502560198307,1.0
24,suspicious,-0.09331963211297989,-0.09005001932382584,0.09331963211297989,-0.0871584415435791,0.009976867586374283,1.0
24,sluggish,-0.09228059649467468,-0.04336072504520416,0.09228059649467468,-0.08620356023311615,0.015353593975305557,1.0
24,smug,0.09214688092470169,0.1030619740486145,0.09214688092470169,0.08574329316616058,0.02235202118754387,1.0
24,frustrated,-0.09177304059267044,-0.09165496379137039,0.09177304059267044,-0.08708478510379791,0.008718160912394524,1.0
24,kind,0.09169856458902359,0.08500032126903534,0.09169856458902359,0.0877532809972763,0.022745255380868912,1.0
24,panicked,-0.09157763421535492,-0.06046066805720329,0.09157763421535492,-0.08664096146821976,0.0050214845687150955,1.0
24,safe,0.09149979054927826,0.10747451335191727,0.09149979054927826,0.08867156505584717,0.0347781740128994,1.0
24,heartbroken,-0.08976422250270844,-0.038311634212732315,0.08976422250270844,-0.08289407938718796,0.020696857944130898,1.0
24,depressed,-0.08919189870357513,-0.0545046329498291,0.08919189870357513,-0.08441446721553802,0.02214854396879673,1.0
24,enthusiastic,0.08852800726890564,0.10348835587501526,0.08852800726890564,0.08403393626213074,0.0167466402053833,1.0
24,dumbstruck,-0.08783373236656189,-0.08687947690486908,0.08783373236656189,-0.0845818966627121,0.017327262088656425,1.0
24,stressed,-0.08690959215164185,-0.07773379236459732,0.08690959215164185,-0.08320741355419159,0.01198486890643835,1.0
24,miserable,-0.08648024499416351,-0.052939172834157944,0.08648024499416351,-0.08018054813146591,0.02265872247517109,1.0
24,unnerved,-0.08525114506483078,-0.07046835869550705,0.08525114506483078,-0.07883892953395844,0.020966624841094017,1.0
24,hostile,-0.08461131900548935,-0.07379883527755737,0.08461131900548935,-0.0805986300110817,0.00951944850385189,1.0
24,greedy,0.08380868285894394,0.10171212255954742,0.08380868285894394,0.07910309731960297,0.014642277732491493,1.0
24,gloomy,-0.08183468878269196,-0.07998064160346985,0.08183468878269196,-0.0756610855460167,0.024883871898055077,1.0
24,dispirited,-0.08074731379747391,-0.02848956547677517,0.08074731379747391,-0.07450059801340103,0.026638071984052658,1.0
24,compassionate,0.08064674586057663,0.07969976961612701,0.08064674586057663,0.07573031634092331,0.029632341116666794,1.0
24,optimistic,0.0799366682767868,0.02142355777323246,0.0799366682767868,0.07201170921325684,0.040027864277362823,1.0
24,sensitive,0.0777493417263031,0.08831867575645447,0.0777493417263031,0.07398238033056259,0.026696348562836647,1.0
24,serene,0.07549876719713211,0.08404938131570816,0.07549876719713211,0.07291445136070251,0.019485196098685265,1.0
24,astonished,-0.07523075491189957,-0.07662752270698547,0.07523075491189957,-0.06885068118572235,0.02503277361392975,1.0
24,happy,0.07401775568723679,0.017352605238556862,0.07401775568723679,0.06993378698825836,0.0056668915785849094,1.0
24,grateful,0.07278160005807877,0.06691696494817734,0.07278160005807877,0.06766968220472336,0.0201309435069561,1.0
24,embarrassed,0.07264657318592072,0.08172214776277542,0.07264657318592072,0.06979058682918549,0.01345036830753088,1.0
24,trapped,-0.07147177308797836,-0.07873675227165222,0.07147177308797836,-0.0671287551522255,0.006520949304103851,1.0
24,perplexed,0.07095310837030411,0.07262516021728516,0.07095310837030411,0.0669480487704277,0.016756780445575714,1.0
24,invigorated,0.07017942517995834,0.08369404822587967,0.07017942517995834,0.0657435804605484,0.023847131058573723,1.0
24,joyful,0.06825018674135208,0.008009127341210842,0.06825018674135208,0.06307007372379303,0.014020256698131561,1.0
24,shocked,-0.0680815577507019,-0.07614828646183014,0.0680815577507019,-0.06407918781042099,0.013416477479040623,1.0
24,indignant,-0.06805115193128586,-0.0749107375741005,0.06805115193128586,-0.06660308688879013,0.029815278947353363,1.0
24,bitter,0.06646757572889328,0.06744014471769333,0.06646757572889328,0.06298840790987015,0.0064198607578873634,1.0
24,paranoid,-0.06537320464849472,-0.08719689399003983,0.06537320464849472,-0.06263186782598495,0.0176786370575428,1.0
24,sorry,0.06499626487493515,0.06757958233356476,0.06499626487493515,0.06190527230501175,0.009203995577991009,1.0
24,worried,-0.0641879290342331,-0.028950370848178864,0.0641879290342331,-0.05964622646570206,0.02113979682326317,1.0
24,resentful,-0.06288936734199524,-0.019825581461191177,0.06288936734199524,-0.05974458530545235,0.01725466176867485,1.0
24,enraged,-0.06244615465402603,-0.05281631648540497,0.06244615465402603,-0.058308910578489304,0.011787566356360912,1.0
24,terrified,-0.06012415140867233,-0.08290605247020721,0.06012415140867233,-0.055105060338974,0.017442578449845314,1.0
24,hateful,-0.05657647177577019,-0.007422236725687981,0.05657647177577019,-0.05143221467733383,0.028901824727654457,1.0
24,outraged,-0.05619354173541069,-0.05444173514842987,0.05619354173541069,-0.05297959968447685,0.008217777125537395,1.0
24,mystified,-0.055936556309461594,-0.05977604165673256,0.055936556309461594,-0.05433661490678787,0.01623295061290264,1.0
24,sullen,-0.05587583780288696,-0.06707466393709183,0.05587583780288696,-0.05314014106988907,0.007628492545336485,1.0
24,relieved,0.05544722452759743,0.07375258207321167,0.05544722452759743,0.05134189873933792,0.017243336886167526,1.0
24,stimulated,0.054314736276865005,0.0239426102489233,0.054314736276865005,0.050023019313812256,0.02738688886165619,1.0
24,mad,-0.054103460162878036,-0.016008058562874794,0.054103460162878036,-0.05062263458967209,0.01504022441804409,1.0
24,disdainful,0.05403536185622215,0.06894079595804214,0.05403536185622215,0.05185433477163315,0.008705051615834236,1.0
24,calm,0.053109630942344666,0.0697532594203949,0.053109630942344666,0.051853228360414505,0.024514593183994293,1.0
24,tired,-0.05299217626452446,-0.0070675876922905445,0.05299217626452446,-0.049519412219524384,0.011400762014091015,1.0
24,insulted,0.05282868444919586,0.05834526941180229,0.05282868444919586,0.05051711946725845,0.011837447993457317,1.0
24,unhappy,-0.05249171704053879,-0.04859556257724762,0.05249171704053879,-0.04763006418943405,0.027908314019441605,1.0
24,surprised,-0.051953595131635666,-0.05957966670393944,0.051953595131635666,-0.05021021515130997,0.01852966845035553,1.0
24,jealous,-0.05037589743733406,-0.037856489419937134,0.05037589743733406,-0.047503404319286346,0.023898597806692123,1.0
24,vindictive,-0.0499277301132679,-0.00982592161744833,0.0499277301132679,-0.04756110906600952,0.013971179723739624,1.0
24,impatient,0.04930470511317253,0.05564324930310249,0.04930470511317253,0.047820933163166046,0.014064805582165718,1.0
24,humiliated,-0.04829588532447815,-0.0327116996049881,0.04829588532447815,-0.045381367206573486,0.029095208272337914,1.0
24,alarmed,-0.04808272048830986,-0.04052438214421272,0.04808272048830986,-0.046511463820934296,0.02330714277923107,1.0
24,ashamed,0.04768931865692139,0.023256143555045128,0.04768931865692139,0.044562287628650665,0.028651786968111992,1.0
24,shaken,-0.04582090303301811,-0.0488642118871212,0.04582090303301811,-0.042711369693279266,0.011955620720982552,1.0
24,nervous,-0.0454663410782814,-0.07771207392215729,0.0454663410782814,-0.04287412762641907,0.031673166900873184,1.0
24,upset,-0.04353463649749756,-0.00552202295511961,0.04353463649749756,-0.04048653692007065,0.004439119249582291,1.0
24,eager,-0.04351961240172386,-0.06204349920153618,0.04351961240172386,-0.04112476110458374,0.012314249761402607,1.0
24,frightened,-0.041650861501693726,-0.06061920151114464,0.041650861501693726,-0.0407993383705616,0.015040049329400063,1.0
24,reflective,-0.04120839387178421,-0.05494493246078491,0.04120839387178421,-0.03820322826504707,0.017173590138554573,1.0
24,regretful,0.040904268622398376,0.060447949916124344,0.040904268622398376,0.039887867867946625,0.01815749704837799,1.0
24,lazy,-0.040694475173950195,-0.003889606334269047,0.040694475173950195,-0.0373571440577507,0.020802218466997147,0.800000011920929
24,mortified,-0.040404126048088074,-0.05465986579656601,0.040404126048088074,-0.038192592561244965,0.017086077481508255,1.0
24,contemptuous,-0.04009388014674187,-0.0439145565032959,0.04009388014674187,-0.03862959146499634,0.01270291954278946,1.0
24,relaxed,0.03999505564570427,0.029340656474232674,0.03999505564570427,0.03709373250603676,0.018915722146630287,1.0
24,nostalgic,0.03996722400188446,0.04933379590511322,0.03996722400188446,0.039046771824359894,0.01172014232724905,1.0
24,triumphant,0.03960540145635605,0.025377770885825157,0.03960540145635605,0.037843309342861176,0.02449721470475197,1.0
24,fulfilled,0.03850738704204559,-0.008900373242795467,0.03850738704204559,0.03601875528693199,0.013858839869499207,1.0
24,on edge,0.037898480892181396,0.04390844330191612,0.037898480892181396,0.03761860728263855,0.0267665795981884,1.0
24,rattled,0.03714572265744209,0.03518645465373993,0.03714572265744209,0.034378934651613235,0.025444595143198967,1.0
24,self-confident,0.03655555099248886,-0.011349490843713284,0.03655555099248886,0.03283150866627693,0.017229266464710236,1.0
24,indifferent,-0.035642508417367935,-0.010484468191862106,0.035642508417367935,-0.03415197879076004,0.019447622820734978,1.0
24,brooding,-0.03378939628601074,0.013705060817301273,0.03378939628601074,-0.029555046930909157,0.028119953349232674,0.800000011920929
24,bored,0.032992757856845856,0.05368891730904579,0.032992757856845856,0.03302789852023125,0.02204258367419243,0.800000011920929
24,alert,-0.03170193359255791,-0.05234355106949806,0.03170193359255791,-0.03082321211695671,0.02008325420320034,0.800000011920929
24,lonely,-0.03153294324874878,0.012071670033037663,0.03153294324874878,-0.027467649430036545,0.025058774277567863,0.800000011920929
24,unsettled,-0.03076932579278946,0.005765307694673538,0.03076932579278946,-0.027835601940751076,0.020797694101929665,0.800000011920929
24,distressed,-0.030043523758649826,-0.004135257564485073,0.030043523758649826,-0.02792452648282051,0.02546163834631443,0.800000011920929
24,playful,0.028162911534309387,-0.017222771421074867,0.028162911534309387,0.025505322962999344,0.013744337484240532,0.800000011920929
24,self-critical,0.027711445465683937,-0.005678621586412191,0.027711445465683937,0.024796683341264725,0.015134032815694809,1.0
24,hysterical,0.02767043560743332,0.05605291947722435,0.02767043560743332,0.02577318251132965,0.022008836269378662,1.0
24,furious,-0.02501637116074562,-0.046946506947278976,0.02501637116074562,-0.02573215961456299,0.023044798523187637,0.800000011920929
24,dependent,0.02475154586136341,0.051565591245889664,0.02475154586136341,0.025534529238939285,0.021504342555999756,0.800000011920929
24,energized,0.024241985753178596,-0.005022111348807812,0.024241985753178596,0.0227217860519886,0.005306215025484562,1.0
24,sad,-0.023703204467892647,0.0012383629800751805,0.023703204467892647,-0.022387374192476273,0.018486302345991135,0.800000011920929
24,listless,-0.02318127639591694,-0.017317289486527443,0.02318127639591694,-0.020409217104315758,0.019541501998901367,0.800000011920929
24,scared,-0.022671565413475037,-0.040401358157396317,0.022671565413475037,-0.022161316126585007,0.012558712624013424,1.0
24,aroused,0.022032439708709717,-0.011796794831752777,0.022032439708709717,0.02025357075035572,0.007697499357163906,1.0
24,overwhelmed,-0.02172151580452919,0.01283237524330616,0.02172151580452919,-0.018442589789628983,0.021789943799376488,0.800000011920929
24,guilty,-0.021354688331484795,0.006443867925554514,0.021354688331484795,-0.018339967355132103,0.021902816370129585,0.6000000238418579
24,pleased,0.020294656977057457,-0.011357755400240421,0.020294656977057457,0.017746305093169212,0.016655033454298973,0.800000011920929
24,worthless,0.0202796533703804,0.04921434447169304,0.0202796533703804,0.01918014883995056,0.0253571979701519,0.6000000238418579
24,self-conscious,-0.019925711676478386,-0.03855733200907707,0.019925711676478386,-0.01852734573185444,0.02456449531018734,0.800000011920929
24,worn out,0.019170910120010376,0.035019420087337494,0.019170910120010376,0.018940147012472153,0.007693414576351643,1.0
24,thrilled,0.017861686646938324,-0.02037402056157589,0.017861686646938324,0.015476767905056477,0.017296859994530678,0.800000011920929
24,defiant,-0.016977284103631973,-0.0025023797061294317,0.016977284103631973,-0.014585642144083977,0.03259417414665222,0.800000011920929
24,thankful,0.01684189774096012,0.0004579712694976479,0.01684189774096012,0.014921856112778187,0.01236689928919077,0.800000011920929
24,docile,-0.01655961014330387,0.028214668855071068,0.01655961014330387,-0.013966038823127747,0.030096182599663734,0.6000000238418579
24,valiant,0.01633518375456333,-0.001251130597665906,0.01633518375456333,0.014655157923698425,0.026977218687534332,0.6000000238418579
24,remorseful,-0.014950640499591827,0.010115651413798332,0.014950640499591827,-0.012568572536110878,0.024362176656723022,0.800000011920929
24,hurt,-0.014856595546007156,0.022182244807481766,0.014856595546007156,-0.0126736955717206,0.018830150365829468,0.800000011920929
24,loving,0.014755316078662872,-0.009811997413635254,0.014755316078662872,0.011390204541385174,0.030549660325050354,0.800000011920929
24,envious,-0.014237032271921635,-0.02740289270877838,0.014237032271921635,-0.013462157920002937,0.010987701825797558,0.800000011920929
24,amused,0.014167635701596737,-0.02402012050151825,0.014167635701596737,0.011345374397933483,0.028138471767306328,0.800000011920929
24,tense,-0.01402553915977478,-0.049225807189941406,0.01402553915977478,-0.013451948761940002,0.02041024900972843,0.6000000238418579
24,sentimental,0.013589640147984028,0.012316396459937096,0.013589640147984028,0.013181643560528755,0.016816379502415657,0.800000011920929
24,sleepy,0.013438944704830647,0.03815065696835518,0.013438944704830647,0.014508898369967937,0.023944145068526268,0.800000011920929
24,afraid,-0.010425674729049206,0.000516359054017812,0.010425674729049206,-0.009453438222408295,0.01260162889957428,0.6000000238418579
24,disgusted,-0.009870389476418495,0.021903183311223984,0.009870389476418495,-0.008391918614506721,0.016053151339292526,0.800000011920929
24,stubborn,0.008769222535192966,0.03783797472715378,0.008769222535192966,0.008486191742122173,0.007955794222652912,1.0
24,grief-stricken,-0.00750735541805625,0.022859826683998108,0.00750735541805625,-0.006887403782457113,0.011525130830705166,0.800000011920929
24,irate,0.005295771174132824,0.022205933928489685,0.005295771174132824,0.003438581246882677,0.022045141085982323,0.20000000298023224
24,exasperated,-0.005287073086947203,0.009238336235284805,0.005287073086947203,-0.005811631213873625,0.02133108489215374,0.6000000238418579
24,uneasy,-0.004813859239220619,0.02670697309076786,0.004813859239220619,-0.002089953515678644,0.022670678794384003,0.6000000238418579
24,amazed,-0.004188381135463715,-0.015949370339512825,0.004188381135463715,-0.004712533205747604,0.009682033210992813,0.800000011920929
24,vengeful,-0.0038525331765413284,0.02353845164179802,0.0038525331765413284,-0.0015282857930287719,0.018457381054759026,0.6000000238418579
24,vibrant,0.003266324056312442,-0.03229738771915436,0.003266324056312442,0.0007552817696705461,0.023905381560325623,0.6000000238418579
24,obstinate,-0.0029702733736485243,0.03168502449989319,0.0029702733736485243,-0.003218765603378415,0.017231252044439316,0.4000000059604645
24,vigilant,0.0027943551540374756,0.023833677172660828,0.0027943551540374756,0.004490318708121777,0.015600519254803658,0.4000000059604645
24,desperate,0.0007416002918034792,0.030256612226366997,0.0007416002918034792,0.0017761376220732927,0.02012660726904869,0.800000011920929
24,horrified,-0.0006519452435895801,0.030139481648802757,0.0006519452435895801,-0.0011849363800138235,0.012597931548953056,0.4000000059604645
24,awestruck,-0.0006232329178601503,0.028548289090394974,0.0006232329178601503,0.0006290972232818604,0.014795009046792984,0.20000000298023224
25,at ease,0.21155945956707,0.21112672984600067,0.21155945956707,0.1981474608182907,0.02377341315150261,1.0
25,cheerful,0.19473809003829956,0.17783887684345245,0.19473809003829956,0.18404299020767212,0.011375547386705875,1.0
25,delighted,0.1900094449520111,0.1438789814710617,0.1900094449520111,0.1772153377532959,0.019089700654149055,1.0
25,elated,0.17578482627868652,0.18517425656318665,0.17578482627868652,0.16609331965446472,0.015502849593758583,1.0
25,tormented,-0.17504474520683289,-0.15298430621623993,0.17504474520683289,-0.1646879017353058,0.02803049050271511,1.0
25,euphoric,0.1673615276813507,0.1830718219280243,0.1673615276813507,0.15744812786579132,0.01083348598331213,1.0
25,spiteful,-0.15862563252449036,-0.16176113486289978,0.15862563252449036,-0.15071547031402588,0.017465457320213318,1.0
25,refreshed,0.15055440366268158,0.1680581271648407,0.15055440366268158,0.14246021211147308,0.011930804699659348,1.0
25,bewildered,-0.14178156852722168,-0.16693364083766937,0.14178156852722168,-0.13352122902870178,0.017390744760632515,1.0
25,infatuated,0.14018239080905914,0.12673574686050415,0.14018239080905914,0.1321270614862442,0.015666071325540543,1.0
25,inspired,0.13730978965759277,0.16791580617427826,0.13730978965759277,0.1295628547668457,0.019036002457141876,1.0
25,resigned,-0.13324962556362152,-0.1211826354265213,0.13324962556362152,-0.12522545456886292,0.013298616744577885,1.0
25,stuck,-0.13054852187633514,-0.1351092904806137,0.13054852187633514,-0.12398944795131683,0.008151592686772346,1.0
25,ecstatic,0.12961231172084808,0.11668384820222855,0.12961231172084808,0.12024978548288345,0.02522285468876362,1.0
25,patient,0.12887950241565704,0.1393468677997589,0.12887950241565704,0.12330333143472672,0.02312294766306877,1.0
25,excited,0.12887145578861237,0.12761911749839783,0.12887145578861237,0.12172949314117432,0.01845587231218815,1.0
25,disturbed,-0.1266607642173767,-0.1419014036655426,0.1266607642173767,-0.11887514591217041,0.01581507734954357,1.0
25,empathetic,0.12376855313777924,0.13904498517513275,0.12376855313777924,0.11850283294916153,0.01648329757153988,1.0
25,sympathetic,0.12370835989713669,0.11197013407945633,0.12370835989713669,0.11448445171117783,0.024044649675488472,1.0
25,peaceful,0.12180706113576889,0.10956542938947678,0.12180706113576889,0.11540375649929047,0.013249067589640617,1.0
25,hope,0.1216653361916542,0.12066727131605148,0.1216653361916542,0.1137198954820633,0.022910481318831444,1.0
25,angry,-0.11950530856847763,-0.13921137154102325,0.11950530856847763,-0.1127421036362648,0.01994754746556282,1.0
25,droopy,-0.11796994507312775,-0.09718438237905502,0.11796994507312775,-0.11138014495372772,0.013483202084898949,1.0
25,content,0.11719150096178055,0.07371747493743896,0.11719150096178055,0.11087842285633087,0.011247524991631508,1.0
25,puzzled,-0.11691978573799133,-0.12202627211809158,0.11691978573799133,-0.11088577657938004,0.007152473088353872,1.0
25,annoyed,-0.11643268913030624,-0.13121987879276276,0.11643268913030624,-0.10961265861988068,0.019359344616532326,1.0
25,troubled,-0.11570750176906586,-0.11107638478279114,0.11570750176906586,-0.10979574918746948,0.00671452796086669,1.0
25,restless,-0.11425728350877762,-0.11502131819725037,0.11425728350877762,-0.10904224216938019,0.022666512057185173,1.0
25,melancholy,-0.11036697775125504,-0.11061762273311615,0.11036697775125504,-0.10449719429016113,0.015077167190611362,1.0
25,weary,-0.10902103781700134,-0.12354639172554016,0.10902103781700134,-0.10307872295379639,0.004792205989360809,1.0
25,vulnerable,-0.10691948235034943,-0.0941389799118042,0.10691948235034943,-0.10093271732330322,0.005736352410167456,1.0
25,blissful,0.10652349144220352,0.05908627063035965,0.10652349144220352,0.09908046573400497,0.025056513026356697,1.0
25,depressed,-0.10598587989807129,-0.06753028929233551,0.10598587989807129,-0.10040758550167084,0.02048325166106224,1.0
25,hopeful,0.10484059154987335,0.060734380036592484,0.10484059154987335,0.09795093536376953,0.019174711778759956,1.0
25,satisfied,0.10439266264438629,0.12289584428071976,0.10439266264438629,0.09998641908168793,0.01590246893465519,1.0
25,rejuvenated,0.10428384691476822,0.11425315588712692,0.10428384691476822,0.09997713565826416,0.023429054766893387,1.0
25,irritated,-0.10365306586027145,-0.0870911106467247,0.10365306586027145,-0.09745179116725922,0.01864462159574032,1.0
25,scornful,-0.10292889922857285,-0.10457173734903336,0.10292889922857285,-0.09768607467412949,0.009175436571240425,1.0
25,anxious,-0.10254460573196411,-0.09524489939212799,0.10254460573196411,-0.09713921695947647,0.03396288678050041,1.0
25,kind,0.1025049164891243,0.09686847776174545,0.1025049164891243,0.09793335944414139,0.02179262787103653,1.0
25,panicked,-0.10249333083629608,-0.07418018579483032,0.10249333083629608,-0.09723611921072006,0.005799829959869385,1.0
25,sluggish,-0.10092296451330185,-0.04837450757622719,0.10092296451330185,-0.09460645169019699,0.015559793449938297,1.0
25,heartbroken,-0.09912768006324768,-0.0464608334004879,0.09912768006324768,-0.09219735860824585,0.018320560455322266,1.0
25,suspicious,-0.09760482609272003,-0.09768559783697128,0.09760482609272003,-0.09139927476644516,0.010397040285170078,1.0
25,skeptical,-0.0968334749341011,-0.10713457316160202,0.0968334749341011,-0.09261593967676163,0.0197769682854414,1.0
25,jubilant,0.09679599851369858,0.10129156708717346,0.09679599851369858,0.09125247597694397,0.01772921346127987,1.0
25,grumpy,-0.09664957225322723,-0.08490871638059616,0.09664957225322723,-0.09019505977630615,0.02360312081873417,1.0
25,gloomy,-0.09647627174854279,-0.08872100710868835,0.09647627174854279,-0.08956161886453629,0.024452921003103256,1.0
25,disoriented,-0.09630382061004639,-0.106301449239254,0.09630382061004639,-0.09133546054363251,0.0041498406790196896,1.0
25,frustrated,-0.09422972798347473,-0.1017972081899643,0.09422972798347473,-0.08967633545398712,0.007935252040624619,1.0
25,miserable,-0.09377802163362503,-0.059931691735982895,0.09377802163362503,-0.0872935876250267,0.023423930630087852,1.0
25,exuberant,0.09311061352491379,0.0864454135298729,0.09311061352491379,0.08758244663476944,0.007059606723487377,1.0
25,smug,0.09304230660200119,0.11085514724254608,0.09304230660200119,0.08694775402545929,0.022153127938508987,1.0
25,enthusiastic,0.09184584021568298,0.11085552722215652,0.09184584021568298,0.08708856254816055,0.016164584085345268,1.0
25,safe,0.09157130122184753,0.11601322144269943,0.09157130122184753,0.08902852237224579,0.03441563621163368,1.0
25,dispirited,-0.09042296558618546,-0.03765708580613136,0.09042296558618546,-0.08378482609987259,0.028142020106315613,1.0
25,offended,-0.09026342630386353,-0.09600809961557388,0.09026342630386353,-0.0856066569685936,0.0036894201766699553,1.0
25,unnerved,-0.08880604803562164,-0.07263541221618652,0.08880604803562164,-0.08233985304832458,0.022252598777413368,1.0
25,stressed,-0.088277168571949,-0.08604692667722702,0.088277168571949,-0.08467797935009003,0.01178925484418869,1.0
25,proud,0.0878901556134224,0.11529550701379776,0.0878901556134224,0.08282140642404556,0.024083424359560013,1.0
25,dumbstruck,-0.08397989720106125,-0.09334126114845276,0.08397989720106125,-0.08134005963802338,0.018400046974420547,1.0
25,hostile,-0.08385080844163895,-0.07989121228456497,0.08385080844163895,-0.080103799700737,0.01124623790383339,1.0
25,greedy,0.08374357223510742,0.108957439661026,0.08374357223510742,0.07909013330936432,0.014598825015127659,1.0
25,compassionate,0.08362429589033127,0.08144892752170563,0.08362429589033127,0.07867847383022308,0.029708659276366234,1.0
25,grateful,0.07961969822645187,0.07216052711009979,0.07961969822645187,0.07426884025335312,0.02033674344420433,1.0
25,optimistic,0.07854057848453522,0.016876783221960068,0.07854057848453522,0.07089410722255707,0.04228845611214638,0.800000011920929
25,sensitive,0.07659148424863815,0.09098061919212341,0.07659148424863815,0.07280823588371277,0.029311582446098328,1.0
25,perplexed,0.076570525765419,0.0820046216249466,0.076570525765419,0.072303906083107,0.01678992249071598,1.0
25,joyful,0.07505583018064499,0.012214922346174717,0.07505583018064499,0.06962905079126358,0.01476727519184351,1.0
25,happy,0.07315389066934586,0.017168773338198662,0.07315389066934586,0.06932409107685089,0.008659431710839272,1.0
25,sorry,0.07285434007644653,0.07847057282924652,0.07285434007644653,0.0693029910326004,0.00791255570948124,1.0
25,resentful,-0.07284728437662125,-0.030854640528559685,0.07284728437662125,-0.06920364499092102,0.016844162717461586,1.0
25,serene,0.07256439328193665,0.09041853249073029,0.07256439328193665,0.07021882385015488,0.018661243841052055,1.0
25,mad,-0.07153637707233429,-0.029481636360287666,0.07153637707233429,-0.06698644906282425,0.015600742772221565,1.0
25,bitter,0.07066155225038528,0.07699926942586899,0.07066155225038528,0.06693240255117416,0.006305274087935686,1.0
25,embarrassed,0.07044196128845215,0.08594614267349243,0.07044196128845215,0.06777454912662506,0.013465705327689648,1.0
25,trapped,-0.06972256302833557,-0.07684674859046936,0.06972256302833557,-0.06552255153656006,0.006107631139457226,1.0
25,ashamed,0.0695582926273346,0.04224320873618126,0.0695582926273346,0.06516401469707489,0.027950765565037727,1.0
25,astonished,-0.06928707659244537,-0.0752568170428276,0.06928707659244537,-0.0635070949792862,0.023888787254691124,1.0
25,worried,-0.06910163909196854,-0.03436177968978882,0.06910163909196854,-0.0641678050160408,0.022827496752142906,1.0
25,invigorated,0.06806186586618423,0.08851698786020279,0.06806186586618423,0.06404875218868256,0.022045334801077843,1.0
25,tired,-0.0676988735795021,-0.01860472746193409,0.0676988735795021,-0.0635513886809349,0.010485023260116577,1.0
25,relieved,0.06669686734676361,0.08714603632688522,0.06669686734676361,0.062151528894901276,0.01820952259004116,1.0
25,paranoid,-0.06566108018159866,-0.09347065538167953,0.06566108018159866,-0.06297492980957031,0.015963932499289513,1.0
25,hateful,-0.06534428894519806,-0.009281758219003677,0.06534428894519806,-0.05981938913464546,0.02994605340063572,1.0
25,shocked,-0.061960745602846146,-0.07925380766391754,0.061960745602846146,-0.05846165493130684,0.012200755998492241,1.0
25,stimulated,0.06041543930768967,0.02269851043820381,0.06041543930768967,0.05578257888555527,0.027825647965073586,1.0
25,indignant,-0.06010656803846359,-0.07288189977407455,0.06010656803846359,-0.0591401532292366,0.030898181721568108,1.0
25,enraged,-0.05962652713060379,-0.05117255076766014,0.05962652713060379,-0.05571908876299858,0.012471073307096958,1.0
25,rattled,0.059165503829717636,0.051288995891809464,0.059165503829717636,0.0551053062081337,0.025974135845899582,1.0
25,eager,-0.05611144378781319,-0.08051995187997818,0.05611144378781319,-0.053045231848955154,0.01223702635616064,1.0
25,insulted,0.05577370151877403,0.06619726121425629,0.05577370151877403,0.05356245115399361,0.014002745039761066,1.0
25,vindictive,-0.05533919855952263,-0.015867814421653748,0.05533919855952263,-0.05292469263076782,0.014703165739774704,1.0
25,disdainful,0.0549270361661911,0.07445794343948364,0.0549270361661911,0.05293510481715202,0.009247656911611557,1.0
25,terrified,-0.054576724767684937,-0.08464816212654114,0.054576724767684937,-0.05007389187812805,0.015728972852230072,1.0
25,upset,-0.05447450280189514,-0.015264889225363731,0.05447450280189514,-0.05088053271174431,0.004862648900598288,1.0
25,mystified,-0.054321907460689545,-0.0647774413228035,0.054321907460689545,-0.05287743732333183,0.01720070280134678,1.0
25,unhappy,-0.05132416635751724,-0.039436448365449905,0.05132416635751724,-0.046684443950653076,0.029364483430981636,1.0
25,impatient,0.05043924227356911,0.05739932507276535,0.05043924227356911,0.048770301043987274,0.013515102677047253,1.0
25,sullen,-0.049465861171483994,-0.06677832454442978,0.049465861171483994,-0.047211550176143646,0.007253520656377077,1.0
25,outraged,-0.04931776225566864,-0.05696213245391846,0.04931776225566864,-0.046635039150714874,0.009382760152220726,1.0
25,self-critical,0.04889003932476044,0.010297966189682484,0.04889003932476044,0.04499189928174019,0.015406975522637367,1.0
25,regretful,0.04875757172703743,0.07101263105869293,0.04875757172703743,0.04737567901611328,0.01758473739027977,1.0
25,fulfilled,0.048447947949171066,-0.00681702746078372,0.048447947949171066,0.04544888064265251,0.01749558560550213,1.0
25,lonely,-0.04792294278740883,0.004400789737701416,0.04792294278740883,-0.04295983165502548,0.024388423189520836,1.0
25,humiliated,-0.047182098031044006,-0.021793557330965996,0.047182098031044006,-0.04432982951402664,0.029432235285639763,1.0
25,nervous,-0.04691597819328308,-0.08966361731290817,0.04691597819328308,-0.04446961730718613,0.02974177896976471,1.0
25,distressed,-0.046626877039670944,-0.016078907996416092,0.046626877039670944,-0.04371488839387894,0.02310185320675373,1.0
25,calm,0.044846754521131516,0.06896362453699112,0.044846754521131516,0.044124312698841095,0.02311530150473118,1.0
25,shaken,-0.04297499731183052,-0.04767448082566261,0.04297499731183052,-0.04010389372706413,0.012986073270440102,1.0
25,brooding,-0.04204840213060379,0.013319295831024647,0.04204840213060379,-0.03739169239997864,0.029318183660507202,0.800000011920929
25,reflective,-0.04117522016167641,-0.05433676391839981,0.04117522016167641,-0.038196366280317307,0.018817314878106117,1.0
25,surprised,-0.04095206409692764,-0.05518830567598343,0.04095206409692764,-0.0399404875934124,0.01961350440979004,1.0
25,alarmed,-0.04011811688542366,-0.03440690413117409,0.04011811688542366,-0.03937328979372978,0.024527205154299736,1.0
25,jealous,-0.0386352576315403,-0.0406457893550396,0.0386352576315403,-0.036736540496349335,0.021433720365166664,1.0
25,mortified,-0.035780176520347595,-0.05678945779800415,0.035780176520347595,-0.03399933874607086,0.016620637848973274,1.0
25,on edge,0.035776812583208084,0.04365142062306404,0.035776812583208084,0.03552291542291641,0.022952130064368248,1.0
25,self-confident,0.035425491631031036,-0.014569439925253391,0.035425491631031036,0.03194846585392952,0.01731777936220169,1.0
25,lazy,-0.03511534258723259,0.002027955139055848,0.03511534258723259,-0.03198256716132164,0.0229549128562212,0.800000011920929
25,energized,0.03356780856847763,0.002449478954076767,0.03356780856847763,0.03181343525648117,0.0050643980503082275,1.0
25,hysterical,0.03329159691929817,0.06657205522060394,0.03329159691929817,0.03138077259063721,0.02367870695888996,1.0
25,listless,-0.03294047713279724,-0.032647937536239624,0.03294047713279724,-0.02974921464920044,0.01982710510492325,0.800000011920929
25,playful,0.032583776861429214,-0.015697067603468895,0.032583776861429214,0.02970607951283455,0.014159709215164185,1.0
25,nostalgic,0.03240048140287399,0.048839639872312546,0.03240048140287399,0.031999509781599045,0.011809607036411762,1.0
25,contemptuous,-0.03206111490726471,-0.03959783539175987,0.03206111490726471,-0.031011495739221573,0.013172809965908527,1.0
25,dependent,0.03194510564208031,0.06463821977376938,0.03194510564208031,0.03244567662477493,0.02369585819542408,0.800000011920929
25,unsettled,-0.03190573304891586,0.009635508060455322,0.03190573304891586,-0.028707116842269897,0.023286443203687668,0.800000011920929
25,triumphant,0.03176545351743698,0.023784687742590904,0.03176545351743698,0.030883202329277992,0.02400987781584263,1.0
25,scared,-0.03125262260437012,-0.04627704620361328,0.03125262260437012,-0.030286282300949097,0.012392223812639713,1.0
25,frightened,-0.03041050396859646,-0.06060931459069252,0.03041050396859646,-0.030407797545194626,0.015977326780557632,1.0
25,bored,0.027338379994034767,0.0578155517578125,0.027338379994034767,0.02770717442035675,0.02227960340678692,0.800000011920929
25,relaxed,0.02731269784271717,0.0197906456887722,0.02731269784271717,0.025348329916596413,0.020519189536571503,1.0
25,indifferent,-0.026914505288004875,-0.007186326663941145,0.026914505288004875,-0.025926927104592323,0.019322579726576805,0.800000011920929
25,disgusted,-0.025961024686694145,0.01254198793321848,0.025961024686694145,-0.023737767711281776,0.016201907768845558,0.800000011920929
25,alert,-0.0252327062189579,-0.05159701034426689,0.0252327062189579,-0.024699395522475243,0.019369252026081085,0.800000011920929
25,amused,0.024517275393009186,-0.02259809337556362,0.024517275393009186,0.021114489063620567,0.029229959473013878,0.800000011920929
25,guilty,-0.022815056145191193,0.00932257529348135,0.022815056145191193,-0.019874637946486473,0.022383110597729683,0.6000000238418579
25,sad,-0.021298767998814583,0.0027922566514462233,0.021298767998814583,-0.02025187574326992,0.01727384328842163,0.800000011920929
25,docile,-0.020479436963796616,0.03231242671608925,0.020479436963796616,-0.017783446237444878,0.02950051985681057,0.6000000238418579
25,worthless,0.020363129675388336,0.05818415805697441,0.020363129675388336,0.01917436346411705,0.026285581290721893,0.6000000238418579
25,overwhelmed,-0.020235681906342506,0.0177454873919487,0.020235681906342506,-0.017136167734861374,0.023360392078757286,0.800000011920929
25,aroused,0.019856248050928116,-0.013920913450419903,0.019856248050928116,0.018217716366052628,0.006947825197130442,1.0
25,grief-stricken,-0.019338618963956833,0.015334377065300941,0.019338618963956833,-0.01829596795141697,0.010110346600413322,1.0
25,amazed,-0.018407106399536133,-0.027016574516892433,0.018407106399536133,-0.01802716590464115,0.008138350211083889,1.0
25,furious,-0.01739116944372654,-0.048503562808036804,0.01739116944372654,-0.018470730632543564,0.022990260273218155,0.800000011920929
25,vibrant,0.01640280894935131,-0.030385274440050125,0.01640280894935131,0.013128414750099182,0.024806467816233635,0.800000011920929
25,desperate,-0.016264023259282112,0.021193696185946465,0.016264023259282112,-0.01438258308917284,0.02007375843822956,0.800000011920929
25,thrilled,0.016025591641664505,-0.02616279013454914,0.016025591641664505,0.013836890459060669,0.016403906047344208,1.0
25,loving,0.015663888305425644,-0.018371205776929855,0.015663888305425644,0.012133370153605938,0.032987844198942184,0.800000011920929
25,pleased,0.01524643786251545,-0.017784053459763527,0.01524643786251545,0.013013741001486778,0.01797395385801792,0.800000011920929
25,sentimental,0.015041518025100231,0.01121513731777668,0.015041518025100231,0.014395284466445446,0.017317669466137886,0.6000000238418579
25,worn out,0.014539351686835289,0.03194272518157959,0.014539351686835289,0.014840608462691307,0.01046160887926817,1.0
25,sleepy,0.01252786535769701,0.042386218905448914,0.01252786535769701,0.013522900640964508,0.02385248802602291,0.800000011920929
25,remorseful,-0.01221106480807066,0.01877051219344139,0.01221106480807066,-0.010186481289565563,0.023608341813087463,0.4000000059604645
25,irate,0.01094847358763218,0.026017989963293076,0.01094847358763218,0.008873364888131618,0.021016575396060944,0.800000011920929
25,hurt,-0.010306120850145817,0.03008541464805603,0.010306120850145817,-0.008459839038550854,0.02290782518684864,0.800000011920929
25,defiant,-0.010153546929359436,0.010076490230858326,0.010153546929359436,-0.007831206545233727,0.03382551670074463,0.800000011920929
25,thankful,0.010135412216186523,-0.0017296038568019867,0.010135412216186523,0.008770612999796867,0.011365080252289772,0.6000000238418579
25,horrified,-0.01005568914115429,0.027366584166884422,0.01005568914115429,-0.009856564924120903,0.015198128297924995,0.6000000238418579
25,obstinate,-0.009793556295335293,0.030220363289117813,0.009793556295335293,-0.00957078579813242,0.0169288981705904,0.800000011920929
25,envious,-0.009739302098751068,-0.022234918549656868,0.009739302098751068,-0.00897235982120037,0.010313035920262337,0.800000011920929
25,stubborn,0.00705283647403121,0.04092175140976906,0.00705283647403121,0.0066499910317361355,0.009347845800220966,0.6000000238418579
25,tense,-0.0065496028400957584,-0.049502696841955185,0.0065496028400957584,-0.0064567504450678825,0.01873208023607731,0.6000000238418579
25,afraid,-0.006539042107760906,0.011251896619796753,0.006539042107760906,-0.005873031914234161,0.011080317199230194,0.6000000238418579
25,exasperated,0.005028946325182915,0.01199190691113472,0.005028946325182915,0.003841159399598837,0.020054973661899567,0.4000000059604645
25,awestruck,-0.004214657470583916,0.028148910030722618,0.004214657470583916,-0.0028771564830094576,0.014018695801496506,0.4000000059604645
25,valiant,0.00419078953564167,-0.02242293395102024,0.00419078953564167,0.0033008151222020388,0.027958698570728302,0.6000000238418579
25,vengeful,-0.003938533365726471,0.02801518701016903,0.003938533365726471,-0.0016980681102722883,0.01844288781285286,0.6000000238418579
25,vigilant,0.003413989208638668,0.02469373308122158,0.003413989208638668,0.005087568890303373,0.015563244931399822,0.6000000238418579
25,self-conscious,0.0030526742339134216,-0.01814851723611355,0.0030526742339134216,0.0030349711887538433,0.02395893819630146,0.4000000059604645
25,uneasy,-0.003008404280990362,0.033553946763277054,0.003008404280990362,-0.0003174215671606362,0.025590289384126663,0.800000011920929
26,at ease,0.2045980542898178,0.20546740293502808,0.2045980542898178,0.19152624905109406,0.024110883474349976,1.0
26,cheerful,0.19231675565242767,0.17891313135623932,0.19231675565242767,0.18151137232780457,0.011756590567529202,1.0
26,delighted,0.18715620040893555,0.14593300223350525,0.18715620040893555,0.17445245385169983,0.01973535865545273,1.0
26,elated,0.16989895701408386,0.18423041701316833,0.16989895701408386,0.16041401028633118,0.01622598059475422,1.0
26,tormented,-0.1680511236190796,-0.14618687331676483,0.1680511236190796,-0.15806697309017181,0.029131151735782623,1.0
26,euphoric,0.15944232046604156,0.1774798035621643,0.15944232046604156,0.14991530776023865,0.010768348351120949,1.0
26,spiteful,-0.1580488234758377,-0.16248546540737152,0.1580488234758377,-0.15010660886764526,0.01752323843538761,1.0
26,refreshed,0.1444651186466217,0.16484640538692474,0.1444651186466217,0.13659276068210602,0.01281582098454237,1.0
26,bewildered,-0.13502472639083862,-0.16185970604419708,0.13502472639083862,-0.1271539032459259,0.016681935638189316,1.0
26,infatuated,0.13476525247097015,0.12464486062526703,0.13476525247097015,0.12697988748550415,0.013059481047093868,1.0
26,inspired,0.1316765993833542,0.16540059447288513,0.1316765993833542,0.1241154670715332,0.019149554893374443,1.0
26,ecstatic,0.12843771278858185,0.1179237812757492,0.12843771278858185,0.11908616870641708,0.02503013424575329,1.0
26,stuck,-0.1255071461200714,-0.13525795936584473,0.1255071461200714,-0.11907269805669785,0.007714984938502312,1.0
26,content,0.12477418780326843,0.08218128234148026,0.12477418780326843,0.1179046779870987,0.011155667714774609,1.0
26,sympathetic,0.12334515899419785,0.11396535485982895,0.12334515899419785,0.11431548744440079,0.0224055927246809,1.0
26,droopy,-0.12179067730903625,-0.10424260050058365,0.12179067730903625,-0.11492614448070526,0.013765270821750164,1.0
26,resigned,-0.12136651575565338,-0.11524467915296555,0.12136651575565338,-0.11394910514354706,0.013002444058656693,1.0
26,peaceful,0.120843306183815,0.11304014921188354,0.120843306183815,0.11447231471538544,0.013208435848355293,1.0
26,patient,0.11854627728462219,0.13512802124023438,0.11854627728462219,0.11339372396469116,0.023297682404518127,1.0
26,disturbed,-0.11753939837217331,-0.13659974932670593,0.11753939837217331,-0.11027441918849945,0.0147137101739645,1.0
26,empathetic,0.11708130687475204,0.13559569418430328,0.11708130687475204,0.11195409297943115,0.015079179778695107,1.0
26,excited,0.11666883528232574,0.12059961259365082,0.11666883528232574,0.11015759408473969,0.018465645611286163,1.0
26,angry,-0.11218643188476562,-0.1321873515844345,0.11218643188476562,-0.10582282394170761,0.0192857775837183,1.0
26,panicked,-0.11109175533056259,-0.08644048124551773,0.11109175533056259,-0.10539376735687256,0.005640468560159206,1.0
26,hope,0.11047695577144623,0.11257178336381912,0.11047695577144623,0.10316143184900284,0.02268495224416256,1.0
26,hopeful,0.1086302176117897,0.06653545051813126,0.1086302176117897,0.10143816471099854,0.01907758042216301,1.0
26,weary,-0.10826921463012695,-0.1253581941127777,0.10826921463012695,-0.10233451426029205,0.005569805391132832,1.0
26,restless,-0.10798300802707672,-0.11346569657325745,0.10798300802707672,-0.10302295535802841,0.022364813834428787,1.0
26,satisfied,0.10704819113016129,0.12791548669338226,0.10704819113016129,0.10225387662649155,0.01533794030547142,1.0
26,annoyed,-0.10697724670171738,-0.1260603964328766,0.10697724670171738,-0.1007177010178566,0.018946873024106026,1.0
26,melancholy,-0.10597335547208786,-0.11020737886428833,0.10597335547208786,-0.10016226768493652,0.015378267504274845,1.0
26,puzzled,-0.10491622239351273,-0.11633659899234772,0.10491622239351273,-0.09945490956306458,0.007362650241702795,1.0
26,depressed,-0.10395918786525726,-0.06833837926387787,0.10395918786525726,-0.0983654111623764,0.02016621083021164,1.0
26,sluggish,-0.10323076695203781,-0.053157784044742584,0.10323076695203781,-0.09676182270050049,0.016199754551053047,1.0
26,troubled,-0.10188617557287216,-0.10547756403684616,0.10188617557287216,-0.0966503694653511,0.0059790899977087975,1.0
26,heartbroken,-0.10149770975112915,-0.049615874886512756,0.10149770975112915,-0.09430940449237823,0.018530448898673058,1.0
26,blissful,0.10033643990755081,0.058014705777168274,0.10033643990755081,0.0933290496468544,0.024423697963356972,1.0
26,anxious,-0.09993518143892288,-0.09364797174930573,0.09993518143892288,-0.0946238562464714,0.0316409170627594,1.0
26,irritated,-0.09987558424472809,-0.08452972024679184,0.09987558424472809,-0.09384123235940933,0.016001060605049133,1.0
26,miserable,-0.09835285693407059,-0.06685727834701538,0.09835285693407059,-0.09171398729085922,0.022455565631389618,1.0
26,rejuvenated,0.09692905098199844,0.11238464713096619,0.09692905098199844,0.09289802610874176,0.023131070658564568,1.0
26,grumpy,-0.09687834978103638,-0.08430526405572891,0.09687834978103638,-0.09035355597734451,0.022969644516706467,1.0
26,safe,0.0944666862487793,0.12074986845254898,0.0944666862487793,0.09161484241485596,0.034432973712682724,1.0
26,kind,0.09347321093082428,0.09313428401947021,0.09347321093082428,0.08923362195491791,0.021118290722370148,1.0
26,scornful,-0.09283725172281265,-0.09967953711748123,0.09283725172281265,-0.0879688486456871,0.009366619400680065,1.0
26,dispirited,-0.09249105304479599,-0.041657254099845886,0.09249105304479599,-0.08569423854351044,0.028140325099229813,1.0
26,unnerved,-0.09231118857860565,-0.07749667763710022,0.09231118857860565,-0.08568177372217178,0.021596765145659447,1.0
26,vulnerable,-0.09098006784915924,-0.08716192841529846,0.09098006784915924,-0.08583705127239227,0.00464564748108387,1.0
26,disoriented,-0.09031663835048676,-0.10424710810184479,0.09031663835048676,-0.08564238250255585,0.004163482692092657,1.0
26,enthusiastic,0.08971816301345825,0.11151779443025589,0.08971816301345825,0.0850410982966423,0.01722283847630024,1.0
26,gloomy,-0.08757881075143814,-0.08016387373209,0.08757881075143814,-0.08116774260997772,0.023712052032351494,1.0
26,suspicious,-0.0873371958732605,-0.09277278929948807,0.0873371958732605,-0.08166913688182831,0.010880593210458755,1.0
26,jubilant,0.08697737008333206,0.09910283237695694,0.08697737008333206,0.08194659650325775,0.018186133354902267,1.0
26,exuberant,0.0865841805934906,0.08288699388504028,0.0865841805934906,0.08147136121988297,0.006406098138540983,1.0
26,skeptical,-0.08625166863203049,-0.10348241776227951,0.08625166863203049,-0.08248197287321091,0.0200034249573946,1.0
26,frustrated,-0.08619190007448196,-0.09954085946083069,0.08619190007448196,-0.08195485919713974,0.008321322500705719,1.0
26,smug,0.08518454432487488,0.10784468054771423,0.08518454432487488,0.07939521968364716,0.022620461881160736,1.0
26,happy,0.08317331969738007,0.027542296797037125,0.08317331969738007,0.07878119498491287,0.008635756559669971,1.0
26,optimistic,0.07980210334062576,0.018752602860331535,0.07980210334062576,0.07219766080379486,0.04178956151008606,1.0
26,resentful,-0.07934156060218811,-0.03855222091078758,0.07934156060218811,-0.07525677978992462,0.01722085103392601,1.0
26,offended,-0.07924745231866837,-0.09053628146648407,0.07924745231866837,-0.07516668736934662,0.0033191507682204247,1.0
26,greedy,0.07755814492702484,0.10417171567678452,0.07755814492702484,0.07313401252031326,0.013557083904743195,1.0
26,stressed,-0.07716727256774902,-0.08209744840860367,0.07716727256774902,-0.07407238334417343,0.011571587063372135,1.0
26,joyful,0.07676929235458374,0.01668402925133705,0.07676929235458374,0.07132963836193085,0.013717046007514,1.0
26,tired,-0.07589105516672134,-0.02742774970829487,0.07589105516672134,-0.07130347192287445,0.01054041925817728,1.0
26,dumbstruck,-0.075240358710289,-0.08916351199150085,0.075240358710289,-0.07291083037853241,0.01747775822877884,1.0
26,compassionate,0.07487613707780838,0.07437806576490402,0.07487613707780838,0.070386603474617,0.02860456332564354,1.0
26,proud,0.07461810111999512,0.108772873878479,0.07461810111999512,0.07026133686304092,0.023450372740626335,1.0
26,hostile,-0.07442738115787506,-0.07569951564073563,0.07442738115787506,-0.07103853672742844,0.010772228240966797,1.0
26,worried,-0.07288412004709244,-0.039296653121709824,0.07288412004709244,-0.06787432730197906,0.02313191443681717,1.0
26,mad,-0.07274738699197769,-0.03432595729827881,0.07274738699197769,-0.06816498190164566,0.014259005896747112,1.0
26,ashamed,0.07039628177881241,0.04412049055099487,0.07039628177881241,0.06596404314041138,0.02690892294049263,1.0
26,invigorated,0.07015421986579895,0.09424245357513428,0.07015421986579895,0.06594415754079819,0.021960195153951645,1.0
26,sensitive,0.06982538849115372,0.08530845493078232,0.06982538849115372,0.06642190366983414,0.029411451891064644,1.0
26,hateful,-0.06952866911888123,-0.013783850707113743,0.06952866911888123,-0.06379614770412445,0.029499294236302376,1.0
26,grateful,0.06700664758682251,0.0644662007689476,0.06700664758682251,0.06227943301200867,0.01966303400695324,1.0
26,serene,0.0669870600104332,0.08818142116069794,0.0669870600104332,0.06470909714698792,0.017455104738473892,1.0
26,trapped,-0.06647016853094101,-0.07436396181583405,0.06647016853094101,-0.06245516613125801,0.0064819203689694405,1.0
26,relieved,0.06593050807714462,0.08679503947496414,0.06593050807714462,0.06142405420541763,0.01856854185461998,1.0
26,vindictive,-0.06494057178497314,-0.025530915707349777,0.06494057178497314,-0.0619969442486763,0.014712490141391754,1.0
26,perplexed,0.064577616751194,0.07538016885519028,0.064577616751194,0.06091322749853134,0.015978248789906502,1.0
26,astonished,-0.06343992799520493,-0.06894492357969284,0.06343992799520493,-0.058064211159944534,0.02312837541103363,1.0
26,bitter,0.06250690668821335,0.07333999872207642,0.06250690668821335,0.059190429747104645,0.006989543326199055,1.0
26,upset,-0.06202574074268341,-0.02352113462984562,0.06202574074268341,-0.05806296318769455,0.004628029651939869,1.0
26,sorry,0.06107571721076965,0.07231953740119934,0.06107571721076965,0.05814284831285477,0.007614922244101763,1.0
26,enraged,-0.060961589217185974,-0.05343388393521309,0.060961589217185974,-0.056951623409986496,0.012689730152487755,1.0
26,embarrassed,0.05848539248108864,0.07748156040906906,0.05848539248108864,0.05644235759973526,0.012931447476148605,1.0
26,paranoid,-0.058298975229263306,-0.09053775668144226,0.058298975229263306,-0.055853474885225296,0.015470371581614017,1.0
26,stimulated,0.05807485058903694,0.021641001105308533,0.05807485058903694,0.0536164753139019,0.026470419019460678,1.0
26,eager,-0.05724256858229637,-0.08109202235937119,0.05724256858229637,-0.05407194048166275,0.01115619856864214,1.0
26,indignant,-0.056505847722291946,-0.07067017257213593,0.056505847722291946,-0.055569909512996674,0.03084622696042061,1.0
26,self-critical,0.05643009766936302,0.01712610572576523,0.05643009766936302,0.052233606576919556,0.014928474090993404,1.0
26,disdainful,0.05504932627081871,0.07427707314491272,0.05504932627081871,0.05299597233533859,0.009120112285017967,1.0
26,fulfilled,0.0546334832906723,-0.00193410727661103,0.0546334832906723,0.05132221058011055,0.01713743805885315,1.0
26,rattled,0.05380483716726303,0.04507075622677803,0.05380483716726303,0.050060469657182693,0.024870600551366806,1.0
26,shocked,-0.051804255694150925,-0.0735851526260376,0.051804255694150925,-0.048876166343688965,0.012416468933224678,1.0
26,distressed,-0.05005549639463425,-0.02208082005381584,0.05005549639463425,-0.046840835362672806,0.02298426255583763,1.0
26,alarmed,-0.0499994233250618,-0.04617319628596306,0.0499994233250618,-0.04865797609090805,0.024887217208743095,1.0
26,insulted,0.04988114908337593,0.06371583789587021,0.04988114908337593,0.047872141003608704,0.013738666661083698,1.0
26,lonely,-0.04851878434419632,0.003610862186178565,0.04851878434419632,-0.04370303452014923,0.023304782807826996,1.0
26,brooding,-0.04838801920413971,0.008179403841495514,0.04838801920413971,-0.04350384324789047,0.028937606140971184,0.800000011920929
26,nervous,-0.047395218163728714,-0.09350106865167618,0.047395218163728714,-0.04488036409020424,0.030242374166846275,1.0
26,outraged,-0.0468984991312027,-0.05829574912786484,0.0468984991312027,-0.04424183815717697,0.00980957318097353,1.0
26,jealous,-0.04609563201665878,-0.04977267608046532,0.04609563201665878,-0.043814267963171005,0.02117380127310753,1.0
26,energized,0.04599658399820328,0.01356325764209032,0.04599658399820328,0.0434284582734108,0.005401852540671825,1.0
26,self-confident,0.04517826437950134,-0.0073224566876888275,0.04517826437950134,0.041244663298130035,0.016043026000261307,1.0
26,unhappy,-0.04444988816976547,-0.03354673087596893,0.04444988816976547,-0.0402732715010643,0.028687933459877968,1.0
26,calm,0.04436372593045235,0.06985694169998169,0.04436372593045235,0.04363328963518143,0.02303360402584076,1.0
26,terrified,-0.04430144652724266,-0.07667135447263718,0.04430144652724266,-0.04043452814221382,0.015507345087826252,1.0
26,impatient,0.04370098188519478,0.0518946498632431,0.04370098188519478,0.04227392375469208,0.012426512315869331,1.0
26,mystified,-0.04359825327992439,-0.06006360799074173,0.04359825327992439,-0.0426093228161335,0.016896672546863556,1.0
26,shaken,-0.04287819191813469,-0.04823019728064537,0.04287819191813469,-0.04004528373479843,0.013025219552218914,1.0
26,sullen,-0.04159291461110115,-0.062227994203567505,0.04159291461110115,-0.03966473415493965,0.005223264452069998,1.0
26,playful,0.04086478799581528,-0.008740509860217571,0.04086478799581528,0.03758097440004349,0.01332466583698988,1.0
26,regretful,0.03999556601047516,0.06543909013271332,0.03999556601047516,0.03905908018350601,0.01643253304064274,1.0
26,unsettled,-0.03930145502090454,0.0038824051152914762,0.03930145502090454,-0.03579966351389885,0.022980064153671265,0.800000011920929
26,humiliated,-0.038920752704143524,-0.013125625438988209,0.038920752704143524,-0.03645675629377365,0.029159460216760635,1.0
26,reflective,-0.03589605912566185,-0.049315981566905975,0.03589605912566185,-0.0332234725356102,0.017991408705711365,1.0
26,listless,-0.035779919475317,-0.037428438663482666,0.035779919475317,-0.03255513682961464,0.018207259476184845,0.800000011920929
26,lazy,-0.03564995527267456,0.0014259940944612026,0.03564995527267456,-0.03252463787794113,0.02367081306874752,0.800000011920929
26,disgusted,-0.034411896020174026,0.005198767874389887,0.034411896020174026,-0.03167223557829857,0.015433387830853462,1.0
26,mortified,-0.03381073847413063,-0.05659766495227814,0.03381073847413063,-0.03204259276390076,0.01699601486325264,1.0
26,triumphant,0.032136980444192886,0.026042724028229713,0.032136980444192886,0.03108499012887478,0.023192021995782852,1.0
26,grief-stricken,-0.030769791454076767,0.004882148001343012,0.030769791454076767,-0.028982236981391907,0.010138074867427349,1.0
26,amused,0.030331775546073914,-0.018029600381851196,0.030331775546073914,0.026692623272538185,0.029330290853977203,0.800000011920929
26,guilty,-0.029506683349609375,0.0022571829613298178,0.029506683349609375,-0.02617582120001316,0.023225855082273483,1.0
26,hysterical,0.029239347204566002,0.06314662098884583,0.029239347204566002,0.027650529518723488,0.022930890321731567,0.800000011920929
26,surprised,-0.028541212901473045,-0.04591728001832962,0.028541212901473045,-0.028142806142568588,0.019028013572096825,0.800000011920929
26,indifferent,-0.028514539822936058,-0.012233386747539043,0.028514539822936058,-0.027477001771330833,0.0193774476647377,0.800000011920929
26,overwhelmed,-0.02850285917520523,0.011691912077367306,0.02850285917520523,-0.0250661913305521,0.02320297434926033,0.800000011920929
26,on edge,0.026823049411177635,0.034792445600032806,0.026823049411177635,0.026966681703925133,0.022280370816588402,1.0
26,dependent,0.02667178586125374,0.06232134625315666,0.02667178586125374,0.027379106730222702,0.023842334747314453,0.800000011920929
26,sad,-0.026155145838856697,-0.0027670725248754025,0.026155145838856697,-0.02471819892525673,0.016274629160761833,1.0
26,frightened,-0.025590449571609497,-0.0580773763358593,0.025590449571609497,-0.025745132938027382,0.016174353659152985,1.0
26,desperate,-0.025421224534511566,0.01373292412608862,0.025421224534511566,-0.023027632385492325,0.020274996757507324,0.800000011920929
26,docile,-0.024749375879764557,0.029385853558778763,0.024749375879764557,-0.02181999385356903,0.029631808400154114,0.800000011920929
26,vibrant,0.024702269583940506,-0.02522916905581951,0.024702269583940506,0.021078014746308327,0.023948509246110916,0.800000011920929
26,nostalgic,0.024076687172055244,0.0438821017742157,0.024076687172055244,0.023946333676576614,0.010764263570308685,1.0
26,aroused,0.023816632106900215,-0.011090635322034359,0.023816632106900215,0.0219249464571476,0.006479987408965826,1.0
26,alert,-0.02286519482731819,-0.048514965921640396,0.02286519482731819,-0.022484663873910904,0.01928229071199894,0.800000011920929
26,relaxed,0.022435728460550308,0.01740092597901821,0.022435728460550308,0.020841069519519806,0.01920497976243496,1.0
26,scared,-0.02241426706314087,-0.038417987525463104,0.02241426706314087,-0.02184757962822914,0.011606616899371147,1.0
26,contemptuous,-0.02225295826792717,-0.031888145953416824,0.02225295826792717,-0.02166929841041565,0.012971780262887478,1.0
26,pleased,0.021689092740416527,-0.0123964948579669,0.021689092740416527,0.019168002530932426,0.017076170071959496,0.800000011920929
26,thrilled,0.01738111674785614,-0.024254480376839638,0.01738111674785614,0.01520563941448927,0.015944115817546844,1.0
26,obstinate,-0.016919314861297607,0.02485589310526848,0.016919314861297607,-0.01632555015385151,0.016015738248825073,0.800000011920929
26,amazed,-0.015950798988342285,-0.02196340076625347,0.015950798988342285,-0.015591966919600964,0.008585783652961254,0.800000011920929
26,bored,0.015885617583990097,0.050826963037252426,0.015885617583990097,0.01682038977742195,0.021968744695186615,0.800000011920929
26,horrified,-0.014620916917920113,0.02339208498597145,0.014620916917920113,-0.014120724983513355,0.014375575818121433,0.800000011920929
26,loving,0.013822821900248528,-0.021619591861963272,0.013822821900248528,0.010537470690906048,0.03271316736936569,0.800000011920929
26,worn out,0.013714989647269249,0.030867697671055794,0.013714989647269249,0.013950072228908539,0.00957627221941948,1.0
26,hurt,-0.01366049237549305,0.02772856503725052,0.01366049237549305,-0.011703655123710632,0.023583905771374702,0.800000011920929
26,awestruck,-0.012765203602612019,0.022290978580713272,0.012765203602612019,-0.010913493111729622,0.013575827702879906,0.800000011920929
26,worthless,0.01242792047560215,0.053152188658714294,0.01242792047560215,0.011700615286827087,0.026903590187430382,0.6000000238418579
26,sentimental,0.010259686037898064,0.004552205093204975,0.010259686037898064,0.009893695823848248,0.017958780750632286,0.6000000238418579
26,irate,0.00992435123771429,0.024294475093483925,0.00992435123771429,0.007967708632349968,0.021098610013723373,0.800000011920929
26,uneasy,-0.009043925441801548,0.02906309999525547,0.009043925441801548,-0.0061524538323283195,0.024646557867527008,0.800000011920929
26,defiant,-0.00877281092107296,0.011240238323807716,0.00877281092107296,-0.0066093034110963345,0.03243808075785637,0.800000011920929
26,sleepy,0.008325962349772453,0.03978657349944115,0.008325962349772453,0.009431585669517517,0.02308468148112297,0.800000011920929
26,thankful,0.007836585864424706,-0.0010364055633544922,0.007836585864424706,0.006624050438404083,0.011153889819979668,0.6000000238418579
26,furious,-0.006191740743815899,-0.04195908084511757,0.006191740743815899,-0.0077651613391935825,0.022773075848817825,0.800000011920929
26,remorseful,-0.005891310051083565,0.023850200697779655,0.005891310051083565,-0.004194624722003937,0.023249678313732147,0.20000000298023224
26,self-conscious,0.005003524944186211,-0.017728298902511597,0.005003524944186211,0.004908223170787096,0.023318631574511528,0.4000000059604645
26,afraid,-0.004822060465812683,0.01364984828978777,0.004822060465812683,-0.0042975060641765594,0.010810636915266514,0.6000000238418579
26,vigilant,0.0039276196621358395,0.02413567341864109,0.0039276196621358395,0.005487327463924885,0.014852747321128845,0.6000000238418579
26,exasperated,0.0031117394100874662,0.008576283231377602,0.0031117394100874662,0.0020247814245522022,0.01996392011642456,0.4000000059604645
26,vengeful,-0.002562637673690915,0.028905151411890984,0.002562637673690915,-0.0005089081823825836,0.017734481021761894,0.6000000238418579
26,tense,-0.002421642653644085,-0.04656273126602173,0.002421642653644085,-0.002622720319777727,0.018188852816820145,0.6000000238418579
26,stubborn,-0.0015721730887889862,0.03445633873343468,0.0015721730887889862,-0.0014463141560554504,0.009621660225093365,0.6000000238418579
26,valiant,0.00013324205065146089,-0.0297690462321043,0.00013324205065146089,-0.0005722150090150535,0.02742803283035755,0.4000000059604645
26,envious,5.193476681597531e-05,-0.01326826587319374,5.193476681597531e-05,0.00030562057509087026,0.010068022646009922,0.6000000238418579
27,at ease,0.1990092694759369,0.19971545040607452,0.1990092694759369,0.18606968224048615,0.023803478106856346,1.0
27,cheerful,0.18768970668315887,0.1751740276813507,0.18768970668315887,0.176900714635849,0.012413440272212029,1.0
27,delighted,0.18291348218917847,0.14750637114048004,0.18291348218917847,0.1702995002269745,0.019404394552111626,1.0
27,tormented,-0.16854585707187653,-0.14703911542892456,0.16854585707187653,-0.1584296077489853,0.027782781049609184,1.0
27,elated,0.16670140624046326,0.1828436702489853,0.16670140624046326,0.15719285607337952,0.015769528225064278,1.0
27,spiteful,-0.1540130227804184,-0.15850163996219635,0.1540130227804184,-0.14610952138900757,0.017912721261382103,1.0
27,euphoric,0.15309973061084747,0.17224222421646118,0.15309973061084747,0.14383962750434875,0.010590681806206703,1.0
27,bewildered,-0.13735522329807281,-0.1645757108926773,0.13735522329807281,-0.12921299040317535,0.017655447125434875,1.0
27,refreshed,0.1363402158021927,0.15793757140636444,0.1363402158021927,0.12874490022659302,0.013896691612899303,1.0
27,infatuated,0.13117972016334534,0.11966487765312195,0.13117972016334534,0.1233612447977066,0.011762053705751896,1.0
27,inspired,0.13096581399440765,0.16618122160434723,0.13096581399440765,0.12333425134420395,0.01678232103586197,1.0
27,stuck,-0.12978269159793854,-0.13995099067687988,0.12978269159793854,-0.1229819506406784,0.006852800492197275,1.0
27,ecstatic,0.1256498098373413,0.11669821292161942,0.1256498098373413,0.11629390716552734,0.02455013245344162,1.0
27,sympathetic,0.1240587905049324,0.11470644176006317,0.1240587905049324,0.1149301677942276,0.02141500450670719,1.0
27,content,0.12352094054222107,0.08259204775094986,0.12352094054222107,0.11649642139673233,0.010368512943387032,1.0
27,empathetic,0.12208689749240875,0.14114247262477875,0.12208689749240875,0.11646650731563568,0.014359834603965282,1.0
27,resigned,-0.12028896808624268,-0.11534113436937332,0.12028896808624268,-0.11283622682094574,0.01293327659368515,1.0
27,excited,0.11886213719844818,0.1232997253537178,0.11886213719844818,0.11208601295948029,0.018816163763403893,1.0
27,droopy,-0.11666006594896317,-0.10272722691297531,0.11666006594896317,-0.10986077785491943,0.013417179696261883,1.0
27,patient,0.11586197465658188,0.1343938261270523,0.11586197465658188,0.11066646873950958,0.02208581194281578,1.0
27,annoyed,-0.11175040900707245,-0.13192203640937805,0.11175040900707245,-0.10506099462509155,0.018910640850663185,1.0
27,weary,-0.1113644391298294,-0.1263420730829239,0.1113644391298294,-0.10510124266147614,0.0045048934407532215,1.0
27,peaceful,0.11048777401447296,0.10631374269723892,0.11048777401447296,0.10451396554708481,0.013452340848743916,1.0
27,satisfied,0.10898218303918839,0.13134881854057312,0.10898218303918839,0.10387537628412247,0.013880426995456219,1.0
27,disturbed,-0.10885003954172134,-0.13146145641803741,0.10885003954172134,-0.10202449560165405,0.01608520932495594,1.0
27,melancholy,-0.10819004476070404,-0.11362393945455551,0.10819004476070404,-0.10211428254842758,0.015155564062297344,1.0
27,hope,0.10786471515893936,0.11184509098529816,0.10786471515893936,0.10060955584049225,0.022700045257806778,1.0
27,angry,-0.1078520268201828,-0.1281929463148117,0.1078520268201828,-0.10159766674041748,0.020132750272750854,1.0
27,panicked,-0.1069287359714508,-0.08478128165006638,0.1069287359714508,-0.10134488344192505,0.0053087989799678326,1.0
27,restless,-0.10550136864185333,-0.11128594726324081,0.10550136864185333,-0.10050555318593979,0.021338140591979027,1.0
27,sluggish,-0.10480820387601852,-0.05749178305268288,0.10480820387601852,-0.09812620282173157,0.015545154921710491,1.0
27,troubled,-0.10467199981212616,-0.1093909740447998,0.10467199981212616,-0.09920080751180649,0.006169266067445278,1.0
27,hopeful,0.10401319712400436,0.06406442075967789,0.10401319712400436,0.09699477255344391,0.018859747797250748,1.0
27,puzzled,-0.1039552241563797,-0.11639145761728287,0.1039552241563797,-0.09849531948566437,0.006970913615077734,1.0
27,depressed,-0.10277177393436432,-0.06897883117198944,0.10277177393436432,-0.09709253162145615,0.018982164561748505,1.0
27,kind,0.10003037005662918,0.09939677268266678,0.10003037005662918,0.09527181833982468,0.02145235426723957,1.0
27,grumpy,-0.09817314893007278,-0.08676976710557938,0.09817314893007278,-0.09152300655841827,0.022465163841843605,1.0
27,miserable,-0.09763745218515396,-0.0673215463757515,0.09763745218515396,-0.09085021913051605,0.022311022505164146,1.0
27,irritated,-0.0972864180803299,-0.08389541506767273,0.0972864180803299,-0.09129659831523895,0.015456311404705048,1.0
27,anxious,-0.09705736488103867,-0.09038607031106949,0.09705736488103867,-0.09172368049621582,0.029632912948727608,1.0
27,heartbroken,-0.0968438982963562,-0.04723777249455452,0.0968438982963562,-0.08986510336399078,0.018214736133813858,1.0
27,rejuvenated,0.09660656005144119,0.11439632624387741,0.09660656005144119,0.09252128005027771,0.022483646869659424,1.0
27,scornful,-0.09469407051801682,-0.10246235877275467,0.09469407051801682,-0.08971790224313736,0.009719464927911758,1.0
27,gloomy,-0.09381453692913055,-0.08710983395576477,0.09381453692913055,-0.0869632437825203,0.02292119897902012,1.0
27,vulnerable,-0.09367673844099045,-0.09059794247150421,0.09367673844099045,-0.08834174275398254,0.004946477245539427,1.0
27,disoriented,-0.09179800748825073,-0.10680604726076126,0.09179800748825073,-0.08693398535251617,0.003384580370038748,1.0
27,blissful,0.09132713079452515,0.0539199635386467,0.09132713079452515,0.08469978719949722,0.023156896233558655,1.0
27,enthusiastic,0.09093546867370605,0.11230847984552383,0.09093546867370605,0.08603198826313019,0.017053840681910515,1.0
27,unnerved,-0.09034257382154465,-0.07504811137914658,0.09034257382154465,-0.08376126736402512,0.021025806665420532,1.0
27,safe,0.08874351531267166,0.11572068184614182,0.08874351531267166,0.08596999198198318,0.03374582529067993,1.0
27,frustrated,-0.08862925320863724,-0.1024416908621788,0.08862925320863724,-0.08413171768188477,0.007554694544523954,1.0
27,smug,0.08816538751125336,0.11188924312591553,0.08816538751125336,0.08211909234523773,0.021226845681667328,1.0
27,dispirited,-0.08599933236837387,-0.03716806322336197,0.08599933236837387,-0.07947967946529388,0.02806650660932064,1.0
27,suspicious,-0.08599402010440826,-0.09394360333681107,0.08599402010440826,-0.08039476722478867,0.010292048566043377,1.0
27,jubilant,0.08472799509763718,0.09800677001476288,0.08472799509763718,0.07982389628887177,0.016266589984297752,1.0
27,exuberant,0.08365415781736374,0.08160633593797684,0.08365415781736374,0.07868437469005585,0.0059150271117687225,1.0
27,skeptical,-0.0836258977651596,-0.10259393602609634,0.0836258977651596,-0.07986627519130707,0.018665403127670288,1.0
27,stressed,-0.08248478919267654,-0.08635412901639938,0.08248478919267654,-0.07899510115385056,0.010885132476687431,1.0
27,offended,-0.08188346773386002,-0.09358064830303192,0.08188346773386002,-0.07763109356164932,0.0042619588784873486,1.0
27,hostile,-0.08108766376972198,-0.08095169812440872,0.08108766376972198,-0.07723729312419891,0.010368406772613525,1.0
27,dumbstruck,-0.07841887325048447,-0.09309301525354385,0.07841887325048447,-0.07587875425815582,0.016952380537986755,1.0
27,happy,0.0770331472158432,0.02514047361910343,0.0770331472158432,0.07290095835924149,0.007511844392865896,1.0
27,compassionate,0.07477541267871857,0.07501346617937088,0.07477541267871857,0.07028128206729889,0.028460009023547173,1.0
27,resentful,-0.07381966710090637,-0.036816224455833435,0.07381966710090637,-0.0699012503027916,0.017102209851145744,1.0
27,tired,-0.07369127124547958,-0.026788538321852684,0.07369127124547958,-0.06912257522344589,0.010388433933258057,1.0
27,ashamed,0.07328681647777557,0.0459437221288681,0.07328681647777557,0.06857618689537048,0.024556158110499382,1.0
27,optimistic,0.07296250015497208,0.014284246601164341,0.07296250015497208,0.06571689993143082,0.040747079998254776,0.800000011920929
27,sensitive,0.07268016785383224,0.08892469108104706,0.07268016785383224,0.06905841827392578,0.03006122075021267,1.0
27,proud,0.07243750244379044,0.10748196393251419,0.07243750244379044,0.06815341860055923,0.020862774923443794,1.0
27,joyful,0.07191478461027145,0.014862694777548313,0.07191478461027145,0.06661417335271835,0.01283392682671547,1.0
27,greedy,0.0713503435254097,0.0990445464849472,0.0713503435254097,0.06709741055965424,0.014085683040320873,1.0
27,perplexed,0.0713004320859909,0.08090056478977203,0.0713004320859909,0.067198745906353,0.016176486387848854,1.0
27,mad,-0.07011545449495316,-0.03414622321724892,0.07011545449495316,-0.06555113941431046,0.013173413462936878,1.0
27,trapped,-0.06896941363811493,-0.07656591385602951,0.06896941363811493,-0.06478424370288849,0.006891627795994282,1.0
27,worried,-0.06808144599199295,-0.038336001336574554,0.06808144599199295,-0.06323451548814774,0.02177201583981514,1.0
27,grateful,0.06807630509138107,0.06551641970872879,0.06807630509138107,0.06328023970127106,0.01997111178934574,1.0
27,invigorated,0.0675639882683754,0.09257303923368454,0.0675639882683754,0.06336311995983124,0.020305151119828224,1.0
27,hateful,-0.067498117685318,-0.012257849797606468,0.067498117685318,-0.06180763244628906,0.02753155119717121,1.0
27,sorry,0.06655670702457428,0.07677615433931351,0.06655670702457428,0.06338122487068176,0.008362195454537868,1.0
27,bitter,0.06627457588911057,0.07595264911651611,0.06627457588911057,0.06272675096988678,0.006972888018935919,1.0
27,serene,0.06537972390651703,0.08953292667865753,0.06537972390651703,0.063156858086586,0.017583709210157394,1.0
27,relieved,0.0646352469921112,0.086807981133461,0.0646352469921112,0.06013115495443344,0.01873353309929371,1.0
27,stimulated,0.062026940286159515,0.027187440544366837,0.062026940286159515,0.05728703737258911,0.024524319916963577,1.0
27,enraged,-0.06192875653505325,-0.053542058914899826,0.06192875653505325,-0.05779590085148811,0.011932904832065105,1.0
27,embarrassed,0.061862047761678696,0.07993236929178238,0.061862047761678696,0.059513382613658905,0.01263724360615015,1.0
27,rattled,0.05876155197620392,0.04810269922018051,0.05876155197620392,0.0546717531979084,0.024118969216942787,1.0
27,astonished,-0.05859530344605446,-0.06483867019414902,0.05859530344605446,-0.053513359278440475,0.02181638777256012,1.0
27,disdainful,0.05836743861436844,0.07748115062713623,0.05836743861436844,0.05601269006729126,0.009093184024095535,1.0
27,indignant,-0.057952631264925,-0.07174285501241684,0.057952631264925,-0.05687512829899788,0.031090084463357925,1.0
27,vindictive,-0.05476885288953781,-0.020746836438775063,0.05476885288953781,-0.0522494912147522,0.014845689758658409,1.0
27,paranoid,-0.05469511076807976,-0.08871888369321823,0.05469511076807976,-0.0523315891623497,0.013479751534759998,1.0
27,insulted,0.05454091727733612,0.06776154041290283,0.05454091727733612,0.052261121571063995,0.012742129154503345,1.0
27,eager,-0.054316163063049316,-0.07879677414894104,0.054316163063049316,-0.051174260675907135,0.011484546586871147,1.0
27,upset,-0.0539071224629879,-0.01988791674375534,0.0539071224629879,-0.05030704662203789,0.0050848424434661865,1.0
27,fulfilled,0.0534382164478302,-0.00023192650405690074,0.0534382164478302,0.05012800171971321,0.014289739541709423,1.0
27,self-critical,0.05123434215784073,0.014218464493751526,0.05123434215784073,0.047222357243299484,0.014647473581135273,1.0
27,shocked,-0.04925471544265747,-0.07286440581083298,0.04925471544265747,-0.046493060886859894,0.011861748062074184,1.0
27,shaken,-0.049211226403713226,-0.05401678383350372,0.049211226403713226,-0.045857660472393036,0.013190988451242447,1.0
27,distressed,-0.047948308289051056,-0.021145939826965332,0.047948308289051056,-0.044666290283203125,0.023640966042876244,1.0
27,mystified,-0.047777269035577774,-0.06334028393030167,0.047777269035577774,-0.046499308198690414,0.01631222851574421,1.0
27,lonely,-0.047718826681375504,0.002610760508105159,0.047718826681375504,-0.042896974831819534,0.02257944457232952,1.0
27,impatient,0.04759874939918518,0.05570320412516594,0.04759874939918518,0.045839421451091766,0.011715196073055267,1.0
27,unhappy,-0.0465446300804615,-0.036288369446992874,0.0465446300804615,-0.042169488966464996,0.027800146490335464,1.0
27,alarmed,-0.04654008150100708,-0.04404517263174057,0.04654008150100708,-0.04533686488866806,0.02520003542304039,1.0
27,nervous,-0.04629212245345116,-0.09303710609674454,0.04629212245345116,-0.04379228502511978,0.02823358215391636,1.0
27,brooding,-0.04484796151518822,0.010159994475543499,0.04484796151518822,-0.040090806782245636,0.02837386168539524,0.800000011920929
27,outraged,-0.043886974453926086,-0.05690643563866615,0.043886974453926086,-0.04133374243974686,0.008919228799641132,1.0
27,reflective,-0.04357919096946716,-0.0546661838889122,0.04357919096946716,-0.04043193161487579,0.019032267853617668,1.0
27,energized,0.04249509796500206,0.012869209982454777,0.04249509796500206,0.04018309712409973,0.005660184659063816,1.0
27,sullen,-0.04247945174574852,-0.06238464638590813,0.04247945174574852,-0.04048360511660576,0.00519542396068573,1.0
27,jealous,-0.04196430742740631,-0.04845304787158966,0.04196430742740631,-0.039893828332424164,0.02017558366060257,1.0
27,self-confident,0.040968816727399826,-0.009019896388053894,0.040968816727399826,0.037199683487415314,0.015585600398480892,1.0
27,terrified,-0.040796130895614624,-0.07316257059574127,0.040796130895614624,-0.037080664187669754,0.013826349750161171,1.0
27,regretful,0.03991708531975746,0.06683393567800522,0.03991708531975746,0.038928110152482986,0.017108062282204628,1.0
27,humiliated,-0.03825747221708298,-0.012750454246997833,0.03825747221708298,-0.03575361520051956,0.02851737104356289,1.0
27,playful,0.03751464560627937,-0.010577292181551456,0.03751464560627937,0.0343472845852375,0.012069721706211567,1.0
27,calm,0.03641432896256447,0.06270691752433777,0.03641432896256447,0.03604549914598465,0.02199016883969307,1.0
27,hysterical,0.034977056086063385,0.0676402673125267,0.034977056086063385,0.03305602818727493,0.022316962480545044,1.0
27,unsettled,-0.033883437514305115,0.006888702977448702,0.033883437514305115,-0.030737176537513733,0.02063532918691635,0.800000011920929
27,disgusted,-0.03322051838040352,0.005226227454841137,0.03322051838040352,-0.03045330010354519,0.01569800078868866,1.0
27,mortified,-0.03185000643134117,-0.05407622829079628,0.03185000643134117,-0.030101364478468895,0.016047723591327667,1.0
27,listless,-0.03167521208524704,-0.03452597185969353,0.03167521208524704,-0.028685683384537697,0.01721988432109356,0.800000011920929
27,on edge,0.03097653016448021,0.03756655380129814,0.03097653016448021,0.030873388051986694,0.022046582773327827,1.0
27,dependent,0.030446939170360565,0.06638795882463455,0.030446939170360565,0.030915984883904457,0.02361597679555416,0.800000011920929
27,lazy,-0.030344415456056595,0.005205179564654827,0.030344415456056595,-0.027517985552549362,0.022254623472690582,0.800000011920929
27,frightened,-0.029203906655311584,-0.061691850423812866,0.029203906655311584,-0.029096102342009544,0.015883538872003555,1.0
27,amused,0.02785545215010643,-0.020388713106513023,0.02785545215010643,0.024282017722725868,0.028666172176599503,0.800000011920929
27,guilty,-0.027780506759881973,0.005024854093790054,0.027780506759881973,-0.024542057886719704,0.023106124252080917,1.0
27,surprised,-0.027527347207069397,-0.045207515358924866,0.027527347207069397,-0.02719748578965664,0.019227635115385056,0.800000011920929
27,triumphant,0.027155481278896332,0.022750373929739,0.027155481278896332,0.026281043887138367,0.02151486836373806,1.0
27,overwhelmed,-0.02703707106411457,0.011535362340509892,0.02703707106411457,-0.023687956854701042,0.022349657490849495,0.800000011920929
27,indifferent,-0.02673935517668724,-0.013295049779117107,0.02673935517668724,-0.025794407352805138,0.01939575932919979,0.800000011920929
27,grief-stricken,-0.026306027546525,0.008174577727913857,0.026306027546525,-0.024678103625774384,0.010386494919657707,1.0
27,nostalgic,0.025830570608377457,0.04494481906294823,0.025830570608377457,0.025662219151854515,0.012206374667584896,1.0
27,docile,-0.025678010657429695,0.028960486873984337,0.025678010657429695,-0.0226406492292881,0.02930697798728943,0.800000011920929
27,desperate,-0.025368204340338707,0.014182454906404018,0.025368204340338707,-0.022891396656632423,0.019492261111736298,1.0
27,alert,-0.02377954311668873,-0.04944059997797012,0.02377954311668873,-0.023346325382590294,0.019424734637141228,0.800000011920929
27,contemptuous,-0.023258095607161522,-0.031731557101011276,0.023258095607161522,-0.022627705708146095,0.0143617307767272,1.0
27,sad,-0.02319170907139778,-0.0019698841497302055,0.02319170907139778,-0.021853331476449966,0.016000937670469284,0.800000011920929
27,vibrant,0.022844552993774414,-0.026799267157912254,0.022844552993774414,0.019269566982984543,0.023174485191702843,0.800000011920929
27,scared,-0.022198151797056198,-0.038696546107530594,0.022198151797056198,-0.021589022129774094,0.011556969955563545,1.0
27,bored,0.01912790536880493,0.05429164692759514,0.01912790536880493,0.01985202357172966,0.022188086062669754,0.800000011920929
27,amazed,-0.019020983949303627,-0.025214627385139465,0.019020983949303627,-0.018447253853082657,0.008486280217766762,1.0
27,aroused,0.01885290816426277,-0.013164976611733437,0.01885290816426277,0.01716819778084755,0.006770772859454155,1.0
27,pleased,0.018582293763756752,-0.014618344604969025,0.018582293763756752,0.016261350363492966,0.016011549159884453,0.800000011920929
27,irate,0.016703007742762566,0.02849094569683075,0.016703007742762566,0.014468478038907051,0.019695522263646126,0.800000011920929
27,worn out,0.014489869587123394,0.03085627220571041,0.014489869587123394,0.014703622087836266,0.010725161992013454,1.0
27,relaxed,0.014076278544962406,0.009919196367263794,0.014076278544962406,0.012874755077064037,0.018443098291754723,0.6000000238418579
27,worthless,0.013892194256186485,0.05473792552947998,0.013892194256186485,0.013113546185195446,0.025820748880505562,0.6000000238418579
27,loving,0.012261689640581608,-0.022411035373806953,0.012261689640581608,0.009123925119638443,0.031411297619342804,0.800000011920929
27,obstinate,-0.012005392462015152,0.02840910106897354,0.012005392462015152,-0.011565745808184147,0.013873870484530926,0.800000011920929
27,horrified,-0.011871191672980785,0.02341305837035179,0.011871191672980785,-0.01145910657942295,0.012013382278382778,0.800000011920929
27,thrilled,0.010762644000351429,-0.029847944155335426,0.010762644000351429,0.008843807503581047,0.017062323167920113,0.6000000238418579
27,awestruck,-0.010005973279476166,0.024004118517041206,0.010005973279476166,-0.00833990890532732,0.01297490019351244,0.6000000238418579
27,furious,-0.00976599007844925,-0.045022912323474884,0.00976599007844925,-0.011218512430787086,0.023059476166963577,0.800000011920929
27,self-conscious,0.009680967777967453,-0.012703618966042995,0.009680967777967453,0.009223049506545067,0.021949999034404755,0.800000011920929
27,vigilant,0.009406990371644497,0.02843494899570942,0.009406990371644497,0.01070910133421421,0.01531757041811943,0.6000000238418579
27,sleepy,0.009202724322676659,0.04064450040459633,0.009202724322676659,0.010235818102955818,0.02252025529742241,0.800000011920929
27,defiant,-0.00914513599127531,0.009772490710020065,0.00914513599127531,-0.0069639356806874275,0.031538400799036026,0.800000011920929
27,sentimental,0.008377887308597565,0.002354104770347476,0.008377887308597565,0.008054363541305065,0.016231894493103027,0.6000000238418579
27,hurt,-0.007262701168656349,0.032117705792188644,0.007262701168656349,-0.005629136227071285,0.022647975012660027,0.6000000238418579
27,exasperated,0.00621710205450654,0.010846095159649849,0.00621710205450654,0.005038385279476643,0.018933216109871864,0.4000000059604645
27,stubborn,0.004424591548740864,0.039834290742874146,0.004424591548740864,0.004246626980602741,0.009733954444527626,0.4000000059604645
27,uneasy,-0.0038919534999877214,0.03201081231236458,0.0038919534999877214,-0.00128039566334337,0.023429814726114273,0.800000011920929
27,envious,0.003412309568375349,-0.010502729564905167,0.003412309568375349,0.0034624405670911074,0.01017904095351696,0.800000011920929
27,remorseful,-0.003160596126690507,0.025635676458477974,0.003160596126690507,-0.0016268056351691484,0.023418106138706207,0.20000000298023224
27,thankful,0.0017043935367837548,-0.004511820152401924,0.0017043935367837548,0.0008041106048040092,0.011378736235201359,0.6000000238418579
27,afraid,-0.001633383333683014,0.01570843532681465,0.001633383333683014,-0.0012331679463386536,0.010789633728563786,0.6000000238418579
27,vengeful,0.001433470519259572,0.03274569660425186,0.001433470519259572,0.003213439602404833,0.017052311450242996,0.4000000059604645
27,valiant,-0.0003917245485354215,-0.02903023175895214,0.0003917245485354215,-0.0010608050506561995,0.028161298483610153,0.6000000238418579
27,tense,-0.00036935630487278104,-0.045219141989946365,0.00036935630487278104,-0.0007033575093373656,0.01744641177356243,0.6000000238418579
28,delighted,0.18429847061634064,0.1501493901014328,0.18429847061634064,0.17127582430839539,0.01980636827647686,1.0
28,at ease,0.18369437754154205,0.18468675017356873,0.18369437754154205,0.17160427570343018,0.023114703595638275,1.0
28,cheerful,0.17386527359485626,0.16408877074718475,0.17386527359485626,0.16370980441570282,0.01277190912514925,1.0
28,tormented,-0.16589346528053284,-0.14185334742069244,0.16589346528053284,-0.15588164329528809,0.027640802785754204,1.0
28,spiteful,-0.14812442660331726,-0.15686485171318054,0.14812442660331726,-0.14044708013534546,0.018378760665655136,1.0
28,elated,0.14674769341945648,0.17017608880996704,0.14674769341945648,0.13827861845493317,0.01617763377726078,1.0
28,euphoric,0.13917647302150726,0.160732239484787,0.13917647302150726,0.13068166375160217,0.010771499946713448,1.0
28,refreshed,0.12880660593509674,0.15578629076480865,0.12880660593509674,0.12155304104089737,0.014182019047439098,1.0
28,content,0.12868770956993103,0.08732099086046219,0.12868770956993103,0.12103591114282608,0.011465432122349739,1.0
28,bewildered,-0.12541137635707855,-0.15507429838180542,0.12541137635707855,-0.11800085008144379,0.01801169104874134,1.0
28,infatuated,0.12365107238292694,0.11463963240385056,0.12365107238292694,0.11603919416666031,0.010794048197567463,1.0
28,stuck,-0.12067703902721405,-0.13467322289943695,0.12067703902721405,-0.11449094861745834,0.008267783559858799,1.0
28,empathetic,0.11753629893064499,0.14067111909389496,0.11753629893064499,0.11211796849966049,0.014968824572861195,1.0
28,ecstatic,0.11661837995052338,0.10673660784959793,0.11661837995052338,0.10753637552261353,0.025585955008864403,1.0
28,inspired,0.1162252202630043,0.15853291749954224,0.1162252202630043,0.10937581211328506,0.016088033095002174,1.0
28,droopy,-0.11594381183385849,-0.10643941909074783,0.11594381183385849,-0.10914285480976105,0.013870328664779663,1.0
28,sympathetic,0.11586835235357285,0.10577255487442017,0.11586835235357285,0.10695812851190567,0.02268320880830288,1.0
28,resigned,-0.11221382021903992,-0.10970903933048248,0.11221382021903992,-0.10532788187265396,0.01263024378567934,1.0
28,weary,-0.10954579710960388,-0.1268804371356964,0.10954579710960388,-0.1035226583480835,0.0053586531430482864,1.0
28,sluggish,-0.10845961421728134,-0.06142070144414902,0.10845961421728134,-0.1013491153717041,0.014602835290133953,1.0
28,excited,0.10612248629331589,0.114189513027668,0.10612248629331589,0.10003840923309326,0.019745513796806335,1.0
28,peaceful,0.10533325374126434,0.10623780637979507,0.10533325374126434,0.09946123510599136,0.013894887641072273,1.0
28,panicked,-0.1052008792757988,-0.08765403926372528,0.1052008792757988,-0.09956444799900055,0.004779938142746687,1.0
28,patient,0.10290874540805817,0.12934455275535583,0.10290874540805817,0.09845975786447525,0.02236177958548069,1.0
28,melancholy,-0.10286375880241394,-0.10815642774105072,0.10286375880241394,-0.09711593389511108,0.015232417732477188,1.0
28,depressed,-0.10274149477481842,-0.06832198798656464,0.10274149477481842,-0.09684018045663834,0.01690942794084549,1.0
28,angry,-0.10273519903421402,-0.1250557005405426,0.10273519903421402,-0.09673032909631729,0.01890493929386139,1.0
28,annoyed,-0.10211476683616638,-0.12762810289859772,0.10211476683616638,-0.09592096507549286,0.019262447953224182,1.0
28,hope,0.10138088464736938,0.10743652284145355,0.10138088464736938,0.09443153440952301,0.022241268306970596,1.0
28,satisfied,0.10127079486846924,0.12735402584075928,0.10127079486846924,0.09650607407093048,0.015561668202280998,1.0
28,hopeful,0.09859786182641983,0.06116223335266113,0.09859786182641983,0.09161190688610077,0.019239582121372223,1.0
28,disturbed,-0.09727676957845688,-0.12457197159528732,0.09727676957845688,-0.09107127040624619,0.016298657283186913,1.0
28,miserable,-0.09517116099596024,-0.06714174151420593,0.09517116099596024,-0.08843924850225449,0.021865805611014366,1.0
28,kind,0.09452942758798599,0.09602268785238266,0.09452942758798599,0.09014035761356354,0.022551311179995537,1.0
28,restless,-0.09426721930503845,-0.10320833325386047,0.09426721930503845,-0.08992527425289154,0.021923959255218506,1.0
28,grumpy,-0.09353648126125336,-0.07787173986434937,0.09353648126125336,-0.08689913898706436,0.023865384981036186,1.0
28,gloomy,-0.09341458231210709,-0.0840407982468605,0.09341458231210709,-0.08644060045480728,0.02313464693725109,1.0
28,puzzled,-0.09294751286506653,-0.1121414378285408,0.09294751286506653,-0.08813796937465668,0.0073385704308748245,1.0
28,troubled,-0.09246322512626648,-0.1038481593132019,0.09246322512626648,-0.08775065839290619,0.006956803612411022,1.0
28,irritated,-0.0921841561794281,-0.07778272777795792,0.0921841561794281,-0.0863090455532074,0.015420874580740929,1.0
28,heartbroken,-0.09177356213331223,-0.04437411203980446,0.09177356213331223,-0.08490355312824249,0.017907293513417244,1.0
28,anxious,-0.0884850025177002,-0.08349141478538513,0.0884850025177002,-0.08342577517032623,0.028926998376846313,1.0
28,blissful,0.08826266974210739,0.05318756401538849,0.08826266974210739,0.08171343803405762,0.023968243971467018,1.0
28,disoriented,-0.08689609169960022,-0.10844168066978455,0.08689609169960022,-0.08238156139850616,0.005001050885766745,1.0
28,smug,0.08674759417772293,0.11293956637382507,0.08674759417772293,0.08093966543674469,0.018829375505447388,1.0
28,dispirited,-0.08530726283788681,-0.037821248173713684,0.08530726283788681,-0.07867357134819031,0.027997678145766258,1.0
28,vulnerable,-0.08482565730810165,-0.08678112179040909,0.08482565730810165,-0.08010868728160858,0.005085144191980362,1.0
28,rejuvenated,0.08481540530920029,0.11003829538822174,0.08481540530920029,0.08139928430318832,0.022306641563773155,1.0
28,scornful,-0.08397504687309265,-0.09540747851133347,0.08397504687309265,-0.0796603411436081,0.010703076608479023,1.0
28,unnerved,-0.08336680382490158,-0.07015815377235413,0.08336680382490158,-0.07697457820177078,0.02113969251513481,1.0
28,suspicious,-0.08183295279741287,-0.09332725405693054,0.08183295279741287,-0.07649063318967819,0.009585130959749222,1.0
28,frustrated,-0.08005749434232712,-0.09991217404603958,0.08005749434232712,-0.07607513666152954,0.008237769827246666,1.0
28,safe,0.07994842529296875,0.11211097240447998,0.07994842529296875,0.0775422602891922,0.033328428864479065,1.0
28,enthusiastic,0.07895135879516602,0.10365621000528336,0.07895135879516602,0.07468806207180023,0.016810912638902664,1.0
28,compassionate,0.07747862488031387,0.07590129226446152,0.07747862488031387,0.07283681631088257,0.02753666788339615,1.0
28,optimistic,0.07714247703552246,0.015800591558218002,0.07714247703552246,0.06939760595560074,0.04171181470155716,1.0
28,tired,-0.07665455341339111,-0.031766511499881744,0.07665455341339111,-0.07187145948410034,0.009488839656114578,1.0
28,hostile,-0.07536906003952026,-0.07846319675445557,0.07536906003952026,-0.07190805673599243,0.011225839145481586,1.0
28,ashamed,0.07464472949504852,0.04572505131363869,0.07464472949504852,0.06984500586986542,0.02396450750529766,1.0
28,resentful,-0.07384590059518814,-0.03983854874968529,0.07384590059518814,-0.06965474039316177,0.017117327079176903,1.0
28,happy,0.07351271063089371,0.025114018470048904,0.07351271063089371,0.0694231167435646,0.007853161543607712,1.0
28,stressed,-0.0731906071305275,-0.08227647840976715,0.0731906071305275,-0.07033306360244751,0.012436346150934696,1.0
28,offended,-0.07286199182271957,-0.090077705681324,0.07286199182271957,-0.06920047849416733,0.005700175184756517,1.0
28,skeptical,-0.07208136469125748,-0.09763509780168533,0.07208136469125748,-0.06906525790691376,0.01858525536954403,1.0
28,joyful,0.07148133218288422,0.016054414212703705,0.07148133218288422,0.06590525805950165,0.014023262076079845,1.0
28,mad,-0.07142654061317444,-0.037183839827775955,0.07142654061317444,-0.06660450994968414,0.013082562014460564,1.0
28,hateful,-0.07130851596593857,-0.013175017200410366,0.07130851596593857,-0.06525976955890656,0.02716841921210289,1.0
28,exuberant,0.07102519273757935,0.07236865907907486,0.07102519273757935,0.06665656715631485,0.005947315599769354,1.0
28,worried,-0.06983353197574615,-0.04256129637360573,0.06983353197574615,-0.06480619311332703,0.022721432149410248,1.0
28,sensitive,0.06949261575937271,0.08715400844812393,0.06949261575937271,0.06611640006303787,0.030634017661213875,1.0
28,jubilant,0.06627018004655838,0.08902672678232193,0.06627018004655838,0.06256820261478424,0.016074039041996002,1.0
28,greedy,0.06618711352348328,0.09789640456438065,0.06618711352348328,0.06243617460131645,0.014306856319308281,1.0
28,perplexed,0.06561192125082016,0.07809378951787949,0.06561192125082016,0.06200258061289787,0.016148284077644348,1.0
28,stimulated,0.0654766634106636,0.02613111585378647,0.0654766634106636,0.06037256866693497,0.024150634184479713,1.0
28,relieved,0.06451693177223206,0.08702930063009262,0.06451693177223206,0.0600685253739357,0.018974067643284798,1.0
28,bitter,0.06365049630403519,0.07593251019716263,0.06365049630403519,0.06044550985097885,0.009088542312383652,1.0
28,grateful,0.06361285597085953,0.061831630766391754,0.06361285597085953,0.05914343148469925,0.019315028563141823,1.0
28,dumbstruck,-0.06317000091075897,-0.08489294350147247,0.06317000091075897,-0.06166619062423706,0.01876826398074627,1.0
28,trapped,-0.06212640553712845,-0.07137284427881241,0.06212640553712845,-0.058306287974119186,0.008003858849406242,1.0
28,serene,0.06063838303089142,0.08760342746973038,0.06063838303089142,0.058725155889987946,0.01808461919426918,1.0
28,fulfilled,0.06003382429480553,0.003611616790294647,0.06003382429480553,0.05593528598546982,0.014758039265871048,1.0
28,disdainful,0.05916059762239456,0.07879789173603058,0.05916059762239456,0.05681484937667847,0.010059327818453312,1.0
28,sorry,0.05874152481555939,0.07329244911670685,0.05874152481555939,0.05616288632154465,0.009004652500152588,1.0
28,astonished,-0.058553099632263184,-0.06641675531864166,0.058553099632263184,-0.053376685827970505,0.021933680400252342,1.0
28,upset,-0.058499667793512344,-0.026072908192873,0.058499667793512344,-0.05451306700706482,0.005520906765013933,1.0
28,eager,-0.05787057429552078,-0.08305251598358154,0.05787057429552078,-0.05463925004005432,0.010073908604681492,1.0
28,rattled,0.05624235421419144,0.04377534240484238,0.05624235421419144,0.052470140159130096,0.0235424917191267,1.0
28,invigorated,0.0552859865128994,0.08513675630092621,0.0552859865128994,0.05161913484334946,0.020328542217612267,1.0
28,proud,0.05469571053981781,0.09899871051311493,0.05469571053981781,0.05150001496076584,0.019763730466365814,1.0
28,self-critical,0.054673392325639725,0.0186855997890234,0.054673392325639725,0.05032702535390854,0.014716657809913158,1.0
28,vindictive,-0.05463816598057747,-0.024064991623163223,0.05463816598057747,-0.05197753757238388,0.015058173798024654,1.0
28,distressed,-0.05217656493186951,-0.025701360777020454,0.05217656493186951,-0.048590246587991714,0.022361373528838158,1.0
28,insulted,0.05173167958855629,0.0677928701043129,0.05173167958855629,0.04981514811515808,0.013298938050866127,1.0
28,enraged,-0.05158849060535431,-0.04515974596142769,0.05158849060535431,-0.04804424196481705,0.012026098556816578,1.0
28,brooding,-0.051208868622779846,0.006465481128543615,0.051208868622779846,-0.04587040841579437,0.028622135519981384,1.0
28,lonely,-0.05036775395274162,0.003149298019707203,0.05036775395274162,-0.04503551125526428,0.023799359798431396,1.0
28,indignant,-0.0493050254881382,-0.06481587141752243,0.0493050254881382,-0.04874361306428909,0.03132546693086624,0.800000011920929
28,embarrassed,0.04745073989033699,0.06818797439336777,0.04745073989033699,0.04597318917512894,0.013315725140273571,1.0
28,shaken,-0.043593522161245346,-0.04813661798834801,0.043593522161245346,-0.04042096063494682,0.014665726572275162,1.0
28,self-confident,0.04346026852726936,-0.007622193079441786,0.04346026852726936,0.03920649737119675,0.016974592581391335,1.0
28,paranoid,-0.04275898635387421,-0.08079501241445541,0.04275898635387421,-0.04106185957789421,0.012533825822174549,1.0
28,unhappy,-0.04248470813035965,-0.029324548318982124,0.04248470813035965,-0.038313157856464386,0.027555139735341072,1.0
28,alarmed,-0.0421302430331707,-0.04544733464717865,0.0421302430331707,-0.04098566249012947,0.026011431589722633,1.0
28,energized,0.041004110127687454,0.013985482975840569,0.041004110127687454,0.03874964639544487,0.005149104632437229,1.0
28,listless,-0.0400499626994133,-0.04486159607768059,0.0400499626994133,-0.036696724593639374,0.015643928200006485,1.0
28,mystified,-0.03998836129903793,-0.06029455363750458,0.03998836129903793,-0.0392506942152977,0.017224550247192383,1.0
28,nervous,-0.03985128924250603,-0.09159336239099503,0.03985128924250603,-0.03777856007218361,0.02755359560251236,1.0
28,shocked,-0.039582762867212296,-0.06984226405620575,0.039582762867212296,-0.03753399848937988,0.011199290864169598,1.0
28,playful,0.03926057741045952,-0.009126439690589905,0.03926057741045952,0.03569047152996063,0.013569178059697151,1.0
28,unsettled,-0.0391710139811039,0.0033174448180943727,0.0391710139811039,-0.0354924276471138,0.021560003980994225,0.800000011920929
28,impatient,0.039011143147945404,0.04909800365567207,0.039011143147945404,0.03776003047823906,0.011349648237228394,1.0
28,jealous,-0.03898543864488602,-0.05230993032455444,0.03898543864488602,-0.0370914526283741,0.019261397421360016,1.0
28,grief-stricken,-0.037796273827552795,-0.0008256073342636228,0.037796273827552795,-0.03536856174468994,0.008930190466344357,1.0
28,disgusted,-0.03680243715643883,0.0006709673907607794,0.03680243715643883,-0.03375261276960373,0.01495039090514183,1.0
28,docile,-0.036491215229034424,0.02285636030137539,0.036491215229034424,-0.03268568962812424,0.029089147225022316,1.0
28,outraged,-0.03488119691610336,-0.052017346024513245,0.03488119691610336,-0.03268326446413994,0.009220045991241932,1.0
28,terrified,-0.03343309089541435,-0.07002530992031097,0.03343309089541435,-0.030151182785630226,0.01396726630628109,1.0
28,sullen,-0.0334310382604599,-0.057487111538648605,0.0334310382604599,-0.032127946615219116,0.006497764028608799,1.0
28,regretful,0.0330013744533062,0.06342045962810516,0.0330013744533062,0.03258243575692177,0.018334323540329933,1.0
28,indifferent,-0.03283568471670151,-0.018439820036292076,0.03283568471670151,-0.03153964504599571,0.019657135009765625,0.800000011920929
28,reflective,-0.03281916677951813,-0.043327171355485916,0.03281916677951813,-0.03025396168231964,0.020666001364588737,0.800000011920929
28,hysterical,0.03181504085659981,0.06730197370052338,0.03181504085659981,0.030226722359657288,0.02194858528673649,1.0
28,vibrant,0.030683711171150208,-0.022355375811457634,0.030683711171150208,0.02639787830412388,0.024432839825749397,0.800000011920929
28,dependent,0.030615266412496567,0.06926099210977554,0.030615266412496567,0.03112984262406826,0.023890281096100807,0.800000011920929
28,desperate,-0.030609996989369392,0.011190938763320446,0.030609996989369392,-0.027611922472715378,0.019786452874541283,1.0
28,humiliated,-0.030454937368631363,-0.004829155746847391,0.030454937368631363,-0.028182003647089005,0.027412230148911476,0.800000011920929
28,amused,0.030321724712848663,-0.019503673538565636,0.030321724712848663,0.02636473998427391,0.029719378799200058,0.800000011920929
28,overwhelmed,-0.030101967975497246,0.009979947470128536,0.030101967975497246,-0.02635251358151436,0.0234780665487051,0.800000011920929
28,amazed,-0.029023759067058563,-0.03407982364296913,0.029023759067058563,-0.02799157425761223,0.008859395980834961,1.0
28,sad,-0.028901970013976097,-0.00862827431410551,0.028901970013976097,-0.02694367803633213,0.016151104122400284,1.0
28,lazy,-0.028431709855794907,0.008333535864949226,0.028431709855794907,-0.025443021208047867,0.02302650175988674,0.800000011920929
28,calm,0.02761702798306942,0.058766961097717285,0.02761702798306942,0.027744656428694725,0.022255802527070045,0.800000011920929
28,guilty,-0.0275633092969656,0.006087660789489746,0.0275633092969656,-0.02444656752049923,0.02151387929916382,1.0
28,aroused,0.0272273737937212,-0.0057086884044110775,0.0272273737937212,0.024820411577820778,0.009178295731544495,1.0
28,on edge,0.02721976675093174,0.031753603368997574,0.02721976675093174,0.027389461174607277,0.022289296612143517,1.0
28,mortified,-0.02504861354827881,-0.05049541965126991,0.02504861354827881,-0.023698125034570694,0.014757141470909119,1.0
28,scared,-0.0229487344622612,-0.03908170759677887,0.0229487344622612,-0.02232239581644535,0.011933169327676296,1.0
28,triumphant,0.02273791842162609,0.021335918456315994,0.02273791842162609,0.021875277161598206,0.020922377705574036,0.800000011920929
28,self-conscious,0.02142537198960781,-0.0032461355440318584,0.02142537198960781,0.020265094935894012,0.021409044042229652,0.800000011920929
28,alert,-0.02122758887708187,-0.04734437167644501,0.02122758887708187,-0.021013131365180016,0.019258838146924973,0.800000011920929
28,irate,0.020891321823000908,0.028963660821318626,0.020891321823000908,0.018606796860694885,0.019041189923882484,0.800000011920929
28,awestruck,-0.02029498480260372,0.01720469631254673,0.02029498480260372,-0.017948169261217117,0.013013332150876522,1.0
28,frightened,-0.018890254199504852,-0.05456738546490669,0.018890254199504852,-0.019441764801740646,0.015812525525689125,0.800000011920929
28,loving,0.0176144577562809,-0.02098076604306698,0.0176144577562809,0.01408090628683567,0.0314788781106472,0.800000011920929
28,pleased,0.017486725002527237,-0.01583547703921795,0.017486725002527237,0.015007227659225464,0.017366928979754448,0.800000011920929
28,nostalgic,0.01717432402074337,0.039089273661375046,0.01717432402074337,0.01761089265346527,0.013874789699912071,0.800000011920929
28,horrified,-0.015555888414382935,0.019883541390299797,0.015555888414382935,-0.014800546690821648,0.01160713192075491,1.0
28,bored,0.015330873429775238,0.054005227982997894,0.015330873429775238,0.016449138522148132,0.02264665812253952,0.800000011920929
28,contemptuous,-0.01502644456923008,-0.02574929967522621,0.01502644456923008,-0.01472039707005024,0.014357093721628189,0.800000011920929
28,obstinate,-0.013751056045293808,0.027197537943720818,0.013751056045293808,-0.012940200977027416,0.013300718739628792,0.800000011920929
28,surprised,-0.012682477943599224,-0.03375484049320221,0.012682477943599224,-0.013357940129935741,0.020502418279647827,0.800000011920929
28,worthless,0.012360461987555027,0.05662940442562103,0.012360461987555027,0.011835483834147453,0.02597884275019169,0.6000000238418579
28,exasperated,0.010229364037513733,0.012039294466376305,0.010229364037513733,0.008912483230233192,0.018266383558511734,0.4000000059604645
28,thrilled,0.00807751901447773,-0.03207448497414589,0.00807751901447773,0.00610982533544302,0.017530623823404312,0.4000000059604645
28,defiant,-0.007165407761931419,0.013757985085248947,0.007165407761931419,-0.004980018362402916,0.030828578397631645,0.800000011920929
28,uneasy,-0.006891121622174978,0.031879570335149765,0.006891121622174978,-0.004038926213979721,0.02509639970958233,0.800000011920929
28,sleepy,0.006767193786799908,0.03903921693563461,0.006767193786799908,0.007937725633382797,0.022083083167672157,0.800000011920929
28,tense,0.006379419472068548,-0.04277913272380829,0.006379419472068548,0.005658604204654694,0.01618012972176075,0.6000000238418579
28,envious,0.006187882740050554,-0.006473125424236059,0.006187882740050554,0.006137799005955458,0.009528756141662598,0.800000011920929
28,thankful,0.0059541501104831696,0.0026197065599262714,0.0059541501104831696,0.004961247555911541,0.010846596211194992,0.6000000238418579
28,sentimental,0.005670611746609211,-0.00150122435297817,0.005670611746609211,0.005353366024792194,0.015780208632349968,0.6000000238418579
28,relaxed,0.00538676930591464,0.00271977880038321,0.00538676930591464,0.0047065517865121365,0.019305111840367317,0.4000000059604645
28,vigilant,0.005058417096734047,0.024753550067543983,0.005058417096734047,0.006775225512683392,0.01664844900369644,0.6000000238418579
28,stubborn,0.004890653304755688,0.03939658775925636,0.004890653304755688,0.005017150193452835,0.011395571753382683,0.6000000238418579
28,worn out,0.004882055800408125,0.020938696339726448,0.004882055800408125,0.005664001684635878,0.011283314786851406,0.6000000238418579
28,hurt,-0.003741129534319043,0.0353766605257988,0.003741129534319043,-0.002135282149538398,0.022600477561354637,0.6000000238418579
28,afraid,0.0033528113272041082,0.02204003371298313,0.0033528113272041082,0.0035216971300542355,0.010295377112925053,0.6000000238418579
28,valiant,0.0027958096470683813,-0.027724487707018852,0.0027958096470683813,0.00164591777138412,0.028481705114245415,0.4000000059604645
28,furious,0.001564027857966721,-0.038796696811914444,0.001564027857966721,-0.0006907765055075288,0.02409743331372738,0.4000000059604645
28,vengeful,-0.0009164290386252105,0.03239967301487923,0.0009164290386252105,0.0011945288861170411,0.018524974584579468,0.6000000238418579
28,remorseful,-0.00024256852339021862,0.030565505847334862,0.00024256852339021862,0.001350589096546173,0.023853523656725883,0.20000000298023224
29,delighted,0.18495707213878632,0.1565774530172348,0.18495707213878632,0.17194032669067383,0.018269632011651993,1.0
29,at ease,0.18442408740520477,0.18421334028244019,0.18442408740520477,0.17231027781963348,0.022737622261047363,1.0
29,cheerful,0.17381234467029572,0.1680517941713333,0.17381234467029572,0.16368675231933594,0.012563762255012989,1.0
29,tormented,-0.1680106222629547,-0.1462336927652359,0.1680106222629547,-0.15778887271881104,0.027187529951334,1.0
29,elated,0.14731872081756592,0.16682057082653046,0.14731872081756592,0.13897423446178436,0.01640183851122856,1.0
29,spiteful,-0.14383764564990997,-0.15122634172439575,0.14383764564990997,-0.13643479347229004,0.019445860758423805,1.0
29,euphoric,0.14003190398216248,0.16275569796562195,0.14003190398216248,0.13157540559768677,0.011266963556408882,1.0
29,content,0.1308630257844925,0.0932537168264389,0.1308630257844925,0.12296819686889648,0.0113233532756567,1.0
29,bewildered,-0.12694789469242096,-0.15283945202827454,0.12694789469242096,-0.11947628110647202,0.01832832582294941,1.0
29,refreshed,0.1258455365896225,0.14566539227962494,0.1258455365896225,0.11888140439987183,0.014948119409382343,1.0
29,infatuated,0.12396235764026642,0.11523977667093277,0.12396235764026642,0.11637028306722641,0.011112544685602188,1.0
29,stuck,-0.11937691271305084,-0.12975360453128815,0.11937691271305084,-0.11334472894668579,0.00951158907264471,1.0
29,droopy,-0.118146151304245,-0.10429932177066803,0.118146151304245,-0.1112578883767128,0.013667496852576733,1.0
29,sympathetic,0.11754153668880463,0.10931602120399475,0.11754153668880463,0.10861799865961075,0.021061819046735764,1.0
29,ecstatic,0.11688369512557983,0.11378910392522812,0.11688369512557983,0.10797037184238434,0.023136969655752182,1.0
29,empathetic,0.11601084470748901,0.135146364569664,0.11601084470748901,0.11070217937231064,0.016137292608618736,1.0
29,resigned,-0.1153683140873909,-0.110410675406456,0.1153683140873909,-0.10830678045749664,0.013209274038672447,1.0
29,inspired,0.1133175864815712,0.14975057542324066,0.1133175864815712,0.10670731961727142,0.013637064024806023,1.0
29,sluggish,-0.11110754311084747,-0.06562000513076782,0.11110754311084747,-0.1037353053689003,0.014897470362484455,1.0
29,weary,-0.10983400046825409,-0.12148119509220123,0.10983400046825409,-0.10376469790935516,0.005533270537853241,1.0
29,melancholy,-0.10617107897996902,-0.10776928812265396,0.10617107897996902,-0.10021551698446274,0.016128532588481903,1.0
29,excited,0.10608557611703873,0.11550460010766983,0.10608557611703873,0.10008852183818817,0.020709747448563576,1.0
29,depressed,-0.10525701940059662,-0.07356343418359756,0.10525701940059662,-0.09914065897464752,0.01788756251335144,1.0
29,angry,-0.10385304689407349,-0.12400949001312256,0.10385304689407349,-0.09779246151447296,0.019256751984357834,1.0
29,satisfied,0.10338564217090607,0.1278727650642395,0.10338564217090607,0.09841669350862503,0.015326430089771748,1.0
29,patient,0.1032077968120575,0.12184354662895203,0.1032077968120575,0.09876703470945358,0.02203589491546154,1.0
29,hope,0.10223357379436493,0.1096821278333664,0.10223357379436493,0.09528712928295135,0.021298186853528023,1.0
29,annoyed,-0.10108178108930588,-0.12193296104669571,0.10108178108930588,-0.09495513141155243,0.019947143271565437,1.0
29,panicked,-0.10057998448610306,-0.08287064731121063,0.10057998448610306,-0.09515757113695145,0.004477809648960829,1.0
29,peaceful,0.10019056499004364,0.10120673477649689,0.10019056499004364,0.09465149790048599,0.014612903818488121,1.0
29,hopeful,0.09896260499954224,0.06268448382616043,0.09896260499954224,0.09207529574632645,0.018763964995741844,1.0
29,grumpy,-0.09815813601016998,-0.08896969258785248,0.09815813601016998,-0.09133532643318176,0.02259938046336174,1.0
29,gloomy,-0.09594237059354782,-0.08814976364374161,0.09594237059354782,-0.0887063592672348,0.022829389199614525,1.0
29,puzzled,-0.09571313858032227,-0.10692116618156433,0.09571313858032227,-0.09076398611068726,0.007225134875625372,1.0
29,disturbed,-0.09458328783512115,-0.1190357357263565,0.09458328783512115,-0.08870404958724976,0.01648821495473385,1.0
29,miserable,-0.09452769160270691,-0.06736519932746887,0.09452769160270691,-0.08784879744052887,0.022362256422638893,1.0
29,kind,0.0943092331290245,0.0934186801314354,0.0943092331290245,0.08994762599468231,0.023772547021508217,1.0
29,heartbroken,-0.09382156282663345,-0.04648717865347862,0.09382156282663345,-0.08679085969924927,0.018501443788409233,1.0
29,restless,-0.09238965064287186,-0.0977536141872406,0.09238965064287186,-0.08818086236715317,0.02182576432824135,1.0
29,troubled,-0.0923750028014183,-0.10086243599653244,0.0923750028014183,-0.08779294788837433,0.009336523711681366,1.0
29,anxious,-0.09020408987998962,-0.08747861534357071,0.09020408987998962,-0.08509707450866699,0.027443870902061462,1.0
29,scornful,-0.08851723372936249,-0.09597750753164291,0.08851723372936249,-0.08396190404891968,0.011474302969872952,1.0
29,irritated,-0.08838456124067307,-0.07604297250509262,0.08838456124067307,-0.08278067409992218,0.01744742877781391,1.0
29,dispirited,-0.08763407915830612,-0.039715640246868134,0.08763407915830612,-0.08088220655918121,0.02872665971517563,1.0
29,disoriented,-0.08752298355102539,-0.1066257655620575,0.08752298355102539,-0.08299465477466583,0.005383024457842112,1.0
29,smug,0.08749464154243469,0.11204478144645691,0.08749464154243469,0.08163197338581085,0.01746942847967148,1.0
29,vulnerable,-0.08668096363544464,-0.08673002570867538,0.08668096363544464,-0.08188443630933762,0.006519192364066839,1.0
29,blissful,0.08528834581375122,0.05433893948793411,0.08528834581375122,0.07890231907367706,0.023979833349585533,1.0
29,rejuvenated,0.08435491472482681,0.1058112233877182,0.08435491472482681,0.08108075708150864,0.023403938859701157,1.0
29,unnerved,-0.08310773223638535,-0.07335057854652405,0.08310773223638535,-0.07679614424705505,0.01949447952210903,1.0
29,suspicious,-0.08210241049528122,-0.09011387079954147,0.08210241049528122,-0.0768398866057396,0.008963080123066902,1.0
29,frustrated,-0.07961107790470123,-0.09401615709066391,0.07961107790470123,-0.07558843493461609,0.008382322266697884,1.0
29,enthusiastic,0.07930199801921844,0.10299516469240189,0.07930199801921844,0.07517805695533752,0.01712229661643505,1.0
29,compassionate,0.07832898944616318,0.07755568623542786,0.07832898944616318,0.0735308825969696,0.028241530060768127,1.0
29,optimistic,0.07816551625728607,0.02261616475880146,0.07816551625728607,0.07035189121961594,0.04090944305062294,1.0
29,ashamed,0.07774145156145096,0.04790126904845238,0.07774145156145096,0.07261587679386139,0.024381818249821663,1.0
29,safe,0.07661616802215576,0.10236217826604843,0.07661616802215576,0.0744348019361496,0.03297010436654091,1.0
29,tired,-0.07653076946735382,-0.03305684030056,0.07653076946735382,-0.07179345190525055,0.009356227703392506,1.0
29,hateful,-0.07556703686714172,-0.02275562472641468,0.07556703686714172,-0.06922236829996109,0.026629919186234474,1.0
29,hostile,-0.0745055228471756,-0.07571499049663544,0.0745055228471756,-0.0711943507194519,0.011512902565300465,1.0
29,offended,-0.07433397322893143,-0.08779587596654892,0.07433397322893143,-0.07061813771724701,0.007178674452006817,1.0
29,happy,0.07380546629428864,0.03144186735153198,0.07380546629428864,0.06974983960390091,0.006989168468862772,1.0
29,stressed,-0.07356094568967819,-0.07912500947713852,0.07356094568967819,-0.07072538882493973,0.012805275619029999,1.0
29,mad,-0.07317543774843216,-0.043009355664253235,0.07317543774843216,-0.06823249161243439,0.012294936925172806,1.0
29,skeptical,-0.07271336019039154,-0.09520307928323746,0.07271336019039154,-0.06965956836938858,0.018288705497980118,1.0
29,resentful,-0.07264640927314758,-0.04169150069355965,0.07264640927314758,-0.06855621188879013,0.017360197380185127,1.0
29,sensitive,0.07075881212949753,0.08650588244199753,0.07075881212949753,0.06739293038845062,0.031362250447273254,1.0
29,joyful,0.07033231854438782,0.019365616142749786,0.07033231854438782,0.06484086811542511,0.013317806646227837,1.0
29,worried,-0.06876447051763535,-0.04568815603852272,0.06876447051763535,-0.06378911435604095,0.02164985053241253,1.0
29,exuberant,0.0686127245426178,0.06990319490432739,0.0686127245426178,0.0643700435757637,0.005635404027998447,1.0
29,perplexed,0.06828223913908005,0.07401266694068909,0.06828223913908005,0.06451302021741867,0.01822381094098091,1.0
29,stimulated,0.06714441627264023,0.031822334975004196,0.06714441627264023,0.06194009259343147,0.02488752081990242,1.0
29,bitter,0.06710370630025864,0.07243050634860992,0.06710370630025864,0.06368843466043472,0.009473168291151524,1.0
29,dumbstruck,-0.06536875665187836,-0.08055201917886734,0.06536875665187836,-0.06360678374767303,0.01768403872847557,1.0
29,grateful,0.06533505022525787,0.062449291348457336,0.06533505022525787,0.06064453721046448,0.019843118265271187,1.0
29,jubilant,0.06521628051996231,0.08237084746360779,0.06521628051996231,0.061643533408641815,0.013791929930448532,1.0
29,relieved,0.0648016557097435,0.08524895459413528,0.0648016557097435,0.06034109741449356,0.018661560490727425,1.0
29,trapped,-0.06449173390865326,-0.07573018223047256,0.06449173390865326,-0.06061949580907822,0.0072577400133013725,1.0
29,greedy,0.06416630744934082,0.08820836991071701,0.06416630744934082,0.06053175777196884,0.01655285805463791,1.0
29,fulfilled,0.06164107099175453,0.011133482679724693,0.06164107099175453,0.05750004202127457,0.01288510486483574,1.0
29,rattled,0.06081463769078255,0.05175464227795601,0.06081463769078255,0.05661877989768982,0.022229600697755814,1.0
29,serene,0.06076275557279587,0.08603531867265701,0.06076275557279587,0.05893385410308838,0.019830768927931786,1.0
29,sorry,0.05961025133728981,0.06943313032388687,0.05961025133728981,0.05702472850680351,0.009787012822926044,1.0
29,disdainful,0.059608589857816696,0.07465952634811401,0.059608589857816696,0.0570453479886055,0.00856788083910942,1.0
29,astonished,-0.058296192437410355,-0.06431085616350174,0.058296192437410355,-0.053026676177978516,0.022072451189160347,1.0
29,invigorated,0.05684778839349747,0.08366972208023071,0.05684778839349747,0.05323511362075806,0.019473690539598465,1.0
29,enraged,-0.056832946836948395,-0.05266827344894409,0.056832946836948395,-0.052901290357112885,0.012629712000489235,1.0
29,eager,-0.05634825676679611,-0.07720129936933517,0.05634825676679611,-0.05315542221069336,0.009933263063430786,1.0
29,vindictive,-0.053946904838085175,-0.025794755667448044,0.053946904838085175,-0.051296960562467575,0.015868261456489563,1.0
29,upset,-0.0533909797668457,-0.023674864321947098,0.0533909797668457,-0.049673646688461304,0.005773300305008888,1.0
29,brooding,-0.052555933594703674,0.0005612378008663654,0.052555933594703674,-0.04698823764920235,0.028959842398762703,1.0
29,self-critical,0.051593031734228134,0.016938315704464912,0.051593031734228134,0.04743645340204239,0.014247874729335308,1.0
29,lonely,-0.05098751187324524,-0.0012234679888933897,0.05098751187324524,-0.045559100806713104,0.024494612589478493,1.0
29,proud,0.05072656273841858,0.08792946487665176,0.05072656273841858,0.04791618511080742,0.01665879599750042,1.0
29,distressed,-0.05071225017309189,-0.02489788644015789,0.05071225017309189,-0.047128450125455856,0.023249441757798195,1.0
29,insulted,0.04911983758211136,0.061791740357875824,0.04911983758211136,0.047219280153512955,0.011983741074800491,1.0
29,indignant,-0.047666605561971664,-0.061292216181755066,0.047666605561971664,-0.047182951122522354,0.031160926446318626,0.800000011920929
29,embarrassed,0.047376468777656555,0.0669383630156517,0.047376468777656555,0.045869313180446625,0.013548172079026699,1.0
29,shaken,-0.04439006745815277,-0.04900754988193512,0.04439006745815277,-0.04114949330687523,0.014589936472475529,1.0
29,self-confident,0.04322940483689308,-0.0040621343068778515,0.04322940483689308,0.038935765624046326,0.01700308732688427,1.0
29,alarmed,-0.04315037280321121,-0.04505528509616852,0.04315037280321121,-0.04187875986099243,0.02623474784195423,1.0
29,unhappy,-0.042586855590343475,-0.03474901244044304,0.042586855590343475,-0.038439445197582245,0.026552507653832436,1.0
29,impatient,0.04188809543848038,0.05127803236246109,0.04188809543848038,0.040579162538051605,0.012286475859582424,1.0
29,unsettled,-0.04167092964053154,-0.004899562336504459,0.04167092964053154,-0.037735335528850555,0.020563136786222458,0.800000011920929
29,paranoid,-0.04082198441028595,-0.07784377783536911,0.04082198441028595,-0.03934914991259575,0.01274362113326788,1.0
29,listless,-0.04027116671204567,-0.03939055651426315,0.04027116671204567,-0.03688335791230202,0.014875841327011585,1.0
29,mystified,-0.04011169821023941,-0.056697722524404526,0.04011169821023941,-0.03936358913779259,0.016947071999311447,1.0
29,shocked,-0.04007161408662796,-0.0664646103978157,0.04007161408662796,-0.037999946624040604,0.011406771838665009,1.0
29,playful,0.03967077285051346,-0.006254702806472778,0.03967077285051346,0.03607488423585892,0.013128899969160557,1.0
29,energized,0.039420031011104584,0.01440922450274229,0.039420031011104584,0.03725291043519974,0.004484502598643303,1.0
29,grief-stricken,-0.03907356411218643,-0.0011685708304867148,0.03907356411218643,-0.03640756383538246,0.009883828461170197,1.0
29,reflective,-0.03839726746082306,-0.05057743936777115,0.03839726746082306,-0.035500988364219666,0.019439546391367912,1.0
29,nervous,-0.0376540943980217,-0.0813644751906395,0.0376540943980217,-0.03572811186313629,0.026458926498889923,1.0
29,hysterical,0.036979664117097855,0.06432168930768967,0.036979664117097855,0.03503652662038803,0.02134953811764717,1.0
29,sullen,-0.036788005381822586,-0.058798979967832565,0.036788005381822586,-0.03525051474571228,0.007230302784591913,1.0
29,jealous,-0.03637198731303215,-0.04624328762292862,0.03637198731303215,-0.034682419151067734,0.019253848120570183,1.0
29,disgusted,-0.036360159516334534,0.00017376811592839658,0.036360159516334534,-0.03326999768614769,0.014505001716315746,1.0
29,docile,-0.03566757217049599,0.018555985763669014,0.03566757217049599,-0.03191695362329483,0.029802095144987106,1.0
29,overwhelmed,-0.034356489777565,0.0009177913889288902,0.034356489777565,-0.030353635549545288,0.022418253123760223,0.800000011920929
29,desperate,-0.03423444926738739,0.005545773543417454,0.03423444926738739,-0.030956674367189407,0.019835883751511574,1.0
29,amused,0.03351224586367607,-0.010966428555548191,0.03351224586367607,0.029309317469596863,0.029107514768838882,0.800000011920929
29,regretful,0.03319758176803589,0.05851217359304428,0.03319758176803589,0.03269010782241821,0.018622584640979767,1.0
29,vibrant,0.03245268389582634,-0.015407344326376915,0.03245268389582634,0.02805524505674839,0.023936014622449875,0.800000011920929
29,guilty,-0.031538184732198715,-0.0004068315902259201,0.031538184732198715,-0.028196629136800766,0.021423043683171272,1.0
29,humiliated,-0.030811477452516556,-0.006926627829670906,0.030811477452516556,-0.028599772602319717,0.028718268498778343,0.800000011920929
29,indifferent,-0.030702173709869385,-0.02260529436171055,0.030702173709869385,-0.02954348921775818,0.02171490713953972,0.800000011920929
29,on edge,0.03051931783556938,0.03202848881483078,0.03051931783556938,0.030363628640770912,0.02195041812956333,1.0
29,dependent,0.030337797477841377,0.06324154883623123,0.030337797477841377,0.030865157023072243,0.02374693751335144,0.800000011920929
29,outraged,-0.029837891459465027,-0.039695270359516144,0.029837891459465027,-0.028121765702962875,0.007771668490022421,1.0
29,terrified,-0.029632722958922386,-0.06316910684108734,0.029632722958922386,-0.02659318409860134,0.012552086263895035,1.0
29,lazy,-0.028576916083693504,0.0048559242859482765,0.028576916083693504,-0.025710532441735268,0.021073592826724052,0.800000011920929
29,amazed,-0.028463810682296753,-0.029618214815855026,0.028463810682296753,-0.027370581403374672,0.008962729014456272,1.0
29,aroused,0.027720538899302483,-0.005064566619694233,0.027720538899302483,0.02517130970954895,0.009506371803581715,1.0
29,sad,-0.025558775290846825,-0.008945434354245663,0.025558775290846825,-0.023881271481513977,0.015237732790410519,1.0
29,irate,0.023573284968733788,0.02549026533961296,0.023573284968733788,0.02106068655848503,0.019672969356179237,1.0
29,alert,-0.023547278717160225,-0.04590712860226631,0.023547278717160225,-0.023108983412384987,0.018980519846081734,0.800000011920929
29,mortified,-0.02270355261862278,-0.04621954262256622,0.02270355261862278,-0.021586691960692406,0.013465771451592445,1.0
29,self-conscious,0.02244398184120655,0.0007953658350743353,0.02244398184120655,0.02118745632469654,0.02155034802854061,0.800000011920929
29,calm,0.022206608206033707,0.04792417213320732,0.022206608206033707,0.022706884890794754,0.021619535982608795,0.800000011920929
29,triumphant,0.022046608850359917,0.01881543919444084,0.022046608850359917,0.02112666144967079,0.020659690722823143,0.800000011920929
29,loving,0.020894363522529602,-0.009276804514229298,0.020894363522529602,0.01718050241470337,0.03098328411579132,0.800000011920929
29,awestruck,-0.02059268020093441,0.01541848573833704,0.02059268020093441,-0.018211152404546738,0.013811911456286907,1.0
29,frightened,-0.020028937608003616,-0.0504252053797245,0.020028937608003616,-0.020567405968904495,0.016096431761980057,0.800000011920929
29,scared,-0.019978251308202744,-0.03567494451999664,0.019978251308202744,-0.01944551430642605,0.011339083313941956,1.0
29,pleased,0.019864467903971672,-0.008542013354599476,0.019864467903971672,0.01730101928114891,0.015483161434531212,0.800000011920929
29,nostalgic,0.019127825275063515,0.03711646795272827,0.019127825275063515,0.019471127539873123,0.014614559710025787,0.800000011920929
29,bored,0.016886644065380096,0.05291648209095001,0.016886644065380096,0.01794845424592495,0.023792825639247894,0.800000011920929
29,horrified,-0.014801980927586555,0.016594910994172096,0.014801980927586555,-0.014093304984271526,0.010941523127257824,1.0
29,contemptuous,-0.013510625809431076,-0.024226298555731773,0.013510625809431076,-0.013410119339823723,0.015400171279907227,0.800000011920929
29,surprised,-0.012193191796541214,-0.028872037306427956,0.012193191796541214,-0.012914180755615234,0.02141651138663292,0.800000011920929
29,obstinate,-0.011932236142456532,0.025134341791272163,0.011932236142456532,-0.011271309107542038,0.011730269528925419,0.800000011920929
29,uneasy,-0.010565672069787979,0.019476793706417084,0.010565672069787979,-0.007490825839340687,0.023439278826117516,0.800000011920929
29,exasperated,0.009305449202656746,0.012735315598547459,0.009305449202656746,0.007977774366736412,0.017429331317543983,0.4000000059604645
29,worn out,0.009297632612287998,0.0209214985370636,0.009297632612287998,0.009806466288864613,0.011315884068608284,0.6000000238418579
29,worthless,0.008377368561923504,0.047810208052396774,0.008377368561923504,0.008250405080616474,0.02564718760550022,0.6000000238418579
29,tense,0.008126574568450451,-0.036649443209171295,0.008126574568450451,0.00720949936658144,0.016467880457639694,0.6000000238418579
29,thrilled,0.007854131981730461,-0.026029622182250023,0.007854131981730461,0.005960449110716581,0.01733153872191906,0.4000000059604645
29,afraid,0.007775339297950268,0.020014910027384758,0.007775339297950268,0.007647438440471888,0.01022536214441061,0.6000000238418579
29,vigilant,0.007764420006424189,0.026310769841074944,0.007764420006424189,0.009299852885305882,0.016545679420232773,0.6000000238418579
29,sentimental,0.0068791089579463005,0.005303726997226477,0.0068791089579463005,0.006488536484539509,0.014352377504110336,0.6000000238418579
29,sleepy,0.0067608775570988655,0.03611277788877487,0.0067608775570988655,0.007978817448019981,0.022423936054110527,0.800000011920929
29,envious,0.006636196281760931,-0.01117622945457697,0.006636196281760931,0.006386859808117151,0.010806179605424404,0.800000011920929
29,hurt,-0.00514502078294754,0.029566366225481033,0.00514502078294754,-0.0034784507006406784,0.021476387977600098,0.6000000238418579
29,defiant,-0.004833936225622892,0.008786255493760109,0.004833936225622892,-0.002981313969939947,0.028373776003718376,0.800000011920929
29,thankful,0.004530712030827999,0.0010694046504795551,0.004530712030827999,0.0035877935588359833,0.010818054899573326,0.6000000238418579
29,relaxed,0.004153484478592873,0.004341672174632549,0.004153484478592873,0.0035804130602627993,0.018668968230485916,0.4000000059604645
29,stubborn,0.0039040385745465755,0.037146516144275665,0.0039040385745465755,0.004154135938733816,0.011873841285705566,0.6000000238418579
29,valiant,0.0027590454556047916,-0.022280866280198097,0.0027590454556047916,0.0015335225034505129,0.028986342251300812,0.4000000059604645
29,vengeful,0.0013521909713745117,0.0285533145070076,0.0013521909713745117,0.003374976571649313,0.018650921061635017,0.4000000059604645
29,furious,0.0012726127170026302,-0.035322848707437515,0.0012726127170026302,-0.0010691008064895868,0.024747859686613083,0.4000000059604645
29,remorseful,0.0008719561155885458,0.027425138279795647,0.0008719561155885458,0.0023306990042328835,0.02334306761622429,0.800000011920929
30,delighted,0.20139719545841217,0.16807392239570618,0.20139719545841217,0.18754257261753082,0.019478032365441322,1.0
30,at ease,0.1848854273557663,0.18764445185661316,0.1848854273557663,0.17282108962535858,0.025803878903388977,1.0
30,cheerful,0.17869716882705688,0.16385604441165924,0.17869716882705688,0.16857510805130005,0.012738377787172794,1.0
30,tormented,-0.1772947758436203,-0.1552477926015854,0.1772947758436203,-0.1663113832473755,0.031051725149154663,1.0
30,elated,0.15143154561519623,0.16567817330360413,0.15143154561519623,0.1429724097251892,0.014673283323645592,1.0
30,spiteful,-0.1468026340007782,-0.1400255262851715,0.1468026340007782,-0.13957376778125763,0.019294889643788338,1.0
30,euphoric,0.1371326744556427,0.1532931923866272,0.1371326744556427,0.128919780254364,0.010239609517157078,1.0
30,bewildered,-0.13709495961666107,-0.15271885693073273,0.13709495961666107,-0.1289786696434021,0.019410908222198486,1.0
30,infatuated,0.13651782274246216,0.12650571763515472,0.13651782274246216,0.12832187116146088,0.012328462675213814,1.0
30,content,0.1337001919746399,0.09234124422073364,0.1337001919746399,0.12584753334522247,0.01235619094222784,1.0
30,ecstatic,0.13096106052398682,0.13180331885814667,0.13096106052398682,0.12128932774066925,0.023840826004743576,1.0
30,refreshed,0.12833020091056824,0.12495578080415726,0.12833020091056824,0.12135876715183258,0.014175275340676308,1.0
30,sympathetic,0.12674584984779358,0.11629994958639145,0.12674584984779358,0.11740022897720337,0.021655745804309845,1.0
30,droopy,-0.12483184784650803,-0.09118837863206863,0.12483184784650803,-0.11762076616287231,0.01477345172315836,1.0
30,depressed,-0.12292053550481796,-0.09093858301639557,0.12292053550481796,-0.11580471694469452,0.01958751305937767,1.0
30,stuck,-0.12061550468206406,-0.1289076805114746,0.12061550468206406,-0.11458510160446167,0.010050849057734013,1.0
30,empathetic,0.11874464899301529,0.13195519149303436,0.11874464899301529,0.11330028623342514,0.016049183905124664,1.0
30,resigned,-0.11792892962694168,-0.12010332196950912,0.11792892962694168,-0.11048120260238647,0.01471863966435194,1.0
30,sluggish,-0.11488931626081467,-0.0639725923538208,0.11488931626081467,-0.1074366569519043,0.01574024185538292,1.0
30,weary,-0.11399780213832855,-0.11491943150758743,0.11399780213832855,-0.10778919607400894,0.007812150288373232,1.0
30,angry,-0.11134852468967438,-0.12331686913967133,0.11134852468967438,-0.10489273071289062,0.018176646903157234,1.0
30,hopeful,0.1109863892197609,0.0716201514005661,0.1109863892197609,0.10374561697244644,0.017907802015542984,1.0
30,grumpy,-0.10830211639404297,-0.10055870562791824,0.10830211639404297,-0.10093796253204346,0.02481221966445446,1.0
30,hope,0.10829751193523407,0.12161507457494736,0.10829751193523407,0.10083206743001938,0.024476461112499237,1.0
30,excited,0.107481449842453,0.12042797356843948,0.107481449842453,0.10141819715499878,0.019079387187957764,1.0
30,melancholy,-0.10503637045621872,-0.11017414927482605,0.10503637045621872,-0.09902365505695343,0.01806950941681862,1.0
30,anxious,-0.10481910407543182,-0.10587360709905624,0.10481910407543182,-0.09880386292934418,0.027471190318465233,1.0
30,miserable,-0.10333264619112015,-0.0685465931892395,0.10333264619112015,-0.09611661732196808,0.024466732516884804,1.0
30,dispirited,-0.10279443860054016,-0.04762791842222214,0.10279443860054016,-0.09502260386943817,0.03134867176413536,1.0
30,inspired,0.10275036841630936,0.12525023519992828,0.10275036841630936,0.09708083420991898,0.012935802340507507,1.0
30,peaceful,0.10139608383178711,0.08730804920196533,0.10139608383178711,0.0961223691701889,0.013539237901568413,1.0
30,panicked,-0.10107731819152832,-0.07197153568267822,0.10107731819152832,-0.09596847742795944,0.006335153244435787,1.0
30,optimistic,0.10019979625940323,0.04472661390900612,0.10019979625940323,0.09083417803049088,0.04196326434612274,1.0
30,heartbroken,-0.0993935614824295,-0.0507049635052681,0.0993935614824295,-0.09235956519842148,0.016816582530736923,1.0
30,annoyed,-0.09918321669101715,-0.11713678389787674,0.09918321669101715,-0.09310109913349152,0.018957871943712234,1.0
30,satisfied,0.09850824624300003,0.11332286894321442,0.09850824624300003,0.09413502365350723,0.016810843721032143,1.0
30,troubled,-0.09765069931745529,-0.10620639473199844,0.09765069931745529,-0.09264781326055527,0.008378410711884499,1.0
30,kind,0.0974615067243576,0.10182181000709534,0.0974615067243576,0.09279555827379227,0.026368523016572,1.0
30,gloomy,-0.09736807644367218,-0.09962181001901627,0.09736807644367218,-0.08991825580596924,0.02508288063108921,1.0
30,disturbed,-0.09616810828447342,-0.11913104355335236,0.09616810828447342,-0.0900440663099289,0.017148323357105255,1.0
30,blissful,0.0959501564502716,0.05568886548280716,0.0959501564502716,0.08890026062726974,0.025077061727643013,1.0
30,unnerved,-0.09500929713249207,-0.08364550024271011,0.09500929713249207,-0.08792416006326675,0.022091208025813103,1.0
30,irritated,-0.09303556382656097,-0.09063206613063812,0.09303556382656097,-0.08728031814098358,0.02125091291964054,1.0
30,puzzled,-0.09268046915531158,-0.10762238502502441,0.09268046915531158,-0.08794060349464417,0.005483753979206085,1.0
30,patient,0.09209132939577103,0.10893995314836502,0.09209132939577103,0.08844771236181259,0.020586082711815834,1.0
30,vulnerable,-0.09090734273195267,-0.09827422350645065,0.09090734273195267,-0.08566735684871674,0.006909119430929422,1.0
30,ashamed,0.0906657725572586,0.06546244770288467,0.0906657725572586,0.08484713733196259,0.025283878669142723,1.0
30,restless,-0.09004990756511688,-0.08635182678699493,0.09004990756511688,-0.08613444864749908,0.02144068479537964,1.0
30,smug,0.08879662305116653,0.10904046893119812,0.08879662305116653,0.08291291445493698,0.01707581989467144,1.0
30,suspicious,-0.08789201825857162,-0.10208894312381744,0.08789201825857162,-0.08213823288679123,0.010947218164801598,1.0
30,hateful,-0.08784837275743484,-0.03373264893889427,0.08784837275743484,-0.08069935441017151,0.02929593250155449,1.0
30,worried,-0.08629489690065384,-0.049665819853544235,0.08629489690065384,-0.0803074911236763,0.020566632971167564,1.0
30,happy,0.0847351923584938,0.02958531491458416,0.0847351923584938,0.08030523359775543,0.007633336819708347,1.0
30,scornful,-0.08443710207939148,-0.0973106175661087,0.08443710207939148,-0.08005236834287643,0.009603321552276611,1.0
30,tired,-0.08370506763458252,-0.026643166318535805,0.08370506763458252,-0.07875426113605499,0.011378198862075806,1.0
30,compassionate,0.0830421969294548,0.09185804426670074,0.0830421969294548,0.07764563709497452,0.029025772586464882,1.0
30,disoriented,-0.08150599151849747,-0.10249990969896317,0.08150599151849747,-0.07733257859945297,0.004515302367508411,1.0
30,rejuvenated,0.08104119449853897,0.10155896842479706,0.08104119449853897,0.07807539403438568,0.022961139678955078,1.0
30,stimulated,0.07711800187826157,0.049853041768074036,0.07711800187826157,0.07117895781993866,0.028585027903318405,1.0
30,frustrated,-0.07701188325881958,-0.09311427175998688,0.07701188325881958,-0.0732586458325386,0.007667131256312132,1.0
30,mad,-0.07628227025270462,-0.04298228397965431,0.07628227025270462,-0.07126377522945404,0.012126109562814236,1.0
30,joyful,0.07541261613368988,0.01501332875341177,0.07541261613368988,0.06986929476261139,0.012958664447069168,1.0
30,perplexed,0.07530661672353745,0.08582814037799835,0.07530661672353745,0.07087695598602295,0.018811454996466637,1.0
30,offended,-0.07508373260498047,-0.09205105155706406,0.07508373260498047,-0.07119633257389069,0.007576719392091036,1.0
30,stressed,-0.07369455695152283,-0.08563102781772614,0.07369455695152283,-0.07067225873470306,0.01020742580294609,1.0
30,enthusiastic,0.07328324019908905,0.09378168731927872,0.07328324019908905,0.06967491656541824,0.01725025475025177,1.0
30,sensitive,0.07290927320718765,0.09074670076370239,0.07290927320718765,0.06920790672302246,0.033151816576719284,1.0
30,fulfilled,0.07248768210411072,0.01326520275324583,0.07248768210411072,0.06780840456485748,0.015398357063531876,1.0
30,bitter,0.07121004909276962,0.08278924226760864,0.07121004909276962,0.06722195446491241,0.009400831535458565,1.0
30,hostile,-0.07001401484012604,-0.0803576111793518,0.07001401484012604,-0.06688137352466583,0.009840544313192368,1.0
30,rattled,0.06925124675035477,0.07157209515571594,0.06925124675035477,0.06452126801013947,0.02212863601744175,1.0
30,relieved,0.06760500371456146,0.07921838015317917,0.06760500371456146,0.06290797144174576,0.02055835723876953,1.0
30,brooding,-0.06649233400821686,-0.008407189510762691,0.06649233400821686,-0.06004427745938301,0.02903016284108162,1.0
30,resentful,-0.06647181510925293,-0.021841028705239296,0.06647181510925293,-0.06303379684686661,0.017987651750445366,1.0
30,safe,0.06541705876588821,0.07249414920806885,0.06541705876588821,0.06439204514026642,0.034646324813365936,1.0
30,serene,0.0653807520866394,0.08865687251091003,0.0653807520866394,0.06341007351875305,0.01913616433739662,1.0
30,exuberant,0.06492786854505539,0.05495220050215721,0.06492786854505539,0.06118711829185486,0.006444551981985569,1.0
30,grateful,0.06372518092393875,0.07480873167514801,0.06372518092393875,0.058782875537872314,0.02190224640071392,1.0
30,dumbstruck,-0.0635795146226883,-0.08208037167787552,0.0635795146226883,-0.06202095001935959,0.01762356422841549,1.0
30,skeptical,-0.06251296401023865,-0.08777832984924316,0.06251296401023865,-0.06022496148943901,0.01815423183143139,1.0
30,trapped,-0.061043012887239456,-0.08258576691150665,0.061043012887239456,-0.057343095541000366,0.006412079557776451,1.0
30,sorry,0.060648299753665924,0.0776950940489769,0.060648299753665924,0.05784641578793526,0.007614517118781805,1.0
30,greedy,0.059997349977493286,0.06615569442510605,0.059997349977493286,0.05669257044792175,0.015636777505278587,1.0
30,unhappy,-0.059294313192367554,-0.06764117628335953,0.059294313192367554,-0.053883105516433716,0.02806098945438862,1.0
30,disdainful,0.058194857090711594,0.07560832053422928,0.058194857090711594,0.0555865652859211,0.0068571968004107475,1.0
30,enraged,-0.05787171050906181,-0.04884777218103409,0.05787171050906181,-0.05401701480150223,0.013867410831153393,1.0
30,upset,-0.05739474296569824,-0.012726599350571632,0.05739474296569824,-0.05366832762956619,0.0038387596141546965,1.0
30,lonely,-0.05705229192972183,-0.011377225629985332,0.05705229192972183,-0.05125477910041809,0.0252260509878397,1.0
30,invigorated,0.056197091937065125,0.06236730515956879,0.056197091937065125,0.05292237922549248,0.020077530294656754,1.0
30,astonished,-0.05462801828980446,-0.05329735204577446,0.05462801828980446,-0.04965228959918022,0.022108159959316254,1.0
30,desperate,-0.053620945662260056,-0.010018792003393173,0.053620945662260056,-0.04903516173362732,0.020786961540579796,1.0
30,unsettled,-0.05282518267631531,-0.01299942098557949,0.05282518267631531,-0.04832565784454346,0.021247847005724907,1.0
30,distressed,-0.05263456329703331,-0.02547617442905903,0.05263456329703331,-0.04904955253005028,0.02422231249511242,1.0
30,embarrassed,0.05259334295988083,0.07274627685546875,0.05259334295988083,0.05075236037373543,0.013247305527329445,1.0
30,jubilant,0.05251434072852135,0.07670815289020538,0.05251434072852135,0.049761515110731125,0.014281357638537884,1.0
30,eager,-0.05224951356649399,-0.06544677168130875,0.05224951356649399,-0.04931133985519409,0.008574943989515305,1.0
30,impatient,0.0517054907977581,0.06634315848350525,0.0517054907977581,0.049931928515434265,0.010848769918084145,1.0
30,playful,0.05130414292216301,-0.006361221894621849,0.05130414292216301,0.047094762325286865,0.013431105762720108,1.0
30,self-critical,0.050621770322322845,0.008571784012019634,0.050621770322322845,0.04644385725259781,0.015401668846607208,1.0
30,shaken,-0.050426945090293884,-0.05415545403957367,0.050426945090293884,-0.046782273799180984,0.013545183464884758,1.0
30,vindictive,-0.05036430060863495,-0.008352923206984997,0.05036430060863495,-0.04830419272184372,0.01685085892677307,1.0
30,self-confident,0.049986109137535095,-0.005585205741226673,0.049986109137535095,0.04552634432911873,0.016853082925081253,1.0
30,amused,0.049133941531181335,0.0017878044163808227,0.049133941531181335,0.04400306195020676,0.02880019135773182,1.0
30,reflective,-0.04617450013756752,-0.06654292345046997,0.04617450013756752,-0.04247184470295906,0.019596727564930916,1.0
30,overwhelmed,-0.046023838222026825,-0.0031321761198341846,0.046023838222026825,-0.04130847379565239,0.022407500073313713,0.800000011920929
30,vibrant,0.04573757201433182,-0.007615438662469387,0.04573757201433182,0.04061198979616165,0.02406015433371067,1.0
30,docile,-0.04544803127646446,0.00794493593275547,0.04544803127646446,-0.04103561490774155,0.030642936006188393,1.0
30,paranoid,-0.04313153028488159,-0.07509764283895493,0.04313153028488159,-0.04164670780301094,0.013285364955663681,1.0
30,guilty,-0.042906537652015686,-0.014045154675841331,0.042906537652015686,-0.0387582890689373,0.020513547584414482,1.0
30,lazy,-0.04135794937610626,-0.006179155316203833,0.04135794937610626,-0.037772201001644135,0.021357381716370583,0.800000011920929
30,insulted,0.041004396975040436,0.061644311994314194,0.041004396975040436,0.039517372846603394,0.010451976209878922,1.0
30,grief-stricken,-0.04089793935418129,0.00033247965620830655,0.04089793935418129,-0.03822539746761322,0.011430839076638222,1.0
30,humiliated,-0.04018918052315712,-0.03585201874375343,0.04018918052315712,-0.037528812885284424,0.029786963015794754,0.800000011920929
30,energized,0.039926934987306595,0.0016793155809864402,0.039926934987306595,0.03793343901634216,0.006091534160077572,1.0
30,shocked,-0.03911437839269638,-0.07003282010555267,0.03911437839269638,-0.03708695247769356,0.010184591636061668,1.0
30,disgusted,-0.03670765459537506,0.007341992575675249,0.03670765459537506,-0.0337066575884819,0.015226392075419426,1.0
30,loving,0.036195289343595505,0.01595553383231163,0.036195289343595505,0.03132177144289017,0.03193223103880882,0.800000011920929
30,proud,0.03538254648447037,0.06903858482837677,0.03538254648447037,0.033574193716049194,0.016190815716981888,1.0
30,indignant,-0.035000480711460114,-0.050638582557439804,0.035000480711460114,-0.03554392606019974,0.031132077798247337,0.800000011920929
30,self-conscious,0.034894589334726334,0.014105481095612049,0.034894589334726334,0.032579921185970306,0.023357460275292397,0.800000011920929
30,alarmed,-0.03290769085288048,-0.027530493214726448,0.03290769085288048,-0.03272583335638046,0.030446426942944527,0.800000011920929
30,sullen,-0.03283276781439781,-0.06200167164206505,0.03283276781439781,-0.031579095870256424,0.008568117395043373,1.0
30,indifferent,-0.03218556195497513,-0.00849281158298254,0.03218556195497513,-0.03127524256706238,0.024798600003123283,0.800000011920929
30,uneasy,-0.03179813176393509,0.005354967433959246,0.03179813176393509,-0.027325129136443138,0.02470986731350422,0.800000011920929
30,regretful,0.03046804666519165,0.05991164594888687,0.03046804666519165,0.029978329315781593,0.01962350495159626,1.0
30,outraged,-0.029806192964315414,-0.027051402255892754,0.029806192964315414,-0.028370443731546402,0.008398618549108505,1.0
30,on edge,0.029446735978126526,0.04680757224559784,0.029446735978126526,0.029120180755853653,0.021775290369987488,1.0
30,amazed,-0.029236797243356705,-0.03500428423285484,0.029236797243356705,-0.0279651191085577,0.009817825630307198,1.0
30,mystified,-0.029143691062927246,-0.05725029483437538,0.029143691062927246,-0.02905932068824768,0.015617658384144306,1.0
30,aroused,0.02850400097668171,-0.012560626491904259,0.02850400097668171,0.026165282353758812,0.009854059666395187,1.0
30,horrified,-0.028387246653437614,0.015268469229340553,0.028387246653437614,-0.027039235457777977,0.010753863491117954,1.0
30,nervous,-0.02816428802907467,-0.053354259580373764,0.02816428802907467,-0.027166390791535378,0.029137417674064636,0.6000000238418579
30,listless,-0.027478378266096115,-0.011258244514465332,0.027478378266096115,-0.02483976259827614,0.01658356562256813,0.800000011920929
30,pleased,0.02718219719827175,-0.005902659613639116,0.02718219719827175,0.02427864447236061,0.014318779110908508,0.800000011920929
30,jealous,-0.026091866195201874,-0.01219562254846096,0.026091866195201874,-0.02559663914144039,0.020524922758340836,0.800000011920929
30,tense,0.025924259796738625,-0.019050629809498787,0.025924259796738625,0.02385649085044861,0.01875605806708336,1.0
30,awestruck,-0.02578941360116005,0.02051045000553131,0.02578941360116005,-0.02316316030919552,0.01359535288065672,1.0
30,irate,0.024985404685139656,0.03979300707578659,0.024985404685139656,0.022062236443161964,0.0224729273468256,1.0
30,sad,-0.02487754635512829,-0.00016204049461521208,0.02487754635512829,-0.023331627249717712,0.014359724707901478,1.0
30,obstinate,-0.024370774626731873,0.022807827219367027,0.024370774626731873,-0.023090001195669174,0.01158561185002327,1.0
30,terrified,-0.02417954057455063,-0.042339686304330826,0.02417954057455063,-0.021576592698693275,0.010926877148449421,1.0
30,hurt,-0.023915700614452362,0.017602259293198586,0.023915700614452362,-0.021183688193559647,0.020239509642124176,0.800000011920929
30,alert,-0.0223163403570652,-0.04828894883394241,0.0223163403570652,-0.021858634427189827,0.017099281772971153,0.800000011920929
30,thrilled,0.01939382217824459,-0.017454909160733223,0.01939382217824459,0.01711607351899147,0.014646814204752445,1.0
30,scared,-0.019334351643919945,-0.04644381254911423,0.019334351643919945,-0.018732164055109024,0.011663686484098434,1.0
30,sentimental,0.019181551411747932,0.020522700622677803,0.019181551411747932,0.017978493124246597,0.014723042957484722,1.0
30,hysterical,0.01882113702595234,0.03927675634622574,0.01882113702595234,0.017850931733846664,0.02250945381820202,0.6000000238418579
30,mortified,-0.018142592161893845,-0.029419779777526855,0.018142592161893845,-0.017595823854207993,0.014988387934863567,0.800000011920929
30,furious,0.016248410567641258,-0.028768397867679596,0.016248410567641258,0.013017086312174797,0.02397865243256092,0.800000011920929
30,triumphant,0.015718797221779823,0.0005197084974497557,0.015718797221779823,0.015639513731002808,0.02213118225336075,0.6000000238418579
30,nostalgic,0.014698043465614319,0.04487995058298111,0.014698043465614319,0.015163237228989601,0.013142860494554043,0.800000011920929
30,relaxed,0.014108942821621895,0.008296020328998566,0.014108942821621895,0.01296080183237791,0.019329316914081573,0.6000000238418579
30,surprised,-0.013827813789248466,-0.03772204741835594,0.013827813789248466,-0.014261245727539062,0.02280597761273384,0.800000011920929
30,contemptuous,-0.01343749463558197,-0.038700565695762634,0.01343749463558197,-0.013307610526680946,0.015728319063782692,0.800000011920929
30,frightened,-0.013423602096736431,-0.04112299904227257,0.013423602096736431,-0.01442154310643673,0.015485678799450397,0.800000011920929
30,dependent,0.012083809822797775,0.04616390913724899,0.012083809822797775,0.013836218044161797,0.02380300685763359,0.800000011920929
30,worn out,0.011627664789557457,0.03343338146805763,0.011627664789557457,0.011851170100271702,0.009449093602597713,0.800000011920929
30,defiant,-0.011061543598771095,-0.007582409307360649,0.011061543598771095,-0.008781062439084053,0.03051270730793476,0.800000011920929
30,exasperated,0.0098894527181983,0.029799018055200577,0.0098894527181983,0.008159543387591839,0.019523484632372856,0.6000000238418579
30,envious,0.009466943331062794,-0.011698734946548939,0.009466943331062794,0.00895371288061142,0.011624729260802269,0.800000011920929
30,stubborn,0.008918357081711292,0.0414157509803772,0.008918357081711292,0.00867523904889822,0.012671718373894691,0.6000000238418579
30,vigilant,0.008165360428392887,0.029586438089609146,0.008165360428392887,0.009685268625617027,0.015782831236720085,0.6000000238418579
30,bored,0.006389237008988857,0.046037301421165466,0.006389237008988857,0.008100348524749279,0.023791689425706863,0.800000011920929
30,calm,0.006377105135470629,0.018177997320890427,0.006377105135470629,0.008269550278782845,0.02345912717282772,0.800000011920929
30,valiant,0.00608325470238924,-0.0033838788513094187,0.00608325470238924,0.004649185109883547,0.029223373159766197,0.4000000059604645
30,worthless,-0.0046663787215948105,0.033256206661462784,0.0046663787215948105,-0.004057194106280804,0.025338707491755486,0.4000000059604645
30,thankful,0.002650998532772064,-0.01461702212691307,0.002650998532772064,0.002082960680127144,0.010436945594847202,0.6000000238418579
30,afraid,-0.002525451360270381,0.0037039374001324177,0.002525451360270381,-0.0019743775483220816,0.01055816188454628,0.6000000238418579
30,sleepy,0.0023541783448308706,0.034022971987724304,0.0023541783448308706,0.003846932202577591,0.022096708416938782,0.800000011920929
30,vengeful,-0.0004186010919511318,0.025077469646930695,0.0004186010919511318,0.0017010339070111513,0.017881719395518303,0.6000000238418579
30,remorseful,-0.0002802537055686116,0.018881116062402725,0.0002802537055686116,0.0011514710495248437,0.02294633910059929,0.20000000298023224
31,delighted,0.20267131924629211,0.1726686954498291,0.20267131924629211,0.18827949464321136,0.018890757113695145,1.0
31,at ease,0.17599605023860931,0.17794036865234375,0.17599605023860931,0.16370175778865814,0.02608003281056881,1.0
31,cheerful,0.17131058871746063,0.15527327358722687,0.17131058871746063,0.16122889518737793,0.01324409618973732,1.0
31,tormented,-0.16782955825328827,-0.14851626753807068,0.16782955825328827,-0.15669576823711395,0.028902335092425346,1.0
31,elated,0.14368963241577148,0.15548035502433777,0.14368963241577148,0.13533762097358704,0.014555579051375389,1.0
31,ecstatic,0.13513654470443726,0.1359201818704605,0.13513654470443726,0.12491978704929352,0.023536959663033485,1.0
31,droopy,-0.13494989275932312,-0.09878899157047272,0.13494989275932312,-0.12677693367004395,0.015325704589486122,1.0
31,infatuated,0.13042272627353668,0.12250073254108429,0.13042272627353668,0.12208370864391327,0.01377696730196476,1.0
31,depressed,-0.1302722692489624,-0.10213617235422134,0.1302722692489624,-0.12227378785610199,0.01942279562354088,1.0
31,spiteful,-0.13022001087665558,-0.12286360561847687,0.13022001087665558,-0.12354040145874023,0.020043065771460533,1.0
31,content,0.13010136783123016,0.0921475887298584,0.13010136783123016,0.12213075160980225,0.011186430230736732,1.0
31,euphoric,0.12943027913570404,0.14247098565101624,0.12943027913570404,0.12141422182321548,0.011749564670026302,1.0
31,bewildered,-0.12706910073757172,-0.13913299143314362,0.12706910073757172,-0.11903244256973267,0.023076990619301796,1.0
31,sluggish,-0.12447713315486908,-0.07639756798744202,0.12447713315486908,-0.11626823246479034,0.015164408832788467,1.0
31,sympathetic,0.1194767951965332,0.11028481274843216,0.1194767951965332,0.1101471409201622,0.021007899194955826,1.0
31,refreshed,0.11862130463123322,0.11154168099164963,0.11862130463123322,0.11190551519393921,0.014678587205708027,1.0
31,resigned,-0.11636732518672943,-0.11772681772708893,0.11636732518672943,-0.10857126861810684,0.014611327089369297,1.0
31,stuck,-0.11583177000284195,-0.12066185474395752,0.11583177000284195,-0.10951484739780426,0.010113555938005447,1.0
31,hopeful,0.11244696378707886,0.07618425786495209,0.11244696378707886,0.10479887574911118,0.0183873251080513,1.0
31,weary,-0.1104302778840065,-0.11033746600151062,0.1104302778840065,-0.10397122800350189,0.0067402091808617115,1.0
31,grumpy,-0.11014877259731293,-0.10358234494924545,0.11014877259731293,-0.10252245515584946,0.023949047550559044,1.0
31,empathetic,0.10926700383424759,0.11869610846042633,0.10926700383424759,0.1039857417345047,0.01784307137131691,1.0
31,dispirited,-0.10794360935688019,-0.05628076568245888,0.10794360935688019,-0.0994286760687828,0.03091510944068432,1.0
31,hope,0.10657405853271484,0.11852991580963135,0.10657405853271484,0.09861250966787338,0.027803750708699226,1.0
31,gloomy,-0.10401982814073563,-0.10962891578674316,0.10401982814073563,-0.09591009467840195,0.021982217207551003,1.0
31,miserable,-0.10286881774663925,-0.07064010947942734,0.10286881774663925,-0.09524966776371002,0.02376904897391796,1.0
31,optimistic,0.1015896126627922,0.05150677263736725,0.1015896126627922,0.09156724810600281,0.04329240694642067,1.0
31,angry,-0.1014617308974266,-0.11064697057008743,0.1014617308974266,-0.09534990042448044,0.020710986107587814,1.0
31,heartbroken,-0.10112105309963226,-0.05804486572742462,0.10112105309963226,-0.09352684766054153,0.016030870378017426,1.0
31,melancholy,-0.09716960787773132,-0.1013575866818428,0.09716960787773132,-0.09108610451221466,0.018160734325647354,1.0
31,inspired,0.09658235311508179,0.11345132440328598,0.09658235311508179,0.09103580564260483,0.012486047111451626,1.0
31,blissful,0.09589607268571854,0.056420326232910156,0.09589607268571854,0.08844058960676193,0.02733415551483631,1.0
31,kind,0.09559568017721176,0.09778735041618347,0.09559568017721176,0.09057513624429703,0.02762320451438427,1.0
31,excited,0.09518630057573318,0.10710175335407257,0.09518630057573318,0.08953209221363068,0.019497288390994072,1.0
31,annoyed,-0.09489130228757858,-0.10932309925556183,0.09489130228757858,-0.08865372091531754,0.019652139395475388,1.0
31,troubled,-0.09464111179113388,-0.10090052336454391,0.09464111179113388,-0.08940504491329193,0.009070172905921936,1.0
31,panicked,-0.09392418712377548,-0.06637082993984222,0.09392418712377548,-0.088847815990448,0.007693923078477383,1.0
31,peaceful,0.0927349179983139,0.07916968315839767,0.0927349179983139,0.08764578402042389,0.013856726698577404,1.0
31,worried,-0.09179779887199402,-0.056027237325906754,0.09179779887199402,-0.08541183173656464,0.0217252429574728,1.0
31,anxious,-0.09138818830251694,-0.094304159283638,0.09138818830251694,-0.08563893288373947,0.026278208941221237,1.0
31,unnerved,-0.09036360681056976,-0.08114730566740036,0.09036360681056976,-0.08326331526041031,0.022030463442206383,1.0
31,satisfied,0.09021007269620895,0.10166814923286438,0.09021007269620895,0.08642737567424774,0.017076745629310608,1.0
31,ashamed,0.08869748562574387,0.06743599474430084,0.08869748562574387,0.08251797407865524,0.024055443704128265,1.0
31,suspicious,-0.08780473470687866,-0.09872406721115112,0.08780473470687866,-0.08158626407384872,0.012388007715344429,1.0
31,stimulated,0.08693088591098785,0.06173192337155342,0.08693088591098785,0.08017892390489578,0.02803652361035347,1.0
31,vulnerable,-0.08670645952224731,-0.09250211715698242,0.08670645952224731,-0.08135701715946198,0.007551886606961489,1.0
31,smug,0.0860234797000885,0.10229963064193726,0.0860234797000885,0.08003629744052887,0.015368662774562836,1.0
31,tired,-0.08587753772735596,-0.0317470021545887,0.08587753772735596,-0.0805295929312706,0.011327667161822319,1.0
31,happy,0.08583252876996994,0.032460324466228485,0.08583252876996994,0.08133605867624283,0.00874167587608099,1.0
31,hateful,-0.08524862676858902,-0.03861487656831741,0.08524862676858902,-0.07809972018003464,0.028038719668984413,1.0
31,irritated,-0.0846317708492279,-0.0825965404510498,0.0846317708492279,-0.07931728661060333,0.021032966673374176,1.0
31,scornful,-0.08127035945653915,-0.09086939692497253,0.08127035945653915,-0.07661928236484528,0.008970307186245918,1.0
31,fulfilled,0.08088699728250504,0.023531600832939148,0.08088699728250504,0.07568192481994629,0.014916818588972092,1.0
31,restless,-0.07948410511016846,-0.07367260754108429,0.07948410511016846,-0.07582588493824005,0.020972399041056633,1.0
31,puzzled,-0.0793728232383728,-0.09411071240901947,0.0793728232383728,-0.0748165175318718,0.0038789273239672184,1.0
31,disturbed,-0.07877633720636368,-0.10108639299869537,0.07877633720636368,-0.07319502532482147,0.019835662096738815,1.0
31,rejuvenated,0.0781036764383316,0.09412742406129837,0.0781036764383316,0.07517101615667343,0.02273346297442913,1.0
31,compassionate,0.07750926911830902,0.08473210036754608,0.07750926911830902,0.07195349037647247,0.028795510530471802,1.0
31,patient,0.07724059373140335,0.0922151654958725,0.07724059373140335,0.07408809661865234,0.018895121291279793,1.0
31,joyful,0.07324124127626419,0.017730403691530228,0.07324124127626419,0.06777506321668625,0.011525988578796387,1.0
31,rattled,0.07254055887460709,0.07506626844406128,0.07254055887460709,0.0672062486410141,0.022919079288840294,1.0
31,enthusiastic,0.07151148468255997,0.08848034590482712,0.07151148468255997,0.06782183051109314,0.017290029674768448,1.0
31,mad,-0.07141721993684769,-0.0420868806540966,0.07141721993684769,-0.06629087775945663,0.011546752415597439,1.0
31,perplexed,0.07123769074678421,0.08020265400409698,0.07123769074678421,0.06648385524749756,0.019643539562821388,1.0
31,frustrated,-0.07026863843202591,-0.08429406583309174,0.07026863843202591,-0.06661292165517807,0.007722833193838596,1.0
31,brooding,-0.06984637677669525,-0.016373755410313606,0.06984637677669525,-0.06293539702892303,0.02830309234559536,1.0
31,lonely,-0.06925168633460999,-0.02919808402657509,0.06925168633460999,-0.0627267062664032,0.022670051082968712,1.0
31,stressed,-0.0683853030204773,-0.0785597562789917,0.0683853030204773,-0.06523843109607697,0.008510175161063671,1.0
31,disoriented,-0.06807480752468109,-0.0873371958732605,0.06807480752468109,-0.06433960050344467,0.004908630158752203,1.0
31,hostile,-0.06661001592874527,-0.0749928429722786,0.06661001592874527,-0.06345716118812561,0.00959679763764143,1.0
31,sensitive,0.06639020889997482,0.08196136355400085,0.06639020889997482,0.06268206238746643,0.032848943024873734,1.0
31,resentful,-0.06595336645841599,-0.02342313528060913,0.06595336645841599,-0.0625867024064064,0.01916913501918316,1.0
31,offended,-0.06583338230848312,-0.08206114917993546,0.06583338230848312,-0.062213122844696045,0.008789991959929466,1.0
31,safe,0.06571342051029205,0.06766491383314133,0.06571342051029205,0.06445357948541641,0.03437158837914467,1.0
31,bitter,0.06510021537542343,0.07476269453763962,0.06510021537542343,0.0609627366065979,0.009552833624184132,1.0
31,distressed,-0.06457433849573135,-0.039152730256319046,0.06457433849573135,-0.060043297708034515,0.0227176733314991,1.0
31,unhappy,-0.06305571645498276,-0.07039439678192139,0.06305571645498276,-0.05702555924654007,0.028030652552843094,1.0
31,desperate,-0.06282883137464523,-0.02268088236451149,0.06282883137464523,-0.05753287672996521,0.020745718851685524,1.0
31,exuberant,0.062308479100465775,0.05330903083086014,0.062308479100465775,0.05855334922671318,0.008671416901051998,1.0
31,dumbstruck,-0.06151973083615303,-0.0766340121626854,0.06151973083615303,-0.059706322848796844,0.015384525060653687,1.0
31,serene,0.06074504181742668,0.08011814206838608,0.06074504181742668,0.058875568211078644,0.018741844221949577,1.0
31,disdainful,0.05979734659194946,0.07573236525058746,0.05979734659194946,0.05675346776843071,0.006824031006544828,1.0
31,relieved,0.058755986392498016,0.06700432300567627,0.058755986392498016,0.054471246898174286,0.022321728989481926,1.0
31,greedy,0.05785180255770683,0.060152895748615265,0.05785180255770683,0.05460554361343384,0.016133032739162445,1.0
31,grateful,0.05728547275066376,0.0684734657406807,0.05728547275066376,0.05234137922525406,0.023148968815803528,1.0
31,unsettled,-0.05567625164985657,-0.019726555794477463,0.05567625164985657,-0.05094120651483536,0.020426271483302116,1.0
31,skeptical,-0.05457497015595436,-0.07764580100774765,0.05457497015595436,-0.052579425275325775,0.016680551692843437,1.0
31,vibrant,0.0544847808778286,0.0035204871091991663,0.0544847808778286,0.048937927931547165,0.02185055986046791,1.0
31,astonished,-0.05437195301055908,-0.052846625447273254,0.05437195301055908,-0.049345873296260834,0.021552499383687973,1.0
31,trapped,-0.05435746908187866,-0.07345172017812729,0.05435746908187866,-0.05071701481938362,0.006726571824401617,1.0
31,amused,0.05392526462674141,0.01009722612798214,0.05392526462674141,0.04829397052526474,0.028635216876864433,1.0
31,enraged,-0.05392252281308174,-0.04506955295801163,0.05392252281308174,-0.050200771540403366,0.014102576300501823,1.0
31,docile,-0.05383531004190445,-0.003713468089699745,0.05383531004190445,-0.04873909056186676,0.03149587661027908,1.0
31,upset,-0.05303500220179558,-0.012135010212659836,0.05303500220179558,-0.04942609369754791,0.0060508474707603455,1.0
31,self-confident,0.05293882265686989,0.001604169956408441,0.05293882265686989,0.04825717955827713,0.015411256812512875,1.0
31,sorry,0.05229601636528969,0.06999073177576065,0.05229601636528969,0.04976188391447067,0.008209940046072006,1.0
31,guilty,-0.051296040415763855,-0.02480299398303032,0.051296040415763855,-0.046312883496284485,0.02313205786049366,1.0
31,playful,0.04892606660723686,-0.00376203958876431,0.04892606660723686,0.04488818347454071,0.011440523900091648,1.0
31,impatient,0.048857223242521286,0.060171689838171005,0.048857223242521286,0.04694594070315361,0.009363588877022266,1.0
31,overwhelmed,-0.048751506954431534,-0.00828379113227129,0.048751506954431534,-0.04390101879835129,0.022830935195088387,1.0
31,jubilant,0.04855833575129509,0.06956323236227036,0.04855833575129509,0.0456741563975811,0.012580273672938347,1.0
31,vindictive,-0.04814095050096512,-0.007310362532734871,0.04814095050096512,-0.04625747725367546,0.015653200447559357,1.0
31,self-critical,0.046617016196250916,0.008464047685265541,0.046617016196250916,0.04252266138792038,0.01515398733317852,1.0
31,shaken,-0.0453781932592392,-0.047047194093465805,0.0453781932592392,-0.04188496619462967,0.013306868262588978,1.0
31,paranoid,-0.0443342924118042,-0.06907597184181213,0.0443342924118042,-0.0427374392747879,0.012707309797406197,1.0
31,grief-stricken,-0.0439794659614563,-0.007096674293279648,0.0439794659614563,-0.0411020927131176,0.010674487799406052,1.0
31,invigorated,0.04308803379535675,0.04610953480005264,0.04308803379535675,0.0408836230635643,0.021327048540115356,1.0
31,energized,0.042023781687021255,0.005127028562128544,0.042023781687021255,0.03988613933324814,0.006422578822821379,1.0
31,embarrassed,0.04195597767829895,0.06077282503247261,0.04195597767829895,0.04063897207379341,0.01358539704233408,1.0
31,insulted,0.04181384667754173,0.05987459048628807,0.04181384667754173,0.040041618049144745,0.008500895462930202,1.0
31,reflective,-0.04102164879441261,-0.058601245284080505,0.04102164879441261,-0.037448786199092865,0.021191002801060677,1.0
31,disgusted,-0.040180034935474396,0.002108630957081914,0.040180034935474396,-0.03708096966147423,0.012294856831431389,1.0
31,loving,0.03915628418326378,0.02376321703195572,0.03915628418326378,0.034014396369457245,0.031317707151174545,0.800000011920929
31,lazy,-0.03853423893451691,-0.0075111836194992065,0.03853423893451691,-0.03504098206758499,0.02149449661374092,0.800000011920929
31,humiliated,-0.038106806576251984,-0.03547130897641182,0.038106806576251984,-0.03525781258940697,0.029143908992409706,0.800000011920929
31,eager,-0.037441007792949677,-0.04721440374851227,0.037441007792949677,-0.035011984407901764,0.009309286251664162,1.0
31,amazed,-0.0359552763402462,-0.03996724635362625,0.0359552763402462,-0.03412066772580147,0.010717615485191345,1.0
31,self-conscious,0.03494220972061157,0.01799396611750126,0.03494220972061157,0.03253958746790886,0.02360277995467186,0.800000011920929
31,indifferent,-0.03442484512925148,-0.010044707916676998,0.03442484512925148,-0.03357849270105362,0.02349715866148472,0.800000011920929
31,awestruck,-0.03404506295919418,0.011519149877130985,0.03404506295919418,-0.030791103839874268,0.01570601761341095,1.0
31,aroused,0.031895268708467484,-0.006021397188305855,0.031895268708467484,0.029536914080381393,0.009465628303587437,1.0
31,irate,0.0308542437851429,0.041774507611989975,0.0308542437851429,0.02715148963034153,0.0255706999450922,1.0
31,uneasy,-0.02982190065085888,0.004139354918152094,0.02982190065085888,-0.02533465251326561,0.025820845738053322,0.800000011920929
31,listless,-0.028917929157614708,-0.01266548503190279,0.028917929157614708,-0.02633596584200859,0.013440671376883984,1.0
31,alarmed,-0.028909269720315933,-0.023451711982488632,0.028909269720315933,-0.029114222154021263,0.03265005350112915,0.800000011920929
31,sullen,-0.028045468032360077,-0.054124485701322556,0.028045468032360077,-0.02690776064991951,0.00919357594102621,1.0
31,proud,0.027055075392127037,0.05530671402812004,0.027055075392127037,0.02541913464665413,0.011908099055290222,1.0
31,horrified,-0.026682095602154732,0.013163425028324127,0.026682095602154732,-0.025282692164182663,0.012323344126343727,1.0
31,indignant,-0.026614565402269363,-0.0401957705616951,0.026614565402269363,-0.027699941769242287,0.03175737336277962,0.800000011920929
31,furious,0.025564678013324738,-0.018065713346004486,0.025564678013324738,0.021747848019003868,0.02334820106625557,0.800000011920929
31,outraged,-0.02524113655090332,-0.0214370284229517,0.02524113655090332,-0.024032065644860268,0.010292159393429756,1.0
31,tense,0.02521931193768978,-0.01300274021923542,0.02521931193768978,0.022956673055887222,0.0185083020478487,1.0
31,obstinate,-0.025166571140289307,0.017795907333493233,0.025166571140289307,-0.0238641407340765,0.011398757807910442,1.0
31,mystified,-0.02505633793771267,-0.050925493240356445,0.02505633793771267,-0.02503827214241028,0.014833656139671803,1.0
31,shocked,-0.02483518235385418,-0.0554998479783535,0.02483518235385418,-0.023358110338449478,0.010988726280629635,1.0
31,scared,-0.024644093587994576,-0.04865005612373352,0.024644093587994576,-0.02340753749012947,0.011926406994462013,1.0
31,triumphant,0.02416122518479824,0.009244275279343128,0.02416122518479824,0.023568129166960716,0.020358949899673462,1.0
31,thrilled,0.02415630593895912,-0.008806444704532623,0.02415630593895912,0.021690046414732933,0.012000123038887978,1.0
31,nervous,-0.02411450445652008,-0.04236713424324989,0.02411450445652008,-0.023434273898601532,0.026749758049845695,0.6000000238418579
31,hysterical,0.023562699556350708,0.040193140506744385,0.023562699556350708,0.022310536354780197,0.02214711159467697,0.6000000238418579
31,pleased,0.023290151730179787,-0.005317067727446556,0.023290151730179787,0.020683608949184418,0.014251694083213806,0.800000011920929
31,hurt,-0.02228822000324726,0.014281918294727802,0.02228822000324726,-0.01950824074447155,0.02105008438229561,0.800000011920929
31,terrified,-0.022113904356956482,-0.036935318261384964,0.022113904356956482,-0.019640857353806496,0.009430649690330029,1.0
31,on edge,0.02168888784945011,0.039549123495817184,0.02168888784945011,0.02130560390651226,0.021216103807091713,1.0
31,sad,-0.02071204222738743,0.0022267799358814955,0.02071204222738743,-0.019716372713446617,0.015155808068811893,0.800000011920929
31,alert,-0.02046841010451317,-0.043474528938531876,0.02046841010451317,-0.02007545903325081,0.01666499488055706,0.800000011920929
31,sentimental,0.016400543972849846,0.01733212172985077,0.016400543972849846,0.0152654517441988,0.01380319707095623,1.0
31,regretful,0.01475715171545744,0.044592104852199554,0.01475715171545744,0.014842277392745018,0.0196816585958004,0.800000011920929
31,jealous,-0.014560725539922714,-0.0004909192211925983,0.014560725539922714,-0.014856564812362194,0.020961130037903786,0.800000011920929
31,exasperated,0.014462262392044067,0.03280059993267059,0.014462262392044067,0.012179642915725708,0.020736757665872574,0.6000000238418579
31,worn out,0.013131403364241123,0.03266841545701027,0.013131403364241123,0.013027424924075603,0.007729669101536274,1.0
31,nostalgic,0.01223838236182928,0.03967342898249626,0.01223838236182928,0.012413524091243744,0.011208891868591309,0.800000011920929
31,dependent,0.011566533707082272,0.0407678596675396,0.011566533707082272,0.013375883921980858,0.024715960025787354,0.800000011920929
31,mortified,-0.010470603592693806,-0.01808302104473114,0.010470603592693806,-0.01049746759235859,0.014684203080832958,0.6000000238418579
31,envious,0.01043973583728075,-0.00891314260661602,0.01043973583728075,0.00973026268184185,0.012557844631373882,0.800000011920929
31,relaxed,0.010365445166826248,0.0038348904345184565,0.010365445166826248,0.009299839846789837,0.018413417041301727,0.6000000238418579
31,calm,-0.009156025014817715,-0.0009731114841997623,0.009156025014817715,-0.006366920657455921,0.022885553538799286,0.6000000238418579
31,worthless,-0.00913281086832285,0.024236472323536873,0.00913281086832285,-0.008221995085477829,0.025570085272192955,0.6000000238418579
31,contemptuous,-0.00863773375749588,-0.03289029374718666,0.00863773375749588,-0.008661605417728424,0.015797298401594162,0.6000000238418579
31,vigilant,0.006252010818570852,0.02490314096212387,0.006252010818570852,0.007922821678221226,0.016101358458399773,0.6000000238418579
31,valiant,0.005605182610452175,-0.0011249254457652569,0.005605182610452175,0.004035559948533773,0.028576958924531937,0.4000000059604645
31,sleepy,0.005348742473870516,0.031967051327228546,0.005348742473870516,0.006639647297561169,0.02165011316537857,0.800000011920929
31,afraid,-0.00533357122913003,-0.0011944426223635674,0.00533357122913003,-0.004644673317670822,0.010629378259181976,0.6000000238418579
31,surprised,-0.004799711052328348,-0.02770479954779148,0.004799711052328348,-0.005126918200403452,0.02122749388217926,0.6000000238418579
31,vengeful,-0.004503462929278612,0.018442437052726746,0.004503462929278612,-0.0024965840857475996,0.015087742358446121,0.6000000238418579
31,stubborn,0.004460467025637627,0.03153681010007858,0.004460467025637627,0.0042273541912436485,0.015132208354771137,0.6000000238418579
31,bored,-0.004098126199096441,0.03335271030664444,0.004098126199096441,-0.0017742650816217065,0.023196667432785034,0.20000000298023224
31,remorseful,-0.004024629946798086,0.010159746743738651,0.004024629946798086,-0.0024050495121628046,0.02136675827205181,0.20000000298023224
31,frightened,-0.0030055285897105932,-0.02797830104827881,0.0030055285897105932,-0.00445720087736845,0.015224793925881386,0.6000000238418579
31,defiant,0.0008455509087070823,0.001299764378927648,0.0008455509087070823,0.002250480931252241,0.03082830272614956,0.4000000059604645
31,thankful,-0.0002293593715876341,-0.016326183453202248,0.0002293593715876341,-0.00041852256981655955,0.008858432061970234,0.6000000238418579
32,delighted,0.20401421189308167,0.1759689748287201,0.20401421189308167,0.18911626935005188,0.01936114951968193,1.0
32,at ease,0.17943859100341797,0.18183690309524536,0.17943859100341797,0.16638733446598053,0.027291366830468178,1.0
32,tormented,-0.1791917234659195,-0.16260585188865662,0.1791917234659195,-0.16666002571582794,0.03138161823153496,1.0
32,cheerful,0.1636267602443695,0.13922064006328583,0.1636267602443695,0.15340974926948547,0.01339389942586422,1.0
32,elated,0.15786030888557434,0.1648295670747757,0.15786030888557434,0.14841699600219727,0.013706320896744728,1.0
32,spiteful,-0.150790736079216,-0.13464675843715668,0.150790736079216,-0.14240196347236633,0.0197934377938509,1.0
32,ecstatic,0.1506786197423935,0.1516454815864563,0.1506786197423935,0.1388932466506958,0.027722414582967758,1.0
32,infatuated,0.14999300241470337,0.1409396082162857,0.14999300241470337,0.13990618288516998,0.01581290364265442,1.0
32,euphoric,0.14193637669086456,0.1445157676935196,0.14193637669086456,0.13273902237415314,0.012815739959478378,1.0
32,content,0.14019076526165009,0.10168638080358505,0.14019076526165009,0.13144536316394806,0.011830171570181847,1.0
32,droopy,-0.13826368749141693,-0.09168514609336853,0.13826368749141693,-0.12952016294002533,0.015479515306651592,1.0
32,bewildered,-0.13676685094833374,-0.13607996702194214,0.13676685094833374,-0.12769953906536102,0.0242093987762928,1.0
32,refreshed,0.12911292910575867,0.1048695296049118,0.12911292910575867,0.12134303897619247,0.01385494228452444,1.0
32,depressed,-0.1281643807888031,-0.10467338562011719,0.1281643807888031,-0.12001272290945053,0.01724458858370781,1.0
32,resigned,-0.12789054214954376,-0.13272379338741302,0.12789054214954376,-0.11904218047857285,0.015060693956911564,1.0
32,grumpy,-0.12327046692371368,-0.11925570666790009,0.12327046692371368,-0.11439640820026398,0.025434201583266258,1.0
32,hope,0.12149760127067566,0.134303480386734,0.12149760127067566,0.11218111217021942,0.02812514267861843,1.0
32,sluggish,-0.11926791071891785,-0.07193947583436966,0.11926791071891785,-0.1111886277794838,0.014393187128007412,1.0
32,hopeful,0.1189747229218483,0.0835142433643341,0.1189747229218483,0.11042263358831406,0.020960012450814247,1.0
32,dispirited,-0.11569017916917801,-0.06477238982915878,0.11569017916917801,-0.10626958310604095,0.03247890993952751,1.0
32,weary,-0.1149565801024437,-0.10634279996156693,0.1149565801024437,-0.10773539543151855,0.008246636018157005,1.0
32,sympathetic,0.11466903239488602,0.10226243734359741,0.11466903239488602,0.10544677078723907,0.022525236010551453,1.0
32,excited,0.11441183090209961,0.12362637370824814,0.11441183090209961,0.10730470716953278,0.020947501063346863,1.0
32,heartbroken,-0.11291850358247757,-0.06897833198308945,0.11291850358247757,-0.1042480617761612,0.017291780561208725,1.0
32,stuck,-0.1122991144657135,-0.11409442126750946,0.1122991144657135,-0.10575729608535767,0.009615150280296803,1.0
32,annoyed,-0.11225675046443939,-0.11903746426105499,0.11225675046443939,-0.10472650825977325,0.016952306032180786,1.0
32,troubled,-0.10957954078912735,-0.11175449192523956,0.10957954078912735,-0.10283152759075165,0.005894510541111231,1.0
32,worried,-0.10954105108976364,-0.0655791163444519,0.10954105108976364,-0.101560577750206,0.026416458189487457,1.0
32,gloomy,-0.10818706452846527,-0.11964228749275208,0.10818706452846527,-0.09960218518972397,0.023140473291277885,1.0
32,optimistic,0.10775681585073471,0.06262418627738953,0.10775681585073471,0.09688256680965424,0.04549324885010719,1.0
32,blissful,0.10739781707525253,0.06187267228960991,0.10739781707525253,0.09892772883176804,0.031326644122600555,1.0
32,anxious,-0.10685934126377106,-0.1085696816444397,0.10685934126377106,-0.09949683398008347,0.03062501922249794,1.0
32,empathetic,0.1062973216176033,0.10802517086267471,0.1062973216176033,0.10102275758981705,0.017250806093215942,1.0
32,angry,-0.10355596244335175,-0.10294295102357864,0.10355596244335175,-0.09699854254722595,0.02001309208571911,1.0
32,ashamed,0.10222000628709793,0.08582951873540878,0.10222000628709793,0.09482152760028839,0.026378905400633812,1.0
32,miserable,-0.10077632963657379,-0.06280919164419174,0.10077632963657379,-0.0928616151213646,0.024646015837788582,1.0
32,peaceful,0.09960495680570602,0.07715465873479843,0.09960495680570602,0.09380453079938889,0.012940630316734314,1.0
32,inspired,0.0971369594335556,0.09684360772371292,0.0971369594335556,0.0912325531244278,0.011619101278483868,1.0
32,unnerved,-0.0971161425113678,-0.08766238391399384,0.0971161425113678,-0.08927849680185318,0.024341722950339317,1.0
32,irritated,-0.09484311938285828,-0.100283682346344,0.09484311938285828,-0.08847860991954803,0.021876979619264603,1.0
32,stimulated,0.0941571444272995,0.08192610740661621,0.0941571444272995,0.0866386741399765,0.02872561477124691,1.0
32,panicked,-0.09390793740749359,-0.0579167939722538,0.09390793740749359,-0.08868460357189178,0.007454296573996544,1.0
32,hateful,-0.0936996266245842,-0.052972279489040375,0.0936996266245842,-0.08541671931743622,0.03325734660029411,1.0
32,fulfilled,0.09186672419309616,0.03321767598390579,0.09186672419309616,0.08561020344495773,0.019461171701550484,1.0
32,happy,0.0911506861448288,0.031954482197761536,0.0911506861448288,0.08594243228435516,0.011913002468645573,1.0
32,melancholy,-0.09083531051874161,-0.09610803425312042,0.09083531051874161,-0.08495777100324631,0.01558562833815813,1.0
32,rattled,0.09075246751308441,0.09906573593616486,0.09075246751308441,0.08400796353816986,0.02386731095612049,1.0
32,kind,0.0902000442147255,0.0981975719332695,0.0902000442147255,0.08505940437316895,0.02496754750609398,1.0
32,puzzled,-0.08897954225540161,-0.09966102987527847,0.08897954225540161,-0.08360650390386581,0.003016593400388956,1.0
32,resentful,-0.0883275717496872,-0.03320232778787613,0.0883275717496872,-0.08330684900283813,0.017753493040800095,1.0
32,enthusiastic,0.08824092894792557,0.09877664595842361,0.08824092894792557,0.08317531645298004,0.017750859260559082,1.0
32,vulnerable,-0.08817793428897858,-0.09790066629648209,0.08817793428897858,-0.08250142633914948,0.007023631129413843,1.0
32,mad,-0.08697083592414856,-0.054242417216300964,0.08697083592414856,-0.08068975061178207,0.013882484287023544,1.0
32,joyful,0.08626522123813629,0.025673499330878258,0.08626522123813629,0.07971864193677902,0.014966048300266266,1.0
32,tired,-0.08552618324756622,-0.026866644620895386,0.08552618324756622,-0.07987189292907715,0.01167601440101862,1.0
32,disturbed,-0.0840609148144722,-0.10020952671766281,0.0840609148144722,-0.07777031511068344,0.019885214045643806,1.0
32,satisfied,0.08349496126174927,0.08772605657577515,0.08349496126174927,0.07982491701841354,0.016566678881645203,1.0
32,suspicious,-0.08333171904087067,-0.09521553665399551,0.08333171904087067,-0.07708213478326797,0.012869119644165039,1.0
32,scornful,-0.08312983065843582,-0.09621785581111908,0.08312983065843582,-0.07817032188177109,0.009058913215994835,1.0
32,patient,0.08246445655822754,0.09000809490680695,0.08246445655822754,0.07908760011196136,0.0206853486597538,1.0
32,rejuvenated,0.07952071726322174,0.09162694215774536,0.07952071726322174,0.07641512155532837,0.023258954286575317,1.0
32,brooding,-0.07871543616056442,-0.02660347707569599,0.07871543616056442,-0.07114469259977341,0.02787203900516033,1.0
32,lonely,-0.0775759369134903,-0.0432661697268486,0.0775759369134903,-0.0703335851430893,0.022998172789812088,1.0
32,smug,0.07564379274845123,0.08725688606500626,0.07564379274845123,0.07016409933567047,0.017636701464653015,1.0
32,offended,-0.07374110072851181,-0.08771958947181702,0.07374110072851181,-0.0695648342370987,0.007190057076513767,1.0
32,restless,-0.07304514944553375,-0.06117478758096695,0.07304514944553375,-0.06970427930355072,0.021482301875948906,1.0
32,frustrated,-0.07303266227245331,-0.08414111286401749,0.07303266227245331,-0.06899691373109818,0.006470371503382921,1.0
32,unsettled,-0.071119524538517,-0.03697708994150162,0.071119524538517,-0.0652259960770607,0.024383677169680595,1.0
32,stressed,-0.07104089111089706,-0.08415313810110092,0.07104089111089706,-0.06746520847082138,0.006742706056684256,1.0
32,disoriented,-0.070880226790905,-0.08395162224769592,0.070880226790905,-0.06691229343414307,0.005929824896156788,1.0
32,exuberant,0.07074984908103943,0.05371999740600586,0.07074984908103943,0.06629981845617294,0.008164439350366592,1.0
32,hostile,-0.0703686848282814,-0.08470948785543442,0.0703686848282814,-0.06678611040115356,0.009144128300249577,1.0
32,compassionate,0.06984937191009521,0.08322718739509583,0.06984937191009521,0.06442716717720032,0.027956798672676086,1.0
32,bitter,0.0691426619887352,0.08362563699483871,0.0691426619887352,0.06464298814535141,0.008570384234189987,1.0
32,enraged,-0.06846486777067184,-0.05841474607586861,0.06846486777067184,-0.06355659663677216,0.017242543399333954,1.0
32,safe,0.06815198808908463,0.05762624368071556,0.06815198808908463,0.06672058254480362,0.03241664171218872,1.0
32,desperate,-0.06799911707639694,-0.030853794887661934,0.06799911707639694,-0.062282126396894455,0.021701442077755928,1.0
32,astonished,-0.06705810874700546,-0.06097583472728729,0.06705810874700546,-0.06126173585653305,0.02075321413576603,1.0
32,perplexed,0.06589540839195251,0.07939380407333374,0.06589540839195251,0.061163149774074554,0.01928095892071724,1.0
32,amused,0.06543533504009247,0.023276038467884064,0.06543533504009247,0.05881110578775406,0.030311711132526398,1.0
32,self-confident,0.06327280402183533,0.00809434149414301,0.06327280402183533,0.05772950127720833,0.017153626307845116,1.0
32,unhappy,-0.06291338801383972,-0.08263597637414932,0.06291338801383972,-0.05656369775533676,0.027419866994023323,1.0
32,sorry,0.06231916695833206,0.08044802397489548,0.06231916695833206,0.059061985462903976,0.006498272530734539,1.0
32,sensitive,0.060515064746141434,0.07345718890428543,0.060515064746141434,0.05678880959749222,0.03096267394721508,1.0
32,serene,0.05897131934762001,0.07716606557369232,0.05897131934762001,0.05677395313978195,0.01570652797818184,1.0
32,grateful,0.05851489678025246,0.07772858440876007,0.05851489678025246,0.05331728979945183,0.023166479542851448,1.0
32,jubilant,0.05789158120751381,0.07637163251638412,0.05789158120751381,0.05438932031393051,0.014242044650018215,1.0
32,vibrant,0.05752556398510933,0.008921181783080101,0.05752556398510933,0.05174027010798454,0.021631421521306038,1.0
32,self-critical,0.05613710358738899,0.016075551509857178,0.05613710358738899,0.05140000581741333,0.015364027582108974,1.0
32,relieved,0.05593162402510643,0.05371132120490074,0.05593162402510643,0.05159060284495354,0.021984171122312546,1.0
32,docile,-0.05592099204659462,-0.013521499931812286,0.05592099204659462,-0.05056612566113472,0.030194148421287537,1.0
32,skeptical,-0.05572221055626869,-0.07695238292217255,0.05572221055626869,-0.053648691624403,0.01757468655705452,1.0
32,playful,0.055663615465164185,-0.00039344371180050075,0.055663615465164185,0.051062196493148804,0.015556170605123043,1.0
32,greedy,0.05470671504735947,0.04235275462269783,0.05470671504735947,0.05140560865402222,0.01762399822473526,1.0
32,dumbstruck,-0.05384310707449913,-0.07020512223243713,0.05384310707449913,-0.052470721304416656,0.015492881648242474,1.0
32,distressed,-0.053829681128263474,-0.031317178159952164,0.053829681128263474,-0.04974041134119034,0.022543292492628098,1.0
32,disdainful,0.05166979879140854,0.06802833080291748,0.05166979879140854,0.049180611968040466,0.006292720325291157,1.0
32,invigorated,0.049835242331027985,0.0386786125600338,0.049835242331027985,0.0468616709113121,0.018888983875513077,1.0
32,guilty,-0.04933231323957443,-0.02936571091413498,0.04933231323957443,-0.04451371356844902,0.02073574811220169,1.0
32,shaken,-0.04923984408378601,-0.04635539650917053,0.04923984408378601,-0.04530313238501549,0.01633470505475998,1.0
32,trapped,-0.048638004809617996,-0.0716014951467514,0.048638004809617996,-0.04511387273669243,0.006086444482207298,1.0
32,self-conscious,0.04755992814898491,0.036644842475652695,0.04755992814898491,0.04417410120368004,0.024381328374147415,1.0
32,hysterical,0.047228895127773285,0.05641694739460945,0.047228895127773285,0.044503312557935715,0.02246548794209957,1.0
32,upset,-0.046431563794612885,0.0013688025064766407,0.046431563794612885,-0.04301401600241661,0.0065153916366398335,1.0
32,insulted,0.04628855735063553,0.06592560559511185,0.04628855735063553,0.04419121891260147,0.010027025826275349,1.0
32,reflective,-0.04595069959759712,-0.06553293764591217,0.04595069959759712,-0.04181944578886032,0.023348180577158928,1.0
32,vindictive,-0.04531962051987648,0.0003187079564668238,0.04531962051987648,-0.04375819116830826,0.0162211786955595,1.0
32,loving,0.04218441620469093,0.0352945439517498,0.04218441620469093,0.03655190020799637,0.033727098256349564,0.800000011920929
32,awestruck,-0.04180404916405678,0.009057297371327877,0.04180404916405678,-0.03817860037088394,0.015056148171424866,1.0
32,paranoid,-0.04163424298167229,-0.05861266329884529,0.04163424298167229,-0.04022747278213501,0.012971869669854641,1.0
32,overwhelmed,-0.04142679646611214,-0.0010415089782327414,0.04142679646611214,-0.03702593967318535,0.022100886330008507,0.800000011920929
32,embarrassed,0.041309904307127,0.061757300049066544,0.041309904307127,0.03981152921915054,0.014736100099980831,1.0
32,energized,0.040622975677251816,-0.004235978238284588,0.040622975677251816,0.03848185017704964,0.007337730377912521,1.0
32,humiliated,-0.04000752419233322,-0.05361594259738922,0.04000752419233322,-0.03673640266060829,0.02777247503399849,1.0
32,eager,-0.039209987968206406,-0.04112285003066063,0.039209987968206406,-0.03681597858667374,0.008394184522330761,1.0
32,obstinate,-0.03809729963541031,0.007001049816608429,0.03809729963541031,-0.03595003858208656,0.015731114894151688,1.0
32,uneasy,-0.03759506717324257,-0.004215412773191929,0.03759506717324257,-0.03250095993280411,0.0267853494733572,0.800000011920929
32,indignant,-0.0370231568813324,-0.0523194782435894,0.0370231568813324,-0.037412263453006744,0.03274098038673401,0.800000011920929
32,impatient,0.037016235291957855,0.05088743194937706,0.037016235291957855,0.03572704643011093,0.008288574405014515,1.0
32,lazy,-0.03583740442991257,-0.009493723511695862,0.03583740442991257,-0.032148461788892746,0.02543453685939312,0.800000011920929
32,sullen,-0.03282633796334267,-0.06024818494915962,0.03282633796334267,-0.031142916530370712,0.009614760056138039,1.0
32,horrified,-0.03237994387745857,0.011956273578107357,0.03237994387745857,-0.030401160940527916,0.014266103506088257,1.0
32,thrilled,0.03198700025677681,-6.641019717790186e-05,0.03198700025677681,0.02884904481470585,0.011774461716413498,1.0
32,shocked,-0.031503405421972275,-0.05948478728532791,0.031503405421972275,-0.02932799980044365,0.010683286935091019,1.0
32,nervous,-0.031428273767232895,-0.03193628042936325,0.031428273767232895,-0.030396154150366783,0.02564743161201477,0.800000011920929
32,irate,0.03141536936163902,0.05305009335279465,0.03141536936163902,0.027625039219856262,0.025581475347280502,1.0
32,listless,-0.031274545937776566,-0.006197280250489712,0.031274545937776566,-0.02858830615878105,0.015605870634317398,1.0
32,amazed,-0.030962642282247543,-0.038327526301145554,0.030962642282247543,-0.029447410255670547,0.011511130258440971,1.0
32,pleased,0.030639370903372765,0.0004449537373147905,0.030639370903372765,0.027352893725037575,0.018138475716114044,0.800000011920929
32,furious,0.030570138245821,-0.015024688094854355,0.030570138245821,0.02649606764316559,0.022594405338168144,0.800000011920929
32,scared,-0.03056400455534458,-0.05950823798775673,0.03056400455534458,-0.028855809941887856,0.009493453428149223,1.0
32,alert,-0.03029833547770977,-0.05233754590153694,0.03029833547770977,-0.029278218746185303,0.01787380501627922,0.800000011920929
32,grief-stricken,-0.030149832367897034,-0.0010124881519004703,0.030149832367897034,-0.028237421065568924,0.010361962951719761,1.0
32,alarmed,-0.030139578506350517,-0.0186750628054142,0.030139578506350517,-0.030563121661543846,0.03429041802883148,0.800000011920929
32,proud,0.029822848737239838,0.04686839506030083,0.029822848737239838,0.027966167777776718,0.01474461704492569,1.0
32,disgusted,-0.028835855424404144,0.010539937764406204,0.028835855424404144,-0.026509249582886696,0.011536949314177036,1.0
32,sentimental,0.027841761708259583,0.03059379570186138,0.027841761708259583,0.02615933120250702,0.01586662419140339,1.0
32,aroused,0.025773214176297188,-0.012536675669252872,0.025773214176297188,0.02410268411040306,0.007928728125989437,1.0
32,indifferent,-0.02511458285152912,0.00634616008028388,0.02511458285152912,-0.02478126809000969,0.022646863013505936,0.800000011920929
32,terrified,-0.024326089769601822,-0.023303868249058723,0.024326089769601822,-0.02167755924165249,0.010574182495474815,1.0
32,tense,0.02390691265463829,-0.005649649538099766,0.02390691265463829,0.021686675027012825,0.01684200018644333,1.0
32,mystified,-0.023165209218859673,-0.05277463421225548,0.023165209218859673,-0.023381486535072327,0.016789153218269348,1.0
32,on edge,0.022501008585095406,0.051796071231365204,0.022501008585095406,0.022114994004368782,0.021049149334430695,1.0
32,exasperated,0.021965615451335907,0.04824322462081909,0.021965615451335907,0.01917039230465889,0.02100323885679245,0.800000011920929
32,hurt,-0.020722901448607445,0.013737112283706665,0.020722901448607445,-0.017900288105010986,0.02311275526881218,0.800000011920929
32,contemptuous,-0.01945468597114086,-0.0501222126185894,0.01945468597114086,-0.018661705777049065,0.01407262310385704,0.800000011920929
32,nostalgic,0.018267259001731873,0.050578124821186066,0.018267259001731873,0.01808765158057213,0.010841588489711285,1.0
32,regretful,0.018199117854237556,0.04521017521619797,0.018199117854237556,0.018007075414061546,0.01879986561834812,0.800000011920929
32,calm,-0.014921978116035461,-0.0193706676363945,0.014921978116035461,-0.011828267946839333,0.021668516099452972,0.800000011920929
32,mortified,-0.014382850378751755,-0.010321876965463161,0.014382850378751755,-0.01418006420135498,0.013414460234344006,0.800000011920929
32,outraged,-0.014143248088657856,-0.002212709281593561,0.014143248088657856,-0.013460183516144753,0.00869913212954998,0.800000011920929
32,dependent,0.012493899092078209,0.03702175244688988,0.012493899092078209,0.014282599091529846,0.02460893616080284,0.800000011920929
32,frightened,0.012332863174378872,-0.007908427156507969,0.012332863174378872,0.00985358189791441,0.01528411265462637,0.800000011920929
32,thankful,-0.012055925093591213,-0.03855885937809944,0.012055925093591213,-0.01158304326236248,0.009367017075419426,0.800000011920929
32,vengeful,-0.011582884937524796,0.007975291460752487,0.011582884937524796,-0.009063543751835823,0.017445363104343414,0.800000011920929
32,sad,-0.011360801756381989,0.01557796448469162,0.011360801756381989,-0.01114748790860176,0.015131590887904167,0.800000011920929
32,defiant,-0.010807007551193237,-0.013647222891449928,0.010807007551193237,-0.008463852107524872,0.03417723998427391,0.6000000238418579
32,surprised,-0.010391059331595898,-0.03633524850010872,0.010391059331595898,-0.010082339867949486,0.021095501258969307,0.6000000238418579
32,sleepy,0.010038329288363457,0.03813425078988075,0.010038329288363457,0.011083371005952358,0.021980414167046547,0.800000011920929
32,triumphant,0.008230072446167469,-0.015499869361519814,0.008230072446167469,0.008783603087067604,0.02412792108952999,0.4000000059604645
32,relaxed,0.00806969590485096,-0.00479811942204833,0.00806969590485096,0.00719858705997467,0.02094489336013794,0.4000000059604645
32,envious,-0.005613856483250856,-0.02439238131046295,0.005613856483250856,-0.005268521141260862,0.011559558100998402,0.800000011920929
32,worn out,0.00522770406678319,0.03146427497267723,0.00522770406678319,0.005606693681329489,0.009211186319589615,0.6000000238418579
32,worthless,0.0038312897086143494,0.02552199922502041,0.0038312897086143494,0.0038219685666263103,0.025840986520051956,0.6000000238418579
32,stubborn,0.0030328030698001385,0.025782573968172073,0.0030328030698001385,0.002459607319906354,0.015478885732591152,0.4000000059604645
32,remorseful,0.0029527703300118446,0.009665590710937977,0.0029527703300118446,0.004294064827263355,0.02323778346180916,0.800000011920929
32,bored,-0.0022128012496978045,0.032197702676057816,0.0022128012496978045,2.1533855033339933e-05,0.022708430886268616,0.20000000298023224
32,vigilant,-0.0020889807492494583,0.01776711456477642,0.0020889807492494583,-5.1005928980885074e-05,0.01460302621126175,0.4000000059604645
32,afraid,0.0012531219981610775,0.0005231486866250634,0.0012531219981610775,0.0015118367737159133,0.01065417006611824,0.4000000059604645
32,valiant,-0.0010315536055713892,0.0020490377210080624,0.0010315536055713892,-0.00217203376814723,0.026762530207633972,0.6000000238418579
32,jealous,0.0005326088285073638,0.03172553703188896,0.0005326088285073638,-0.0007108971476554871,0.020632771775126457,0.6000000238418579
33,delighted,0.19772836565971375,0.16870832443237305,0.19772836565971375,0.18311810493469238,0.016386140137910843,1.0
33,tormented,-0.18667149543762207,-0.17567557096481323,0.18667149543762207,-0.1729356050491333,0.031037313863635063,1.0
33,at ease,0.17953892052173615,0.18065084517002106,0.17953892052173615,0.16591183841228485,0.02774832583963871,1.0
33,cheerful,0.15715019404888153,0.12081310153007507,0.15715019404888153,0.14723411202430725,0.013923087157309055,1.0
33,elated,0.15582111477851868,0.15086016058921814,0.15582111477851868,0.14640900492668152,0.014393198303878307,1.0
33,infatuated,0.15522721409797668,0.1525478959083557,0.15522721409797668,0.1441349983215332,0.016476403921842575,1.0
33,spiteful,-0.15231575071811676,-0.1299944519996643,0.15231575071811676,-0.143410786986351,0.016101105138659477,1.0
33,ecstatic,0.1507098525762558,0.152912437915802,0.1507098525762558,0.1387287825345993,0.026596417650580406,1.0
33,content,0.1421901434659958,0.10477656126022339,0.1421901434659958,0.13285109400749207,0.012288115918636322,1.0
33,depressed,-0.13889172673225403,-0.12400483340024948,0.13889172673225403,-0.129828542470932,0.016465233638882637,1.0
33,refreshed,0.13739940524101257,0.09323523193597794,0.13739940524101257,0.12914904952049255,0.01391904428601265,1.0
33,bewildered,-0.13303527235984802,-0.11631878465414047,0.13303527235984802,-0.12404481321573257,0.022198190912604332,1.0
33,euphoric,0.13189245760440826,0.11660686135292053,0.13189245760440826,0.12329705059528351,0.011798272840678692,1.0
33,droopy,-0.1317751705646515,-0.07945193350315094,0.1317751705646515,-0.12319435179233551,0.014738800004124641,1.0
33,resigned,-0.1314087063074112,-0.1368241161108017,0.1314087063074112,-0.12179889529943466,0.018254393711686134,1.0
33,hopeful,0.12952102720737457,0.10049664229154587,0.12952102720737457,0.11987000703811646,0.020996710285544395,1.0
33,dispirited,-0.1283772587776184,-0.0855989083647728,0.1283772587776184,-0.11763155460357666,0.03090645745396614,1.0
33,sluggish,-0.12274469435214996,-0.07865685224533081,0.12274469435214996,-0.11439862102270126,0.011811033822596073,1.0
33,heartbroken,-0.1218063160777092,-0.08996408432722092,0.1218063160777092,-0.11177463829517365,0.019555838778614998,1.0
33,grumpy,-0.12051820009946823,-0.11845588684082031,0.12051820009946823,-0.11127348989248276,0.024767648428678513,1.0
33,gloomy,-0.11715354770421982,-0.13623057305812836,0.11715354770421982,-0.10768634080886841,0.022653747349977493,1.0
33,weary,-0.11613360792398453,-0.10222071409225464,0.11613360792398453,-0.10873367637395859,0.009991229511797428,1.0
33,optimistic,0.11588359624147415,0.08391425013542175,0.11588359624147415,0.10389381647109985,0.04471689462661743,1.0
33,worried,-0.11509239673614502,-0.06860566139221191,0.11509239673614502,-0.10670256614685059,0.02299211174249649,1.0
33,anxious,-0.11499477177858353,-0.1199701800942421,0.11499477177858353,-0.10645072162151337,0.030046872794628143,1.0
33,blissful,0.11251521110534668,0.06463754177093506,0.11251521110534668,0.10345915704965591,0.028978966176509857,1.0
33,hope,0.11172643303871155,0.12219759821891785,0.11172643303871155,0.10323836654424667,0.023662297055125237,1.0
33,ashamed,0.10954805463552475,0.11106759309768677,0.10954805463552475,0.1006448045372963,0.03048044629395008,1.0
33,sympathetic,0.10923067480325699,0.09374848008155823,0.10923067480325699,0.10039486736059189,0.019525131210684776,1.0
33,angry,-0.1082092672586441,-0.09316956996917725,0.1082092672586441,-0.10116779804229736,0.018369462341070175,1.0
33,stuck,-0.10761233419179916,-0.10013386607170105,0.10761233419179916,-0.1014241948723793,0.009330034255981445,1.0
33,excited,0.10759373009204865,0.11146565526723862,0.10759373009204865,0.10106261819601059,0.021165262907743454,1.0
33,miserable,-0.10543829202651978,-0.0661480724811554,0.10543829202651978,-0.09706475585699081,0.021069366484880447,1.0
33,fulfilled,0.10460969060659409,0.050874389708042145,0.10460969060659409,0.09692049026489258,0.019701575860381126,1.0
33,troubled,-0.10435555875301361,-0.1005837544798851,0.10435555875301361,-0.0978553518652916,0.007406837772578001,1.0
33,empathetic,0.10268183797597885,0.09634009003639221,0.10268183797597885,0.0976688340306282,0.019626697525382042,1.0
33,peaceful,0.09949095547199249,0.06858108192682266,0.09949095547199249,0.09376697242259979,0.013422590680420399,1.0
33,joyful,0.09670291095972061,0.041032955050468445,0.09670291095972061,0.08916186541318893,0.015022646635770798,1.0
33,hateful,-0.09560661017894745,-0.06991400569677353,0.09560661017894745,-0.08691155910491943,0.03141014650464058,1.0
33,enthusiastic,0.09447407722473145,0.09489944577217102,0.09447407722473145,0.08898917585611343,0.019757309928536415,1.0
33,annoyed,-0.09436612576246262,-0.09047423303127289,0.09436612576246262,-0.08824962377548218,0.01650881953537464,1.0
33,puzzled,-0.09433557838201523,-0.09736856818199158,0.09433557838201523,-0.0885872021317482,0.003284557955339551,1.0
33,lonely,-0.09404584020376205,-0.07377523183822632,0.09404584020376205,-0.08537186682224274,0.023577941581606865,1.0
33,stimulated,0.09346625208854675,0.0961734727025032,0.09346625208854675,0.08543787151575089,0.029104318469762802,1.0
33,rattled,0.09285182505846024,0.10804173350334167,0.09285182505846024,0.0856381207704544,0.024155840277671814,1.0
33,irritated,-0.09284809976816177,-0.10572406649589539,0.09284809976816177,-0.08603356778621674,0.02375703677535057,1.0
33,unnerved,-0.09103405475616455,-0.08390431851148605,0.09103405475616455,-0.08357851207256317,0.022422419860959053,1.0
33,panicked,-0.0907910168170929,-0.051388200372457504,0.0907910168170929,-0.08555660396814346,0.006495098117738962,1.0
33,happy,0.09068699181079865,0.03376985341310501,0.09068699181079865,0.08504442870616913,0.012053721584379673,1.0
33,melancholy,-0.09024098515510559,-0.09057707339525223,0.09024098515510559,-0.08434657007455826,0.01601696014404297,1.0
33,brooding,-0.08760452270507812,-0.046992164105176926,0.08760452270507812,-0.0790114626288414,0.028482157737016678,1.0
33,desperate,-0.08690042793750763,-0.06246331334114075,0.08690042793750763,-0.07913611829280853,0.025063229724764824,1.0
33,mad,-0.0866628885269165,-0.0553281344473362,0.0866628885269165,-0.08013158291578293,0.012974918819963932,1.0
33,inspired,0.08389095216989517,0.059204332530498505,0.08389095216989517,0.07918461412191391,0.01236783992499113,1.0
33,tired,-0.08319829404354095,-0.025300994515419006,0.08319829404354095,-0.07756606489419937,0.011294340714812279,1.0
33,amused,0.08298588544130325,0.054154664278030396,0.08298588544130325,0.07467879354953766,0.0311902966350317,1.0
33,resentful,-0.0829063206911087,-0.024544939398765564,0.0829063206911087,-0.07775254547595978,0.017451083287596703,1.0
33,unsettled,-0.08243502676486969,-0.054513365030288696,0.08243502676486969,-0.07552080601453781,0.023885929957032204,1.0
33,patient,0.08242666721343994,0.07685632258653641,0.08242666721343994,0.07891205698251724,0.019389118999242783,1.0
33,satisfied,0.0793074443936348,0.06855275481939316,0.0793074443936348,0.0760020837187767,0.015769295394420624,1.0
33,scornful,-0.07860574126243591,-0.08854976296424866,0.07860574126243591,-0.07376524806022644,0.010009534657001495,1.0
33,disturbed,-0.07744359225034714,-0.08090949803590775,0.07744359225034714,-0.07167188078165054,0.01860813982784748,1.0
33,self-confident,0.07736033946275711,0.027903489768505096,0.07736033946275711,0.07038575410842896,0.018383262678980827,1.0
33,kind,0.07695844769477844,0.08372054994106293,0.07695844769477844,0.07273351401090622,0.024538733065128326,1.0
33,vulnerable,-0.07625194638967514,-0.0822703093290329,0.07625194638967514,-0.07171817123889923,0.006379020866006613,1.0
33,compassionate,0.07379176467657089,0.08581174910068512,0.07379176467657089,0.06791641563177109,0.026362432166934013,1.0
33,restless,-0.0708257257938385,-0.05452384427189827,0.0708257257938385,-0.06722505390644073,0.018787261098623276,1.0
33,enraged,-0.07055149227380753,-0.06157583370804787,0.07055149227380753,-0.065163254737854,0.0175133366137743,1.0
33,offended,-0.07034852355718613,-0.07697515934705734,0.07034852355718613,-0.06632276624441147,0.008147799409925938,1.0
33,rejuvenated,0.06863520294427872,0.06513586640357971,0.06863520294427872,0.0666743740439415,0.025360001251101494,1.0
33,disoriented,-0.06769613176584244,-0.06582207977771759,0.06769613176584244,-0.06426765024662018,0.007944648154079914,1.0
33,playful,0.06764574348926544,0.01939389854669571,0.06764574348926544,0.06174125522375107,0.01702761836349964,1.0
33,smug,0.06762471050024033,0.06550874561071396,0.06762471050024033,0.06296761333942413,0.016651498153805733,1.0
33,vibrant,0.06753963977098465,0.02696518413722515,0.06753963977098465,0.0607985258102417,0.02141715958714485,1.0
33,exuberant,0.06722919642925262,0.04154861345887184,0.06722919642925262,0.06292125582695007,0.008845330215990543,1.0
33,frustrated,-0.06633784621953964,-0.07259400188922882,0.06633784621953964,-0.0623815543949604,0.007083560805767775,1.0
33,suspicious,-0.06543269753456116,-0.07075554877519608,0.06543269753456116,-0.060827724635601044,0.009047470986843109,1.0
33,unhappy,-0.06527801603078842,-0.08749470114707947,0.06527801603078842,-0.05890689045190811,0.023870723322033882,1.0
33,docile,-0.0646694153547287,-0.035775426775217056,0.0646694153547287,-0.05838543176651001,0.030140504240989685,1.0
33,perplexed,0.06456448137760162,0.07603640854358673,0.06456448137760162,0.05999600887298584,0.019359666854143143,1.0
33,stressed,-0.06428644061088562,-0.07426031678915024,0.06428644061088562,-0.061310190707445145,0.009026950225234032,1.0
33,safe,0.06409499794244766,0.03947576880455017,0.06409499794244766,0.06295736134052277,0.03096713498234749,1.0
33,sensitive,0.06132516637444496,0.062108565121889114,0.06132516637444496,0.05775866657495499,0.028794189915060997,1.0
33,bitter,0.06046983227133751,0.07465820014476776,0.06046983227133751,0.05647794529795647,0.010621823370456696,1.0
33,astonished,-0.05945735052227974,-0.05156087875366211,0.05945735052227974,-0.05381513386964798,0.0204206220805645,1.0
33,guilty,-0.05911959335207939,-0.053062811493873596,0.05911959335207939,-0.05310952663421631,0.02257426455616951,1.0
33,shaken,-0.05824096128344536,-0.04962962493300438,0.05824096128344536,-0.053283654153347015,0.016847936436533928,1.0
33,humiliated,-0.05781907960772514,-0.08631189167499542,0.05781907960772514,-0.053027231246232986,0.02776619978249073,1.0
33,hostile,-0.05747319757938385,-0.0743931457400322,0.05747319757938385,-0.05478426814079285,0.009346600621938705,1.0
33,grateful,0.057056743651628494,0.0757654532790184,0.057056743651628494,0.052146680653095245,0.01914072036743164,1.0
33,distressed,-0.05670773610472679,-0.04238505661487579,0.05670773610472679,-0.05225486680865288,0.02194676361978054,1.0
33,invigorated,0.055617429316043854,0.026928100734949112,0.055617429316043854,0.05234936997294426,0.017818119376897812,1.0
33,self-critical,0.0549074225127697,0.02087939716875553,0.0549074225127697,0.04993186518549919,0.01590900495648384,1.0
33,obstinate,-0.05412187799811363,-0.018398446962237358,0.05412187799811363,-0.05024489760398865,0.01669921912252903,1.0
33,serene,0.05406222492456436,0.057720933109521866,0.05406222492456436,0.05253443866968155,0.01802627556025982,1.0
33,loving,0.05362724885344505,0.055216725915670395,0.05362724885344505,0.04740685224533081,0.02975323610007763,0.800000011920929
33,relieved,0.05362444743514061,0.03818641975522041,0.05362444743514061,0.04940410330891609,0.01989166997373104,1.0
33,sorry,0.052359212189912796,0.06889280676841736,0.052359212189912796,0.04967170208692551,0.006675054784864187,1.0
33,jubilant,0.051962703466415405,0.0628022626042366,0.051962703466415405,0.04907368868589401,0.012947892770171165,1.0
33,lazy,-0.0517466738820076,-0.028712879866361618,0.0517466738820076,-0.0468558743596077,0.023081403225660324,1.0
33,vindictive,-0.04919561371207237,-0.00041406427044421434,0.04919561371207237,-0.047145310789346695,0.013262106105685234,1.0
33,self-conscious,0.04872069135308266,0.04737593233585358,0.04872069135308266,0.044749025255441666,0.025027209892868996,1.0
33,awestruck,-0.047537755221128464,-0.0010693646036088467,0.047537755221128464,-0.043150488287210464,0.01590118557214737,1.0
33,skeptical,-0.04731998220086098,-0.05780039355158806,0.04731998220086098,-0.04604725167155266,0.018507424741983414,1.0
33,embarrassed,0.047108035534620285,0.060941219329833984,0.047108035534620285,0.04495565593242645,0.0132907684892416,1.0
33,impatient,0.0462469682097435,0.056373223662376404,0.0462469682097435,0.044403862208127975,0.008615456521511078,1.0
33,dumbstruck,-0.04611600562930107,-0.05512067675590515,0.04611600562930107,-0.044994086027145386,0.01406670082360506,1.0
33,upset,-0.04583624377846718,0.006645913235843182,0.04583624377846718,-0.04230881482362747,0.006331474054604769,1.0
33,alarmed,-0.044021930545568466,-0.02865416929125786,0.044021930545568466,-0.04325290396809578,0.03224768117070198,0.800000011920929
33,greedy,0.04385333135724068,0.013692378997802734,0.04385333135724068,0.04164920374751091,0.01720636524260044,1.0
33,thrilled,0.04367814213037491,0.017022795975208282,0.04367814213037491,0.03960869833827019,0.011681482195854187,1.0
33,trapped,-0.043321046978235245,-0.062022414058446884,0.043321046978235245,-0.04005318507552147,0.0066583226434886456,1.0
33,uneasy,-0.04236461967229843,-0.012473956681787968,0.04236461967229843,-0.03702249377965927,0.025325585156679153,0.800000011920929
33,disdainful,0.04233616963028908,0.0542803630232811,0.04233616963028908,0.04022456705570221,0.005127804819494486,1.0
33,grief-stricken,-0.04187431558966637,-0.02658943273127079,0.04187431558966637,-0.03889501467347145,0.012041947804391384,1.0
33,hysterical,0.03993997722864151,0.04101458936929703,0.03993997722864151,0.0374249592423439,0.01798238418996334,1.0
33,reflective,-0.039791930466890335,-0.05415394902229309,0.039791930466890335,-0.036275748163461685,0.01923033595085144,1.0
33,overwhelmed,-0.039077095687389374,-0.0002575247490312904,0.039077095687389374,-0.03492099791765213,0.0194251649081707,0.800000011920929
33,eager,-0.038620736449956894,-0.02967260591685772,0.038620736449956894,-0.036333195865154266,0.006826738826930523,1.0
33,furious,0.03853047639131546,0.00042868629680015147,0.03853047639131546,0.03360825031995773,0.023203011602163315,1.0
33,pleased,0.037280235439538956,0.01220017671585083,0.037280235439538956,0.03334049507975578,0.01854103058576584,0.800000011920929
33,hurt,-0.03661758080124855,-0.007857120595872402,0.03661758080124855,-0.03252394497394562,0.022670546546578407,0.800000011920929
33,horrified,-0.03613228350877762,0.004162643104791641,0.03613228350877762,-0.0334906205534935,0.013513768091797829,1.0
33,energized,0.034895919263362885,-0.010367171838879585,0.034895919263362885,0.03307286277413368,0.0062613398768007755,1.0
33,insulted,0.03405342251062393,0.05590318888425827,0.03405342251062393,0.032694991677999496,0.009688913822174072,1.0
33,sentimental,0.0321391299366951,0.03471098095178604,0.0321391299366951,0.03002919815480709,0.015572398900985718,1.0
33,paranoid,-0.032060183584690094,-0.028583182021975517,0.032060183584690094,-0.031544316560029984,0.014672408811748028,1.0
33,sullen,-0.0320066474378109,-0.052888013422489166,0.0320066474378109,-0.03052685782313347,0.009075387381017208,1.0
33,tense,0.031231151893734932,0.019047077745199203,0.031231151893734932,0.028060251846909523,0.018657218664884567,1.0
33,aroused,0.030367199331521988,-0.002969199325889349,0.030367199331521988,0.028288286179304123,0.009033997543156147,1.0
33,disgusted,-0.02954902872443199,0.0025016572326421738,0.02954902872443199,-0.02717803791165352,0.010878684930503368,1.0
33,indignant,-0.02887655980885029,-0.04084000736474991,0.02887655980885029,-0.029647935181856155,0.030910078436136246,0.800000011920929
33,shocked,-0.02636832185089588,-0.045604407787323,0.02636832185089588,-0.024782469496130943,0.01038417313247919,1.0
33,irate,0.02636384777724743,0.05332740768790245,0.02636384777724743,0.023121297359466553,0.02526295930147171,1.0
33,scared,-0.023869605734944344,-0.05182917043566704,0.023869605734944344,-0.022715114057064056,0.00999927707016468,1.0
33,alert,-0.022790508344769478,-0.03946711868047714,0.022790508344769478,-0.02232639119029045,0.016457926481962204,0.800000011920929
33,listless,-0.021372292190790176,0.009901109151542187,0.021372292190790176,-0.01935727335512638,0.01556817814707756,0.800000011920929
33,on edge,0.020991580560803413,0.05564938113093376,0.020991580560803413,0.020232325419783592,0.02104780822992325,1.0
33,outraged,-0.01905129849910736,-0.002572129014879465,0.01905129849910736,-0.0177411250770092,0.007459316402673721,1.0
33,mortified,-0.018981164321303368,-0.005813726224005222,0.018981164321303368,-0.018469074741005898,0.011841809377074242,1.0
33,contemptuous,-0.018591176718473434,-0.05184374377131462,0.018591176718473434,-0.017716621980071068,0.014533288776874542,0.800000011920929
33,amazed,-0.01791514828801155,-0.02302650548517704,0.01791514828801155,-0.017449554055929184,0.013703081756830215,0.800000011920929
33,terrified,-0.017771635204553604,-0.0005494402721524239,0.017771635204553604,-0.015947643667459488,0.007060985080897808,1.0
33,exasperated,0.016806740313768387,0.04814646393060684,0.016806740313768387,0.014265370555222034,0.021333549171686172,0.800000011920929
33,proud,0.016544273123145103,0.015096518211066723,0.016544273123145103,0.016316402703523636,0.017131224274635315,0.800000011920929
33,indifferent,-0.01638580672442913,0.021835289895534515,0.01638580672442913,-0.01702876389026642,0.02530553564429283,0.800000011920929
33,worthless,-0.016130264848470688,-0.008804341778159142,0.016130264848470688,-0.01456510554999113,0.02470843493938446,0.6000000238418579
33,relaxed,0.01512824185192585,-0.003889327170327306,0.01512824185192585,0.013382499106228352,0.019254714250564575,0.6000000238418579
33,nostalgic,0.014983310364186764,0.04930924251675606,0.014983310364186764,0.014613861218094826,0.01026828307658434,1.0
33,nervous,-0.014747647568583488,0.004637154750525951,0.014747647568583488,-0.015131023712456226,0.02602197229862213,0.6000000238418579
33,calm,-0.012497540563344955,-0.03298865258693695,0.012497540563344955,-0.009481595829129219,0.022578103467822075,0.6000000238418579
33,regretful,0.012426330707967281,0.02867441065609455,0.012426330707967281,0.012725353240966797,0.018796782940626144,0.800000011920929
33,triumphant,0.011854116804897785,-0.014533141627907753,0.011854116804897785,0.012155321426689625,0.023253832012414932,0.6000000238418579
33,surprised,-0.011691264808177948,-0.03740355372428894,0.011691264808177948,-0.010902688838541508,0.023391706869006157,0.6000000238418579
33,frightened,0.009797561913728714,0.0011826995760202408,0.009797561913728714,0.007244473788887262,0.016722973436117172,0.6000000238418579
33,bored,-0.009260058403015137,0.014447719790041447,0.009260058403015137,-0.006428437773138285,0.021199112758040428,0.6000000238418579
33,defiant,-0.00859146099537611,-0.014146920293569565,0.00859146099537611,-0.006610311567783356,0.028579002246260643,0.800000011920929
33,mystified,-0.008424054831266403,-0.035071227699518204,0.008424054831266403,-0.010100755840539932,0.01959574967622757,0.6000000238418579
33,sleepy,0.008024579845368862,0.030314818024635315,0.008024579845368862,0.009359871968626976,0.02075181156396866,0.800000011920929
33,dependent,-0.006595643237233162,0.0059623694978654385,0.006595643237233162,-0.003297899616882205,0.025768298655748367,0.6000000238418579
33,stubborn,-0.0064639742486178875,0.002969723427668214,0.0064639742486178875,-0.005995399318635464,0.013431987725198269,0.800000011920929
33,vengeful,-0.006238480098545551,0.0030934149399399757,0.006238480098545551,-0.0036579619627445936,0.018672095611691475,0.6000000238418579
33,afraid,0.005475144367665052,0.004337730351835489,0.005475144367665052,0.005213332362473011,0.00886012613773346,0.6000000238418579
33,thankful,-0.005220111925154924,-0.04057495668530464,0.005220111925154924,-0.00510274525731802,0.00986041035503149,0.6000000238418579
33,envious,-0.003925949335098267,-0.01565917581319809,0.003925949335098267,-0.003525158856064081,0.012504602782428265,0.800000011920929
33,worn out,-0.003840045304968953,0.02694832906126976,0.003840045304968953,-0.00346343289129436,0.007402508985251188,0.6000000238418579
33,sad,-0.003781017614528537,0.030395928770303726,0.003781017614528537,-0.0042458707466721535,0.015734538435935974,0.6000000238418579
33,valiant,0.0032472668681293726,0.013948378153145313,0.0032472668681293726,0.001959139946848154,0.022588685154914856,0.4000000059604645
33,jealous,0.000898711325135082,0.04869978874921799,0.000898711325135082,-0.0009396057575941086,0.02394128032028675,0.4000000059604645
33,vigilant,-0.0006590521661564708,0.014194291085004807,0.0006590521661564708,0.0012323136907070875,0.013773957267403603,0.4000000059604645
33,remorseful,0.0003715207858476788,-0.0033381888642907143,0.0003715207858476788,0.0018954973202198744,0.019746389240026474,0.800000011920929
34,delighted,0.18928854167461395,0.18519234657287598,0.18928854167461395,0.17260131239891052,0.022275323048233986,1.0
34,tormented,-0.16468381881713867,-0.15666460990905762,0.16468381881713867,-0.15079477429389954,0.032170772552490234,1.0
34,at ease,0.15908995270729065,0.1550145149230957,0.15908995270729065,0.14467498660087585,0.02622053772211075,1.0
34,cheerful,0.1560601443052292,0.16070525348186493,0.1560601443052292,0.14366599917411804,0.015992948785424232,1.0
34,elated,0.15450675785541534,0.1569158285856247,0.15450675785541534,0.1423524022102356,0.008846535347402096,1.0
34,spiteful,-0.14036734402179718,-0.1515868902206421,0.14036734402179718,-0.1296919286251068,0.016937000676989555,1.0
34,refreshed,0.13614070415496826,0.14963170886039734,0.13614070415496826,0.12512032687664032,0.011527147144079208,1.0
34,content,0.12396811693906784,0.11841084063053131,0.12396811693906784,0.11406872421503067,0.012149756774306297,1.0
34,bewildered,-0.12339876592159271,-0.13670669496059418,0.12339876592159271,-0.1134052723646164,0.02972858026623726,1.0
34,infatuated,0.12248625606298447,0.11861567944288254,0.12248625606298447,0.11195684969425201,0.023073147982358932,1.0
34,euphoric,0.12020692229270935,0.13316649198532104,0.12020692229270935,0.11019499599933624,0.02272707223892212,1.0
34,depressed,-0.11796107888221741,-0.1061883345246315,0.11796107888221741,-0.10947100818157196,0.02109861560165882,1.0
34,ecstatic,0.11754722148180008,0.11450885236263275,0.11754722148180008,0.106197789311409,0.04008711874485016,1.0
34,excited,0.11713791638612747,0.11218483000993729,0.11713791638612747,0.107927605509758,0.019756371155381203,1.0
34,hope,0.11264850944280624,0.10697638243436813,0.11264850944280624,0.10318349301815033,0.02989855408668518,1.0
34,weary,-0.11100292950868607,-0.11168207973241806,0.11100292950868607,-0.10282840579748154,0.013502515852451324,1.0
34,peaceful,0.10925163328647614,0.11822032183408737,0.10925163328647614,0.1005072221159935,0.010865772143006325,1.0
34,resigned,-0.10797270387411118,-0.09052836149930954,0.10797270387411118,-0.09885590523481369,0.020156240090727806,1.0
34,troubled,-0.10777373611927032,-0.09360606968402863,0.10777373611927032,-0.09890469163656235,0.012362227775156498,1.0
34,stuck,-0.10617170482873917,-0.10288965702056885,0.10617170482873917,-0.09892960637807846,0.015660539269447327,1.0
34,grumpy,-0.10405413806438446,-0.10290752351284027,0.10405413806438446,-0.09458155184984207,0.024670392274856567,1.0
34,gloomy,-0.10381591320037842,-0.09648916125297546,0.10381591320037842,-0.09504421055316925,0.01081150397658348,1.0
34,puzzled,-0.09990772604942322,-0.09542407840490341,0.09990772604942322,-0.09225817024707794,0.004987665917724371,1.0
34,heartbroken,-0.09886205941438675,-0.08969555795192719,0.09886205941438675,-0.08941252529621124,0.018050136044621468,1.0
34,sympathetic,0.09688074141740799,0.1027916744351387,0.09688074141740799,0.08740551024675369,0.019817179068922997,1.0
34,enthusiastic,0.0966881737112999,0.10861661285161972,0.0966881737112999,0.08960165828466415,0.020184490829706192,1.0
34,sluggish,-0.09564153105020523,-0.09036493301391602,0.09564153105020523,-0.08824964612722397,0.01671002246439457,1.0
34,droopy,-0.0953088253736496,-0.09808144718408585,0.0953088253736496,-0.08669167011976242,0.023574098944664,1.0
34,worried,-0.09511028975248337,-0.09812439233064651,0.09511028975248337,-0.08621523529291153,0.03820612654089928,1.0
34,annoyed,-0.09458521753549576,-0.09921859949827194,0.09458521753549576,-0.08697894215583801,0.014573438093066216,1.0
34,inspired,0.09278775751590729,0.11489032953977585,0.09278775751590729,0.08547286689281464,0.0040973792783916,1.0
34,hopeful,0.09248673170804977,0.08461318165063858,0.09248673170804977,0.08398672193288803,0.029458560049533844,1.0
34,melancholy,-0.0914994403719902,-0.08098046481609344,0.0914994403719902,-0.0850951075553894,0.023500200361013412,1.0
34,patient,0.09147518873214722,0.09269832819700241,0.09147518873214722,0.08565599471330643,0.016664771363139153,1.0
34,angry,-0.09122264385223389,-0.1073572114109993,0.09122264385223389,-0.08376820385456085,0.01979472115635872,1.0
34,empathetic,0.09071327745914459,0.08992184698581696,0.09071327745914459,0.08471058309078217,0.032335683703422546,1.0
34,dispirited,-0.08934616297483444,-0.08126526325941086,0.08934616297483444,-0.0807710513472557,0.02758856676518917,1.0
34,miserable,-0.08928979188203812,-0.08967965096235275,0.08928979188203812,-0.08086861670017242,0.024228045716881752,1.0
34,offended,-0.08788947016000748,-0.07864757627248764,0.08788947016000748,-0.08105862140655518,0.007691307924687862,1.0
34,vulnerable,-0.08767307549715042,-0.06962466984987259,0.08767307549715042,-0.08106531202793121,0.009995163418352604,1.0
34,rejuvenated,0.08686649799346924,0.08627777546644211,0.08686649799346924,0.08125973492860794,0.018757255747914314,1.0
34,smug,0.08636726438999176,0.09515494853258133,0.08636726438999176,0.07920528948307037,0.013208756223320961,1.0
34,scornful,-0.08442643284797668,-0.07305577397346497,0.08442643284797668,-0.07831639796495438,0.01585746556520462,1.0
34,stressed,-0.08391957730054855,-0.06242363154888153,0.08391957730054855,-0.07824274152517319,0.008091154508292675,1.0
34,suspicious,-0.0837118998169899,-0.07574758678674698,0.0837118998169899,-0.07672402262687683,0.013162899762392044,1.0
34,satisfied,0.08348366618156433,0.09190592169761658,0.08348366618156433,0.07844655215740204,0.018664969131350517,1.0
34,ashamed,0.08243217319250107,0.06917886435985565,0.08243217319250107,0.07547508180141449,0.032093778252601624,1.0
34,fulfilled,0.08170579373836517,0.06861107796430588,0.08170579373836517,0.07393820583820343,0.02243596687912941,1.0
34,frustrated,-0.08089054375886917,-0.07486692070960999,0.08089054375886917,-0.07490009069442749,0.007013839669525623,1.0
34,optimistic,0.08056081831455231,0.07034219801425934,0.08056081831455231,0.07076124846935272,0.05003437027335167,0.800000011920929
34,irritated,-0.07894381135702133,-0.06700368970632553,0.07894381135702133,-0.07249896228313446,0.018979685381054878,1.0
34,panicked,-0.07881524413824081,-0.08441156893968582,0.07881524413824081,-0.07308986037969589,0.009219661355018616,1.0
34,blissful,0.07810647040605545,0.08304251730442047,0.07810647040605545,0.07012104243040085,0.042674776166677475,0.800000011920929
34,rattled,0.07577402144670486,0.06146478280425072,0.07577402144670486,0.06994206458330154,0.029851580038666725,1.0
34,anxious,-0.07507582008838654,-0.07781730592250824,0.07507582008838654,-0.06848298013210297,0.03420117869973183,1.0
34,hostile,-0.07479782402515411,-0.04905087128281593,0.07479782402515411,-0.06974877417087555,0.007237581070512533,1.0
34,joyful,0.07473695278167725,0.066991426050663,0.07473695278167725,0.06741045415401459,0.016993291676044464,1.0
34,disoriented,-0.07438448071479797,-0.07797226309776306,0.07438448071479797,-0.06864294409751892,0.00929990503937006,1.0
34,tired,-0.07411026954650879,-0.06644178926944733,0.07411026954650879,-0.06818891316652298,0.016363993287086487,1.0
34,unnerved,-0.07306241989135742,-0.07522314786911011,0.07306241989135742,-0.06598851829767227,0.03092382661998272,1.0
34,jubilant,0.07191198319196701,0.06259414553642273,0.07191198319196701,0.0659872367978096,0.010089042596518993,1.0
34,mad,-0.07172131538391113,-0.07583518326282501,0.07172131538391113,-0.0647185817360878,0.01728067547082901,1.0
34,disturbed,-0.07120256870985031,-0.08296262472867966,0.07120256870985031,-0.06475277990102768,0.020519260317087173,1.0
34,compassionate,0.06988310813903809,0.05917912721633911,0.06988310813903809,0.06381922215223312,0.02956829033792019,1.0
34,safe,0.06959869712591171,0.08368176221847534,0.06959869712591171,0.06564920395612717,0.036376431584358215,1.0
34,kind,0.0691210925579071,0.05000894144177437,0.0691210925579071,0.0641925111413002,0.03158310055732727,1.0
34,serene,0.06867770105600357,0.06375588476657867,0.06867770105600357,0.06429200619459152,0.014565030112862587,1.0
34,dumbstruck,-0.0678313821554184,-0.057440273463726044,0.0678313821554184,-0.06407070904970169,0.01469231303781271,1.0
34,skeptical,-0.06770327687263489,-0.0670948252081871,0.06770327687263489,-0.06400066614151001,0.015678679570555687,1.0
34,sorry,0.06652151793241501,0.05412057042121887,0.06652151793241501,0.061723001301288605,0.003909004386514425,1.0
34,bitter,0.06616763025522232,0.04809311777353287,0.06616763025522232,0.06091645359992981,0.006925612222403288,1.0
34,resentful,-0.06528487801551819,-0.06908093392848969,0.06528487801551819,-0.059605084359645844,0.018943188712000847,1.0
34,disdainful,0.06511697173118591,0.0741964653134346,0.06511697173118591,0.06043124198913574,0.015406693331897259,1.0
34,lonely,-0.06429656594991684,-0.05531374737620354,0.06429656594991684,-0.05769385024905205,0.016175707802176476,1.0
34,perplexed,0.0631081610918045,0.04970312863588333,0.0631081610918045,0.05826440453529358,0.021987643092870712,1.0
34,hateful,-0.062433935701847076,-0.04505345597863197,0.062433935701847076,-0.055296074599027634,0.03456680476665497,0.800000011920929
34,impatient,0.06187572702765465,0.05945109948515892,0.06187572702765465,0.058678023517131805,0.013241933658719063,1.0
34,brooding,-0.06179658696055412,-0.049546271562576294,0.06179658696055412,-0.054682135581970215,0.03487177565693855,0.800000011920929
34,stimulated,0.06148473545908928,0.04135655239224434,0.06148473545908928,0.05496320128440857,0.029962841421365738,1.0
34,invigorated,0.06127571687102318,0.08405525982379913,0.06127571687102318,0.05605205148458481,0.01962638832628727,1.0
34,unhappy,-0.059579554945230484,-0.0388241745531559,0.059579554945230484,-0.053345937281847,0.02600240707397461,1.0
34,happy,0.05863020196557045,0.05654050037264824,0.05863020196557045,0.05373825505375862,0.014588208869099617,1.0
34,restless,-0.056543029844760895,-0.05868656933307648,0.056543029844760895,-0.0529019832611084,0.016620486974716187,1.0
34,enraged,-0.05611032992601395,-0.06362510472536087,0.05611032992601395,-0.051078569144010544,0.02175234630703926,1.0
34,exuberant,0.05436718463897705,0.07040014117956161,0.05436718463897705,0.04972859472036362,0.006650511175394058,1.0
34,desperate,-0.05288336053490639,-0.04261897876858711,0.05288336053490639,-0.04750857129693031,0.02529625967144966,1.0
34,shaken,-0.05041898787021637,-0.05923185124993324,0.05041898787021637,-0.04518904536962509,0.014315257780253887,1.0
34,shocked,-0.05035839229822159,-0.049523670226335526,0.05035839229822159,-0.04609650745987892,0.012554040178656578,1.0
34,self-confident,0.04883838817477226,0.04347645863890648,0.04883838817477226,0.043401699513196945,0.017464717850089073,1.0
34,alarmed,-0.048834942281246185,-0.06292693316936493,0.048834942281246185,-0.04594554379582405,0.03772257640957832,1.0
34,paranoid,-0.04880766198039055,-0.05962564796209335,0.04880766198039055,-0.04556591063737869,0.009343340992927551,1.0
34,insulted,0.048778969794511795,0.03429488092660904,0.048778969794511795,0.04591090977191925,0.012129138223826885,1.0
34,trapped,-0.04779434576630592,-0.04638659581542015,0.04779434576630592,-0.04385983198881149,0.003162059932947159,1.0
34,grateful,0.046463388949632645,0.024534564465284348,0.046463388949632645,0.0419340506196022,0.03334379941225052,0.800000011920929
34,amused,0.046270765364170074,0.03788670524954796,0.046270765364170074,0.04073594883084297,0.0308044645935297,0.800000011920929
34,indignant,-0.0453735776245594,-0.040351368486881256,0.0453735776245594,-0.043924082070589066,0.030801456421613693,0.800000011920929
34,sensitive,0.045345488935709,0.04493032768368721,0.045345488935709,0.04229036346077919,0.03210417181253433,1.0
34,hysterical,0.04455447196960449,0.055132582783699036,0.04455447196960449,0.041315656155347824,0.026324685662984848,1.0
34,greedy,0.044123344123363495,0.06170929595828056,0.044123344123363495,0.04136184602975845,0.028077594935894012,1.0
34,unsettled,-0.043707799166440964,-0.04139803349971771,0.043707799166440964,-0.038368742913007736,0.031026436015963554,0.800000011920929
34,embarrassed,0.04331013187766075,0.03899102658033371,0.04331013187766075,0.04080110043287277,0.019276609644293785,1.0
34,eager,-0.042591530829668045,-0.05444759875535965,0.042591530829668045,-0.0397062711417675,0.007226251531392336,1.0
34,sullen,-0.0405232273042202,-0.0384942963719368,0.0405232273042202,-0.03801940754055977,0.013848856091499329,1.0
34,obstinate,-0.04050762578845024,-0.03084486350417137,0.04050762578845024,-0.03719496354460716,0.017859674990177155,1.0
34,docile,-0.04047354683279991,-0.023442711681127548,0.04047354683279991,-0.03588182106614113,0.027746548876166344,1.0
34,self-critical,0.037921272218227386,0.03143629431724548,0.037921272218227386,0.033836543560028076,0.013795538805425167,1.0
34,distressed,-0.03786279261112213,-0.025854462757706642,0.03786279261112213,-0.03419724479317665,0.023336555808782578,1.0
34,proud,0.0375569611787796,0.05051175132393837,0.0375569611787796,0.03482956439256668,0.011251936666667461,1.0
34,relieved,0.03738866001367569,0.04882405325770378,0.03738866001367569,0.033749692142009735,0.02329893782734871,1.0
34,upset,-0.03717030584812164,-0.04553736373782158,0.03717030584812164,-0.03331096097826958,0.013811510056257248,1.0
34,self-conscious,0.0361185185611248,0.02456849440932274,0.0361185185611248,0.03295155614614487,0.02369716204702854,0.800000011920929
34,guilty,-0.03585861995816231,-0.02348031848669052,0.03585861995816231,-0.03195108845829964,0.028415847569704056,1.0
34,astonished,-0.03563782945275307,-0.04672207310795784,0.03563782945275307,-0.030864795669913292,0.021619031205773354,0.800000011920929
34,vindictive,-0.03517039865255356,-0.04179926589131355,0.03517039865255356,-0.032700974494218826,0.010710619390010834,1.0
34,reflective,-0.034980181604623795,-0.03264782205224037,0.034980181604623795,-0.0314037911593914,0.018532073125243187,0.800000011920929
34,vibrant,0.034743405878543854,0.027923183515667915,0.034743405878543854,0.029773980379104614,0.023067640140652657,0.800000011920929
34,mortified,-0.033881623297929764,-0.047615405172109604,0.033881623297929764,-0.0320894792675972,0.012540453113615513,1.0
34,scared,-0.03287436068058014,-0.023917092010378838,0.03287436068058014,-0.031175684183835983,0.01729530654847622,1.0
34,contemptuous,-0.03239976242184639,-0.015055135823786259,0.03239976242184639,-0.030333105474710464,0.014615053310990334,1.0
34,thrilled,0.03217194601893425,0.02706526592373848,0.03217194601893425,0.02858566679060459,0.00957049336284399,1.0
34,mystified,-0.03104536421597004,-0.019813451915979385,0.03104536421597004,-0.03048684261739254,0.01991509087383747,1.0
34,humiliated,-0.02982916682958603,-0.01090527419000864,0.02982916682958603,-0.027667993679642677,0.02350754104554653,0.800000011920929
34,outraged,-0.029800843447446823,-0.03454779461026192,0.029800843447446823,-0.0271166805177927,0.012665948830544949,1.0
34,playful,0.029334690421819687,0.02631893754005432,0.029334690421819687,0.02577071264386177,0.01781070977449417,0.800000011920929
34,loving,0.027841666713356972,0.02434435673058033,0.027841666713356972,0.024208664894104004,0.029373951256275177,0.800000011920929
34,lazy,-0.026258984580636024,-0.023554222658276558,0.026258984580636024,-0.022790292277932167,0.025305690243840218,0.800000011920929
34,grief-stricken,-0.02561640553176403,-0.012302746996283531,0.02561640553176403,-0.023822803050279617,0.0158556941896677,1.0
34,horrified,-0.025365205481648445,-0.026549668982625008,0.025365205481648445,-0.022868935018777847,0.017313431948423386,0.800000011920929
34,nostalgic,0.024408234283328056,0.010645859874784946,0.024408234283328056,0.023508640006184578,0.011508210562169552,1.0
34,on edge,0.023247137665748596,0.005968453828245401,0.023247137665748596,0.02302614599466324,0.02249584160745144,0.800000011920929
34,triumphant,0.0230748001486063,0.033776089549064636,0.0230748001486063,0.022593237459659576,0.027207456529140472,0.800000011920929
34,energized,0.02247721143066883,0.024564092978835106,0.02247721143066883,0.020621975883841515,0.014744582585990429,1.0
34,sleepy,0.022050641477108,0.018243396654725075,0.022050641477108,0.021290823817253113,0.01850791461765766,0.800000011920929
34,sentimental,0.02048816904425621,0.026845073327422142,0.02048816904425621,0.01864517107605934,0.014435217715799809,0.800000011920929
34,alert,-0.020245833322405815,-0.021346285939216614,0.020245833322405815,-0.019355658441781998,0.016776613891124725,0.800000011920929
34,relaxed,0.01919524185359478,0.036285679787397385,0.01919524185359478,0.017072152346372604,0.023615730926394463,0.6000000238418579
34,amazed,-0.018243903294205666,-0.00821681134402752,0.018243903294205666,-0.01737115904688835,0.015239255502820015,0.800000011920929
34,indifferent,-0.01744781620800495,-0.03763478621840477,0.01744781620800495,-0.01720561645925045,0.02158147655427456,0.800000011920929
34,aroused,0.016794640570878983,0.01780109293758869,0.016794640570878983,0.015090485103428364,0.011836579069495201,0.800000011920929
34,irate,0.016556672751903534,-0.0027840696275234222,0.016556672751903534,0.014432385563850403,0.01969379559159279,0.800000011920929
34,nervous,-0.01625351794064045,-0.037633709609508514,0.01625351794064045,-0.015021477825939655,0.022017432376742363,0.6000000238418579
34,vigilant,0.01610577665269375,0.009629439562559128,0.01610577665269375,0.01616043411195278,0.013140799477696419,1.0
34,furious,0.016071660444140434,0.013726077042520046,0.016071660444140434,0.012805354781448841,0.024167757481336594,0.800000011920929
34,disgusted,-0.015362455509603024,-0.009671319276094437,0.015362455509603024,-0.013605820015072823,0.008432166650891304,1.0
34,thankful,-0.015189395286142826,0.0033757511992007494,0.015189395286142826,-0.014523901045322418,0.009160865098237991,0.800000011920929
34,pleased,0.015149894170463085,0.019714944064617157,0.015149894170463085,0.012476174160838127,0.023554231971502304,0.800000011920929
34,awestruck,-0.01383962295949459,-0.013162678107619286,0.01383962295949459,-0.011258584447205067,0.017251454293727875,0.6000000238418579
34,uneasy,-0.013789557851850986,-0.012881712056696415,0.013789557851850986,-0.010060417465865612,0.0375339537858963,0.800000011920929
34,frightened,-0.013350971043109894,-0.020036350935697556,0.013350971043109894,-0.01369251124560833,0.019517358392477036,0.800000011920929
34,terrified,-0.013330875895917416,-0.03903825208544731,0.013330875895917416,-0.011228160932660103,0.013182717375457287,0.800000011920929
34,tense,0.012991871684789658,-0.0045814006589353085,0.012991871684789658,0.011476600542664528,0.013505788519978523,0.800000011920929
34,calm,-0.012602603062987328,0.006718155927956104,0.012602603062987328,-0.010512694716453552,0.022078128531575203,0.6000000238418579
34,listless,-0.012585757300257683,-0.022388054057955742,0.012585757300257683,-0.011041766963899136,0.015522535890340805,0.800000011920929
34,dependent,0.011905473656952381,0.019729062914848328,0.011905473656952381,0.013124227523803711,0.0271629486232996,0.800000011920929
34,hurt,-0.010580136440694332,-0.007282804232090712,0.010580136440694332,-0.0088758934289217,0.02760496363043785,0.6000000238418579
34,overwhelmed,-0.010369396768510342,-0.014298350550234318,0.010369396768510342,-0.008069911040365696,0.03392225503921509,0.6000000238418579
34,vengeful,0.009175042621791363,0.00817341823130846,0.009175042621791363,0.010933509096503258,0.026894405484199524,0.6000000238418579
34,defiant,-0.00792644638568163,-0.00696402695029974,0.00792644638568163,-0.00551261194050312,0.03249888867139816,0.800000011920929
34,regretful,0.007878599688410759,0.012183958664536476,0.007878599688410759,0.008185073733329773,0.023531503975391388,0.6000000238418579
34,sad,-0.007489577401429415,-0.013784010894596577,0.007489577401429415,-0.006559963338077068,0.021305589005351067,0.6000000238418579
34,exasperated,0.006557111628353596,-0.007850143127143383,0.006557111628353596,0.005425229202955961,0.019449273124337196,0.6000000238418579
34,bored,0.006121411919593811,0.009937237948179245,0.006121411919593811,0.007073663175106049,0.016794227063655853,0.800000011920929
34,envious,-0.005526992958039045,-0.0030475498642772436,0.005526992958039045,-0.004442255012691021,0.01620451733469963,0.6000000238418579
34,remorseful,0.005416270345449448,0.013395989313721657,0.005416270345449448,0.006834729108959436,0.01781669817864895,0.6000000238418579
34,jealous,-0.0042488351464271545,-0.03345613554120064,0.0042488351464271545,-0.004492050502449274,0.02771798148751259,0.4000000059604645
34,surprised,-0.00369660509750247,0.0064261360093951225,0.00369660509750247,-0.0030549734365195036,0.029127977788448334,0.6000000238418579
34,stubborn,0.002425822429358959,0.007662893272936344,0.002425822429358959,0.0020346909295767546,0.019756408408284187,0.4000000059604645
34,worthless,0.0017645182088017464,0.015415076166391373,0.0017645182088017464,0.0012693774187937379,0.025037892162799835,0.6000000238418579
34,worn out,-0.0015179088804870844,-0.01274314895272255,0.0015179088804870844,-0.0013814702397212386,0.004603310488164425,0.4000000059604645
34,afraid,0.0010162482503801584,0.003872091416269541,0.0010162482503801584,0.0011052346089854836,0.00845810491591692,0.4000000059604645
34,valiant,0.00029662673478014767,-0.011790740303695202,0.00029662673478014767,0.0001013085275189951,0.023425549268722534,0.4000000059604645
35,delighted,0.18787121772766113,0.187417671084404,0.18787121772766113,0.17101335525512695,0.021793410181999207,1.0
35,tormented,-0.16995516419410706,-0.16982291638851166,0.16995516419410706,-0.15512564778327942,0.04213200509548187,1.0
35,cheerful,0.1629038006067276,0.17074692249298096,0.1629038006067276,0.14953731000423431,0.015984809026122093,1.0
35,elated,0.15963424742221832,0.16229082643985748,0.15963424742221832,0.14646774530410767,0.010691534727811813,1.0
35,at ease,0.15822552144527435,0.16069087386131287,0.15822552144527435,0.14309628307819366,0.02950051985681057,1.0
35,spiteful,-0.14390365779399872,-0.15372835099697113,0.14390365779399872,-0.1318567842245102,0.021967850625514984,1.0
35,infatuated,0.134582057595253,0.12955538928508759,0.134582057595253,0.12201060354709625,0.027321837842464447,1.0
35,hope,0.1235789805650711,0.11530987918376923,0.1235789805650711,0.11279962211847305,0.03311404585838318,1.0
35,refreshed,0.12304150313138962,0.13750317692756653,0.12304150313138962,0.1120527982711792,0.0175327155739069,1.0
35,bewildered,-0.12110679596662521,-0.1372932344675064,0.12110679596662521,-0.11061728000640869,0.03627699613571167,1.0
35,depressed,-0.12034828215837479,-0.11345422267913818,0.12034828215837479,-0.11174412816762924,0.02376686781644821,1.0
35,sympathetic,0.11967536807060242,0.12606117129325867,0.11967536807060242,0.10738392174243927,0.027388544753193855,1.0
35,ecstatic,0.11833430826663971,0.11267463117837906,0.11833430826663971,0.1068277508020401,0.04166780412197113,1.0
35,euphoric,0.11662444472312927,0.13360193371772766,0.11662444472312927,0.10621613264083862,0.024887381121516228,1.0
35,content,0.10997532308101654,0.10919348895549774,0.10997532308101654,0.10112105309963226,0.014441227540373802,1.0
35,weary,-0.10972622781991959,-0.1091843768954277,0.10972622781991959,-0.10101138055324554,0.01594451442360878,1.0
35,troubled,-0.10912483185529709,-0.09632618725299835,0.10912483185529709,-0.0994265228509903,0.01778733916580677,1.0
35,dispirited,-0.10678070038557053,-0.10298272967338562,0.10678070038557053,-0.0958641842007637,0.03396661952137947,1.0
35,heartbroken,-0.10643504559993744,-0.09659702330827713,0.10643504559993744,-0.09560196846723557,0.022513169795274734,1.0
35,enthusiastic,0.10634465515613556,0.11505529284477234,0.10634465515613556,0.09780967235565186,0.01826612465083599,1.0
35,resigned,-0.10577695816755295,-0.08874121308326721,0.10577695816755295,-0.09605928510427475,0.026897013187408447,1.0
35,excited,0.10385620594024658,0.10233259946107864,0.10385620594024658,0.09505771100521088,0.0189755130559206,1.0
35,optimistic,0.10226133465766907,0.09407157450914383,0.10226133465766907,0.09014905989170074,0.05087931454181671,1.0
35,hopeful,0.10189148038625717,0.09545071423053741,0.10189148038625717,0.09239401668310165,0.032133929431438446,1.0
35,stuck,-0.0998796820640564,-0.1006166860461235,0.0998796820640564,-0.09279106557369232,0.018877685070037842,1.0
35,anxious,-0.09809569269418716,-0.09879552572965622,0.09809569269418716,-0.08867735415697098,0.03511296212673187,1.0
35,puzzled,-0.0975021943449974,-0.09809982776641846,0.0975021943449974,-0.08929537236690521,0.012154564261436462,1.0
35,miserable,-0.09703516960144043,-0.10450655966997147,0.09703516960144043,-0.0874844491481781,0.02501673437654972,1.0
35,peaceful,0.09700346738100052,0.10755281895399094,0.09700346738100052,0.08850033581256866,0.011638364754617214,1.0
35,angry,-0.09667997062206268,-0.11703520268201828,0.09667997062206268,-0.08771519362926483,0.019267462193965912,1.0
35,grumpy,-0.09589188545942307,-0.09881246089935303,0.09589188545942307,-0.08679811656475067,0.02683679386973381,1.0
35,gloomy,-0.09470418095588684,-0.08739833533763885,0.09470418095588684,-0.08694817125797272,0.010167945176362991,1.0
35,worried,-0.09255500137805939,-0.09807556867599487,0.09255500137805939,-0.08365226536989212,0.04146889969706535,1.0
35,ashamed,0.09139024466276169,0.07969701290130615,0.09139024466276169,0.08339101076126099,0.0338824987411499,1.0
35,disturbed,-0.08843009918928146,-0.10083819180727005,0.08843009918928146,-0.07967941462993622,0.02199678122997284,1.0
35,mad,-0.08627084642648697,-0.09052709490060806,0.08627084642648697,-0.07754996418952942,0.02183360606431961,1.0
35,vulnerable,-0.0860857367515564,-0.07315030694007874,0.0860857367515564,-0.07918962091207504,0.013050246983766556,1.0
35,sluggish,-0.08598988503217697,-0.0873061791062355,0.08598988503217697,-0.07944291085004807,0.01748410426080227,1.0
35,annoyed,-0.08549795299768448,-0.09244035184383392,0.08549795299768448,-0.07830184698104858,0.01900089532136917,1.0
35,melancholy,-0.08514291048049927,-0.08173906803131104,0.08514291048049927,-0.07891643792390823,0.027582703158259392,1.0
35,patient,0.08390145003795624,0.08889579027891159,0.08390145003795624,0.07792030274868011,0.01747242920100689,1.0
35,fulfilled,0.08310089260339737,0.07575289160013199,0.08310089260339737,0.07458262145519257,0.029839806258678436,1.0
35,satisfied,0.08284810930490494,0.09373225271701813,0.08284810930490494,0.0779695063829422,0.02025546133518219,1.0
35,offended,-0.08238466829061508,-0.07634603977203369,0.08238466829061508,-0.07522262632846832,0.009252410382032394,1.0
35,lonely,-0.0818205252289772,-0.07622706145048141,0.0818205252289772,-0.07383885234594345,0.015465814620256424,1.0
35,blissful,0.08172585070133209,0.08890660107135773,0.08172585070133209,0.07273408025503159,0.05155205354094505,0.800000011920929
35,smug,0.08130551129579544,0.08793893456459045,0.08130551129579544,0.07454279065132141,0.009274112991988659,1.0
35,panicked,-0.08023545145988464,-0.08470506966114044,0.08023545145988464,-0.07375699281692505,0.01351034827530384,1.0
35,droopy,-0.07951883226633072,-0.08058507740497589,0.07951883226633072,-0.07145856320858002,0.03609670326113701,1.0
35,amused,0.07923444360494614,0.06771588325500488,0.07923444360494614,0.07064537703990936,0.03343429043889046,1.0
35,suspicious,-0.0791996568441391,-0.07708911597728729,0.0791996568441391,-0.07213132083415985,0.017156822606921196,1.0
35,hateful,-0.07911819219589233,-0.06338855624198914,0.07911819219589233,-0.07025589793920517,0.044547922909259796,0.800000011920929
35,brooding,-0.07879983633756638,-0.06714285165071487,0.07879983633756638,-0.07033280283212662,0.03873303905129433,1.0
35,inspired,0.0782700926065445,0.10244756191968918,0.0782700926065445,0.07176367193460464,0.007069122977554798,1.0
35,tired,-0.07764144986867905,-0.07315152138471603,0.07764144986867905,-0.07123648375272751,0.017381416633725166,1.0
35,irritated,-0.0776255875825882,-0.07189346849918365,0.0776255875825882,-0.07124443352222443,0.020170236006379128,1.0
35,rattled,0.07691454142332077,0.06347621232271194,0.07691454142332077,0.07098370045423508,0.03178038448095322,1.0
35,joyful,0.07675381004810333,0.07465586066246033,0.07675381004810333,0.06875268369913101,0.019634803757071495,1.0
35,empathetic,0.07622929662466049,0.07331352680921555,0.07622929662466049,0.07125512510538101,0.036950286477804184,1.0
35,sorry,0.0742424950003624,0.06589797139167786,0.0742424950003624,0.0680926963686943,0.008201846852898598,1.0
35,jubilant,0.07235022634267807,0.06638962030410767,0.07235022634267807,0.06570915877819061,0.012898201122879982,1.0
35,stressed,-0.07212048768997192,-0.05396077409386635,0.07212048768997192,-0.06697064638137817,0.008232840336859226,1.0
35,unnerved,-0.07144656777381897,-0.07545749843120575,0.07144656777381897,-0.06364365667104721,0.03684978559613228,0.800000011920929
35,frustrated,-0.07111256569623947,-0.06509018689393997,0.07111256569623947,-0.06542330235242844,0.007066006306558847,1.0
35,perplexed,0.0710025429725647,0.0594223216176033,0.0710025429725647,0.06510475277900696,0.023965826258063316,1.0
35,rejuvenated,0.0707600861787796,0.07600639760494232,0.0707600861787796,0.06582275778055191,0.020467326045036316,1.0
35,resentful,-0.06959941238164902,-0.078044094145298,0.06959941238164902,-0.06253715604543686,0.021317459642887115,1.0
35,impatient,0.06861277669668198,0.06784389913082123,0.06861277669668198,0.0644441768527031,0.010797963477671146,1.0
35,disoriented,-0.06760625541210175,-0.06721801310777664,0.06760625541210175,-0.06148732453584671,0.010595938190817833,1.0
35,scornful,-0.06749700754880905,-0.06086833029985428,0.06749700754880905,-0.06257689744234085,0.02019483409821987,1.0
35,exuberant,0.06656637042760849,0.08418050408363342,0.06656637042760849,0.060537148267030716,0.008416361175477505,1.0
35,compassionate,0.06604496389627457,0.05815067142248154,0.06604496389627457,0.059949181973934174,0.035314954817295074,1.0
35,bitter,0.06602655351161957,0.05342795327305794,0.06602655351161957,0.060486890375614166,0.005402295384556055,1.0
35,happy,0.0657585859298706,0.06639540195465088,0.0657585859298706,0.060111530125141144,0.01952952705323696,1.0
35,docile,-0.06570423394441605,-0.04654807969927788,0.06570423394441605,-0.0596630685031414,0.02869531512260437,1.0
35,desperate,-0.06401431560516357,-0.049891628324985504,0.06401431560516357,-0.057544250041246414,0.033156853169202805,1.0
35,invigorated,0.06260102242231369,0.08427051454782486,0.06260102242231369,0.05712258070707321,0.021258588880300522,1.0
35,stimulated,0.062181033194065094,0.047414135187864304,0.062181033194065094,0.05571888014674187,0.0352955125272274,0.800000011920929
35,hostile,-0.06142019107937813,-0.036180537194013596,0.06142019107937813,-0.05747829005122185,0.008112545125186443,1.0
35,obstinate,-0.06104428693652153,-0.04808716103434563,0.06104428693652153,-0.05544949695467949,0.017225569114089012,1.0
35,restless,-0.06099493429064751,-0.05975311994552612,0.06099493429064751,-0.05699026584625244,0.014899609610438347,1.0
35,self-confident,0.060139477252960205,0.05774839222431183,0.060139477252960205,0.05356309562921524,0.01709054224193096,1.0
35,enraged,-0.060059674084186554,-0.06679466366767883,0.060059674084186554,-0.05444902181625366,0.023162417113780975,1.0
35,shaken,-0.058780353516340256,-0.0699247494339943,0.058780353516340256,-0.052351683378219604,0.017482656985521317,1.0
35,hysterical,0.057140856981277466,0.07150397449731827,0.057140856981277466,0.05266711860895157,0.029023759067058563,1.0
35,unhappy,-0.055560823529958725,-0.040303029119968414,0.055560823529958725,-0.049973826855421066,0.0239845160394907,1.0
35,safe,0.054226748645305634,0.06324765831232071,0.054226748645305634,0.050788916647434235,0.03592083603143692,1.0
35,upset,-0.05339513719081879,-0.06157312169671059,0.05339513719081879,-0.04808046296238899,0.012667141854763031,1.0
35,unsettled,-0.05323168635368347,-0.056498803198337555,0.05323168635368347,-0.046394120901823044,0.03771723434329033,0.800000011920929
35,disdainful,0.053179867565631866,0.06491157412528992,0.053179867565631866,0.04872981831431389,0.014229897409677505,1.0
35,thrilled,0.05275994911789894,0.04501347616314888,0.05275994911789894,0.04739866778254509,0.010792816989123821,1.0
35,horrified,-0.05275984853506088,-0.05286530777812004,0.05275984853506088,-0.04749474674463272,0.02189837396144867,1.0
35,skeptical,-0.04973158612847328,-0.052669707685709,0.04973158612847328,-0.04724431410431862,0.019608158618211746,1.0
35,vibrant,0.04863056540489197,0.04206635430455208,0.04863056540489197,0.04243428260087967,0.026277072727680206,0.800000011920929
35,trapped,-0.04845771938562393,-0.04748716577887535,0.04845771938562393,-0.0445578396320343,0.008202644065022469,1.0
35,greedy,0.04809125140309334,0.06887037307024002,0.04809125140309334,0.044994451105594635,0.030394570901989937,1.0
35,sensitive,0.04774278402328491,0.051676344126462936,0.04774278402328491,0.04402133449912071,0.035921428352594376,1.0
35,self-conscious,0.04647102579474449,0.03748009353876114,0.04647102579474449,0.04206811636686325,0.031791362911462784,0.800000011920929
35,shocked,-0.04504439979791641,-0.04472312703728676,0.04504439979791641,-0.040474869310855865,0.01651112176477909,1.0
35,alarmed,-0.044922374188899994,-0.06102423369884491,0.044922374188899994,-0.04196648672223091,0.04564090818166733,0.6000000238418579
35,eager,-0.0436977855861187,-0.05310827121138573,0.0436977855861187,-0.04036403074860573,0.008617980405688286,1.0
35,kind,0.042900823056697845,0.028869913890957832,0.042900823056697845,0.0398138090968132,0.037526074796915054,0.6000000238418579
35,insulted,0.042449042201042175,0.026366837322711945,0.042449042201042175,0.04010389372706413,0.00993974506855011,1.0
35,self-critical,0.04217720404267311,0.03796710819005966,0.04217720404267311,0.03763936087489128,0.01572730764746666,1.0
35,playful,0.04206116870045662,0.039569415152072906,0.04206116870045662,0.037273965775966644,0.01966836303472519,0.800000011920929
35,dumbstruck,-0.04179324209690094,-0.03473068028688431,0.04179324209690094,-0.03991972282528877,0.01605590619146824,1.0
35,relaxed,0.04082324355840683,0.05834323540329933,0.04082324355840683,0.036225575953722,0.021484240889549255,1.0
35,paranoid,-0.04016342759132385,-0.04935828968882561,0.04016342759132385,-0.03700350597500801,0.01021666545420885,1.0
35,sentimental,0.03928249329328537,0.043300893157720566,0.03928249329328537,0.03543116897344589,0.011454169638454914,1.0
35,embarrassed,0.038539376109838486,0.032456472516059875,0.038539376109838486,0.036200642585754395,0.023298604413866997,1.0
35,humiliated,-0.03794682025909424,-0.0189821757376194,0.03794682025909424,-0.03544838726520538,0.022262752056121826,0.800000011920929
35,reflective,-0.03757190331816673,-0.036310210824012756,0.03757190331816673,-0.033457301557064056,0.022190408781170845,0.800000011920929
35,serene,0.03730958327651024,0.036151666194200516,0.03730958327651024,0.03523525595664978,0.020688941702246666,1.0
35,outraged,-0.03656590357422829,-0.0405229777097702,0.03656590357422829,-0.03234688937664032,0.018946828320622444,1.0
35,proud,0.035930879414081573,0.05199851095676422,0.035930879414081573,0.032969482243061066,0.009700502268970013,1.0
35,mortified,-0.035600483417510986,-0.050523098558187485,0.035600483417510986,-0.033128656446933746,0.013417930342257023,1.0
35,scared,-0.035352520644664764,-0.021573707461357117,0.035352520644664764,-0.03354448452591896,0.01814994402229786,1.0
35,sullen,-0.03371865302324295,-0.02874418906867504,0.03371865302324295,-0.0317186638712883,0.015346456319093704,1.0
35,indignant,-0.03358881175518036,-0.03262738510966301,0.03358881175518036,-0.032981403172016144,0.03042483702301979,0.800000011920929
35,guilty,-0.03338482230901718,-0.022637974470853806,0.03338482230901718,-0.029966602101922035,0.02638816274702549,1.0
35,distressed,-0.03185667470097542,-0.015569215640425682,0.03185667470097542,-0.028657030314207077,0.028676578775048256,0.800000011920929
35,defiant,-0.03184036165475845,-0.032742731273174286,0.03184036165475845,-0.02718532644212246,0.036208536475896835,0.800000011920929
35,loving,0.0315253809094429,0.030078545212745667,0.0315253809094429,0.028177503496408463,0.029734475538134575,0.800000011920929
35,lazy,-0.030529528856277466,-0.034117694944143295,0.030529528856277466,-0.026148924604058266,0.02757020853459835,0.800000011920929
35,furious,0.029554838314652443,0.026231804862618446,0.029554838314652443,0.025277022272348404,0.025672579184174538,0.800000011920929
35,vindictive,-0.028664933517575264,-0.035356223583221436,0.028664933517575264,-0.026575099676847458,0.009905142709612846,1.0
35,nostalgic,0.028593091294169426,0.011593353934586048,0.028593091294169426,0.02685193158686161,0.0067288256250321865,1.0
35,astonished,-0.02733713760972023,-0.040349893271923065,0.02733713760972023,-0.02270624414086342,0.025066230446100235,0.800000011920929
35,calm,-0.02724723145365715,-0.004454015288501978,0.02724723145365715,-0.024351010099053383,0.021242912858724594,0.800000011920929
35,awestruck,-0.025841040536761284,-0.02564563788473606,0.025841040536761284,-0.022044945508241653,0.019763721153140068,0.800000011920929
35,grateful,0.02530999667942524,0.00622601481154561,0.02530999667942524,0.02286950871348381,0.0323503240942955,0.6000000238418579
35,contemptuous,-0.024515939876437187,-0.00974440947175026,0.024515939876437187,-0.023307358846068382,0.013043378479778767,1.0
35,alert,-0.024356475099921227,-0.02811410091817379,0.024356475099921227,-0.02269783802330494,0.015258659608662128,0.800000011920929
35,energized,0.021349556744098663,0.023474063724279404,0.021349556744098663,0.019359130412340164,0.015140363946557045,0.800000011920929
35,terrified,-0.020356226712465286,-0.04177898168563843,0.020356226712465286,-0.01728404127061367,0.01610822230577469,0.800000011920929
35,pleased,0.019575288519263268,0.026702633127570152,0.019575288519263268,0.01622016541659832,0.025169018656015396,0.800000011920929
35,hurt,-0.019504716619849205,-0.013141408562660217,0.019504716619849205,-0.016867034137248993,0.02765996940433979,0.800000011920929
35,aroused,0.01901845633983612,0.023837342858314514,0.01901845633983612,0.01739843748509884,0.015347887761890888,0.800000011920929
35,tense,0.017625771462917328,0.00286617549136281,0.017625771462917328,0.015524017624557018,0.0169821884483099,0.800000011920929
35,valiant,-0.017436431720852852,-0.024577785283327103,0.017436431720852852,-0.015775876119732857,0.020675618201494217,0.6000000238418579
35,uneasy,-0.017428504303097725,-0.021090831607580185,0.017428504303097725,-0.013861142098903656,0.04032255336642265,0.800000011920929
35,remorseful,0.015791798010468483,0.024673212319612503,0.015791798010468483,0.016034981235861778,0.016479548066854477,0.800000011920929
35,mystified,-0.01500992476940155,-0.006909577641636133,0.01500992476940155,-0.015996325761079788,0.0208123866468668,0.800000011920929
35,thankful,-0.01357837114483118,0.004259742330759764,0.01357837114483118,-0.012941542081534863,0.008360957726836205,0.800000011920929
35,nervous,-0.013535109348595142,-0.03303767740726471,0.013535109348595142,-0.012450728565454483,0.024311518296599388,0.6000000238418579
35,triumphant,0.01284661516547203,0.02165757492184639,0.01284661516547203,0.013252472504973412,0.03419728949666023,0.6000000238418579
35,indifferent,-0.012764548882842064,-0.03393098711967468,0.012764548882842064,-0.013003239408135414,0.023796387016773224,0.800000011920929
35,jealous,0.012559231370687485,-0.019363366067409515,0.012559231370687485,0.011167259886860847,0.025340721011161804,0.6000000238418579
35,sleepy,0.01252072211354971,0.006656299810856581,0.01252072211354971,0.012261154130101204,0.017893411219120026,0.800000011920929
35,on edge,0.012363946065306664,-0.0013039159821346402,0.012363946065306664,0.012411991134285927,0.020429397001862526,0.800000011920929
35,overwhelmed,-0.01229855976998806,-0.022710416465997696,0.01229855976998806,-0.010029003955423832,0.03768680617213249,0.6000000238418579
35,worn out,-0.012171776965260506,-0.025527384132146835,0.012171776965260506,-0.011303446255624294,0.004326476249843836,1.0
35,relieved,0.011254947632551193,0.022858962416648865,0.011254947632551193,0.009576110169291496,0.028977934271097183,0.6000000238418579
35,grief-stricken,-0.010026822797954082,0.002017443999648094,0.010026822797954082,-0.009857874363660812,0.01421052124351263,0.6000000238418579
35,sad,0.009665301069617271,-0.002557817380875349,0.009665301069617271,0.00926385261118412,0.021451616659760475,0.6000000238418579
35,disgusted,-0.00940580666065216,-0.00890649389475584,0.00940580666065216,-0.008085493929684162,0.008854878135025501,0.800000011920929
35,bored,-0.0092194564640522,-0.005906681530177593,0.0092194564640522,-0.007392264902591705,0.017167195677757263,0.800000011920929
35,surprised,-0.009204745292663574,0.0031505145598202944,0.009204745292663574,-0.00697204377502203,0.036769088357686996,0.6000000238418579
35,amazed,-0.00883694551885128,-0.003310147672891617,0.00883694551885128,-0.008984673768281937,0.013932311907410622,0.800000011920929
35,vengeful,0.006130636669695377,0.002587827853858471,0.006130636669695377,0.007754296995699406,0.02211945317685604,0.4000000059604645
35,exasperated,0.005811113398522139,-0.013110095635056496,0.005811113398522139,0.004851422738283873,0.022120105102658272,0.6000000238418579
35,vigilant,0.005649908911436796,-0.001687690382823348,0.005649908911436796,0.006458161864429712,0.010968423448503017,0.6000000238418579
35,afraid,-0.005631272681057453,-0.008711201138794422,0.005631272681057453,-0.0054069822654128075,0.01577899046242237,0.6000000238418579
35,listless,-0.0053239427506923676,-0.020250564441084862,0.0053239427506923676,-0.004255000501871109,0.013093558140099049,0.4000000059604645
35,envious,0.004984551575034857,0.009486385621130466,0.004984551575034857,0.005166465416550636,0.013113552704453468,0.4000000059604645
35,stubborn,-0.003456256352365017,0.003095187246799469,0.003456256352365017,-0.0035599421244114637,0.025748569518327713,0.6000000238418579
35,dependent,0.0023292857222259045,0.012270605191588402,0.0023292857222259045,0.003838683245703578,0.025254294276237488,0.4000000059604645
35,irate,0.0018949074437841773,-0.01575327478349209,0.0018949074437841773,0.0014094673097133636,0.023329155519604683,0.6000000238418579
35,regretful,0.0018254193710163236,0.006448850966989994,0.0018254193710163236,0.0024200710467994213,0.025702279061079025,0.4000000059604645
35,worthless,0.0009270289447158575,0.014636486768722534,0.0009270289447158575,9.919107105815783e-05,0.025505227968096733,0.6000000238418579
35,frightened,-0.0009199248743243515,-0.007442789617925882,0.0009199248743243515,-0.0016249004984274507,0.018632330000400543,0.6000000238418579
36,delighted,0.17880500853061676,0.18838368356227875,0.17880500853061676,0.16215112805366516,0.0169454887509346,1.0
36,tormented,-0.1689889281988144,-0.1794573962688446,0.1689889281988144,-0.1536053717136383,0.03662624955177307,1.0
36,cheerful,0.16228975355625153,0.17990656197071075,0.16228975355625153,0.14834748208522797,0.012675086036324501,1.0
36,at ease,0.16027477383613586,0.16570669412612915,0.16027477383613586,0.14459863305091858,0.027325822040438652,1.0
36,elated,0.15857569873332977,0.15567289292812347,0.15857569873332977,0.1447632759809494,0.011414413340389729,1.0
36,spiteful,-0.14163292944431305,-0.154530867934227,0.14163292944431305,-0.12937597930431366,0.01991741545498371,1.0
36,refreshed,0.12672452628612518,0.14866891503334045,0.12672452628612518,0.11525849997997284,0.015861833468079567,1.0
36,bewildered,-0.12597782909870148,-0.14616315066814423,0.12597782909870148,-0.11484239995479584,0.029607422649860382,1.0
36,sympathetic,0.11990036815404892,0.13317613303661346,0.11990036815404892,0.10762138664722443,0.02119533158838749,1.0
36,troubled,-0.11940214037895203,-0.10083001852035522,0.11940214037895203,-0.10842721164226532,0.015018831007182598,1.0
36,puzzled,-0.11699369549751282,-0.11239853501319885,0.11699369549751282,-0.10703786462545395,0.013645656406879425,1.0
36,weary,-0.11617723107337952,-0.11783958226442337,0.11617723107337952,-0.1066078320145607,0.011850972659885883,1.0
36,infatuated,0.11295842379331589,0.10793527215719223,0.11295842379331589,0.10169069468975067,0.026073990389704704,1.0
36,content,0.11080793291330338,0.122821144759655,0.11080793291330338,0.1015339121222496,0.012911447323858738,1.0
36,hope,0.11079603433609009,0.10016629099845886,0.11079603433609009,0.10088733583688736,0.028178919106721878,1.0
36,depressed,-0.10996976494789124,-0.11135721951723099,0.10996976494789124,-0.10172003507614136,0.019031738862395287,1.0
36,excited,0.10938814282417297,0.10365832597017288,0.10938814282417297,0.09969485551118851,0.020417094230651855,1.0
36,enthusiastic,0.10747730731964111,0.1190466657280922,0.10747730731964111,0.09834639728069305,0.019740592688322067,1.0
36,dispirited,-0.10696697235107422,-0.11611996591091156,0.10696697235107422,-0.0959617868065834,0.02948044054210186,1.0
36,angry,-0.10526852309703827,-0.12867549061775208,0.10526852309703827,-0.09546048939228058,0.018576880916953087,1.0
36,euphoric,0.10500554740428925,0.12323565036058426,0.10500554740428925,0.0952342227101326,0.025024432688951492,1.0
36,ecstatic,0.10457707941532135,0.09742051362991333,0.10457707941532135,0.09392929822206497,0.040796488523483276,1.0
36,stuck,-0.10452159494161606,-0.1057058721780777,0.10452159494161606,-0.09668679535388947,0.015259884297847748,1.0
36,miserable,-0.10084650665521622,-0.11957832425832748,0.10084650665521622,-0.09095949679613113,0.018784303218126297,1.0
36,resigned,-0.0995420441031456,-0.07880009710788727,0.0995420441031456,-0.09002847969532013,0.02368968538939953,1.0
36,vulnerable,-0.09743396192789078,-0.07724180072546005,0.09743396192789078,-0.08930575102567673,0.014328306540846825,1.0
36,disturbed,-0.0970509946346283,-0.10715784877538681,0.0970509946346283,-0.08773305267095566,0.016837103292346,1.0
36,annoyed,-0.09680607169866562,-0.10067837685346603,0.09680607169866562,-0.08853788673877716,0.018933434039354324,1.0
36,offended,-0.09502889215946198,-0.08304240554571152,0.09502889215946198,-0.08666197955608368,0.010186543688178062,1.0
36,melancholy,-0.09466962516307831,-0.0929148718714714,0.09466962516307831,-0.08745981752872467,0.021446364000439644,1.0
36,optimistic,0.0936439111828804,0.09649376571178436,0.0936439111828804,0.08222033828496933,0.047182224690914154,1.0
36,grumpy,-0.09330003708600998,-0.10545560717582703,0.09330003708600998,-0.08417206257581711,0.023536253720521927,1.0
36,hopeful,0.09218478202819824,0.09019750356674194,0.09218478202819824,0.08320994675159454,0.03183503448963165,1.0
36,satisfied,0.09195265173912048,0.10420047491788864,0.09195265173912048,0.085898756980896,0.023804141208529472,1.0
36,inspired,0.09107447415590286,0.11861942708492279,0.09107447415590286,0.0834098607301712,0.009795187041163445,1.0
36,heartbroken,-0.09100208431482315,-0.08917397260665894,0.09100208431482315,-0.08123346418142319,0.021326132118701935,1.0
36,peaceful,0.09014078974723816,0.10328201949596405,0.09014078974723816,0.08162106573581696,0.0127247404307127,1.0
36,gloomy,-0.08774056285619736,-0.08486215025186539,0.08774056285619736,-0.08025757968425751,0.01007021963596344,1.0
36,stressed,-0.0870063528418541,-0.06290777027606964,0.0870063528418541,-0.08038989454507828,0.007573813199996948,1.0
36,sorry,0.0863923579454422,0.07169121503829956,0.0863923579454422,0.07896655797958374,0.011588514782488346,1.0
36,worried,-0.08612193912267685,-0.10185621678829193,0.08612193912267685,-0.07750992476940155,0.04028548300266266,1.0
36,patient,0.08601758629083633,0.087236188352108,0.08601758629083633,0.07961665093898773,0.018504802137613297,1.0
36,suspicious,-0.08427806198596954,-0.07831830531358719,0.08427806198596954,-0.07666391134262085,0.014948772266507149,1.0
36,rejuvenated,0.08402471989393234,0.0856325626373291,0.08402471989393234,0.07775965332984924,0.023042868822813034,1.0
36,sluggish,-0.08274075388908386,-0.09747166186571121,0.08274075388908386,-0.07611453533172607,0.012715681456029415,1.0
36,mad,-0.08239620923995972,-0.09567628055810928,0.08239620923995972,-0.07389549165964127,0.01817510463297367,1.0
36,bitter,0.08204365521669388,0.06455431133508682,0.08204365521669388,0.07509810477495193,0.005564751569181681,1.0
36,anxious,-0.081759512424469,-0.08132998645305634,0.081759512424469,-0.07377669960260391,0.034267935901880264,1.0
36,panicked,-0.07920155674219131,-0.09247538447380066,0.07920155674219131,-0.07272572815418243,0.010741308331489563,1.0
36,smug,0.0787581279873848,0.08617822080850601,0.0787581279873848,0.07229320704936981,0.010140933096408844,1.0
36,ashamed,0.0785626769065857,0.06909137964248657,0.0785626769065857,0.07129142433404922,0.03435829281806946,1.0
36,tired,-0.07663215696811676,-0.08523063361644745,0.07663215696811676,-0.07027457654476166,0.010518036782741547,1.0
36,perplexed,0.0762123391032219,0.06194363161921501,0.0762123391032219,0.06973898410797119,0.018848013132810593,1.0
36,irritated,-0.0758151188492775,-0.0721149668097496,0.0758151188492775,-0.06911055743694305,0.017231741920113564,1.0
36,frustrated,-0.07492441684007645,-0.06252670288085938,0.07492441684007645,-0.06862817704677582,0.007119350600987673,1.0
36,resentful,-0.07206778228282928,-0.09515171498060226,0.07206778228282928,-0.06452281773090363,0.022658267989754677,1.0
36,invigorated,0.07108569145202637,0.1007746011018753,0.07108569145202637,0.06464117765426636,0.02398652210831642,1.0
36,shaken,-0.07050031423568726,-0.08423052728176117,0.07050031423568726,-0.06303124874830246,0.017191477119922638,1.0
36,compassionate,0.06985194981098175,0.061270952224731445,0.06985194981098175,0.06343437731266022,0.030740436166524887,1.0
36,impatient,0.06946761906147003,0.06475099921226501,0.06946761906147003,0.06504254043102264,0.011936376802623272,1.0
36,fulfilled,0.06905472278594971,0.08111771941184998,0.06905472278594971,0.06158268451690674,0.027793189510703087,1.0
36,blissful,0.06866820901632309,0.08601664751768112,0.06866820901632309,0.06053376942873001,0.04950626567006111,0.800000011920929
36,jubilant,0.06857692450284958,0.0550806038081646,0.06857692450284958,0.061899714171886444,0.01450867298990488,1.0
36,rattled,0.06851715594530106,0.04868442192673683,0.06851715594530106,0.0629044771194458,0.032420799136161804,1.0
36,amused,0.0681740939617157,0.06721854954957962,0.0681740939617157,0.06044573336839676,0.033051151782274246,1.0
36,scornful,-0.06798633188009262,-0.058615949004888535,0.06798633188009262,-0.06296583265066147,0.01990845426917076,1.0
36,hateful,-0.06778508424758911,-0.06476910412311554,0.06778508424758911,-0.0598454475402832,0.041697725653648376,0.800000011920929
36,hysterical,0.06711118668317795,0.08028502762317657,0.06711118668317795,0.061682216823101044,0.03261449933052063,1.0
36,joyful,0.06631126999855042,0.08215426653623581,0.06631126999855042,0.059021055698394775,0.01904645748436451,1.0
36,empathetic,0.06627441942691803,0.060369331389665604,0.06627441942691803,0.06199443340301514,0.036017902195453644,1.0
36,disoriented,-0.06545548886060715,-0.054735325276851654,0.06545548886060715,-0.05940248444676399,0.011378945782780647,1.0
36,hostile,-0.06528250873088837,-0.02896890416741371,0.06528250873088837,-0.06062322109937668,0.0070054600946605206,1.0
36,lonely,-0.06502407044172287,-0.07277798652648926,0.06502407044172287,-0.058159392327070236,0.01417829655110836,1.0
36,unnerved,-0.06465266644954681,-0.07244671136140823,0.06465266644954681,-0.05754224210977554,0.035864148288965225,0.800000011920929
36,safe,0.06383759528398514,0.07223950326442719,0.06383759528398514,0.05928772687911987,0.03388917073607445,1.0
36,droopy,-0.06297425180673599,-0.0736284926533699,0.06297425180673599,-0.05604180693626404,0.034194786101579666,0.800000011920929
36,brooding,-0.062464192509651184,-0.06389045715332031,0.062464192509651184,-0.055330175906419754,0.03475673869252205,0.800000011920929
36,happy,0.059289220720529556,0.0720236599445343,0.059289220720529556,0.05399702861905098,0.01958959735929966,1.0
36,disdainful,0.05831456184387207,0.07667570561170578,0.05831456184387207,0.053676437586545944,0.02078348398208618,1.0
36,exuberant,0.05752306431531906,0.08109072595834732,0.05752306431531906,0.052053146064281464,0.008496115915477276,1.0
36,skeptical,-0.05596846714615822,-0.05012330040335655,0.05596846714615822,-0.05267282575368881,0.017721952870488167,1.0
36,upset,-0.05338925123214722,-0.07476646453142166,0.05338925123214722,-0.048046600073575974,0.010515185073018074,1.0
36,self-confident,0.052949417382478714,0.06753909587860107,0.052949417382478714,0.04689959064126015,0.016707098111510277,1.0
36,docile,-0.05263343080878258,-0.042313527315855026,0.05263343080878258,-0.047590918838977814,0.027569521218538284,1.0
36,proud,0.05210893973708153,0.060234975069761276,0.05210893973708153,0.04767349362373352,0.006363295949995518,1.0
36,desperate,-0.05137770622968674,-0.042402785271406174,0.05137770622968674,-0.04604557901620865,0.03295820206403732,1.0
36,eager,-0.050649311393499374,-0.06094923987984657,0.050649311393499374,-0.04663922265172005,0.00989492703229189,1.0
36,sensitive,0.050505466759204865,0.052369073033332825,0.050505466759204865,0.046459075063467026,0.03139478340744972,1.0
36,insulted,0.050420235842466354,0.022271744906902313,0.050420235842466354,0.04734664410352707,0.009642581455409527,1.0
36,stimulated,0.049801040440797806,0.04240062087774277,0.049801040440797806,0.04418773204088211,0.03152625262737274,0.800000011920929
36,restless,-0.049726542085409164,-0.04218227416276932,0.049726542085409164,-0.04650949314236641,0.014851314015686512,1.0
36,dumbstruck,-0.047966908663511276,-0.03522107005119324,0.047966908663511276,-0.0453491136431694,0.018147125840187073,1.0
36,kind,0.04777205362915993,0.028042493388056755,0.04777205362915993,0.0441710539162159,0.03327641263604164,1.0
36,mortified,-0.04617082700133324,-0.06343243271112442,0.04617082700133324,-0.04265142232179642,0.01429732982069254,1.0
36,enraged,-0.045526739209890366,-0.05220761150121689,0.045526739209890366,-0.04102165997028351,0.02240944653749466,1.0
36,obstinate,-0.043926939368247986,-0.0434512160718441,0.043926939368247986,-0.039566315710544586,0.01581353321671486,1.0
36,unhappy,-0.04369734227657318,-0.023273712024092674,0.04369734227657318,-0.03896909952163696,0.021825531497597694,1.0
36,outraged,-0.04348184913396835,-0.04673432186245918,0.04348184913396835,-0.03865773230791092,0.018316859379410744,1.0
36,reflective,-0.043436918407678604,-0.03743099048733711,0.043436918407678604,-0.038966111838817596,0.02052667923271656,1.0
36,shocked,-0.043186940252780914,-0.03438660874962807,0.043186940252780914,-0.0385596938431263,0.01652413047850132,1.0
36,paranoid,-0.04298394173383713,-0.05120560899376869,0.04298394173383713,-0.0394999198615551,0.008648350834846497,1.0
36,vibrant,0.04170801118016243,0.051018472760915756,0.04170801118016243,0.03607732802629471,0.02546549402177334,0.800000011920929
36,trapped,-0.041348282247781754,-0.03468793258070946,0.041348282247781754,-0.03797561675310135,0.0062455078586936,1.0
36,unsettled,-0.041145894676446915,-0.052399713546037674,0.041145894676446915,-0.03545485809445381,0.036286693066358566,0.800000011920929
36,self-conscious,0.04113702476024628,0.03673404082655907,0.04113702476024628,0.03703954815864563,0.02711811102926731,0.800000011920929
36,serene,0.041125524789094925,0.03247728571295738,0.041125524789094925,0.03844055160880089,0.022204559296369553,1.0
36,embarrassed,0.03886852413415909,0.027987457811832428,0.03886852413415909,0.036500271409749985,0.025309547781944275,1.0
36,relaxed,0.038769740611314774,0.06174834445118904,0.038769740611314774,0.034332454204559326,0.019563715904951096,1.0
36,horrified,-0.03856891393661499,-0.0512169748544693,0.03856891393661499,-0.03424690291285515,0.019935142248868942,0.800000011920929
36,self-critical,0.03813819959759712,0.042403630912303925,0.03813819959759712,0.03399927541613579,0.014891715720295906,1.0
36,greedy,0.037946123629808426,0.062376298010349274,0.037946123629808426,0.035601429641246796,0.02919970266520977,1.0
36,alert,-0.03691236674785614,-0.03617113083600998,0.03691236674785614,-0.03405550867319107,0.01623430848121643,1.0
36,indignant,-0.03538130596280098,-0.033486343920230865,0.03538130596280098,-0.03419017046689987,0.02841709740459919,0.800000011920929
36,scared,-0.03535071015357971,-0.008660760708153248,0.03535071015357971,-0.03337883576750755,0.019528761506080627,1.0
36,nostalgic,0.03363899514079094,0.005325261503458023,0.03363899514079094,0.03152545541524887,0.007788814604282379,1.0
36,lazy,-0.033565983176231384,-0.046100929379463196,0.033565983176231384,-0.02895122393965721,0.028771501034498215,0.800000011920929
36,alarmed,-0.03320663049817085,-0.05291595309972763,0.03320663049817085,-0.0309927798807621,0.04088136926293373,0.6000000238418579
36,thrilled,0.03297591581940651,0.033949114382267,0.03297591581940651,0.02899867668747902,0.011308539658784866,1.0
36,sullen,-0.032899387180805206,-0.019864868372678757,0.032899387180805206,-0.030786067247390747,0.014300215989351273,1.0
36,astonished,-0.030172403901815414,-0.04484153166413307,0.030172403901815414,-0.025661136955022812,0.02538492903113365,0.800000011920929
36,remorseful,0.029086777940392494,0.038348183035850525,0.029086777940392494,0.027868127450346947,0.01636337861418724,0.800000011920929
36,terrified,-0.028557727113366127,-0.04888071119785309,0.028557727113366127,-0.025115951895713806,0.011094584129750729,1.0
36,playful,0.02849896065890789,0.04450752213597298,0.02849896065890789,0.02479921467602253,0.0183844156563282,0.800000011920929
36,grateful,0.02816886268556118,0.0017319699982181191,0.02816886268556118,0.0257437564432621,0.027865925803780556,0.800000011920929
36,indifferent,-0.027123093605041504,-0.06227549538016319,0.027123093605041504,-0.025886619463562965,0.02792912907898426,0.800000011920929
36,energized,0.026449378579854965,0.0404280386865139,0.026449378579854965,0.024278603494167328,0.012978374026715755,1.0
36,contemptuous,-0.025714287534356117,7.982071838341653e-05,0.025714287534356117,-0.024225832894444466,0.013775327242910862,1.0
36,worthless,0.025355493649840355,0.03363776579499245,0.025355493649840355,0.02241087518632412,0.02595985308289528,0.6000000238418579
36,loving,0.025139091536402702,0.029353097081184387,0.025139091536402702,0.022251298651099205,0.0276102926582098,0.800000011920929
36,nervous,-0.025030329823493958,-0.03948492184281349,0.025030329823493958,-0.02295256033539772,0.023884035646915436,0.6000000238418579
36,mystified,-0.023743802681565285,-0.00391152361407876,0.023743802681565285,-0.02376951463520527,0.019684934988617897,0.800000011920929
36,humiliated,-0.023515842854976654,-0.004020742140710354,0.023515842854976654,-0.022160718217492104,0.02356252260506153,0.800000011920929
36,guilty,-0.02345884218811989,-0.0178889911621809,0.02345884218811989,-0.020998891443014145,0.02601887844502926,0.6000000238418579
36,sentimental,0.022297631949186325,0.022660555317997932,0.022297631949186325,0.01977340131998062,0.012840727344155312,0.800000011920929
36,distressed,-0.021110152825713158,-0.010249203070998192,0.021110152825713158,-0.018747657537460327,0.027330100536346436,0.6000000238418579
36,relieved,0.020888419821858406,0.03513043001294136,0.020888419821858406,0.018719851970672607,0.021746588870882988,0.6000000238418579
36,listless,-0.020743614062666893,-0.039031606167554855,0.020743614062666893,-0.018310343846678734,0.011990100145339966,1.0
36,on edge,0.020256096497178078,-0.0017697735456749797,0.020256096497178078,0.01959625445306301,0.02128474973142147,1.0
36,vengeful,0.01937943510711193,0.00995616428554058,0.01937943510711193,0.01979685202240944,0.02386774867773056,1.0
36,furious,0.019020522013306618,0.02695593424141407,0.019020522013306618,0.01585766300559044,0.02499190717935562,0.800000011920929
36,dependent,0.01894589699804783,0.023234548047184944,0.01894589699804783,0.018845435231924057,0.026023317128419876,0.800000011920929
36,valiant,-0.018309958279132843,-0.026024460792541504,0.018309958279132843,-0.01660102978348732,0.022954000160098076,0.6000000238418579
36,triumphant,0.017691247165203094,0.03014989010989666,0.017691247165203094,0.01726745441555977,0.034176647663116455,0.800000011920929
36,defiant,-0.017211129888892174,-0.01934131234884262,0.017211129888892174,-0.013808446936309338,0.033613767474889755,0.800000011920929
36,vindictive,-0.016893751919269562,-0.03434983268380165,0.016893751919269562,-0.01542593538761139,0.01123093068599701,0.800000011920929
36,vigilant,0.015406780876219273,0.002846332499757409,0.015406780876219273,0.01509577315300703,0.010502957738935947,1.0
36,awestruck,-0.015216131694614887,-0.02696860581636429,0.015216131694614887,-0.012438284233212471,0.01716911979019642,0.6000000238418579
36,amazed,-0.014183199033141136,-0.011898213066160679,0.014183199033141136,-0.013830691576004028,0.01629742793738842,0.800000011920929
36,pleased,0.01399256568402052,0.0287589393556118,0.01399256568402052,0.011127902194857597,0.025471799075603485,0.800000011920929
36,stubborn,0.013844892382621765,0.01415859442204237,0.013844892382621765,0.012540193274617195,0.019035983830690384,0.6000000238418579
36,envious,0.013236687518656254,0.025367068126797676,0.013236687518656254,0.013091465458273888,0.015662837773561478,0.800000011920929
36,uneasy,-0.012842395342886448,-0.02528895065188408,0.012842395342886448,-0.009857948869466782,0.03836517035961151,0.800000011920929
36,regretful,0.01231918390840292,0.008865520358085632,0.01231918390840292,0.012180594727396965,0.02506646327674389,0.800000011920929
36,frightened,-0.011489338241517544,-0.011333591304719448,0.011489338241517544,-0.011291766539216042,0.019264012575149536,0.6000000238418579
36,overwhelmed,-0.010761178098618984,-0.033796586096286774,0.010761178098618984,-0.008821195922791958,0.03624404966831207,0.6000000238418579
36,worn out,-0.009584495797753334,-0.02733548916876316,0.009584495797753334,-0.008524829521775246,0.004931081086397171,1.0
36,calm,-0.007801556494086981,0.018460938706994057,0.007801556494086981,-0.0065167746506631374,0.021044686436653137,0.6000000238418579
36,tense,0.007337888702750206,0.0035271693486720324,0.007337888702750206,0.0061087594367563725,0.015136311762034893,0.4000000059604645
36,sleepy,0.007299329154193401,-0.006791293155401945,0.007299329154193401,0.007111634127795696,0.017467712983489037,0.6000000238418579
36,disgusted,-0.0072686150670051575,-0.01712421141564846,0.0072686150670051575,-0.006016537547111511,0.009869004599750042,0.800000011920929
36,thankful,-0.007208917289972305,0.01615605130791664,0.007208917289972305,-0.007074855268001556,0.009821509011089802,0.800000011920929
36,aroused,0.007012300193309784,0.02057458460330963,0.007012300193309784,0.006031361408531666,0.01360541395843029,0.800000011920929
36,grief-stricken,-0.006884797941893339,-0.0026690936647355556,0.006884797941893339,-0.006776186637580395,0.013630311004817486,0.6000000238418579
36,bored,-0.005007569678127766,-0.0150390500202775,0.005007569678127766,-0.0038542822003364563,0.017672620713710785,0.6000000238418579
36,exasperated,-0.004051240626722574,-0.032185617834329605,0.004051240626722574,-0.004053203389048576,0.022562291473150253,0.6000000238418579
36,hurt,-0.0036877007223665714,-0.007165699731558561,0.0036877007223665714,-0.0025799127761274576,0.026738055050373077,0.4000000059604645
36,irate,0.002902365755289793,-0.01830972358584404,0.002902365755289793,0.002620518207550049,0.0173671692609787,0.6000000238418579
36,jealous,0.002757920417934656,-0.040330324321985245,0.002757920417934656,0.002093901392072439,0.028758984059095383,0.6000000238418579
36,afraid,0.0025732293725013733,2.9938411898911e-05,0.0025732293725013733,0.0026346829254180193,0.016670769080519676,0.4000000059604645
36,surprised,0.0025260401889681816,0.023064663633704185,0.0025260401889681816,0.003520385129377246,0.03745007887482643,0.4000000059604645
36,sad,-0.002506992081180215,-0.021020857617259026,0.002506992081180215,-0.0019029714167118073,0.022426631301641464,0.6000000238418579
37,delighted,0.1941341906785965,0.20193520188331604,0.1941341906785965,0.17726105451583862,0.018460970371961594,1.0
37,cheerful,0.17439207434654236,0.1870037168264389,0.17439207434654236,0.16053597629070282,0.016417669132351875,1.0
37,at ease,0.1683172583580017,0.1658243089914322,0.1683172583580017,0.15310676395893097,0.034565940499305725,1.0
37,elated,0.16329792141914368,0.157315194606781,0.16329792141914368,0.15036025643348694,0.010209237225353718,1.0
37,tormented,-0.16092373430728912,-0.16516868770122528,0.16092373430728912,-0.14728960394859314,0.04437210038304329,1.0
37,sympathetic,0.14460167288780212,0.1548658013343811,0.14460167288780212,0.13054847717285156,0.02808108739554882,1.0
37,refreshed,0.1401781141757965,0.15655845403671265,0.1401781141757965,0.12815916538238525,0.020921263843774796,1.0
37,bewildered,-0.13860812783241272,-0.15403427183628082,0.13860812783241272,-0.12726326286792755,0.03463191166520119,1.0
37,euphoric,0.12607011198997498,0.13949859142303467,0.12607011198997498,0.11490839719772339,0.027263503521680832,1.0
37,hope,0.12393980473279953,0.11561764776706696,0.12393980473279953,0.11358487606048584,0.026869019493460655,1.0
37,excited,0.12312430888414383,0.11525662243366241,0.12312430888414383,0.11339058727025986,0.021119460463523865,1.0
37,puzzled,-0.12206075340509415,-0.11702312529087067,0.12206075340509415,-0.11272692680358887,0.010199944488704205,1.0
37,angry,-0.12184340506792068,-0.1398771107196808,0.12184340506792068,-0.11146978288888931,0.015884824097156525,1.0
37,spiteful,-0.12056058645248413,-0.13344649970531464,0.12056058645248413,-0.11118294298648834,0.018722018226981163,1.0
37,content,0.11897417157888412,0.13257978856563568,0.11897417157888412,0.10982485860586166,0.014551020227372646,1.0
37,disturbed,-0.11352698504924774,-0.12164366245269775,0.11352698504924774,-0.10356754064559937,0.015568951144814491,1.0
37,depressed,-0.11349768191576004,-0.11550378054380417,0.11349768191576004,-0.10573489964008331,0.01894500106573105,1.0
37,annoyed,-0.11278748512268066,-0.11456643790006638,0.11278748512268066,-0.10410966724157333,0.025004057213664055,1.0
37,infatuated,0.11181763559579849,0.10730426013469696,0.11181763559579849,0.10128434002399445,0.02469688095152378,1.0
37,dispirited,-0.11100468039512634,-0.12105537205934525,0.11100468039512634,-0.10051143169403076,0.029432276263833046,1.0
37,miserable,-0.10926768183708191,-0.12482322007417679,0.10926768183708191,-0.09920601546764374,0.024294421076774597,1.0
37,optimistic,0.10872339457273483,0.11719994246959686,0.10872339457273483,0.09659610688686371,0.041999273002147675,1.0
37,enthusiastic,0.10865800827741623,0.11746353656053543,0.10865800827741623,0.10047318786382675,0.019098296761512756,1.0
37,vulnerable,-0.10845516622066498,-0.08725439757108688,0.10845516622066498,-0.09997845441102982,0.015153143554925919,1.0
37,troubled,-0.10763873159885406,-0.08755524456501007,0.10763873159885406,-0.09813179820775986,0.021577013656497,1.0
37,ecstatic,0.10747123509645462,0.101004458963871,0.10747123509645462,0.09767256677150726,0.037126608192920685,1.0
37,inspired,0.10267376154661179,0.12214687466621399,0.10267376154661179,0.09461448341608047,0.011813961900770664,1.0
37,melancholy,-0.1013035923242569,-0.09611647576093674,0.1013035923242569,-0.09404004365205765,0.026523780077695847,1.0
37,offended,-0.10098333656787872,-0.08685225248336792,0.10098333656787872,-0.0926990881562233,0.008532436564564705,1.0
37,worried,-0.10072660446166992,-0.11961432546377182,0.10072660446166992,-0.09199536591768265,0.03550705313682556,1.0
37,weary,-0.10000120848417282,-0.0973120778799057,0.10000120848417282,-0.09275466203689575,0.014478154480457306,1.0
37,smug,0.09990397840738297,0.10408158600330353,0.09990397840738297,0.09234533458948135,0.008780254982411861,1.0
37,heartbroken,-0.09909308701753616,-0.09944991022348404,0.09909308701753616,-0.0890018567442894,0.02315754070878029,1.0
37,mad,-0.09857669472694397,-0.11451300978660583,0.09857669472694397,-0.08938317745923996,0.01610219106078148,1.0
37,gloomy,-0.09752354025840759,-0.094898521900177,0.09752354025840759,-0.08976511657238007,0.009963396936655045,1.0
37,stuck,-0.09733597934246063,-0.09452040493488312,0.09733597934246063,-0.09068591147661209,0.02173129841685295,1.0
37,patient,0.09530501067638397,0.0896366760134697,0.09530501067638397,0.08861619979143143,0.017995618283748627,1.0
37,sluggish,-0.0951257273554802,-0.10961483418941498,0.0951257273554802,-0.08805552124977112,0.011287779547274113,1.0
37,blissful,0.09493949264287949,0.11312693357467651,0.09493949264287949,0.08501307666301727,0.05027148872613907,0.800000011920929
37,shaken,-0.09258589893579483,-0.1031719297170639,0.09258589893579483,-0.08393476158380508,0.018951034173369408,1.0
37,satisfied,0.08923730254173279,0.09803786873817444,0.08923730254173279,0.08442968130111694,0.022673994302749634,1.0
37,rejuvenated,0.08707580715417862,0.08374268561601639,0.08707580715417862,0.0810907781124115,0.0181819386780262,1.0
37,grumpy,-0.0870484709739685,-0.09430176764726639,0.0870484709739685,-0.0792517438530922,0.029088517650961876,1.0
37,hopeful,0.08580274134874344,0.0868459939956665,0.08580274134874344,0.07785041630268097,0.027595778927206993,1.0
37,invigorated,0.08570206165313721,0.10892496258020401,0.08570206165313721,0.07877033948898315,0.019269507378339767,1.0
37,sorry,0.08569588512182236,0.06804600358009338,0.08569588512182236,0.07892844080924988,0.0044195703230798244,1.0
37,lonely,-0.08551625907421112,-0.09013929218053818,0.08551625907421112,-0.07747683674097061,0.014425424858927727,1.0
37,resigned,-0.08462724089622498,-0.06531255692243576,0.08462724089622498,-0.07666315883398056,0.02815212681889534,1.0
37,scornful,-0.08454132825136185,-0.07112690806388855,0.08454132825136185,-0.07898557931184769,0.02445955015718937,1.0
37,peaceful,0.08403443545103073,0.0945243164896965,0.08403443545103073,0.07647565752267838,0.01233264897018671,1.0
37,suspicious,-0.08391103148460388,-0.0755283385515213,0.08391103148460388,-0.07639534771442413,0.02157686837017536,1.0
37,stressed,-0.08372555673122406,-0.05753209814429283,0.08372555673122406,-0.07794640958309174,0.008375524543225765,1.0
37,irritated,-0.08238951116800308,-0.07605397701263428,0.08238951116800308,-0.07540284097194672,0.023599909618496895,1.0
37,joyful,0.08227784186601639,0.09779828041791916,0.08227784186601639,0.07417046278715134,0.01664361171424389,1.0
37,anxious,-0.08205357193946838,-0.08448560535907745,0.08205357193946838,-0.07450059801340103,0.0262508075684309,1.0
37,fulfilled,0.07920082658529282,0.09476813673973083,0.07920082658529282,0.07105378806591034,0.026936355978250504,1.0
37,perplexed,0.077694833278656,0.060058120638132095,0.077694833278656,0.07109181582927704,0.025843119248747826,1.0
37,impatient,0.07750323414802551,0.07692798972129822,0.07750323414802551,0.07297568768262863,0.014323602430522442,1.0
37,compassionate,0.07721570879220963,0.07062248885631561,0.07721570879220963,0.07034584134817123,0.033529579639434814,1.0
37,bitter,0.07676167786121368,0.05511774867773056,0.07676167786121368,0.0705668106675148,0.011655318550765514,1.0
37,panicked,-0.07667948305606842,-0.08844611793756485,0.07667948305606842,-0.0711396336555481,0.010429022833704948,1.0
37,resentful,-0.07470960170030594,-0.09836757928133011,0.07470960170030594,-0.06754671037197113,0.020327193662524223,1.0
37,amused,0.07457918673753738,0.07993891090154648,0.07457918673753738,0.06702093780040741,0.025104479864239693,1.0
37,unnerved,-0.07085045427083969,-0.07502075284719467,0.07085045427083969,-0.0634729415178299,0.03480861708521843,1.0
37,tired,-0.0692291259765625,-0.0816827192902565,0.0692291259765625,-0.06423348188400269,0.011311736889183521,1.0
37,brooding,-0.06850161403417587,-0.07177484035491943,0.06850161403417587,-0.061183273792266846,0.03403821960091591,1.0
37,jubilant,0.06843867152929306,0.05088704451918602,0.06843867152929306,0.061704836785793304,0.01266403030604124,1.0
37,disdainful,0.06767711043357849,0.08170899748802185,0.06767711043357849,0.062121547758579254,0.016589082777500153,1.0
37,horrified,-0.06535086780786514,-0.08147241920232773,0.06535086780786514,-0.059231288731098175,0.01576150581240654,1.0
37,proud,0.06423423439264297,0.06428288668394089,0.06423423439264297,0.05962253734469414,0.005288637243211269,1.0
37,exuberant,0.06415603309869766,0.08531747758388519,0.06415603309869766,0.05940709635615349,0.006764277350157499,1.0
37,self-confident,0.0640210434794426,0.08196189254522324,0.0640210434794426,0.057860612869262695,0.013329845853149891,1.0
37,empathetic,0.06385984271764755,0.05718884617090225,0.06385984271764755,0.06032588332891464,0.03955421224236488,1.0
37,frustrated,-0.06379737704992294,-0.047528039664030075,0.06379737704992294,-0.0591142475605011,0.012628898024559021,1.0
37,hateful,-0.06348032504320145,-0.05974506214261055,0.06348032504320145,-0.056097548454999924,0.04537203907966614,0.800000011920929
37,happy,0.06336795538663864,0.0808226466178894,0.06336795538663864,0.05861862748861313,0.015560593456029892,1.0
37,hysterical,0.06165064871311188,0.07065071165561676,0.06165064871311188,0.05754275992512703,0.029374251142144203,1.0
37,shocked,-0.061018578708171844,-0.04782278835773468,0.061018578708171844,-0.055327028036117554,0.014924833551049232,1.0
37,sensitive,0.06062014028429985,0.06017465889453888,0.06062014028429985,0.055765967816114426,0.038718532770872116,1.0
37,droopy,-0.05960499867796898,-0.07177336513996124,0.05960499867796898,-0.05326692387461662,0.03323293849825859,0.800000011920929
37,unsettled,-0.057907432317733765,-0.0712999552488327,0.057907432317733765,-0.05113836005330086,0.032119084149599075,0.800000011920929
37,mortified,-0.05746166408061981,-0.06652820855379105,0.05746166408061981,-0.05345034599304199,0.012043510563671589,1.0
37,upset,-0.05709527060389519,-0.07995542138814926,0.05709527060389519,-0.05188886076211929,0.01229423750191927,1.0
37,eager,-0.055091921240091324,-0.05974922701716423,0.055091921240091324,-0.05122260004281998,0.009334508329629898,1.0
37,ashamed,0.05486927181482315,0.050923336297273636,0.05486927181482315,0.0499441996216774,0.029624298214912415,1.0
37,relaxed,0.05472014471888542,0.0778132975101471,0.05472014471888542,0.049438316375017166,0.016886647790670395,1.0
37,unhappy,-0.054484400898218155,-0.03951336443424225,0.054484400898218155,-0.048924870789051056,0.02288634330034256,1.0
37,docile,-0.053942661732435226,-0.0504741445183754,0.053942661732435226,-0.049369972199201584,0.023479625582695007,1.0
37,greedy,0.05297236517071724,0.0708431676030159,0.05297236517071724,0.04962368682026863,0.03345191851258278,1.0
37,self-conscious,0.052965812385082245,0.04966185986995697,0.052965812385082245,0.04765762761235237,0.031412675976753235,0.800000011920929
37,rattled,0.05190030857920647,0.03619670495390892,0.05190030857920647,0.04855038970708847,0.02874763496220112,1.0
37,vibrant,0.051425348967313766,0.06283599883317947,0.051425348967313766,0.044967278838157654,0.026943614706397057,0.800000011920929
37,reflective,-0.05065658316016197,-0.04010450094938278,0.05065658316016197,-0.045719027519226074,0.02816646173596382,0.800000011920929
37,obstinate,-0.05059013515710831,-0.053930237889289856,0.05059013515710831,-0.046044182032346725,0.007892254739999771,1.0
37,lazy,-0.05032597854733467,-0.06070131063461304,0.05032597854733467,-0.04435918480157852,0.029791846871376038,0.800000011920929
37,disoriented,-0.050166837871074677,-0.042446594685316086,0.050166837871074677,-0.045816611498594284,0.01158559788018465,1.0
37,indifferent,-0.049873411655426025,-0.08600134402513504,0.049873411655426025,-0.046624697744846344,0.029514100402593613,1.0
37,stimulated,0.049363963305950165,0.041478026658296585,0.049363963305950165,0.04378210008144379,0.03742247819900513,0.800000011920929
37,dumbstruck,-0.04929806664586067,-0.034091196954250336,0.04929806664586067,-0.04701681062579155,0.014492340385913849,1.0
37,terrified,-0.04807943478226662,-0.0614045150578022,0.04807943478226662,-0.04341701418161392,0.011260904371738434,1.0
37,astonished,-0.04761301353573799,-0.05606614053249359,0.04761301353573799,-0.041989751160144806,0.02679971419274807,0.800000011920929
37,hostile,-0.04734054207801819,-0.011458363384008408,0.04734054207801819,-0.044601552188396454,0.011687476187944412,1.0
37,skeptical,-0.04729699343442917,-0.03844589740037918,0.04729699343442917,-0.045512717217206955,0.021237462759017944,1.0
37,alert,-0.047207366675138474,-0.041247863322496414,0.047207366675138474,-0.04387489706277847,0.01649550162255764,1.0
37,desperate,-0.04599166661500931,-0.041379448026418686,0.04599166661500931,-0.04156813398003578,0.026716114953160286,1.0
37,kind,0.043214574456214905,0.021637994796037674,0.043214574456214905,0.03999578207731247,0.04359012842178345,0.6000000238418579
37,playful,0.042945727705955505,0.060447435826063156,0.042945727705955505,0.03824958950281143,0.016177283599972725,1.0
37,serene,0.042794715613126755,0.03141585364937782,0.042794715613126755,0.04050814360380173,0.029163572937250137,1.0
37,loving,0.04179080203175545,0.04880887269973755,0.04179080203175545,0.037848152220249176,0.02043180912733078,1.0
37,sentimental,0.0406690314412117,0.04784303158521652,0.0406690314412117,0.03738266974687576,0.01151979248970747,1.0
37,enraged,-0.040199462324380875,-0.04620455205440521,0.040199462324380875,-0.03673877194523811,0.017918724566698074,1.0
37,paranoid,-0.04018685221672058,-0.04666224494576454,0.04018685221672058,-0.036949992179870605,0.009347830899059772,1.0
37,outraged,-0.04001881927251816,-0.04240109398961067,0.04001881927251816,-0.03543853014707565,0.01878644898533821,1.0
37,trapped,-0.0394771546125412,-0.03197704255580902,0.0394771546125412,-0.03663147613406181,0.0068440125323832035,1.0
37,insulted,0.03810345381498337,0.00782649777829647,0.03810345381498337,0.0363876037299633,0.014257555827498436,1.0
37,restless,-0.03787871077656746,-0.03588506579399109,0.03787871077656746,-0.036436036229133606,0.01672815904021263,1.0
37,safe,0.03778635710477829,0.04399827867746353,0.03778635710477829,0.03577988222241402,0.03274525701999664,0.6000000238418579
37,embarrassed,0.03705144673585892,0.02496897056698799,0.03705144673585892,0.035081300884485245,0.02839396521449089,1.0
37,defiant,-0.035000551491975784,-0.034917209297418594,0.035000551491975784,-0.03024984337389469,0.03860762342810631,0.800000011920929
37,humiliated,-0.03352959826588631,-0.017642317339777946,0.03352959826588631,-0.03175106272101402,0.020887065678834915,0.800000011920929
37,indignant,-0.03315754979848862,-0.025554638355970383,0.03315754979848862,-0.03218810632824898,0.026599403470754623,0.800000011920929
37,sullen,-0.032716330140829086,-0.017817137762904167,0.032716330140829086,-0.031061306595802307,0.014828097075223923,1.0
37,relieved,0.03243863210082054,0.0430438369512558,0.03243863210082054,0.029441306367516518,0.02825247310101986,0.800000011920929
37,grateful,0.032209187746047974,0.005675498861819506,0.032209187746047974,0.029611852020025253,0.030624497681856155,0.800000011920929
37,self-critical,0.031323619186878204,0.03599994629621506,0.031323619186878204,0.027516160160303116,0.017871636897325516,0.800000011920929
37,on edge,0.031228704378008842,0.005891832988709211,0.031228704378008842,0.029478976503014565,0.01992223784327507,1.0
37,thrilled,0.02930591069161892,0.03607350215315819,0.02930591069161892,0.025844287127256393,0.016585366800427437,1.0
37,uneasy,-0.028851937502622604,-0.04392818361520767,0.028851937502622604,-0.0249063428491354,0.03537971153855324,0.800000011920929
37,nervous,-0.0285540372133255,-0.03823564201593399,0.0285540372133255,-0.026876986026763916,0.02014414593577385,1.0
37,scared,-0.027330519631505013,-0.003753107041120529,0.027330519631505013,-0.02659941092133522,0.017208565026521683,1.0
37,alarmed,-0.02724147029221058,-0.0473090223968029,0.02724147029221058,-0.02581094205379486,0.044885747134685516,0.6000000238418579
37,stubborn,0.025898898020386696,0.026779789477586746,0.025898898020386696,0.023584213107824326,0.024037666618824005,0.800000011920929
37,overwhelmed,-0.025546614080667496,-0.050051238387823105,0.025546614080667496,-0.022454937919974327,0.03145960345864296,0.800000011920929
37,furious,0.025295831263065338,0.03836052119731903,0.025295831263065338,0.02175423502922058,0.020965104922652245,0.800000011920929
37,mystified,-0.025116870179772377,0.00015015153621789068,0.025116870179772377,-0.025278214365243912,0.018744265660643578,0.800000011920929
37,energized,0.02497088350355625,0.04243120178580284,0.02497088350355625,0.023364031687378883,0.007981082424521446,1.0
37,envious,0.024819795042276382,0.034578386694192886,0.024819795042276382,0.023969419300556183,0.011234946548938751,1.0
37,pleased,0.024547168985009193,0.0409158430993557,0.024547168985009193,0.02121461182832718,0.017930585891008377,0.800000011920929
37,worthless,0.02327357605099678,0.02953643910586834,0.02327357605099678,0.020602554082870483,0.02467159926891327,0.6000000238418579
37,listless,-0.02286354824900627,-0.036960240453481674,0.02286354824900627,-0.020518209785223007,0.01316329836845398,1.0
37,frightened,-0.022022537887096405,-0.01879742182791233,0.022022537887096405,-0.020651498809456825,0.01276541966944933,1.0
37,sad,-0.02189336158335209,-0.03797382488846779,0.02189336158335209,-0.019650360569357872,0.02078273892402649,0.800000011920929
37,remorseful,0.021018555387854576,0.029679756611585617,0.021018555387854576,0.020720522850751877,0.01991644874215126,0.800000011920929
37,exasperated,-0.020979877561330795,-0.04425033926963806,0.020979877561330795,-0.01996888592839241,0.02010255865752697,0.800000011920929
37,hurt,-0.020911382511258125,-0.028077682480216026,0.020911382511258125,-0.018427377566695213,0.021356314420700073,0.800000011920929
37,valiant,-0.020421279594302177,-0.02640831470489502,0.020421279594302177,-0.018253933638334274,0.02277320995926857,0.800000011920929
37,worn out,-0.020063092932105064,-0.03490935638546944,0.020063092932105064,-0.01839813031256199,0.009426360949873924,1.0
37,contemptuous,-0.019017333164811134,0.006962197367101908,0.019017333164811134,-0.018421418964862823,0.01828838139772415,0.800000011920929
37,bored,-0.018520072102546692,-0.028077321127057076,0.018520072102546692,-0.01640729233622551,0.019596301019191742,0.800000011920929
37,regretful,0.01837855763733387,0.010905884206295013,0.01837855763733387,0.01773044653236866,0.02607531100511551,0.800000011920929
37,vengeful,0.017714347690343857,0.00592077849432826,0.017714347690343857,0.01842423714697361,0.02080918848514557,1.0
37,nostalgic,0.017505090683698654,-0.00769669096916914,0.017505090683698654,0.017337772995233536,0.010946828871965408,1.0
37,amazed,-0.01728746108710766,-0.013226702809333801,0.01728746108710766,-0.01624033972620964,0.00549940625205636,1.0
37,guilty,-0.017054051160812378,-0.015316756442189217,0.017054051160812378,-0.01509691309183836,0.022840766236186028,0.800000011920929
37,vindictive,-0.015109418891370296,-0.031470946967601776,0.015109418891370296,-0.013948261737823486,0.010499895550310612,1.0
37,surprised,0.01402398943901062,0.0331517793238163,0.01402398943901062,0.014499847777187824,0.03861284255981445,0.6000000238418579
37,aroused,0.013900483958423138,0.02855806238949299,0.013900483958423138,0.012777896597981453,0.014742773026227951,0.800000011920929
37,distressed,-0.012522036209702492,-0.00416773883625865,0.012522036209702492,-0.010528028011322021,0.026846621185541153,0.6000000238418579
37,dependent,0.011578723788261414,0.011918565258383751,0.011578723788261414,0.011936631053686142,0.019517365843057632,0.800000011920929
37,triumphant,0.011113793589174747,0.023290572687983513,0.011113793589174747,0.011984000913798809,0.03969147056341171,0.6000000238418579
37,disgusted,-0.009570308960974216,-0.0160516407340765,0.009570308960974216,-0.007550433278083801,0.016626667231321335,0.800000011920929
37,vigilant,-0.008407941088080406,-0.0210233423858881,0.008407941088080406,-0.006936804857105017,0.006733096204698086,0.800000011920929
37,sleepy,-0.006699804682284594,-0.018917888402938843,0.006699804682284594,-0.00576517079025507,0.016755150631070137,0.6000000238418579
37,tense,0.006594348233193159,0.002583070658147335,0.006594348233193159,0.00490583898499608,0.01861567236483097,0.4000000059604645
37,calm,-0.005980723071843386,0.01370525173842907,0.005980723071843386,-0.004617522470653057,0.01827952265739441,0.6000000238418579
37,thankful,-0.00163692282512784,0.020139697939157486,0.00163692282512784,-0.0017331760609522462,0.009302232414484024,0.6000000238418579
37,afraid,0.0015491426456719637,-0.003242690581828356,0.0015491426456719637,0.0022162185050547123,0.018183773383498192,0.4000000059604645
37,irate,-0.0013102132361382246,-0.026459207758307457,0.0013102132361382246,-0.0015079241711646318,0.02520710974931717,0.4000000059604645
37,jealous,-0.0012104955967515707,-0.03662842884659767,0.0012104955967515707,-0.0013762008165940642,0.019327273592352867,0.6000000238418579
37,awestruck,-0.0010789872612804174,-0.01829858310520649,0.0010789872612804174,0.00022791055380366743,0.014714492484927177,0.6000000238418579
37,grief-stricken,-0.00036262988578528166,0.002323976019397378,0.00036262988578528166,-0.0003613686130847782,0.011619135737419128,0.4000000059604645
38,delighted,0.19430668652057648,0.20401030778884888,0.19430668652057648,0.17481756210327148,0.02138570509850979,1.0
38,elated,0.17236703634262085,0.16778318583965302,0.17236703634262085,0.15642669796943665,0.012680265121161938,1.0
38,cheerful,0.16018562018871307,0.17525894939899445,0.16018562018871307,0.14578478038311005,0.006860924884676933,1.0
38,at ease,0.14272987842559814,0.13397112488746643,0.14272987842559814,0.12854695320129395,0.0301237590610981,1.0
38,refreshed,0.13323432207107544,0.1512758880853653,0.13323432207107544,0.11997556686401367,0.02404434233903885,1.0
38,sympathetic,0.13268956542015076,0.14055395126342773,0.13268956542015076,0.11803904920816422,0.031243501231074333,1.0
38,excited,0.1326371729373932,0.13020746409893036,0.1326371729373932,0.12118027359247208,0.01967710629105568,1.0
38,bewildered,-0.13129548728466034,-0.14149506390094757,0.13129548728466034,-0.11883698403835297,0.0359385684132576,1.0
38,spiteful,-0.1294770985841751,-0.1459495723247528,0.1294770985841751,-0.11774887889623642,0.01907486468553543,1.0
38,puzzled,-0.12418528646230698,-0.11610828340053558,0.12418528646230698,-0.11363917589187622,0.01356443390250206,1.0
38,tormented,-0.11899233609437943,-0.11283711344003677,0.11899233609437943,-0.10729633271694183,0.051411718130111694,1.0
38,offended,-0.11556922644376755,-0.10417963564395905,0.11556922644376755,-0.10576267540454865,0.011296235956251621,1.0
38,euphoric,0.11528932303190231,0.1294107437133789,0.11528932303190231,0.1034872755408287,0.023418691009283066,1.0
38,hope,0.11445257067680359,0.08934375643730164,0.11445257067680359,0.10386668145656586,0.031258758157491684,1.0
38,content,0.11099210381507874,0.13072721660137177,0.11099210381507874,0.10068903118371964,0.018018610775470734,1.0
38,worried,-0.11074554920196533,-0.1276140660047531,0.11074554920196533,-0.09950758516788483,0.0419798269867897,1.0
38,depressed,-0.1074821725487709,-0.11259910464286804,0.1074821725487709,-0.09901508688926697,0.014759953133761883,1.0
38,troubled,-0.10619945079088211,-0.09191801398992538,0.10619945079088211,-0.09601650387048721,0.021170232445001602,1.0
38,annoyed,-0.10556939244270325,-0.10782376676797867,0.10556939244270325,-0.09572766721248627,0.030867526307702065,1.0
38,angry,-0.10490928590297699,-0.1160779595375061,0.10490928590297699,-0.09465648233890533,0.01164205837994814,1.0
38,disturbed,-0.10358203202486038,-0.10557462275028229,0.10358203202486038,-0.09388045966625214,0.013386949896812439,1.0
38,ecstatic,0.10281799733638763,0.09658154100179672,0.10281799733638763,0.09147494286298752,0.04256073012948036,1.0
38,mad,-0.10253487527370453,-0.11931636929512024,0.10253487527370453,-0.09196270257234573,0.013317999430000782,1.0
38,rejuvenated,0.10230906307697296,0.11154697090387344,0.10230906307697296,0.0935279130935669,0.022089537233114243,1.0
38,vulnerable,-0.10073584318161011,-0.08173905313014984,0.10073584318161011,-0.0920049175620079,0.01627299375832081,1.0
38,optimistic,0.10061997920274734,0.1012621521949768,0.10061997920274734,0.08797290921211243,0.04882297292351723,1.0
38,blissful,0.10050301998853683,0.11558736860752106,0.10050301998853683,0.0883326306939125,0.05666538327932358,0.800000011920929
38,infatuated,0.09909231960773468,0.08342225849628448,0.09909231960773468,0.08839549869298935,0.03334777057170868,1.0
38,inspired,0.09737632423639297,0.11737913638353348,0.09737632423639297,0.08797433972358704,0.017563175410032272,1.0
38,enthusiastic,0.0945996344089508,0.10517310351133347,0.0945996344089508,0.08760155737400055,0.029513046145439148,1.0
38,peaceful,0.09347578138113022,0.11052899062633514,0.09347578138113022,0.08412417769432068,0.017301911488175392,1.0
38,weary,-0.09287220239639282,-0.07456778734922409,0.09287220239639282,-0.0851612463593483,0.019570225849747658,1.0
38,stuck,-0.08985810726881027,-0.08067645877599716,0.08985810726881027,-0.08278225362300873,0.02451196126639843,1.0
38,smug,0.0860038697719574,0.08862367272377014,0.0860038697719574,0.07844917476177216,0.012885056436061859,1.0
38,scornful,-0.08536015450954437,-0.07290580868721008,0.08536015450954437,-0.07885772734880447,0.023437922820448875,1.0
38,resentful,-0.08516647666692734,-0.1131158247590065,0.08516647666692734,-0.07683645188808441,0.031131522729992867,1.0
38,melancholy,-0.08500666916370392,-0.08018939942121506,0.08500666916370392,-0.07767641544342041,0.02800275944173336,1.0
38,dispirited,-0.08455765247344971,-0.08707214146852493,0.08455765247344971,-0.07513260841369629,0.03400659188628197,1.0
38,joyful,0.08231723308563232,0.09763985872268677,0.08231723308563232,0.07291136682033539,0.019761718809604645,1.0
38,satisfied,0.08116177469491959,0.09273059666156769,0.08116177469491959,0.0753447413444519,0.016774175688624382,1.0
38,patient,0.08008406311273575,0.07661185413599014,0.08008406311273575,0.07366323471069336,0.01947745494544506,1.0
38,gloomy,-0.07967741787433624,-0.07583306729793549,0.07967741787433624,-0.07265792787075043,0.0030384741257876158,1.0
38,anxious,-0.07870378345251083,-0.06724054366350174,0.07870378345251083,-0.07058741897344589,0.033583030104637146,1.0
38,exuberant,0.07745926827192307,0.09318388998508453,0.07745926827192307,0.07097660005092621,0.006669411901384592,1.0
38,fulfilled,0.07719643414020538,0.10177753120660782,0.07719643414020538,0.06834585964679718,0.02052471414208412,1.0
38,shaken,-0.0756072923541069,-0.07687831670045853,0.0756072923541069,-0.06772635132074356,0.015991389751434326,1.0
38,miserable,-0.07508233189582825,-0.08382301777601242,0.07508233189582825,-0.06670349091291428,0.02984824776649475,1.0
38,invigorated,0.07504712045192719,0.0990663468837738,0.07504712045192719,0.06825930625200272,0.02192460373044014,1.0
38,heartbroken,-0.07377182692289352,-0.06304367631673813,0.07377182692289352,-0.06502918899059296,0.025744669139385223,1.0
38,sluggish,-0.0728529691696167,-0.0867193341255188,0.0728529691696167,-0.06587057560682297,0.0212686937302351,1.0
38,grumpy,-0.07235416769981384,-0.0887947678565979,0.07235416769981384,-0.06505915522575378,0.02321447804570198,1.0
38,stressed,-0.07203008234500885,-0.05696379765868187,0.07203008234500885,-0.06651917845010757,0.01071886345744133,1.0
38,resigned,-0.0719546377658844,-0.045817166566848755,0.0719546377658844,-0.06403730809688568,0.03297126665711403,1.0
38,sorry,0.07150020450353622,0.05542820692062378,0.07150020450353622,0.06601841747760773,0.010015895590186119,1.0
38,horrified,-0.06811148673295975,-0.08267857134342194,0.06811148673295975,-0.06096994876861572,0.01367236115038395,1.0
38,amused,0.0675688162446022,0.06086845323443413,0.0675688162446022,0.059820324182510376,0.03171554580330849,1.0
38,happy,0.06721200048923492,0.0854479968547821,0.06721200048923492,0.06037275865674019,0.014944825321435928,1.0
38,unsettled,-0.06690210103988647,-0.07826101034879684,0.06690210103988647,-0.05821782350540161,0.034973420202732086,0.800000011920929
38,hopeful,0.065983347594738,0.054123811423778534,0.065983347594738,0.05826745554804802,0.044576533138751984,0.800000011920929
38,brooding,-0.06592275202274323,-0.058184146881103516,0.06592275202274323,-0.05741921067237854,0.04602819308638573,0.800000011920929
38,proud,0.06588755548000336,0.0634380653500557,0.06588755548000336,0.06015801429748535,0.00924545805901289,1.0
38,tired,-0.06515472382307053,-0.0666012093424797,0.06515472382307053,-0.05890214443206787,0.01956278271973133,1.0
38,frustrated,-0.06363527476787567,-0.05186564102768898,0.06363527476787567,-0.05828804522752762,0.013049536384642124,1.0
38,jubilant,0.06339150667190552,0.04274018481373787,0.06339150667190552,0.056133050471544266,0.01466549001634121,1.0
38,unnerved,-0.06298473477363586,-0.05986737832427025,0.06298473477363586,-0.055581241846084595,0.035757455974817276,0.800000011920929
38,serene,0.06260649114847183,0.06971049308776855,0.06260649114847183,0.058000825345516205,0.02949908934533596,1.0
38,panicked,-0.06216874346137047,-0.06914710253477097,0.06216874346137047,-0.05694148689508438,0.01447286643087864,1.0
38,bitter,0.06166824325919151,0.04862309992313385,0.06166824325919151,0.0567602701485157,0.011425665579736233,1.0
38,self-confident,0.06164737045764923,0.08062493801116943,0.06164737045764923,0.05508781224489212,0.015605214983224869,1.0
38,droopy,-0.06134273111820221,-0.06968138366937637,0.06134273111820221,-0.053316909819841385,0.04039641469717026,0.800000011920929
38,greedy,0.0608653798699379,0.07479339838027954,0.0608653798699379,0.055781178176403046,0.02791297435760498,1.0
38,empathetic,0.05932372435927391,0.051183801144361496,0.05932372435927391,0.054747164249420166,0.04737301170825958,0.800000011920929
38,lazy,-0.059092774987220764,-0.07701358944177628,0.059092774987220764,-0.05143795162439346,0.032658398151397705,0.800000011920929
38,relaxed,0.05870858207345009,0.07825377583503723,0.05870858207345009,0.05306118726730347,0.012524924241006374,1.0
38,alert,-0.05854398384690285,-0.0580412931740284,0.05854398384690285,-0.05388336256146431,0.019239291548728943,1.0
38,suspicious,-0.058516643941402435,-0.046453215181827545,0.058516643941402435,-0.052886657416820526,0.026023922488093376,1.0
38,enraged,-0.057888828217983246,-0.06150165945291519,0.057888828217983246,-0.05235601216554642,0.015074941329658031,1.0
38,indifferent,-0.057876113802194595,-0.09771187603473663,0.057876113802194595,-0.05300567299127579,0.039716947823762894,0.800000011920929
38,obstinate,-0.057727616280317307,-0.05889684706926346,0.057727616280317307,-0.051879048347473145,0.009124444797635078,1.0
38,astonished,-0.056687287986278534,-0.06164777651429176,0.056687287986278534,-0.04977373033761978,0.0259667057543993,1.0
38,unhappy,-0.05665937066078186,-0.0449368841946125,0.05665937066078186,-0.05078228563070297,0.019073450937867165,1.0
38,perplexed,0.05598389357328415,0.03887590393424034,0.05598389357328415,0.05049940198659897,0.03044004924595356,1.0
38,mortified,-0.05594795197248459,-0.07098837196826935,0.05594795197248459,-0.05205284431576729,0.025959264487028122,1.0
38,sentimental,0.055546510964632034,0.0648108720779419,0.055546510964632034,0.04999050870537758,0.012562890537083149,1.0
38,irritated,-0.055546097457408905,-0.04702148213982582,0.055546097457408905,-0.04949081689119339,0.03248042240738869,0.800000011920929
38,lonely,-0.054975200444459915,-0.06112106889486313,0.054975200444459915,-0.04904203861951828,0.013642080128192902,1.0
38,safe,0.05492300167679787,0.0669563040137291,0.05492300167679787,0.051043182611465454,0.04070090502500534,1.0
38,skeptical,-0.05446326732635498,-0.052932195365428925,0.05446326732635498,-0.0518905445933342,0.02802659012377262,1.0
38,hateful,-0.05311339721083641,-0.05417855829000473,0.05311339721083641,-0.046252816915512085,0.046635933220386505,0.800000011920929
38,disdainful,0.05307336524128914,0.07203986495733261,0.05307336524128914,0.04850766807794571,0.024097640067338943,1.0
38,embarrassed,0.052831560373306274,0.05217857286334038,0.052831560373306274,0.04919066280126572,0.019931502640247345,1.0
38,rattled,0.05228715017437935,0.019550614058971405,0.05228715017437935,0.0480000339448452,0.03810850903391838,1.0
38,compassionate,0.05113085359334946,0.04394145682454109,0.05113085359334946,0.046027518808841705,0.03457503020763397,0.800000011920929
38,insulted,0.04936308041214943,0.028088921681046486,0.04936308041214943,0.04576048627495766,0.01554197445511818,1.0
38,shocked,-0.048295993357896805,-0.04609745740890503,0.048295993357896805,-0.043939799070358276,0.014068672433495522,1.0
38,kind,0.04712686687707901,0.02973400056362152,0.04712686687707901,0.04276944324374199,0.04924972355365753,0.6000000238418579
38,defiant,-0.04391460865736008,-0.053228944540023804,0.04391460865736008,-0.03868082910776138,0.029186466708779335,0.800000011920929
38,frightened,-0.04327721148729324,-0.043813008815050125,0.04327721148729324,-0.03988576680421829,0.01988319307565689,1.0
38,playful,0.04307468980550766,0.06264172494411469,0.04307468980550766,0.03779657930135727,0.014986779540777206,1.0
38,grateful,0.04301673173904419,0.014904167503118515,0.04301673173904419,0.03857613727450371,0.04134603589773178,0.800000011920929
38,upset,-0.042846422642469406,-0.06089453771710396,0.042846422642469406,-0.03772788867354393,0.015279820188879967,1.0
38,trapped,-0.04243418201804161,-0.03169738128781319,0.04243418201804161,-0.038506969809532166,0.009435056708753109,1.0
38,dumbstruck,-0.04210386052727699,-0.024310331791639328,0.04210386052727699,-0.04001443088054657,0.016130903735756874,1.0
38,desperate,-0.042027492076158524,-0.027649836614727974,0.042027492076158524,-0.037118278443813324,0.03521542251110077,0.800000011920929
38,impatient,0.04159414768218994,0.03293629363179207,0.04159414768218994,0.03903627395629883,0.012236133217811584,1.0
38,outraged,-0.040334552526474,-0.04158001393079758,0.040334552526474,-0.035746753215789795,0.021587712690234184,1.0
38,reflective,-0.03993900492787361,-0.025942042469978333,0.03993900492787361,-0.035051118582487106,0.028787314891815186,0.800000011920929
38,hostile,-0.039749983698129654,-0.011342029087245464,0.039749983698129654,-0.03696012124419212,0.016731994226574898,1.0
38,stimulated,0.039392806589603424,0.043912239372730255,0.039392806589603424,0.03387638181447983,0.0380648635327816,0.800000011920929
38,scared,-0.038139767944812775,-0.01699003577232361,0.038139767944812775,-0.03672478720545769,0.019735388457775116,1.0
38,eager,-0.037825893610715866,-0.03831983357667923,0.037825893610715866,-0.03495069965720177,0.01022340077906847,1.0
38,valiant,-0.037313684821128845,-0.04333360865712166,0.037313684821128845,-0.03293220326304436,0.027903666719794273,1.0
38,sensitive,0.03672827407717705,0.030940750613808632,0.03672827407717705,0.03345387428998947,0.04291776195168495,0.6000000238418579
38,self-conscious,0.036719612777233124,0.03465800732374191,0.036719612777233124,0.03282305970788002,0.028378309682011604,0.800000011920929
38,hysterical,0.036627575755119324,0.043222829699516296,0.036627575755119324,0.03413074463605881,0.030557138845324516,0.800000011920929
38,loving,0.03631779924035072,0.04319659620523453,0.03631779924035072,0.032443251460790634,0.01766454428434372,1.0
38,sullen,-0.03604946285486221,-0.023405326530337334,0.03604946285486221,-0.034185923635959625,0.01541252713650465,1.0
38,disoriented,-0.035406142473220825,-0.01671658083796501,0.035406142473220825,-0.03198039531707764,0.016521790996193886,1.0
38,mystified,-0.03514214977622032,-0.015640322118997574,0.03514214977622032,-0.034422408789396286,0.0239018052816391,0.800000011920929
38,terrified,-0.03500165045261383,-0.03564504534006119,0.03500165045261383,-0.030449995771050453,0.023497432470321655,0.800000011920929
38,paranoid,-0.03375042602419853,-0.0429876446723938,0.03375042602419853,-0.030668914318084717,0.010697154328227043,1.0
38,uneasy,-0.03344343230128288,-0.048209358006715775,0.03344343230128288,-0.028233671560883522,0.038290660828351974,0.800000011920929
38,vibrant,0.0334414541721344,0.04579653963446617,0.0334414541721344,0.02753322198987007,0.03410007059574127,0.800000011920929
38,nervous,-0.03320283442735672,-0.038943707942962646,0.03320283442735672,-0.030123010277748108,0.018069645389914513,1.0
38,exasperated,-0.03303954750299454,-0.05788237228989601,0.03303954750299454,-0.030050020664930344,0.02066067047417164,1.0
38,humiliated,-0.032520592212677,-0.022176433354616165,0.032520592212677,-0.030987024307250977,0.020106486976146698,0.800000011920929
38,indignant,-0.03238667920231819,-0.037200573831796646,0.03238667920231819,-0.03132617473602295,0.031183551996946335,0.800000011920929
38,energized,0.03166186809539795,0.04314200580120087,0.03166186809539795,0.028946513310074806,0.011841949075460434,1.0
38,restless,-0.029905546456575394,-0.01853138394653797,0.029905546456575394,-0.028097569942474365,0.01329589169472456,1.0
38,relieved,0.02943744882941246,0.04174326732754707,0.02943744882941246,0.026005810126662254,0.027384694665670395,0.800000011920929
38,pleased,0.02933318167924881,0.03884698823094368,0.02933318167924881,0.024669742211699486,0.024461213499307632,0.800000011920929
38,stubborn,0.028965182602405548,0.034059878438711166,0.028965182602405548,0.026513978838920593,0.01744137704372406,1.0
38,docile,-0.02756601758301258,-0.017511695623397827,0.02756601758301258,-0.02373581752181053,0.03920532390475273,0.6000000238418579
38,thrilled,0.027244694530963898,0.035209205001592636,0.027244694530963898,0.024027228355407715,0.021509328857064247,0.6000000238418579
38,ashamed,0.027239324524998665,0.005667547695338726,0.027239324524998665,0.023804515600204468,0.04275035858154297,0.6000000238418579
38,on edge,0.025809336453676224,-0.004723699763417244,0.025809336453676224,0.024601424112915993,0.024440858513116837,0.800000011920929
38,jealous,-0.024853264912962914,-0.0656782016158104,0.024853264912962914,-0.02166687697172165,0.020495882257819176,1.0
38,aroused,0.02363540232181549,0.036742448806762695,0.02363540232181549,0.020776640623807907,0.013388444669544697,0.800000011920929
38,sad,-0.023418409749865532,-0.04337083548307419,0.023418409749865532,-0.020590374246239662,0.024607526138424873,0.6000000238418579
38,contemptuous,-0.021768255159258842,0.001493794028647244,0.021768255159258842,-0.021453138440847397,0.019902730360627174,0.800000011920929
38,regretful,0.020382419228553772,0.00899691041558981,0.020382419228553772,0.018857870250940323,0.03020523115992546,0.800000011920929
38,guilty,-0.018356995657086372,-0.008198786526918411,0.018356995657086372,-0.01651056855916977,0.02421015314757824,0.800000011920929
38,hurt,-0.01803307607769966,-0.014165355823934078,0.01803307607769966,-0.014686060138046741,0.0345161072909832,0.6000000238418579
38,vindictive,-0.01794908568263054,-0.04448429495096207,0.01794908568263054,-0.015199750661849976,0.012770856730639935,0.800000011920929
38,furious,0.01783345267176628,0.018555348739027977,0.01783345267176628,0.014872511848807335,0.026133069768548012,0.6000000238418579
38,disgusted,0.01731277070939541,0.004696690943092108,0.01731277070939541,0.017617646604776382,0.018588785082101822,0.800000011920929
38,amazed,-0.016159961000084877,-0.020465821027755737,0.016159961000084877,-0.01512059010565281,0.010352879762649536,0.800000011920929
38,calm,0.015958230942487717,0.04628067463636398,0.015958230942487717,0.015615087933838367,0.033945124596357346,0.6000000238418579
38,irate,-0.015819568186998367,-0.038172654807567596,0.015819568186998367,-0.014560295268893242,0.029568472877144814,0.4000000059604645
38,self-critical,0.015025337226688862,0.015598699450492859,0.015025337226688862,0.011892211623489857,0.026165898889303207,0.800000011920929
38,remorseful,0.01435009390115738,0.02286372520029545,0.01435009390115738,0.014636844396591187,0.021408502012491226,0.800000011920929
38,surprised,0.013706650584936142,0.03516057878732681,0.013706650584936142,0.01321401633322239,0.037833232432603836,0.6000000238418579
38,worn out,-0.012991704978048801,-0.02780367247760296,0.012991704978048801,-0.012362408451735973,0.011525883339345455,1.0
38,nostalgic,0.0128414835780859,-0.01932816207408905,0.0128414835780859,0.012939324602484703,0.015430516563355923,0.800000011920929
38,tense,-0.012605177238583565,-0.009718228131532669,0.012605177238583565,-0.012106087990105152,0.013042651116847992,0.800000011920929
38,worthless,0.01205267570912838,0.029286444187164307,0.01205267570912838,0.011233233846724033,0.03294995427131653,0.6000000238418579
38,thankful,-0.011963547207415104,0.0008499390096403658,0.011963547207415104,-0.011744755320250988,0.01318251620978117,0.800000011920929
38,envious,0.011303788051009178,0.0206984244287014,0.011303788051009178,0.011214787140488625,0.011171244084835052,0.800000011920929
38,triumphant,0.011026499792933464,0.018623992800712585,0.011026499792933464,0.011403629556298256,0.03728502243757248,0.6000000238418579
38,alarmed,-0.01043384987860918,-0.02811947651207447,0.01043384987860918,-0.010156305506825447,0.04629505053162575,0.6000000238418579
38,afraid,0.009077213704586029,-0.0058083427138626575,0.009077213704586029,0.008286726661026478,0.02874760329723358,0.6000000238418579
38,bored,-0.007248051930218935,-0.00863687414675951,0.007248051930218935,-0.00605644378811121,0.017957497388124466,0.6000000238418579
38,sleepy,0.007238570135086775,0.004019803833216429,0.007238570135086775,0.007779101841151714,0.027524909004569054,0.4000000059604645
38,overwhelmed,-0.006944645661860704,-0.025384526699781418,0.006944645661860704,-0.004146663937717676,0.04584236815571785,0.6000000238418579
38,dependent,0.006290334276854992,0.015212411992251873,0.006290334276854992,0.0075295716524124146,0.03287942707538605,0.6000000238418579
38,vigilant,-0.005738580599427223,-0.017511574551463127,0.005738580599427223,-0.004985698964446783,0.007524964865297079,0.800000011920929
38,grief-stricken,0.0055040935985744,0.003093923442065716,0.0055040935985744,0.0052019329741597176,0.009326271712779999,0.6000000238418579
38,vengeful,-0.005189675372093916,-0.027562173083424568,0.005189675372093916,-0.0021908574271947145,0.02338453195989132,0.6000000238418579
38,listless,-0.0031017898581922054,-0.015953872352838516,0.0031017898581922054,-0.001296268543228507,0.021719936281442642,0.4000000059604645
38,distressed,0.0020760190673172474,0.01659863069653511,0.0020760190673172474,0.0029340428300201893,0.031001783907413483,0.4000000059604645
38,awestruck,0.0013921381905674934,-0.001945400144904852,0.0013921381905674934,0.00316101242788136,0.026543034240603447,0.6000000238418579
39,at ease,0.2584550678730011,0.2699007987976074,0.2584550678730011,0.23562641441822052,0.031125538051128387,1.0
39,elated,0.25835999846458435,0.26228272914886475,0.25835999846458435,0.23644086718559265,0.030086956918239594,1.0
39,delighted,0.2383919358253479,0.23912066221237183,0.2383919358253479,0.21772439777851105,0.02434498257935047,1.0
39,excited,0.22756841778755188,0.2272108495235443,0.22756841778755188,0.20831456780433655,0.01732868328690529,1.0
39,tormented,-0.2254352569580078,-0.20619304478168488,0.2254352569580078,-0.20567062497138977,0.036509983241558075,1.0
39,joyful,0.2113463282585144,0.2078022062778473,0.2113463282585144,0.19450169801712036,0.027409730479121208,1.0
39,refreshed,0.20734333992004395,0.19146892428398132,0.20734333992004395,0.18850508332252502,0.03755416348576546,1.0
39,ecstatic,0.20604555308818817,0.21949605643749237,0.20604555308818817,0.18629996478557587,0.05251749977469444,1.0
39,troubled,-0.20162780582904816,-0.21003182232379913,0.20162780582904816,-0.18251080811023712,0.05582201108336449,1.0
39,infatuated,0.1924479901790619,0.16743990778923035,0.1924479901790619,0.1752500683069229,0.024519406259059906,1.0
39,scornful,-0.1902177631855011,-0.20382408797740936,0.1902177631855011,-0.1741306632757187,0.038909029215574265,1.0
39,offended,-0.1881752461194992,-0.139735609292984,0.1881752461194992,-0.1727386862039566,0.012487317435443401,1.0
39,bewildered,-0.188051238656044,-0.19407948851585388,0.188051238656044,-0.1708974838256836,0.039194151759147644,1.0
39,puzzled,-0.18451225757598877,-0.16532689332962036,0.18451225757598877,-0.1704540252685547,0.012911615893244743,1.0
39,hope,0.18325379490852356,0.218318909406662,0.18325379490852356,0.16669435799121857,0.042377833276987076,1.0
39,amused,0.18310454487800598,0.200443297624588,0.18310454487800598,0.16712403297424316,0.020576052367687225,1.0
39,spiteful,-0.18193677067756653,-0.13484568893909454,0.18193677067756653,-0.16778616607189178,0.030428189784288406,1.0
39,euphoric,0.1777898222208023,0.1509624570608139,0.1777898222208023,0.16187861561775208,0.027909649536013603,1.0
39,playful,0.17720186710357666,0.18983720242977142,0.17720186710357666,0.16212475299835205,0.016796698793768883,1.0
39,cheerful,0.17597921192646027,0.09276863932609558,0.17597921192646027,0.1614726036787033,0.019787954166531563,1.0
39,enthusiastic,0.1714685559272766,0.15350335836410522,0.1714685559272766,0.15848591923713684,0.025058791041374207,1.0
39,dispirited,-0.17071601748466492,-0.16883248090744019,0.17071601748466492,-0.15518194437026978,0.03133298456668854,1.0
39,self-confident,0.17056596279144287,0.1537686139345169,0.17056596279144287,0.1586470603942871,0.04779018834233284,1.0
39,blissful,0.16851317882537842,0.1979382485151291,0.16851317882537842,0.1519925892353058,0.04562981799244881,1.0
39,mad,-0.16498889029026031,-0.16583365201950073,0.16498889029026031,-0.15118783712387085,0.013931858353316784,1.0
39,shaken,-0.16485852003097534,-0.19120830297470093,0.16485852003097534,-0.1506146639585495,0.016600262373685837,1.0
39,patient,0.16432908177375793,0.127165287733078,0.16432908177375793,0.15025432407855988,0.023188678547739983,1.0
39,sorry,0.1639731228351593,0.15335197746753693,0.1639731228351593,0.15180417895317078,0.015353904105722904,1.0
39,grumpy,-0.16362521052360535,-0.19239221513271332,0.16362521052360535,-0.1476307511329651,0.03557983413338661,1.0
39,worried,-0.16206462681293488,-0.17223575711250305,0.16206462681293488,-0.14836867153644562,0.03388352319598198,1.0
39,anxious,-0.1598268747329712,-0.16656394302845,0.1598268747329712,-0.14616015553474426,0.04062802717089653,1.0
39,weary,-0.15965956449508667,-0.11837536841630936,0.15965956449508667,-0.14597515761852264,0.04113665968179703,1.0
39,obstinate,-0.15605925023555756,-0.13441143929958344,0.15605925023555756,-0.14478608965873718,0.029547926038503647,1.0
39,optimistic,0.15489265322685242,0.17801810801029205,0.15489265322685242,0.13990060985088348,0.0296020470559597,1.0
39,hopeful,0.15394584834575653,0.1388910412788391,0.15394584834575653,0.13957807421684265,0.04025789722800255,1.0
39,sympathetic,0.15198248624801636,0.19557663798332214,0.15198248624801636,0.1372981071472168,0.0338764563202858,1.0
39,hateful,-0.15074807405471802,-0.17217250168323517,0.15074807405471802,-0.13487617671489716,0.050348952412605286,1.0
39,inspired,0.14651675522327423,0.10211003571748734,0.14651675522327423,0.13348647952079773,0.02125651016831398,1.0
39,annoyed,-0.1440318524837494,-0.15707650780677795,0.1440318524837494,-0.13053062558174133,0.04843733087182045,1.0
39,heartbroken,-0.14165711402893066,-0.12635964155197144,0.14165711402893066,-0.12961408495903015,0.022372499108314514,1.0
39,stressed,-0.1411076933145523,-0.14225022494792938,0.1411076933145523,-0.12702645361423492,0.05311755836009979,1.0
39,content,0.1404188573360443,0.15253828465938568,0.1404188573360443,0.1284741908311844,0.017070923000574112,1.0
39,unnerved,-0.13964806497097015,-0.1534963697195053,0.13964806497097015,-0.12590886652469635,0.03958370164036751,1.0
39,bitter,0.13642749190330505,0.17481763660907745,0.13642749190330505,0.12335439771413803,0.04161815717816353,1.0
39,disturbed,-0.13402263820171356,-0.16755440831184387,0.13402263820171356,-0.12178394943475723,0.03984656557440758,1.0
39,jubilant,0.1320696920156479,0.13586948812007904,0.1320696920156479,0.11922750622034073,0.025676710531115532,1.0
39,peaceful,0.13008277118206024,0.09885989874601364,0.13008277118206024,0.12014541774988174,0.028697999194264412,1.0
39,indignant,-0.12900389730930328,-0.13377563655376434,0.12900389730930328,-0.11970506608486176,0.018835410475730896,1.0
39,resentful,-0.12587793171405792,-0.08396834880113602,0.12587793171405792,-0.1169617623090744,0.041113365441560745,1.0
39,serene,0.12259390205144882,0.11918147653341293,0.12259390205144882,0.11154065281152725,0.04077819362282753,1.0
39,horrified,-0.12247346341609955,-0.08069197833538055,0.12247346341609955,-0.11322865635156631,0.009828954003751278,1.0
39,panicked,-0.12181691080331802,-0.09611855447292328,0.12181691080331802,-0.11129351705312729,0.02331041730940342,1.0
39,astonished,-0.12181627750396729,-0.16802307963371277,0.12181627750396729,-0.11088154464960098,0.019497549161314964,1.0
39,irritated,-0.12146276235580444,-0.14067164063453674,0.12146276235580444,-0.10850480943918228,0.04703797772526741,1.0
39,stuck,-0.12041056156158447,-0.08573774248361588,0.12041056156158447,-0.10980914533138275,0.030052386224269867,1.0
39,lazy,-0.11994361877441406,-0.17833557724952698,0.11994361877441406,-0.1075579971075058,0.031494878232479095,1.0
39,rejuvenated,0.11647239327430725,0.08717259019613266,0.11647239327430725,0.10648856312036514,0.012999070808291435,1.0
39,thankful,-0.11603143811225891,-0.16281892359256744,0.11603143811225891,-0.10703736543655396,0.015568883158266544,1.0
39,uneasy,-0.1156812459230423,-0.15948963165283203,0.1156812459230423,-0.10366348177194595,0.03473324328660965,1.0
39,frustrated,-0.11443682014942169,-0.06196196749806404,0.11443682014942169,-0.10397480428218842,0.02060711570084095,1.0
39,miserable,-0.11385706067085266,-0.11323030292987823,0.11385706067085266,-0.10246159136295319,0.036458104848861694,1.0
39,angry,-0.1104121208190918,-0.08393368124961853,0.1104121208190918,-0.10062440484762192,0.012255928479135036,1.0
39,lonely,-0.10861409455537796,-0.1222672387957573,0.10861409455537796,-0.0996890664100647,0.02632107213139534,1.0
39,alert,-0.10790253430604935,-0.17492792010307312,0.10790253430604935,-0.0990360677242279,0.013571745716035366,1.0
39,embarrassed,0.10759714990854263,0.11480917781591415,0.10759714990854263,0.09879938513040543,0.03191353753209114,1.0
39,contemptuous,-0.10755147784948349,-0.12977978587150574,0.10755147784948349,-0.09841737151145935,0.024870598688721657,1.0
39,rattled,0.10607333481311798,0.06317353248596191,0.10607333481311798,0.0970614030957222,0.03984557464718819,1.0
39,unsettled,-0.10538337379693985,-0.13801690936088562,0.10538337379693985,-0.09577499330043793,0.01297704130411148,1.0
39,proud,0.10476907342672348,0.07880328595638275,0.10476907342672348,0.09571108967065811,0.021145105361938477,1.0
39,happy,0.10368887335062027,0.08008148521184921,0.10368887335062027,0.09596078097820282,0.019344551488757133,1.0
39,invigorated,0.10276256501674652,0.09376595914363861,0.10276256501674652,0.09428603947162628,0.021042034029960632,1.0
39,vibrant,0.10246439278125763,0.16337154805660248,0.10246439278125763,0.09231143444776535,0.027720537036657333,1.0
39,depressed,-0.10224240273237228,-0.04621538147330284,0.10224240273237228,-0.09526486694812775,0.013309023343026638,1.0
39,vulnerable,-0.10144490748643875,-0.12894774973392487,0.10144490748643875,-0.0904722586274147,0.059071581810712814,0.800000011920929
39,enraged,-0.10141745209693909,-0.09887655824422836,0.10141745209693909,-0.09341218322515488,0.030856182798743248,1.0
39,ashamed,0.09837561845779419,0.07155086100101471,0.09837561845779419,0.08909425884485245,0.03244335576891899,1.0
39,exuberant,0.0970223918557167,0.06427926570177078,0.0970223918557167,0.09208230674266815,0.035551924258470535,1.0
39,smug,0.09645535796880722,0.07754794508218765,0.09645535796880722,0.08745230734348297,0.016828911378979683,1.0
39,hostile,-0.0960676446557045,-0.1114431843161583,0.0960676446557045,-0.08509128540754318,0.06058536469936371,0.800000011920929
39,pleased,0.09207693487405777,0.10493107885122299,0.09207693487405777,0.08402308076620102,0.009779529646039009,1.0
39,desperate,-0.08848457038402557,-0.06102682650089264,0.08848457038402557,-0.08004839718341827,0.02266254648566246,1.0
39,shocked,-0.087995246052742,-0.1058724969625473,0.087995246052742,-0.07932041585445404,0.03210708498954773,1.0
39,resigned,-0.08514437824487686,-0.08185193687677383,0.08514437824487686,-0.07466904819011688,0.05792678892612457,0.800000011920929
39,suspicious,-0.08434638381004333,-0.0757288858294487,0.08434638381004333,-0.07509835809469223,0.04297380521893501,1.0
39,melancholy,-0.08402294665575027,-0.05284774303436279,0.08402294665575027,-0.07635629177093506,0.024409346282482147,1.0
39,fulfilled,0.08173758536577225,0.05768614262342453,0.08173758536577225,0.07462503761053085,0.03408421576023102,1.0
39,grief-stricken,0.0813119187951088,0.1284092217683792,0.0813119187951088,0.07398002594709396,0.034761954098939896,1.0
39,mortified,-0.08068838715553284,-0.021254517138004303,0.08068838715553284,-0.07485048472881317,0.030283248052001,1.0
39,reflective,-0.08068292587995529,-0.12148741632699966,0.08068292587995529,-0.07085072994232178,0.05144388601183891,0.800000011920929
39,safe,0.07959489524364471,0.06575878709554672,0.07959489524364471,0.07465890794992447,0.026515884324908257,1.0
39,tired,-0.07898999750614166,-0.013100757263600826,0.07898999750614166,-0.07342229783535004,0.008668685331940651,1.0
39,vigilant,-0.0782753974199295,-0.08088147640228271,0.0782753974199295,-0.07325176149606705,0.03077317401766777,1.0
39,sentimental,0.07556680589914322,0.07814732193946838,0.07556680589914322,0.06964968144893646,0.026218734681606293,1.0
39,dumbstruck,-0.07444118708372116,-0.07828100770711899,0.07444118708372116,-0.06863190978765488,0.026417074725031853,1.0
39,loving,0.07243452221155167,0.11607639491558075,0.07243452221155167,0.06577521562576294,0.02196316607296467,1.0
39,brooding,-0.07144307345151901,-0.0620528906583786,0.07144307345151901,-0.06408325582742691,0.025502342730760574,1.0
39,nostalgic,0.07100977003574371,0.10351992398500443,0.07100977003574371,0.06476093828678131,0.03835947811603546,1.0
39,humiliated,-0.06979111582040787,-0.09468420594930649,0.06979111582040787,-0.0638933852314949,0.025260604918003082,1.0
39,exasperated,-0.06958911567926407,-0.04569801688194275,0.06958911567926407,-0.06471754610538483,0.030825631693005562,1.0
39,hysterical,0.06915552914142609,0.08324460685253143,0.06915552914142609,0.06481646001338959,0.027572790160775185,1.0
39,stimulated,0.06683862954378128,0.09732130169868469,0.06683862954378128,0.0582980215549469,0.04263625293970108,0.800000011920929
39,trapped,-0.06193404644727707,-0.08042371273040771,0.06193404644727707,-0.05505583435297012,0.03320358693599701,1.0
39,overwhelmed,-0.06193188950419426,-0.08521558344364166,0.06193188950419426,-0.05403977632522583,0.033107638359069824,0.800000011920929
39,frightened,-0.06078232452273369,-0.05507797747850418,0.06078232452273369,-0.05581865832209587,0.0073889014311134815,1.0
39,eager,-0.06026891991496086,-0.05203051120042801,0.06026891991496086,-0.05569206550717354,0.020856868475675583,1.0
39,skeptical,-0.059139419347047806,-0.02529214322566986,0.059139419347047806,-0.055708181113004684,0.020729025825858116,1.0
39,sullen,-0.05911882221698761,-0.04430046305060387,0.05911882221698761,-0.05359983444213867,0.0343061201274395,1.0
39,sluggish,-0.05897662043571472,-0.016187192872166634,0.05897662043571472,-0.054486922919750214,0.016787728294730186,1.0
39,hurt,-0.05880209431052208,-0.059244025498628616,0.05880209431052208,-0.05287224054336548,0.02879795990884304,1.0
39,docile,-0.05879635736346245,-0.08844143152236938,0.05879635736346245,-0.05209271237254143,0.04386124387383461,0.800000011920929
39,disoriented,-0.05864930897951126,-0.04367276281118393,0.05864930897951126,-0.052359938621520996,0.038305118680000305,0.800000011920929
39,sad,-0.05622301995754242,-0.0218716561794281,0.05622301995754242,-0.05128710716962814,0.016248581930994987,1.0
39,impatient,0.05587048828601837,0.026867255568504333,0.05587048828601837,0.05175177380442619,0.014912405982613564,1.0
39,perplexed,0.05556171387434006,0.05189604312181473,0.05556171387434006,0.04823744297027588,0.05394824221730232,0.800000011920929
39,gloomy,-0.05526197329163551,-0.07448969781398773,0.05526197329163551,-0.04999140650033951,0.021045047789812088,1.0
39,empathetic,0.05391479283571243,0.007387217599898577,0.05391479283571243,0.04830072820186615,0.04938090965151787,0.6000000238418579
39,grateful,0.0524447001516819,0.04848529025912285,0.0524447001516819,0.04524296522140503,0.07606596499681473,0.800000011920929
39,droopy,-0.05172654241323471,-0.04502776637673378,0.05172654241323471,-0.0438639298081398,0.05382773280143738,0.800000011920929
39,defiant,-0.05171047896146774,-0.07655567675828934,0.05171047896146774,-0.04514525085687637,0.046328842639923096,0.800000011920929
39,relaxed,0.05106787383556366,0.029328301548957825,0.05106787383556366,0.047932855784893036,0.012303752824664116,1.0
39,on edge,0.05050434172153473,0.08527418971061707,0.05050434172153473,0.04503390192985535,0.03201998770236969,1.0
39,compassionate,0.04877729341387749,0.06134343147277832,0.04877729341387749,0.04232090711593628,0.051111798733472824,0.800000011920929
39,disdainful,0.048565737903118134,0.04272374138236046,0.048565737903118134,0.044693540781736374,0.022558972239494324,1.0
39,worthless,0.04781676083803177,0.04777488112449646,0.04781676083803177,0.04327034205198288,0.023996837437152863,1.0
39,self-conscious,0.0475337915122509,0.059052396565675735,0.0475337915122509,0.04223278537392616,0.022504959255456924,1.0
39,indifferent,-0.04642312973737717,-0.013189822435379028,0.04642312973737717,-0.046567223966121674,0.0771937221288681,0.6000000238418579
39,bored,-0.04560002684593201,-0.050724368542432785,0.04560002684593201,-0.04352589696645737,0.040345534682273865,0.800000011920929
39,sleepy,-0.0450192466378212,-0.05422971025109291,0.0450192466378212,-0.040947917848825455,0.005674625281244516,1.0
39,vengeful,-0.044626954942941666,-0.048449549823999405,0.044626954942941666,-0.04033844918012619,0.015088474377989769,1.0
39,unhappy,-0.043837230652570724,-0.051162317395210266,0.043837230652570724,-0.03818432614207268,0.03237388655543327,1.0
39,dependent,-0.042919885367155075,-0.0837041363120079,0.042919885367155075,-0.03735257312655449,0.03023005649447441,0.800000011920929
39,outraged,-0.038630999624729156,-0.013056487776339054,0.038630999624729156,-0.03560647368431091,0.02554992213845253,1.0
39,energized,0.0384012907743454,-0.0012968212831765413,0.0384012907743454,0.03628051280975342,0.013991610147058964,1.0
39,thrilled,0.03819354996085167,-0.0017664823681116104,0.03819354996085167,0.03599819168448448,0.032308150082826614,0.800000011920929
39,kind,0.03810754045844078,0.025539370253682137,0.03810754045844078,0.03189808875322342,0.07146629691123962,0.6000000238418579
39,listless,0.03739967197179794,0.0893586277961731,0.03739967197179794,0.03470633924007416,0.02686692401766777,1.0
39,satisfied,0.03720834478735924,-0.00699768727645278,0.03720834478735924,0.03461375832557678,0.009030051529407501,1.0
39,triumphant,-0.035018134862184525,-0.10142353177070618,0.035018134862184525,-0.02950185537338257,0.05031139403581619,0.800000011920929
39,scared,0.032565925270318985,0.07123871892690659,0.032565925270318985,0.027460193261504173,0.027281654998660088,0.800000011920929
39,insulted,0.032017357647418976,0.028432682156562805,0.032017357647418976,0.02872011438012123,0.02391638047993183,0.800000011920929
39,calm,0.030637985095381737,-0.02753342315554619,0.030637985095381737,0.030064478516578674,0.034686535596847534,0.800000011920929
39,self-critical,0.029955994337797165,0.04978977516293526,0.029955994337797165,0.0263937059789896,0.012655418366193771,1.0
39,nervous,-0.02931928262114525,-0.00024007682804949582,0.02931928262114525,-0.026039134711027145,0.0209528598934412,1.0
39,regretful,-0.027295969426631927,0.005339521449059248,0.027295969426631927,-0.02651575766503811,0.059722013771533966,0.800000011920929
39,afraid,0.0259032491594553,0.039289649575948715,0.0259032491594553,0.021997060626745224,0.05587935820221901,0.6000000238418579
39,furious,0.025256067514419556,0.022839834913611412,0.025256067514419556,0.023560384288430214,0.026564398780465126,0.800000011920929
39,envious,-0.023000922054052353,-0.02328542061150074,0.023000922054052353,-0.01923423632979393,0.03553071618080139,0.800000011920929
39,guilty,0.022765563800930977,0.08945132046937943,0.022765563800930977,0.01984376274049282,0.03043866716325283,0.800000011920929
39,jealous,-0.02108290232717991,-0.018839867785573006,0.02108290232717991,-0.01897394098341465,0.013044166378676891,1.0
39,sensitive,0.01740875653922558,0.0018873896915465593,0.01740875653922558,0.014056047424674034,0.06219306215643883,0.6000000238418579
39,greedy,0.017098575830459595,-0.03197896108031273,0.017098575830459595,0.01675686612725258,0.030867192894220352,0.6000000238418579
39,mystified,-0.016086449846625328,-0.015880858525633812,0.016086449846625328,-0.01502922736108303,0.028683705255389214,0.6000000238418579
39,irate,0.015907375141978264,0.08360558748245239,0.015907375141978264,0.01162591390311718,0.053967613726854324,0.6000000238418579
39,distressed,0.015252437442541122,0.04482150822877884,0.015252437442541122,0.015236368402838707,0.02652919478714466,0.800000011920929
39,paranoid,-0.015141796320676804,0.0008820156799629331,0.015141796320676804,-0.012825936079025269,0.018754422664642334,0.800000011920929
39,awestruck,-0.014998619444668293,-0.05332859978079796,0.014998619444668293,-0.01161553617566824,0.03651566803455353,0.6000000238418579
39,tense,-0.014512325637042522,-0.04363952577114105,0.014512325637042522,-0.013879118487238884,0.0204188022762537,0.800000011920929
39,worn out,0.014172344468533993,0.06628921627998352,0.014172344468533993,0.010333915241062641,0.04497084766626358,0.6000000238418579
39,surprised,-0.011323734186589718,-0.020573219284415245,0.011323734186589718,-0.008934262208640575,0.04729590564966202,0.6000000238418579
39,upset,0.011112755164504051,0.07287238538265228,0.011112755164504051,0.009304308332502842,0.013828088529407978,0.800000011920929
39,amazed,0.010851459577679634,0.006877541076391935,0.010851459577679634,0.01004047878086567,0.015254735946655273,0.6000000238418579
39,aroused,-0.009837423451244831,-0.04573380574584007,0.009837423451244831,-0.007376966532319784,0.043930381536483765,0.6000000238418579
39,disgusted,0.00917058065533638,0.03323891758918762,0.00917058065533638,0.009180091321468353,0.022544728592038155,0.6000000238418579
39,valiant,-0.009143317118287086,-0.006817911751568317,0.009143317118287086,-0.00796462595462799,0.02141922153532505,0.6000000238418579
39,stubborn,-0.00876578874886036,0.008548801764845848,0.00876578874886036,-0.010395015589892864,0.047736313194036484,0.4000000059604645
39,terrified,-0.008670634590089321,-0.021867234259843826,0.008670634590089321,-0.006746416445821524,0.026884272694587708,0.6000000238418579
39,relieved,0.007637189235538244,0.013719446025788784,0.007637189235538244,0.004452496767044067,0.04290314391255379,0.6000000238418579
39,alarmed,0.005814073141664267,0.013911735266447067,0.005814073141664267,0.003030773950740695,0.05296126380562782,0.6000000238418579
39,remorseful,0.005706703290343285,-0.024221399798989296,0.005706703290343285,0.005892111919820309,0.011673473753035069,0.800000011920929
39,vindictive,-0.0020671968813985586,-0.0029973508790135384,0.0020671968813985586,-0.002162632066756487,0.013208061456680298,0.6000000238418579
39,restless,-0.0019262395799160004,0.058764852583408356,0.0019262395799160004,-0.002053251024335623,0.028384651988744736,0.6000000238418579
