layer,emotion,cleaned_cosine,raw_cosine,absolute_cleaned_cosine,mean_pair_cleaned_cosine,std_pair_cleaned_cosine,pair_sign_agreement
0,disdainful,0.2296256124973297,0.21446774899959564,0.2296256124973297,0.21649007499217987,0.04055961221456528,1.0
0,on edge,0.22501584887504578,0.22841960191726685,0.22501584887504578,0.21131578087806702,0.02151987887918949,1.0
0,sorry,0.2062281221151352,0.19685690104961395,0.2062281221151352,0.1940641850233078,0.02486819215118885,1.0
0,bewildered,-0.20072369277477264,-0.2136695832014084,0.20072369277477264,-0.18790340423583984,0.0188099704682827,1.0
0,dependent,0.1986493170261383,0.2143658846616745,0.1986493170261383,0.18682411313056946,0.02727307751774788,1.0
0,lonely,-0.1942765712738037,-0.15431930124759674,0.1942765712738037,-0.18250450491905212,0.040273405611515045,1.0
0,astonished,-0.18907934427261353,-0.18961204588413239,0.18907934427261353,-0.17711830139160156,0.028767235577106476,1.0
0,annoyed,-0.1840067356824875,-0.20100298523902893,0.1840067356824875,-0.17115665972232819,0.016140811145305634,1.0
0,envious,0.17918315529823303,0.1917387992143631,0.17918315529823303,0.16818241775035858,0.02283325605094433,1.0
0,insulted,0.17823578417301178,0.18464548885822296,0.17823578417301178,0.16699008643627167,0.019672177731990814,1.0
0,sympathetic,0.17423100769519806,0.15561331808567047,0.17423100769519806,0.1631041318178177,0.029053552076220512,1.0
0,frustrated,-0.16811740398406982,-0.17731653153896332,0.16811740398406982,-0.15683035552501678,0.015870248898863792,1.0
0,unsettled,-0.16689026355743408,-0.16267618536949158,0.16689026355743408,-0.15480443835258484,0.013877983205020428,1.0
0,indignant,-0.1660865843296051,-0.18054503202438354,0.1660865843296051,-0.15684957802295685,0.02701321616768837,1.0
0,thrilled,-0.16388677060604095,-0.17479608952999115,0.16388677060604095,-0.1552312672138214,0.033405549824237823,1.0
0,playful,0.16167083382606506,0.1596682071685791,0.16167083382606506,0.1508675068616867,0.020347096025943756,1.0
0,angry,-0.16092842817306519,-0.1778792142868042,0.16092842817306519,-0.14937937259674072,0.01081202831119299,1.0
0,delighted,0.15162010490894318,0.12892362475395203,0.15162010490894318,0.14191092550754547,0.012559598311781883,1.0
0,sluggish,-0.1488243043422699,-0.14224299788475037,0.1488243043422699,-0.13923236727714539,0.02913961000740528,1.0
0,compassionate,0.14849688112735748,0.150776669383049,0.14849688112735748,0.13872121274471283,0.01148911751806736,1.0
0,hateful,-0.14781466126441956,-0.12708033621311188,0.14781466126441956,-0.14062373340129852,0.04510355740785599,1.0
0,self-conscious,0.14594869315624237,0.15785786509513855,0.14594869315624237,0.1357336938381195,0.014380562119185925,1.0
0,valiant,-0.14339743554592133,-0.16523000597953796,0.14339743554592133,-0.1308518350124359,0.037772286683321,1.0
0,restless,0.14166449010372162,0.12991248071193695,0.14166449010372162,0.13402697443962097,0.028512252494692802,1.0
0,tormented,-0.14158721268177032,-0.13551238179206848,0.14158721268177032,-0.13423582911491394,0.03532908856868744,1.0
0,humiliated,0.13960371911525726,0.15097428858280182,0.13960371911525726,0.13010582327842712,0.012920164503157139,1.0
0,remorseful,0.13856178522109985,0.16140271723270416,0.13856178522109985,0.129269540309906,0.013655273243784904,1.0
0,scornful,-0.13665641844272614,-0.1411759853363037,0.13665641844272614,-0.13012650609016418,0.04030099883675575,1.0
0,grief-stricken,-0.13625629246234894,-0.13577032089233398,0.13625629246234894,-0.127162367105484,0.017745692282915115,1.0
0,smug,0.1333601176738739,0.14494621753692627,0.1333601176738739,0.1255323588848114,0.024345790967345238,1.0
0,contemptuous,0.13022084534168243,0.13849738240242004,0.13022084534168243,0.12016524374485016,0.01483071781694889,1.0
0,sleepy,0.12937550246715546,0.14204829931259155,0.12937550246715546,0.12042547762393951,0.013271820731461048,1.0
0,embarrassed,0.12325228750705719,0.13553136587142944,0.12325228750705719,0.11470098793506622,0.015626342967152596,1.0
0,tense,0.12103765457868576,0.10623335093259811,0.12103765457868576,0.11404605954885483,0.0327206552028656,1.0
0,invigorated,0.12094541639089584,0.13381627202033997,0.12094541639089584,0.11229276657104492,0.009083304554224014,1.0
0,triumphant,-0.1208755224943161,-0.12872132658958435,0.1208755224943161,-0.1128651350736618,0.015128904953598976,1.0
0,perplexed,0.1202397271990776,0.11631125211715698,0.1202397271990776,0.11375431716442108,0.04063127562403679,1.0
0,euphoric,0.11940153688192368,0.1276567131280899,0.11940153688192368,0.11056751012802124,0.008399654179811478,1.0
0,vengeful,-0.11838779598474503,-0.08766423910856247,0.11838779598474503,-0.10965321213006973,0.010670091025531292,1.0
0,hostile,-0.117018923163414,-0.11478616297245026,0.117018923163414,-0.11225253343582153,0.03840520977973938,1.0
0,amused,-0.11581144481897354,-0.1343289464712143,0.11581144481897354,-0.10870413482189178,0.023889917880296707,1.0
0,hurt,0.11362399905920029,0.12687072157859802,0.11362399905920029,0.10749699175357819,0.025964153930544853,1.0
0,aroused,0.1132531613111496,0.11356133222579956,0.1132531613111496,0.10587894916534424,0.01023554801940918,1.0
0,thankful,-0.11283556371927261,-0.10059771686792374,0.11283556371927261,-0.10726422071456909,0.028022529557347298,1.0
0,impatient,-0.11237115412950516,-0.11018374562263489,0.11237115412950516,-0.10709702968597412,0.032750681042671204,1.0
0,offended,-0.10924724489450455,-0.10921487212181091,0.10924724489450455,-0.1012653335928917,0.00892665982246399,1.0
0,indifferent,-0.10913114994764328,-0.11977913975715637,0.10913114994764328,-0.09959419816732407,0.025877518579363823,1.0
0,bitter,0.10901806503534317,0.10733944922685623,0.10901806503534317,0.10606704652309418,0.05402958393096924,1.0
0,cheerful,0.10799089819192886,0.10291516780853271,0.10799089819192886,0.10212834924459457,0.03502704203128815,1.0
0,eager,-0.10733308643102646,-0.1150774136185646,0.10733308643102646,-0.10028860718011856,0.011555908247828484,1.0
0,sad,-0.10703067481517792,-0.09337398409843445,0.10703067481517792,-0.10029885917901993,0.010121023282408714,1.0
0,grumpy,-0.10662321001291275,-0.09524787217378616,0.10662321001291275,-0.10299153625965118,0.047351907938718796,1.0
0,energized,-0.10569266974925995,-0.08339692652225494,0.10569266974925995,-0.09976579248905182,0.018330086022615433,1.0
0,spiteful,-0.10504002869129181,-0.1226479560136795,0.10504002869129181,-0.09640365839004517,0.026055775582790375,1.0
0,vindictive,-0.10450198501348495,-0.11273832619190216,0.10450198501348495,-0.09706328064203262,0.011251830495893955,1.0
0,mortified,-0.1031508818268776,-0.10542013496160507,0.1031508818268776,-0.09648861736059189,0.013573281466960907,1.0
0,awestruck,0.10155317932367325,0.10556614398956299,0.10155317932367325,0.09416749328374863,0.02414194867014885,1.0
0,nervous,0.10137185454368591,0.10160139948129654,0.10137185454368591,0.0947527140378952,0.006886397022753954,1.0
0,rejuvenated,0.0990154966711998,0.09553596377372742,0.0990154966711998,0.09344708919525146,0.01783877983689308,1.0
0,bored,0.09865880012512207,0.13795144855976105,0.09865880012512207,0.09171166270971298,0.01197725348174572,1.0
0,patient,0.09759841114282608,0.10777048021554947,0.09759841114282608,0.09043581783771515,0.008912953548133373,1.0
0,depressed,-0.09625460207462311,-0.10277095437049866,0.09625460207462311,-0.08944288641214371,0.022594517096877098,1.0
0,fulfilled,0.09343039989471436,0.08636103570461273,0.09343039989471436,0.08635210990905762,0.016843777149915695,1.0
0,paranoid,0.09182095527648926,0.09442877024412155,0.09182095527648926,0.08594592660665512,0.015449602156877518,1.0
0,unnerved,-0.0916735976934433,-0.09656516462564468,0.0916735976934433,-0.08733850717544556,0.024457860738039017,1.0
0,alert,-0.09130813181400299,-0.09270234405994415,0.09130813181400299,-0.0878821611404419,0.034622009843587875,1.0
0,safe,-0.08885542303323746,-0.09199553728103638,0.08885542303323746,-0.08247468620538712,0.015776779502630234,1.0
0,weary,-0.08842163532972336,-0.09550321102142334,0.08842163532972336,-0.08339695632457733,0.018060296773910522,1.0
0,enthusiastic,-0.08585356920957565,-0.09099308401346207,0.08585356920957565,-0.07925735414028168,0.017231320962309837,1.0
0,relaxed,-0.08517337590456009,-0.07044224441051483,0.08517337590456009,-0.08117686957120895,0.021328717470169067,1.0
0,refreshed,0.08503969758749008,0.06403286010026932,0.08503969758749008,0.07911135256290436,0.01270174328237772,1.0
0,irate,0.08487707376480103,0.0535096600651741,0.08487707376480103,0.08296866714954376,0.05380712077021599,0.800000011920929
0,tired,-0.08486178517341614,-0.10403440147638321,0.08486178517341614,-0.07809748500585556,0.011842704378068447,1.0
0,stimulated,0.08300554007291794,0.05256994068622589,0.08300554007291794,0.07925279438495636,0.02780134789645672,1.0
0,exuberant,0.08156806975603104,0.09145554900169373,0.08156806975603104,0.0747019350528717,0.017262408509850502,1.0
0,scared,0.08057045936584473,0.08050202578306198,0.08057045936584473,0.0779959112405777,0.04660212993621826,0.800000011920929
0,stubborn,-0.07481978833675385,-0.0737147405743599,0.07481978833675385,-0.07013718038797379,0.005486343055963516,1.0
0,empathetic,0.07404954731464386,0.10415157675743103,0.07404954731464386,0.06758785247802734,0.02424606680870056,1.0
0,resentful,-0.07351167500019073,-0.09022802859544754,0.07351167500019073,-0.06691287457942963,0.018153415992856026,1.0
0,horrified,-0.07320553064346313,-0.08908648043870926,0.07320553064346313,-0.06542225182056427,0.031315311789512634,1.0
0,vibrant,0.07242408394813538,0.05189262330532074,0.07242408394813538,0.06815534830093384,0.017362384125590324,1.0
0,surprised,0.06891877949237823,0.05354693904519081,0.06891877949237823,0.06418833881616592,0.006822791416198015,1.0
0,greedy,0.06885741651058197,0.09353007376194,0.06885741651058197,0.06336656957864761,0.00804030243307352,1.0
0,mad,-0.06800577789545059,-0.04755399748682976,0.06800577789545059,-0.06295409053564072,0.00999321136623621,1.0
0,kind,0.06458742171525955,0.06818800419569016,0.06458742171525955,0.06150344759225845,0.02186691388487816,1.0
0,panicked,-0.06314864754676819,-0.05438227578997612,0.06314864754676819,-0.05807100608944893,0.016554180532693863,1.0
0,gloomy,-0.06214619055390358,-0.04516950994729996,0.06214619055390358,-0.059722937643527985,0.03286352753639221,0.800000011920929
0,jubilant,-0.06184142455458641,-0.07198454439640045,0.06184142455458641,-0.05775666981935501,0.012677762657403946,1.0
0,docile,0.06100469455122948,0.07565218955278397,0.06100469455122948,0.056506454944610596,0.016486072912812233,1.0
0,ecstatic,0.06042248383164406,0.06083182990550995,0.06042248383164406,0.05599851533770561,0.015298109501600266,1.0
0,puzzled,-0.059890393167734146,-0.0608956441283226,0.059890393167734146,-0.05636247992515564,0.016948718577623367,1.0
0,outraged,-0.05959037318825722,-0.07251325994729996,0.05959037318825722,-0.05264132097363472,0.04147663339972496,0.800000011920929
0,obstinate,-0.05911833792924881,-0.04797128587961197,0.05911833792924881,-0.05379174277186394,0.018077176064252853,1.0
0,uneasy,0.058756981045007706,0.06408841907978058,0.058756981045007706,0.05386974662542343,0.027735156938433647,1.0
0,hopeful,-0.05776592716574669,-0.05548880249261856,0.05776592716574669,-0.05397281050682068,0.023999584838747978,1.0
0,at ease,0.057540684938430786,0.038938988000154495,0.057540684938430786,0.057359181344509125,0.06080801412463188,0.800000011920929
0,amazed,-0.05729646608233452,-0.039370033890008926,0.05729646608233452,-0.054211754351854324,0.0226517915725708,1.0
0,grateful,0.05724528431892395,0.04931851476430893,0.05724528431892395,0.0533985011279583,0.013618553057312965,1.0
0,guilty,0.055045317858457565,0.03306196257472038,0.055045317858457565,0.052691053599119186,0.018460862338542938,1.0
0,self-confident,0.0545920766890049,0.04192836955189705,0.0545920766890049,0.04915753751993179,0.02580195479094982,1.0
0,desperate,-0.0545596182346344,-0.06397810578346252,0.0545596182346344,-0.05018617585301399,0.0167955681681633,1.0
0,brooding,-0.054268255829811096,-0.061495184898376465,0.054268255829811096,-0.05061551183462143,0.024445010349154472,1.0
0,pleased,0.05325116217136383,0.04493708163499832,0.05325116217136383,0.04742886498570442,0.027374031022191048,1.0
0,dumbstruck,-0.05145660415291786,-0.06204972043633461,0.05145660415291786,-0.049489159137010574,0.01855132170021534,1.0
0,resigned,-0.04749336466193199,-0.05930498614907265,0.04749336466193199,-0.045577116310596466,0.017414921894669533,1.0
0,self-critical,-0.04677138850092888,-0.041804175823926926,0.04677138850092888,-0.04331604763865471,0.012896457687020302,1.0
0,worried,-0.04526306688785553,-0.05337664112448692,0.04526306688785553,-0.039259374141693115,0.034797605127096176,0.800000011920929
0,irritated,-0.04444562643766403,-0.020512983202934265,0.04444562643766403,-0.04008208587765694,0.014779234305024147,1.0
0,satisfied,0.043481916189193726,0.05198017135262489,0.043481916189193726,0.04110116511583328,0.017741985619068146,1.0
0,happy,-0.04317167401313782,-0.029299836605787277,0.04317167401313782,-0.04006784409284592,0.021992091089487076,1.0
0,exasperated,-0.042883168905973434,-0.05072484537959099,0.042883168905973434,-0.04142051190137863,0.025044409558176994,0.800000011920929
0,proud,0.04171111807227135,0.05685491859912872,0.04171111807227135,0.03946567326784134,0.015699058771133423,1.0
0,loving,0.041672248393297195,0.025751641020178795,0.041672248393297195,0.04118870198726654,0.03190813586115837,0.800000011920929
0,regretful,0.04082149267196655,0.06345602124929428,0.04082149267196655,0.037697505205869675,0.017266804352402687,1.0
0,disoriented,-0.04071633517742157,-0.06672663986682892,0.04071633517742157,-0.037029873579740524,0.016981864348053932,1.0
0,ashamed,0.0402521975338459,0.049368131905794144,0.0402521975338459,0.03633446246385574,0.016548950225114822,1.0
0,miserable,0.039095208048820496,0.05080102011561394,0.039095208048820496,0.032914306968450546,0.050576236099004745,0.800000011920929
0,troubled,-0.03794942423701286,-0.05598992854356766,0.03794942423701286,-0.03566437587141991,0.011086525395512581,1.0
0,relieved,-0.0378558374941349,-0.04030955210328102,0.0378558374941349,-0.03536262735724449,0.007037147413939238,1.0
0,droopy,0.036210041493177414,0.030315259471535683,0.036210041493177414,0.033985622227191925,0.010495827533304691,1.0
0,content,0.03509044647216797,0.025226494297385216,0.03509044647216797,0.034717120230197906,0.0284437146037817,0.800000011920929
0,sensitive,-0.03507896140217781,-0.043614525347948074,0.03507896140217781,-0.03106529451906681,0.01960141584277153,1.0
0,distressed,-0.035071488469839096,-0.03198808431625366,0.035071488469839096,-0.03322761505842209,0.026939963921904564,0.800000011920929
0,worthless,-0.03144343942403793,-0.030800601467490196,0.03144343942403793,-0.03133053332567215,0.022973965853452682,1.0
0,hope,-0.028714362531900406,-0.023646099492907524,0.028714362531900406,-0.027194270864129066,0.013822830282151699,1.0
0,defiant,0.02825196459889412,0.02441345900297165,0.02825196459889412,0.02660055086016655,0.010035206563770771,1.0
0,skeptical,0.02808167226612568,0.024200038984417915,0.02808167226612568,0.0257278885692358,0.01887506991624832,0.800000011920929
0,trapped,0.02755913883447647,0.0249673780053854,0.02755913883447647,0.022051969543099403,0.041125837713479996,0.800000011920929
0,worn out,0.027275197207927704,0.018757272511720657,0.027275197207927704,0.027190780267119408,0.021729718893766403,1.0
0,mystified,-0.026994051411747932,-0.031616441905498505,0.026994051411747932,-0.02796790935099125,0.032639164477586746,1.0
0,vigilant,0.02539827860891819,0.042402155697345734,0.02539827860891819,0.02473050355911255,0.012419775128364563,1.0
0,calm,-0.023851683363318443,-0.03331112116575241,0.023851683363318443,-0.023372000083327293,0.017280330881476402,0.800000011920929
0,inspired,0.022913694381713867,0.026321668177843094,0.022913694381713867,0.021251186728477478,0.01434791088104248,0.800000011920929
0,dispirited,0.022026026621460915,0.06038300693035126,0.022026026621460915,0.019373465329408646,0.030694525688886642,0.6000000238418579
0,disgusted,-0.01871149055659771,-0.027675127610564232,0.01871149055659771,-0.018249081447720528,0.025826575234532356,0.800000011920929
0,disturbed,0.01870863512158394,0.020051203668117523,0.01870863512158394,0.0185505710542202,0.014494852162897587,0.800000011920929
0,sullen,-0.018173709511756897,-0.050102341920137405,0.018173709511756897,-0.01874316670000553,0.0224300604313612,0.800000011920929
0,heartbroken,-0.01806078664958477,0.011562462896108627,0.01806078664958477,-0.016950443387031555,0.0257002804428339,0.800000011920929
0,infatuated,-0.016701500862836838,-0.004566539078950882,0.016701500862836838,-0.01672389730811119,0.018401682376861572,0.6000000238418579
0,blissful,0.01572931930422783,0.042274050414562225,0.01572931930422783,0.013577958568930626,0.021085375919938087,0.6000000238418579
0,terrified,0.015283457934856415,0.017849480733275414,0.015283457934856415,0.015932193025946617,0.02096378616988659,0.800000011920929
0,overwhelmed,0.015078007243573666,0.02209848165512085,0.015078007243573666,0.014829302206635475,0.0169451255351305,0.6000000238418579
0,anxious,0.014748125337064266,0.016955990344285965,0.014748125337064266,0.015759427100419998,0.025046706199645996,0.6000000238418579
0,suspicious,-0.013414105400443077,-0.013371397741138935,0.013414105400443077,-0.014453606680035591,0.029166774824261665,0.800000011920929
0,nostalgic,-0.013143265619874,-0.0028005512431263924,0.013143265619874,-0.010621611028909683,0.017823204398155212,0.800000011920929
0,upset,-0.013118834234774113,-0.0235948134213686,0.013118834234774113,-0.009990140795707703,0.0303718950599432,0.6000000238418579
0,optimistic,-0.013100344687700272,-0.04319515451788902,0.013100344687700272,-0.012022789567708969,0.020824089646339417,0.6000000238418579
0,peaceful,0.01286863163113594,0.01127169094979763,0.01286863163113594,0.01028347760438919,0.024393616244196892,0.6000000238418579
0,lazy,0.012837574817240238,0.021386083215475082,0.012837574817240238,0.011014468967914581,0.018232980743050575,0.800000011920929
0,rattled,0.01215346995741129,0.044000301510095596,0.01215346995741129,0.010986129753291607,0.010240686126053333,1.0
0,reflective,0.01205050852149725,0.040439967066049576,0.01205050852149725,0.006695427931845188,0.054263532161712646,0.800000011920929
0,stressed,-0.011933070607483387,-0.001305197598412633,0.011933070607483387,-0.012268910184502602,0.017142530530691147,0.800000011920929
0,afraid,-0.010734501294791698,-0.0066879442892968655,0.010734501294791698,-0.011194350197911263,0.018795805051922798,0.6000000238418579
0,hysterical,0.01026717945933342,0.014842641539871693,0.01026717945933342,0.013811469078063965,0.0503852441906929,0.6000000238418579
0,alarmed,-0.009121503680944443,-0.031028280034661293,0.009121503680944443,-0.007930999621748924,0.013451535254716873,0.6000000238418579
0,vulnerable,-0.008085808716714382,0.005515030585229397,0.008085808716714382,-0.009556276723742485,0.02307647466659546,0.6000000238418579
0,furious,-0.007943017408251762,-0.018283292651176453,0.007943017408251762,-0.0070610372349619865,0.02422439493238926,0.4000000059604645
0,shaken,-0.007807179819792509,0.006296291947364807,0.007807179819792509,-0.009824667125940323,0.038107242435216904,0.800000011920929
0,elated,0.007380697410553694,0.015570645220577717,0.007380697410553694,0.007603064179420471,0.01945623569190502,0.6000000238418579
0,shocked,-0.006650545168668032,-0.01659860834479332,0.006650545168668032,-0.0049121929332613945,0.030092056840658188,0.4000000059604645
0,frightened,0.006111445836722851,0.010750682093203068,0.006111445836722851,0.00717790424823761,0.021197520196437836,0.800000011920929
0,joyful,-0.005822088103741407,-0.007905327714979649,0.005822088103741407,-0.006250402424484491,0.01254056766629219,0.6000000238418579
0,listless,-0.0047616297379136086,-0.025232501327991486,0.0047616297379136086,-0.00215885485522449,0.026877792552113533,0.6000000238418579
0,jealous,-0.004295687656849623,0.009226306341588497,0.004295687656849623,-0.004572647158056498,0.01168594416230917,0.6000000238418579
0,unhappy,0.002341478131711483,0.019374733790755272,0.002341478131711483,-0.0002219010202679783,0.03036784566938877,0.6000000238418579
0,sentimental,0.0011734934523701668,-0.005610769614577293,0.0011734934523701668,0.00016843192861415446,0.01650908775627613,0.6000000238418579
0,melancholy,0.0010098423808813095,0.023941103368997574,0.0010098423808813095,-0.001383394468575716,0.035930488258600235,0.20000000298023224
0,stuck,-0.0008263346971943974,0.0022316966205835342,0.0008263346971943974,-0.0013298962730914354,0.010912131518125534,0.6000000238418579
0,enraged,-0.0005457204533740878,-0.02078108675777912,0.0005457204533740878,0.001681405701674521,0.02462526597082615,0.4000000059604645
0,serene,0.0005451084580272436,0.004441610537469387,0.0005451084580272436,0.0010816326830536127,0.00896346103399992,0.4000000059604645
0,excited,-0.00044773361878469586,-0.007193058263510466,0.00044773361878469586,-0.0013624426210299134,0.017491260543465614,0.4000000059604645
1,lonely,-0.25293105840682983,-0.21315898001194,0.25293105840682983,-0.2390935719013214,0.0331498421728611,1.0
1,unsettled,-0.24397745728492737,-0.2162468135356903,0.24397745728492737,-0.22601494193077087,0.027025438845157623,1.0
1,astonished,-0.2253907322883606,-0.2036692202091217,0.2253907322883606,-0.2118302285671234,0.02092985063791275,1.0
1,disdainful,0.22513516247272491,0.23791058361530304,0.22513516247272491,0.21528740227222443,0.03858896344900131,1.0
1,delighted,0.2058180868625641,0.19513559341430664,0.2058180868625641,0.19454309344291687,0.015517739579081535,1.0
1,humiliated,0.20145080983638763,0.2346755415201187,0.20145080983638763,0.18919360637664795,0.014867130666971207,1.0
1,valiant,-0.19866317510604858,-0.2630714178085327,0.19866317510604858,-0.18102583289146423,0.05679117515683174,1.0
1,contemptuous,0.19469065964221954,0.23166854679584503,0.19469065964221954,0.18027661740779877,0.022937925532460213,1.0
1,dependent,0.19203826785087585,0.2378162443637848,0.19203826785087585,0.18345041573047638,0.037510085850954056,1.0
1,frustrated,-0.18579542636871338,-0.22956272959709167,0.18579542636871338,-0.17507925629615784,0.023158537223935127,1.0
1,envious,0.18446145951747894,0.20880930125713348,0.18446145951747894,0.17444296181201935,0.016213461756706238,1.0
1,vengeful,-0.18235500156879425,-0.12514826655387878,0.18235500156879425,-0.17062845826148987,0.009227474220097065,1.0
1,vindictive,-0.18101364374160767,-0.20867089927196503,0.18101364374160767,-0.16843733191490173,0.01422075740993023,1.0
1,bewildered,-0.178233802318573,-0.21784339845180511,0.178233802318573,-0.16828377544879913,0.017728544771671295,1.0
1,grief-stricken,-0.17819632589817047,-0.20857061445713043,0.17819632589817047,-0.1685372292995453,0.014691115356981754,1.0
1,sorry,0.1724642664194107,0.16859766840934753,0.1724642664194107,0.16345635056495667,0.026149017736315727,1.0
1,hurt,0.17095816135406494,0.21353623270988464,0.17095816135406494,0.16207534074783325,0.022202130407094955,1.0
1,insulted,0.16749633848667145,0.2085563689470291,0.16749633848667145,0.15885427594184875,0.03183773532509804,1.0
1,on edge,0.16601349413394928,0.1905917227268219,0.16601349413394928,0.1585106998682022,0.03684183582663536,1.0
1,self-conscious,0.16409575939178467,0.21351812779903412,0.16409575939178467,0.15356354415416718,0.009158936329185963,1.0
1,playful,0.16268855333328247,0.11284719407558441,0.16268855333328247,0.15355625748634338,0.02431575395166874,1.0
1,thrilled,-0.16239626705646515,-0.1889258176088333,0.16239626705646515,-0.15472666919231415,0.029477735981345177,1.0
1,aroused,0.1606840193271637,0.14980249106884003,0.1606840193271637,0.14985793828964233,0.009420305490493774,1.0
1,indignant,-0.15910430252552032,-0.18230324983596802,0.15910430252552032,-0.1534072905778885,0.03727782145142555,1.0
1,paranoid,0.15725213289260864,0.16215503215789795,0.15725213289260864,0.14791707694530487,0.010247278027236462,1.0
1,exuberant,0.152424618601799,0.1752125471830368,0.152424618601799,0.1403554230928421,0.027073731645941734,1.0
1,smug,0.1516445279121399,0.20552755892276764,0.1516445279121399,0.14491452276706696,0.024572240188717842,1.0
1,annoyed,-0.15053868293762207,-0.19427195191383362,0.15053868293762207,-0.14030280709266663,0.01762096956372261,1.0
1,fulfilled,0.14986683428287506,0.1639900952577591,0.14986683428287506,0.13962659239768982,0.013099923729896545,1.0
1,invigorated,0.14959461987018585,0.1927345097064972,0.14959461987018585,0.13941800594329834,0.013583940453827381,1.0
1,angry,-0.14685264229774475,-0.17894795536994934,0.14685264229774475,-0.13547064363956451,0.026063716039061546,1.0
1,jubilant,-0.1460518091917038,-0.17532378435134888,0.1460518091917038,-0.1366516649723053,0.009136292152106762,1.0
1,tormented,-0.14353525638580322,-0.1359841525554657,0.14353525638580322,-0.1384851485490799,0.03811242803931236,1.0
1,amused,-0.1414748877286911,-0.19532085955142975,0.1414748877286911,-0.13327129185199738,0.026627760380506516,1.0
1,remorseful,0.14005987346172333,0.20636337995529175,0.14005987346172333,0.13180378079414368,0.02256034128367901,1.0
1,restless,0.13783639669418335,0.10574005544185638,0.13783639669418335,0.13131996989250183,0.021856559440493584,1.0
1,sympathetic,0.13642793893814087,0.10230942815542221,0.13642793893814087,0.12993450462818146,0.025903087109327316,1.0
1,hateful,-0.13523778319358826,-0.14078332483768463,0.13523778319358826,-0.13136626780033112,0.04605874419212341,1.0
1,cheerful,0.12928922474384308,0.16663263738155365,0.12928922474384308,0.12399265915155411,0.0330660305917263,1.0
1,resentful,-0.1280265897512436,-0.15458695590496063,0.1280265897512436,-0.11678300052881241,0.029017101973295212,1.0
1,thankful,-0.12190260738134384,-0.06907062977552414,0.12190260738134384,-0.11820125579833984,0.03539686277508736,1.0
1,sluggish,-0.12133724987506866,-0.12698455154895782,0.12133724987506866,-0.11674152314662933,0.03078286536037922,1.0
1,tense,0.12065199017524719,0.13302594423294067,0.12065199017524719,0.1159505844116211,0.0345260351896286,1.0
1,triumphant,-0.11832321435213089,-0.1369147151708603,0.11832321435213089,-0.11153807491064072,0.010844411328434944,1.0
1,offended,-0.11356556415557861,-0.1704045683145523,0.11356556415557861,-0.10520782321691513,0.025118300691246986,1.0
1,impatient,-0.11321859806776047,-0.0794437825679779,0.11321859806776047,-0.10978896915912628,0.03506554663181305,1.0
1,horrified,-0.10588838160037994,-0.15863893926143646,0.10588838160037994,-0.09506452083587646,0.037269413471221924,1.0
1,skeptical,0.10569053888320923,0.07777189463376999,0.10569053888320923,0.09735169261693954,0.02405066229403019,1.0
1,grumpy,-0.10459277033805847,-0.09636924415826797,0.10459277033805847,-0.1033863052725792,0.05070633441209793,1.0
1,stubborn,-0.10416403412818909,-0.061934031546115875,0.10416403412818909,-0.09848634898662567,0.016035716980695724,1.0
1,vibrant,0.10406477004289627,0.03467943146824837,0.10406477004289627,0.09851014614105225,0.0251616220921278,1.0
1,scared,0.10292349010705948,0.09449241310358047,0.10292349010705948,0.10090744495391846,0.048175469040870667,1.0
1,enthusiastic,-0.1025492250919342,-0.09540325403213501,0.1025492250919342,-0.09438806772232056,0.01906273327767849,1.0
1,sleepy,0.10016562789678574,0.11328791826963425,0.10016562789678574,0.09398765116930008,0.023473123088479042,1.0
1,perplexed,0.09840916842222214,0.13959653675556183,0.09840916842222214,0.09592108428478241,0.03556326404213905,1.0
1,euphoric,0.09829733520746231,0.12622322142124176,0.09829733520746231,0.0911618247628212,0.01188609842211008,1.0
1,rejuvenated,0.09588522464036942,0.11830564588308334,0.09588522464036942,0.09141077101230621,0.02944369800388813,1.0
1,stimulated,0.09572719037532806,0.049279872328042984,0.09572719037532806,0.0935228168964386,0.034999147057533264,1.0
1,safe,-0.09494210034608841,-0.11537206172943115,0.09494210034608841,-0.0889650508761406,0.008257314562797546,1.0
1,outraged,-0.09254101663827896,-0.13613742589950562,0.09254101663827896,-0.08264299482107162,0.04582325369119644,1.0
1,sad,-0.09195376187562943,-0.04449683427810669,0.09195376187562943,-0.08756091445684433,0.014163247309625149,1.0
1,stressed,0.09121839702129364,0.06310247629880905,0.09121839702129364,0.08351317793130875,0.018092958256602287,1.0
1,eager,-0.08783862739801407,-0.11327505111694336,0.08783862739801407,-0.08240201324224472,0.01608514040708542,1.0
1,relaxed,-0.08771208673715591,-0.06868541985750198,0.08771208673715591,-0.08461065590381622,0.023493966087698936,1.0
1,scornful,-0.08347081393003464,-0.08446306735277176,0.08347081393003464,-0.08360783755779266,0.04723380506038666,1.0
1,worried,-0.08227948099374771,-0.1009020134806633,0.08227948099374771,-0.0719229057431221,0.04793863371014595,0.800000011920929
1,mortified,-0.08042697608470917,-0.08440013229846954,0.08042697608470917,-0.07596684992313385,0.007590804249048233,1.0
1,irritated,-0.07959678769111633,-0.07759516686201096,0.07959678769111633,-0.07338156551122665,0.01973983272910118,1.0
1,uneasy,0.07821723073720932,0.11096838116645813,0.07821723073720932,0.07244198769330978,0.03355091065168381,1.0
1,amazed,-0.07811401039361954,-0.08990476280450821,0.07811401039361954,-0.07310792058706284,0.011108111590147018,1.0
1,suspicious,0.07760298997163773,0.07443074882030487,0.07760298997163773,0.06952748447656631,0.03439674526453018,1.0
1,docile,0.07538752257823944,0.09913244843482971,0.07538752257823944,0.06976717710494995,0.029175221920013428,1.0
1,spiteful,-0.07307188212871552,-0.13947780430316925,0.07307188212871552,-0.06671382486820221,0.032660964876413345,1.0
1,miserable,0.07233886420726776,0.10283409059047699,0.07233886420726776,0.06287267804145813,0.055709101259708405,0.800000011920929
1,grateful,-0.0703425481915474,-0.059631213545799255,0.0703425481915474,-0.06496552377939224,0.014813319779932499,1.0
1,serene,-0.06914737820625305,-0.04756515845656395,0.06914737820625305,-0.06369011104106903,0.0124143585562706,1.0
1,self-confident,0.06905632466077805,0.024179093539714813,0.06905632466077805,0.06239556521177292,0.03224129602313042,1.0
1,dispirited,0.06808687746524811,0.10684029012918472,0.06808687746524811,0.062140800058841705,0.033423714339733124,1.0
1,refreshed,0.06705287843942642,0.07004531472921371,0.06705287843942642,0.062415994703769684,0.011222915723919868,1.0
1,hope,-0.06691476702690125,-0.059151776134967804,0.06691476702690125,-0.06315279752016068,0.01479132566601038,1.0
1,defiant,0.06529005616903305,0.06671858578920364,0.06529005616903305,0.06096773222088814,0.011207383126020432,1.0
1,alert,-0.06437406688928604,-0.06898979842662811,0.06437406688928604,-0.06424690037965775,0.03424029052257538,1.0
1,vulnerable,0.06436944752931595,0.05668976157903671,0.06436944752931595,0.056539636105298996,0.035944774746894836,0.800000011920929
1,calm,-0.06432072073221207,-0.05459066480398178,0.06432072073221207,-0.06218590587377548,0.02012118697166443,1.0
1,awestruck,0.06405181437730789,0.09220006316900253,0.06405181437730789,0.058919407427310944,0.036851927638053894,1.0
1,compassionate,0.06350962072610855,0.10714677721261978,0.06350962072610855,0.06002192944288254,0.008809346705675125,1.0
1,hopeful,-0.06231741979718208,-0.052053481340408325,0.06231741979718208,-0.05862190201878548,0.02405710332095623,1.0
1,obstinate,-0.06173822656273842,-0.044951219111680984,0.06173822656273842,-0.055688031017780304,0.02104964479804039,1.0
1,upset,-0.06168101727962494,-0.10528086870908737,0.06168101727962494,-0.05385363847017288,0.03767941892147064,0.800000011920929
1,reflective,0.061290498822927475,0.1154434084892273,0.061290498822927475,0.05135032534599304,0.0556560754776001,0.800000011920929
1,energized,-0.06117986887693405,-0.015350203029811382,0.06117986887693405,-0.05942417308688164,0.02076047845184803,1.0
1,heartbroken,-0.06081340089440346,0.005439497996121645,0.06081340089440346,-0.05765397101640701,0.03479178994894028,0.800000011920929
1,brooding,-0.06066073849797249,-0.08221721649169922,0.06066073849797249,-0.0578857883810997,0.0264489334076643,1.0
1,exasperated,-0.06063474342226982,-0.05834083631634712,0.06063474342226982,-0.05823193117976189,0.021252905949950218,1.0
1,elated,-0.05871356651186943,-0.04804211109876633,0.05871356651186943,-0.05309147760272026,0.023747166618704796,1.0
1,patient,0.05715533718466759,0.12072867900133133,0.05715533718466759,0.05369998887181282,0.013016429729759693,1.0
1,melancholy,0.055002979934215546,0.056106340140104294,0.055002979934215546,0.04774557799100876,0.03708244487643242,0.800000011920929
1,ashamed,0.05457944795489311,0.053445231169462204,0.05457944795489311,0.04932920262217522,0.018677640706300735,1.0
1,embarrassed,0.05417555570602417,0.07536163181066513,0.05417555570602417,0.05217472463846207,0.026283113285899162,1.0
1,stuck,0.05322584509849548,0.011372358538210392,0.05322584509849548,0.04851790517568588,0.012845412828028202,1.0
1,excited,-0.05257848650217056,-0.04999842122197151,0.05257848650217056,-0.050119590014219284,0.014752079732716084,1.0
1,unhappy,0.05138801783323288,0.05056161805987358,0.05138801783323288,0.04425586387515068,0.035726841539144516,0.800000011920929
1,mad,-0.050401508808135986,-0.007228949572890997,0.050401508808135986,-0.04691161587834358,0.009655619040131569,1.0
1,sensitive,-0.04988229647278786,-0.022196073085069656,0.04988229647278786,-0.045253098011016846,0.015043653547763824,1.0
1,depressed,-0.04928161948919296,-0.09584282338619232,0.04928161948919296,-0.0476558618247509,0.01866169087588787,1.0
1,desperate,-0.04789583384990692,-0.08684802055358887,0.04789583384990692,-0.044421251863241196,0.011958823539316654,1.0
1,empathetic,0.0471569187939167,0.12202262878417969,0.0471569187939167,0.04363397881388664,0.019960548728704453,1.0
1,nervous,0.04658259451389313,0.04695383086800575,0.04658259451389313,0.04542899876832962,0.017639875411987305,1.0
1,hostile,-0.04607510194182396,-0.07289676368236542,0.04607510194182396,-0.04997323080897331,0.05968860536813736,0.800000011920929
1,pleased,0.04549632593989372,0.007579943165183067,0.04549632593989372,0.04038558155298233,0.022377340123057365,1.0
1,gloomy,-0.04431679844856262,-0.030407719314098358,0.04431679844856262,-0.04434376209974289,0.026676049456000328,1.0
1,indifferent,-0.04416973888874054,-0.06978138536214828,0.04416973888874054,-0.03860269486904144,0.025143250823020935,0.800000011920929
1,optimistic,-0.043270669877529144,-0.1098032146692276,0.043270669877529144,-0.039082229137420654,0.033373232930898666,1.0
1,peaceful,0.042389631271362305,0.048910368233919144,0.042389631271362305,0.03630181401968002,0.03357396647334099,0.800000011920929
1,tired,-0.04190019890666008,-0.08817760646343231,0.04190019890666008,-0.03834487125277519,0.014721833169460297,1.0
1,greedy,0.039746709167957306,0.08960055559873581,0.039746709167957306,0.03492364287376404,0.021643254905939102,0.800000011920929
1,relieved,-0.03733627498149872,-0.027771377936005592,0.03733627498149872,-0.03589325025677681,0.010324805043637753,1.0
1,trapped,0.036128293722867966,0.04895834997296333,0.036128293722867966,0.02814178727567196,0.051587291061878204,0.800000011920929
1,unnerved,-0.034089770168066025,-0.0101618068292737,0.034089770168066025,-0.035305023193359375,0.03050314076244831,1.0
1,sullen,0.03261302039027214,-0.019862789660692215,0.03261302039027214,0.02777315303683281,0.027728872373700142,0.800000011920929
1,at ease,0.03205389529466629,0.0013141267700120807,0.03205389529466629,0.036361414939165115,0.06626150012016296,0.800000011920929
1,disgusted,-0.031666889786720276,-0.06541857868432999,0.031666889786720276,-0.030268725007772446,0.034372102469205856,0.800000011920929
1,surprised,0.03075200878083706,-0.0005302000790834427,0.03075200878083706,0.029323045164346695,0.011897559277713299,1.0
1,guilty,0.03047284483909607,-0.009083894081413746,0.03047284483909607,0.03162522241473198,0.026976583525538445,1.0
1,mystified,0.030241454020142555,0.007129167206585407,0.030241454020142555,0.02306271716952324,0.04681633040308952,0.800000011920929
1,panicked,-0.030147885903716087,-0.041236404329538345,0.030147885903716087,-0.027763431891798973,0.009070230647921562,1.0
1,jealous,0.029893942177295685,0.07973895967006683,0.029893942177295685,0.026852887123823166,0.016933977603912354,1.0
1,droopy,0.029661674052476883,0.0020856112241744995,0.029661674052476883,0.027271220460534096,0.014578319154679775,1.0
1,distressed,-0.029129279777407646,-0.05455528944730759,0.029129279777407646,-0.028780948370695114,0.026849739253520966,0.800000011920929
1,frightened,0.026446688920259476,0.02160545624792576,0.026446688920259476,0.02738235518336296,0.02954590693116188,0.800000011920929
1,bored,0.025804312899708748,0.09420475363731384,0.025804312899708748,0.0247485488653183,0.025399889796972275,0.800000011920929
1,furious,0.025344017893075943,-0.01702539063990116,0.025344017893075943,0.023084845393896103,0.03360012546181679,0.800000011920929
1,ecstatic,0.02525291033089161,0.023941803723573685,0.02525291033089161,0.024542273953557014,0.016821682453155518,0.800000011920929
1,irate,0.024274682626128197,-0.018867434933781624,0.024274682626128197,0.028777524828910828,0.05499045178294182,0.6000000238418579
1,shaken,-0.023613538593053818,0.034625906497240067,0.023613538593053818,-0.025370126590132713,0.03207598999142647,0.800000011920929
1,rattled,-0.023225082084536552,0.030054442584514618,0.023225082084536552,-0.021811552345752716,0.00913910660892725,1.0
1,anxious,0.022345194593071938,0.03596999868750572,0.022345194593071938,0.024937590584158897,0.03656386956572533,0.800000011920929
1,satisfied,-0.02155778929591179,0.040179599076509476,0.02155778929591179,-0.01823314093053341,0.02113715000450611,0.800000011920929
1,joyful,0.021380014717578888,-0.0006858360720798373,0.021380014717578888,0.016941290348768234,0.03446660190820694,0.6000000238418579
1,regretful,-0.02030269429087639,0.038660746067762375,0.02030269429087639,-0.02019009366631508,0.02730267494916916,0.800000011920929
1,lazy,0.020148955285549164,0.0515185110270977,0.020148955285549164,0.017192218452692032,0.024345751851797104,0.6000000238418579
1,alarmed,-0.01973375491797924,-0.03745759278535843,0.01973375491797924,-0.01773914322257042,0.00766022177413106,1.0
1,nostalgic,-0.019705723971128464,0.004114544950425625,0.019705723971128464,-0.015305334702134132,0.02945849485695362,0.800000011920929
1,disturbed,0.018786955624818802,-0.0011955203954130411,0.018786955624818802,0.02033967338502407,0.025334304198622704,0.800000011920929
1,enraged,-0.018180767074227333,-0.03898060694336891,0.018180767074227333,-0.01303659938275814,0.03511945530772209,0.800000011920929
1,weary,-0.01805594563484192,-0.06280932575464249,0.01805594563484192,-0.01872212067246437,0.02155616320669651,0.800000011920929
1,proud,-0.017757948487997055,-0.018437793478369713,0.017757948487997055,-0.015474635176360607,0.014350916258990765,0.800000011920929
1,vigilant,0.017613805830478668,0.07714491337537766,0.017613805830478668,0.017898153513669968,0.01327317301183939,1.0
1,loving,-0.017155038192868233,-0.044731155037879944,0.017155038192868233,-0.013331098482012749,0.03330384939908981,0.6000000238418579
1,self-critical,0.01689133234322071,0.009840925224125385,0.01689133234322071,0.015018311329185963,0.02077298052608967,0.6000000238418579
1,blissful,-0.014260576106607914,0.021617230027914047,0.014260576106607914,-0.014996031299233437,0.023522179573774338,0.800000011920929
1,listless,-0.013368307612836361,-0.08229085803031921,0.013368307612836361,-0.008561796508729458,0.03607066348195076,0.800000011920929
1,worn out,-0.012498179450631142,-0.04111853614449501,0.012498179450631142,-0.008147897198796272,0.036479055881500244,0.6000000238418579
1,terrified,-0.011757075786590576,-0.0035679317079484463,0.011757075786590576,-0.00833789724856615,0.02401231974363327,0.800000011920929
1,afraid,-0.011516948230564594,0.005245696287602186,0.011516948230564594,-0.01281874068081379,0.020633963868021965,0.6000000238418579
1,kind,0.011303483508527279,0.06640821695327759,0.011303483508527279,0.01245499774813652,0.016270680353045464,0.800000011920929
1,bitter,0.01112339086830616,0.020053772255778313,0.01112339086830616,0.01596900261938572,0.04856139048933983,0.6000000238418579
1,happy,-0.010400664061307907,-0.008572889491915703,0.010400664061307907,-0.01045183651149273,0.022765105590224266,0.6000000238418579
1,disoriented,-0.010214092209935188,-0.042450424283742905,0.010214092209935188,-0.007150284945964813,0.025605209171772003,0.6000000238418579
1,sentimental,-0.01020716316998005,-0.05569327250123024,0.01020716316998005,-0.010909439995884895,0.012958441860973835,0.800000011920929
1,inspired,0.00801253505051136,0.031516365706920624,0.00801253505051136,0.007906179875135422,0.015521442517638206,0.800000011920929
1,shocked,-0.0062363892793655396,-0.025695182383060455,0.0062363892793655396,-0.0040568141266703606,0.03590913116931915,0.20000000298023224
1,puzzled,-0.005382861476391554,-0.014883978292346,0.005382861476391554,-0.005901004187762737,0.025312110781669617,0.6000000238418579
1,overwhelmed,0.00478787487372756,0.01416346337646246,0.00478787487372756,0.0066836243495345116,0.02802201174199581,0.6000000238418579
1,troubled,-0.0030217438470572233,-0.04533907771110535,0.0030217438470572233,-0.003130114870145917,0.01628454588353634,0.800000011920929
1,worthless,0.0027769398875534534,-0.007253905758261681,0.0027769398875534534,-0.001243195729330182,0.03394068405032158,0.800000011920929
1,dumbstruck,0.002424802165478468,0.009506088681519032,0.002424802165478468,-0.0007413370767608285,0.027716368436813354,0.800000011920929
1,hysterical,-0.001243341015651822,-0.008846890181303024,0.001243341015651822,0.004384302534162998,0.05166663974523544,0.4000000059604645
1,resigned,-0.0011131024220958352,-0.03562827780842781,0.0011131024220958352,-0.005038610193878412,0.03610915318131447,0.4000000059604645
1,infatuated,-0.0006860482390038669,0.023795224726200104,0.0006860482390038669,-0.002251282799988985,0.024398628622293472,0.4000000059604645
1,content,-0.00039308282430283725,-0.009731083177030087,0.00039308282430283725,0.0031787711195647717,0.03453806787729263,0.4000000059604645
2,delighted,0.23861868679523468,0.21407946944236755,0.23861868679523468,0.21995410323143005,0.011145594529807568,1.0
2,unsettled,-0.23792363703250885,-0.2265525609254837,0.23792363703250885,-0.21762827038764954,0.025949370115995407,1.0
2,grief-stricken,-0.2337101399898529,-0.23196037113666534,0.2337101399898529,-0.216236874461174,0.006454294081777334,1.0
2,disdainful,0.22155211865901947,0.22225141525268555,0.22155211865901947,0.20859679579734802,0.04331944137811661,1.0
2,lonely,-0.21713204681873322,-0.17741554975509644,0.21713204681873322,-0.20057764649391174,0.03438921272754669,1.0
2,vindictive,-0.212321475148201,-0.22439278662204742,0.212321475148201,-0.19614848494529724,0.00802492443472147,1.0
2,envious,0.20403175055980682,0.20012681186199188,0.20403175055980682,0.1884235292673111,0.007959297858178616,1.0
2,hateful,-0.2016533613204956,-0.19115717709064484,0.2016533613204956,-0.18803250789642334,0.030001528561115265,1.0
2,self-conscious,0.19897565245628357,0.20571865141391754,0.19897565245628357,0.18175460398197174,0.023284034803509712,1.0
2,playful,0.19809752702713013,0.17768220603466034,0.19809752702713013,0.18256808817386627,0.024624893441796303,1.0
2,fulfilled,0.17704835534095764,0.17618876695632935,0.17704835534095764,0.1616843044757843,0.02214059792459011,1.0
2,aroused,0.1761196255683899,0.18204182386398315,0.1761196255683899,0.16124215722084045,0.017210697755217552,1.0
2,jubilant,-0.17469637095928192,-0.1771622598171234,0.17469637095928192,-0.1599131077528,0.01812056079506874,1.0
2,tense,0.17328599095344543,0.17386195063591003,0.17328599095344543,0.16034522652626038,0.025952110067009926,1.0
2,thankful,-0.1719581037759781,-0.14184318482875824,0.1719581037759781,-0.16237886250019073,0.0383908636868,1.0
2,hurt,0.1708822101354599,0.1803741306066513,0.1708822101354599,0.15970277786254883,0.023754023015499115,1.0
2,smug,0.16901174187660217,0.1808217316865921,0.16901174187660217,0.15876540541648865,0.03176802024245262,1.0
2,tormented,-0.16803289949893951,-0.15959961712360382,0.16803289949893951,-0.15644948184490204,0.02143048495054245,1.0
2,valiant,-0.16730032861232758,-0.19067858159542084,0.16730032861232758,-0.14964330196380615,0.06264597922563553,1.0
2,paranoid,0.16618601977825165,0.16262921690940857,0.16618601977825165,0.15145088732242584,0.023304512724280357,1.0
2,frustrated,-0.16334784030914307,-0.17278338968753815,0.16334784030914307,-0.15171781182289124,0.0191987082362175,1.0
2,contemptuous,0.15718035399913788,0.17086893320083618,0.15718035399913788,0.14322134852409363,0.023177292197942734,1.0
2,humiliated,0.15453678369522095,0.16721117496490479,0.15453678369522095,0.14391474425792694,0.02217446081340313,1.0
2,restless,0.15247011184692383,0.13471877574920654,0.15247011184692383,0.14103016257286072,0.010362796485424042,1.0
2,stimulated,0.1517147421836853,0.11827563494443893,0.1517147421836853,0.1403714418411255,0.01386899221688509,1.0
2,dependent,0.15108783543109894,0.16502860188484192,0.15108783543109894,0.1442742794752121,0.05590812861919403,1.0
2,relaxed,-0.14312882721424103,-0.12845440208911896,0.14312882721424103,-0.13373930752277374,0.02028842642903328,1.0
2,skeptical,0.14297515153884888,0.12481146305799484,0.14297515153884888,0.12797211110591888,0.04769095033407211,1.0
2,sluggish,-0.14296287298202515,-0.12210007756948471,0.14296287298202515,-0.13301022350788116,0.02076060138642788,1.0
2,vibrant,0.14274048805236816,0.11252795159816742,0.14274048805236816,0.13071534037590027,0.026318412274122238,1.0
2,sympathetic,0.14205406606197357,0.12390492111444473,0.14205406606197357,0.13126544654369354,0.022714780643582344,1.0
2,sorry,0.13649305701255798,0.12237223237752914,0.13649305701255798,0.12775929272174835,0.024988843128085136,1.0
2,astonished,-0.1346280723810196,-0.1278567761182785,0.1346280723810196,-0.12512147426605225,0.02356523647904396,1.0
2,cheerful,0.13229650259017944,0.1392861306667328,0.13229650259017944,0.12369277328252792,0.024874405935406685,1.0
2,calm,-0.13129474222660065,-0.12545420229434967,0.13129474222660065,-0.12119267135858536,0.009683324955403805,1.0
2,on edge,0.1306067854166031,0.13419616222381592,0.1306067854166031,0.12461920827627182,0.05040382593870163,1.0
2,triumphant,-0.12990865111351013,-0.14026053249835968,0.12990865111351013,-0.11939196288585663,0.01206489372998476,1.0
2,exuberant,0.1291738599538803,0.14358878135681152,0.1291738599538803,0.11744992434978485,0.02515491656959057,1.0
2,sad,-0.12821777164936066,-0.10644005984067917,0.12821777164936066,-0.12082266807556152,0.02916693314909935,1.0
2,indignant,-0.12781113386154175,-0.13825663924217224,0.12781113386154175,-0.12272600084543228,0.049795929342508316,1.0
2,proud,-0.12619024515151978,-0.1212315633893013,0.12619024515151978,-0.11425471305847168,0.027195895090699196,1.0
2,vengeful,-0.1259356588125229,-0.10226787626743317,0.1259356588125229,-0.115376316010952,0.01522324699908495,1.0
2,bewildered,-0.125143900513649,-0.13629932701587677,0.125143900513649,-0.11535723507404327,0.015325796790421009,1.0
2,insulted,0.12376628071069717,0.12512192130088806,0.12376628071069717,0.11584049463272095,0.03025159426033497,1.0
2,thrilled,-0.12082984298467636,-0.11902028322219849,0.12082984298467636,-0.11251084506511688,0.01654845103621483,1.0
2,reflective,0.12074930965900421,0.14200234413146973,0.12074930965900421,0.10687413066625595,0.052273981273174286,1.0
2,amused,-0.1193162053823471,-0.1331966519355774,0.1193162053823471,-0.11152957379817963,0.029688633978366852,1.0
2,horrified,-0.11765151470899582,-0.15020652115345,0.11765151470899582,-0.104269839823246,0.046898264437913895,1.0
2,scared,0.1173410415649414,0.11161285638809204,0.1173410415649414,0.11192512512207031,0.04350141063332558,1.0
2,grumpy,-0.11643126606941223,-0.11027151346206665,0.11643126606941223,-0.1099950447678566,0.034977734088897705,1.0
2,invigorated,0.11031658947467804,0.12688356637954712,0.11031658947467804,0.10170964896678925,0.009722623974084854,1.0
2,angry,-0.10882352292537689,-0.12712769210338593,0.10882352292537689,-0.09829030930995941,0.03367472440004349,1.0
2,enthusiastic,-0.10724463313817978,-0.10305383056402206,0.10724463313817978,-0.09725683927536011,0.02147684618830681,1.0
2,safe,-0.10270122438669205,-0.10544911026954651,0.10270122438669205,-0.09231425821781158,0.028619617223739624,1.0
2,stubborn,-0.10244699567556381,-0.09446737915277481,0.10244699567556381,-0.09632451832294464,0.024333002045750618,1.0
2,resentful,-0.10042302310466766,-0.1137516051530838,0.10042302310466766,-0.09161249548196793,0.01682068035006523,1.0
2,terrified,0.10017335414886475,0.09653772413730621,0.10017335414886475,0.09474565833806992,0.02417699806392193,1.0
2,self-confident,0.09556657075881958,0.0762106329202652,0.09556657075881958,0.08394131809473038,0.05318579450249672,0.800000011920929
2,nervous,0.09539222717285156,0.09589189291000366,0.09539222717285156,0.08897633850574493,0.013411308638751507,1.0
2,amazed,-0.09508278220891953,-0.08437991887331009,0.09508278220891953,-0.085908904671669,0.023246264085173607,1.0
2,perplexed,0.09388495981693268,0.10061953961849213,0.09388495981693268,0.08838169276714325,0.02719900943338871,1.0
2,excited,-0.09067981690168381,-0.09285123646259308,0.09067981690168381,-0.08374758064746857,0.013404474593698978,1.0
2,refreshed,0.09044080227613449,0.08844844996929169,0.09044080227613449,0.08332093060016632,0.013554512523114681,1.0
2,regretful,-0.08972731977701187,-0.07032731920480728,0.08972731977701187,-0.08330712467432022,0.026085468009114265,1.0
2,obstinate,-0.08645971864461899,-0.09289207309484482,0.08645971864461899,-0.07759257405996323,0.02694896049797535,1.0
2,elated,-0.08535643666982651,-0.07416098564863205,0.08535643666982651,-0.07726830989122391,0.018588270992040634,1.0
2,remorseful,0.08523969352245331,0.11122722923755646,0.08523969352245331,0.0799558088183403,0.02982909232378006,1.0
2,grateful,-0.08464714884757996,-0.08706542104482651,0.08464714884757996,-0.07903236895799637,0.015629233792424202,1.0
2,sleepy,0.08075816929340363,0.08959230035543442,0.08075816929340363,0.07581386715173721,0.024925388395786285,1.0
2,at ease,0.07962862402200699,0.06052934378385544,0.07962862402200699,0.07849887013435364,0.06343227624893188,0.800000011920929
2,irritated,-0.07937867939472198,-0.06253500282764435,0.07937867939472198,-0.0711614266037941,0.026657478883862495,1.0
2,disturbed,0.0790620744228363,0.07025100290775299,0.0790620744228363,0.07520046830177307,0.02420358546078205,1.0
2,eager,-0.07832460105419159,-0.08061645925045013,0.07832460105419159,-0.07139131426811218,0.018295127898454666,1.0
2,ashamed,0.07714536041021347,0.07968664169311523,0.07714536041021347,0.06772056967020035,0.0386795699596405,0.800000011920929
2,frightened,0.07701162248849869,0.08510477095842361,0.07701162248849869,0.07246433198451996,0.022350043058395386,1.0
2,hostile,-0.07605496793985367,-0.07853860408067703,0.07605496793985367,-0.07633216679096222,0.06436203420162201,1.0
2,inspired,-0.07485726475715637,-0.06674843281507492,0.07485726475715637,-0.067124143242836,0.028986364603042603,1.0
2,defiant,0.07445397228002548,0.06570833176374435,0.07445397228002548,0.0701294094324112,0.02210846170783043,1.0
2,distressed,-0.0744340717792511,-0.06987953931093216,0.0744340717792511,-0.06836701929569244,0.024159841239452362,1.0
2,hope,-0.07371442764997482,-0.0758034810423851,0.07371442764997482,-0.07029129564762115,0.02625017613172531,1.0
2,disgusted,-0.0733141377568245,-0.08506222069263458,0.0733141377568245,-0.06683524698019028,0.0291163120418787,1.0
2,impatient,-0.0725053995847702,-0.05187114328145981,0.0725053995847702,-0.06972749531269073,0.03358842432498932,1.0
2,upset,-0.07027237117290497,-0.09174267202615738,0.07027237117290497,-0.06111921742558479,0.04181605949997902,0.800000011920929
2,gloomy,-0.0698392316699028,-0.04499137029051781,0.0698392316699028,-0.06499258428812027,0.016132952645421028,1.0
2,peaceful,0.06774140149354935,0.0720362514257431,0.06774140149354935,0.0600847490131855,0.03449076786637306,1.0
2,puzzled,0.06756890565156937,0.06410518288612366,0.06756890565156937,0.06013660505414009,0.03322325274348259,1.0
2,annoyed,-0.06653668731451035,-0.07627231627702713,0.06653668731451035,-0.06052626296877861,0.018733276054263115,1.0
2,mad,-0.06646840274333954,-0.04619883373379707,0.06646840274333954,-0.06156626343727112,0.009554778225719929,1.0
2,vulnerable,0.0660732239484787,0.06619726121425629,0.0660732239484787,0.05707281827926636,0.044776614755392075,0.800000011920929
2,scornful,-0.06551528722047806,-0.06436166167259216,0.06551528722047806,-0.06584761291742325,0.057691171765327454,1.0
2,stressed,0.06401386857032776,0.07331671565771103,0.06401386857032776,0.057919420301914215,0.013114428147673607,1.0
2,sullen,0.06216714531183243,0.027235254645347595,0.06216714531183243,0.05462491512298584,0.0327470488846302,0.800000011920929
2,irate,0.060532573610544205,0.021629564464092255,0.060532573610544205,0.05828239768743515,0.03255148231983185,1.0
2,tired,-0.05968788266181946,-0.07002513855695724,0.05968788266181946,-0.05266907811164856,0.026756582781672478,1.0
2,depressed,-0.059572577476501465,-0.06647709757089615,0.059572577476501465,-0.05388651415705681,0.01652134768664837,1.0
2,desperate,-0.059469807893037796,-0.0687316507101059,0.059469807893037796,-0.05233156681060791,0.02822064235806465,0.800000011920929
2,outraged,-0.058508068323135376,-0.06851397454738617,0.058508068323135376,-0.051375262439250946,0.040157947689294815,0.800000011920929
2,heartbroken,-0.05730734393000603,-0.026479894295334816,0.05730734393000603,-0.052773188799619675,0.03431421518325806,0.800000011920929
2,furious,0.05728968232870102,0.03656229004263878,0.05728968232870102,0.049880485981702805,0.04432263225317001,0.800000011920929
2,mystified,0.05671015381813049,0.05582156032323837,0.05671015381813049,0.04735522344708443,0.05421508103609085,0.800000011920929
2,exasperated,-0.056055471301078796,-0.06171509996056557,0.056055471301078796,-0.05421699211001396,0.027131207287311554,1.0
2,suspicious,0.05497081205248833,0.060399606823921204,0.05497081205248833,0.05005183070898056,0.025230400264263153,1.0
2,relieved,-0.05496322736144066,-0.05729129537940025,0.05496322736144066,-0.052688371390104294,0.02097632735967636,1.0
2,trapped,0.05491655319929123,0.05144394561648369,0.05491655319929123,0.045580606907606125,0.056191109120845795,0.800000011920929
2,offended,-0.05486943945288658,-0.06547249853610992,0.05486943945288658,-0.049065109342336655,0.030333705246448517,1.0
2,compassionate,0.05312418192625046,0.05650648474693298,0.05312418192625046,0.047052089124917984,0.02226407080888748,1.0
2,sensitive,-0.052836835384368896,-0.04914725571870804,0.052836835384368896,-0.049769505858421326,0.01409928873181343,1.0
2,brooding,-0.052419696003198624,-0.06761524081230164,0.052419696003198624,-0.04705548286437988,0.02923506684601307,1.0
2,surprised,0.05075156316161156,0.028692003339529037,0.05075156316161156,0.04709911346435547,0.01693171262741089,1.0
2,unnerved,-0.04975082352757454,-0.04299130663275719,0.04975082352757454,-0.047885362058877945,0.027003061026334763,1.0
2,anxious,0.04974920675158501,0.045263007283210754,0.04974920675158501,0.049920640885829926,0.044309478253126144,1.0
2,afraid,-0.04653622955083847,-0.04140960052609444,0.04653622955083847,-0.04443380609154701,0.01723328046500683,1.0
2,bored,-0.04606427997350693,-0.019091196358203888,0.04606427997350693,-0.040636271238327026,0.03468878194689751,1.0
2,stuck,0.043968793004751205,0.0406777523458004,0.043968793004751205,0.04168462008237839,0.012530360370874405,1.0
2,melancholy,0.043757934123277664,0.0631708949804306,0.043757934123277664,0.03869049251079559,0.025920145213603973,1.0
2,sentimental,-0.04364783689379692,-0.04034353792667389,0.04364783689379692,-0.03988514095544815,0.010048829950392246,1.0
2,indifferent,-0.04296347126364708,-0.0667039006948471,0.04296347126364708,-0.03737328574061394,0.027297087013721466,0.800000011920929
2,panicked,-0.0428844690322876,-0.03158225864171982,0.0428844690322876,-0.037780698388814926,0.0212404802441597,1.0
2,content,0.041690643876791,0.023366546258330345,0.041690643876791,0.040201060473918915,0.021496357396245003,1.0
2,serene,-0.041288942098617554,-0.03575326129794121,0.041288942098617554,-0.036158882081508636,0.026696162298321724,0.800000011920929
2,joyful,0.041097160428762436,0.04344737529754639,0.041097160428762436,0.03458644822239876,0.041509244590997696,0.800000011920929
2,uneasy,0.04100727289915085,0.06049146503210068,0.04100727289915085,0.038017623126506805,0.026971036568284035,0.800000011920929
2,miserable,0.04061303660273552,0.05563277751207352,0.04061303660273552,0.035659171640872955,0.03773852437734604,0.6000000238418579
2,infatuated,0.03614518418908119,0.05493393912911415,0.03614518418908119,0.031050777062773705,0.0375988706946373,0.6000000238418579
2,jealous,0.035899754613637924,0.052656132727861404,0.035899754613637924,0.031048601493239403,0.023773793131113052,0.800000011920929
2,worthless,-0.03503561392426491,-0.03218734264373779,0.03503561392426491,-0.03426363691687584,0.020968126133084297,1.0
2,rattled,-0.03467573970556259,-0.0074807037599384785,0.03467573970556259,-0.03328058868646622,0.017690427601337433,1.0
2,rejuvenated,0.033417269587516785,0.03966182842850685,0.033417269587516785,0.0342874601483345,0.04525161534547806,0.800000011920929
2,hysterical,0.032660700380802155,0.03333580493927002,0.032660700380802155,0.034684859216213226,0.05483672395348549,0.800000011920929
2,disoriented,0.032472092658281326,0.011659163050353527,0.032472092658281326,0.031348731368780136,0.01976075768470764,1.0
2,weary,-0.03128045052289963,-0.04074295237660408,0.03128045052289963,-0.02987276390194893,0.02010556496679783,0.800000011920929
2,kind,0.030308986082673073,0.04043951630592346,0.030308986082673073,0.02782648429274559,0.004375265445560217,1.0
2,vigilant,0.02882385067641735,0.03606238588690758,0.02882385067641735,0.02578485943377018,0.015462511219084263,1.0
2,worried,-0.028021780773997307,-0.02902858331799507,0.028021780773997307,-0.022180983796715736,0.041050273925065994,0.800000011920929
2,dispirited,0.027723796665668488,0.047653667628765106,0.027723796665668488,0.026629332453012466,0.03374851122498512,0.800000011920929
2,euphoric,0.027722105383872986,0.04365378990769386,0.027722105383872986,0.025364026427268982,0.011152609251439571,1.0
2,lazy,-0.027267513796687126,-0.018303701654076576,0.027267513796687126,-0.027610909193754196,0.031187551096081734,0.6000000238418579
2,guilty,-0.026854680851101875,-0.04750994220376015,0.026854680851101875,-0.02025267481803894,0.049452099949121475,0.800000011920929
2,hopeful,-0.025810550898313522,-0.011781329289078712,0.025810550898313522,-0.02434820868074894,0.020651984959840775,0.800000011920929
2,alert,-0.025586845353245735,-0.02769598923623562,0.025586845353245735,-0.02708529867231846,0.03706346079707146,0.800000011920929
2,patient,0.02553039975464344,0.04991034418344498,0.02553039975464344,0.025443652644753456,0.02607385814189911,0.800000011920929
2,listless,0.02507212571799755,-0.0006260225200094283,0.02507212571799755,0.02758731320500374,0.04829660430550575,0.6000000238418579
2,energized,-0.024625757709145546,-0.004113106057047844,0.024625757709145546,-0.023482127115130424,0.01178179495036602,1.0
2,spiteful,-0.024402154609560966,-0.06306096166372299,0.024402154609560966,-0.021658409386873245,0.033664535731077194,0.800000011920929
2,happy,0.02277243137359619,0.03769684210419655,0.02277243137359619,0.02084534801542759,0.02118680812418461,0.800000011920929
2,self-critical,0.022590776905417442,0.016713188961148262,0.022590776905417442,0.01862308755517006,0.0376959927380085,0.6000000238418579
2,worn out,-0.022175222635269165,-0.03305593878030777,0.022175222635269165,-0.0165385901927948,0.04713243618607521,0.800000011920929
2,bitter,0.02049359306693077,0.015959687530994415,0.02049359306693077,0.022108107805252075,0.03463086858391762,0.800000011920929
2,empathetic,0.019837183877825737,0.04552357271313667,0.019837183877825737,0.017898229882121086,0.021908830851316452,0.800000011920929
2,droopy,0.017710959538817406,0.009937486611306667,0.017710959538817406,0.016512298956513405,0.01633269712328911,0.800000011920929
2,shocked,0.017177805304527283,0.0007581450627185404,0.017177805304527283,0.016013776883482933,0.033529553562402725,0.800000011920929
2,docile,-0.015338784083724022,0.002900163410231471,0.015338784083724022,-0.011838220991194248,0.03741055354475975,0.6000000238418579
2,blissful,-0.015320475213229656,0.0068380385637283325,0.015320475213229656,-0.015840500593185425,0.023100348189473152,0.800000011920929
2,satisfied,-0.013084790669381618,0.0019539513159543276,0.013084790669381618,-0.010426797904074192,0.021735144779086113,0.800000011920929
2,greedy,-0.012246186845004559,0.013475723564624786,0.012246186845004559,-0.013462046161293983,0.023462438955903053,0.800000011920929
2,nostalgic,-0.009922152385115623,0.0030491724610328674,0.009922152385115623,-0.006044939626008272,0.03455819562077522,0.800000011920929
2,embarrassed,0.009012440219521523,0.013324063271284103,0.009012440219521523,0.011128904297947884,0.036234594881534576,0.800000011920929
2,shaken,-0.008824878372251987,0.018380768597126007,0.008824878372251987,-0.010627946816384792,0.030405426397919655,0.6000000238418579
2,pleased,-0.008644359186291695,-0.00921440776437521,0.008644359186291695,-0.008943716064095497,0.017044801265001297,0.6000000238418579
2,awestruck,0.008639470674097538,0.011010026559233665,0.008639470674097538,0.007938975468277931,0.030671585351228714,0.6000000238418579
2,enraged,0.00806085579097271,-0.013155910186469555,0.00806085579097271,0.010651948861777782,0.03427886962890625,0.4000000059604645
2,alarmed,-0.007938740774989128,-0.02695724554359913,0.007938740774989128,-0.007766388356685638,0.010761420242488384,0.800000011920929
2,loving,-0.006751465145498514,-0.02262590266764164,0.006751465145498514,-0.006514346692711115,0.02500985376536846,0.6000000238418579
2,overwhelmed,0.006540584843605757,0.00521467998623848,0.006540584843605757,0.008942757733166218,0.03646095469594002,0.6000000238418579
2,optimistic,-0.006346717476844788,-0.029997723177075386,0.006346717476844788,-0.0062682414427399635,0.030752208083868027,0.6000000238418579
2,troubled,-0.006313134916126728,-0.009858066216111183,0.006313134916126728,-0.00604528933763504,0.01337536983191967,0.800000011920929
2,resigned,-0.006138216704130173,-0.018748492002487183,0.006138216704130173,-0.008227748796343803,0.02852378599345684,0.6000000238418579
2,ecstatic,0.0016597642097622156,-0.0009763287962414324,0.0016597642097622156,0.0012619454646483064,0.01571771688759327,0.6000000238418579
2,mortified,-0.0008964512380771339,-0.00035871565341949463,0.0008964512380771339,-0.002494262997061014,0.019533762708306313,0.6000000238418579
2,dumbstruck,0.0007369293016381562,0.003062192350625992,0.0007369293016381562,-0.0026323541533201933,0.03578156605362892,0.800000011920929
2,unhappy,-0.0001577659568283707,0.009767057374119759,0.0001577659568283707,-0.0014031764585524797,0.01787729188799858,0.6000000238418579
3,disdainful,0.17563939094543457,0.28806665539741516,0.17563939094543457,0.16274087131023407,0.013679289259016514,1.0
3,tormented,-0.1559857279062271,0.07152729481458664,0.1559857279062271,-0.14571240544319153,0.022251421585679054,1.0
3,grief-stricken,-0.154927060008049,0.1926434487104416,0.154927060008049,-0.14478102326393127,0.026699824258685112,1.0
3,self-conscious,0.15016844868659973,0.0935278981924057,0.15016844868659973,0.1374424397945404,0.024041064083576202,1.0
3,cheerful,0.14430411159992218,0.09955494105815887,0.14430411159992218,0.13409726321697235,0.018735745921730995,1.0
3,delighted,0.1407228708267212,-0.18650060892105103,0.1407228708267212,0.1315729171037674,0.0263226218521595,1.0
3,angry,-0.14040802419185638,-0.2650288939476013,0.14040802419185638,-0.12806785106658936,0.03633151203393936,1.0
3,bewildered,-0.13199308514595032,-0.2785467207431793,0.13199308514595032,-0.120811328291893,0.033462364226579666,1.0
3,smug,0.12476658076047897,0.2728974521160126,0.12476658076047897,0.11452269554138184,0.020720619708299637,1.0
3,frustrated,-0.12349414825439453,-0.2695673108100891,0.12349414825439453,-0.11193368583917618,0.04021032527089119,1.0
3,valiant,-0.11913736909627914,-0.19790507853031158,0.11913736909627914,-0.10725545883178711,0.05997999384999275,1.0
3,exuberant,0.11738377064466476,-0.18250307440757751,0.11738377064466476,0.10829725116491318,0.01078930962830782,1.0
3,hateful,-0.11399556696414948,0.19719325006008148,0.11399556696414948,-0.10804931074380875,0.04271932691335678,1.0
3,stimulated,0.11359230428934097,0.14345571398735046,0.11359230428934097,0.10585075616836548,0.021492386236786842,1.0
3,envious,0.1118428185582161,-0.1297701597213745,0.1118428185582161,0.1037517562508583,0.004027712158858776,1.0
3,lonely,-0.10834140330553055,0.21306514739990234,0.10834140330553055,-0.10273943841457367,0.054490555077791214,1.0
3,humiliated,0.10466570407152176,-0.13129960000514984,0.10466570407152176,0.09815973043441772,0.02182481810450554,1.0
3,astonished,-0.10463907569646835,0.11113651841878891,0.10463907569646835,-0.09745045006275177,0.020919766277074814,1.0
3,thankful,-0.10394775867462158,-0.26489096879959106,0.10394775867462158,-0.09589145332574844,0.01042967289686203,1.0
3,tense,0.10386267304420471,-0.20384857058525085,0.10386267304420471,0.09737901389598846,0.0390855111181736,1.0
3,restless,0.10359830409288406,0.2664940059185028,0.10359830409288406,0.09554501622915268,0.008314692415297031,1.0
3,relaxed,-0.10340986400842667,-0.2667662799358368,0.10340986400842667,-0.09621645510196686,0.006157119292765856,1.0
3,sympathetic,0.1020585149526596,-0.14743565022945404,0.1020585149526596,0.09608708322048187,0.036026615649461746,1.0
3,indignant,-0.10145482420921326,-0.2665967047214508,0.10145482420921326,-0.09459256380796432,0.015370123088359833,1.0
3,on edge,0.10031290352344513,0.26295027136802673,0.10031290352344513,0.09089803695678711,0.04384700581431389,1.0
3,irritated,-0.09665292501449585,-0.2656921446323395,0.09665292501449585,-0.08668085932731628,0.04029470309615135,1.0
3,hurt,0.09536958485841751,0.2630058228969574,0.09536958485841751,0.08663579821586609,0.032197315245866776,1.0
3,infatuated,0.09436359256505966,-0.17267797887325287,0.09436359256505966,0.08586672693490982,0.023665135726332664,1.0
3,grumpy,-0.09316114336252213,-0.25395700335502625,0.09316114336252213,-0.08740979433059692,0.020952517166733742,1.0
3,remorseful,0.09300202131271362,0.26310431957244873,0.09300202131271362,0.08500736951828003,0.03653678670525551,1.0
3,insulted,0.09062421321868896,0.2613866627216339,0.09062421321868896,0.08151692152023315,0.044384490698575974,1.0
3,calm,-0.09041518718004227,-0.02704199217259884,0.09041518718004227,-0.08369658887386322,0.010764182545244694,1.0
3,sorry,0.0899582952260971,0.2609703540802002,0.0899582952260971,0.0809846967458725,0.04142272472381592,1.0
3,refreshed,0.08694393932819366,-0.05703028663992882,0.08694393932819366,0.0800175666809082,0.010993294417858124,1.0
3,annoyed,-0.08631961792707443,-0.2615515887737274,0.08631961792707443,-0.07671652734279633,0.05183708295226097,0.800000011920929
3,at ease,0.08294527977705002,0.19694963097572327,0.08294527977705002,0.07971520721912384,0.04780574142932892,1.0
3,sad,-0.08268323540687561,0.19759657979011536,0.08268323540687561,-0.07942422479391098,0.03654829040169716,1.0
3,perplexed,0.08184558153152466,0.26035842299461365,0.08184558153152466,0.07338635623455048,0.0356907956302166,1.0
3,dependent,0.08134769648313522,0.26004326343536377,0.08134769648313522,0.07424282282590866,0.036490004509687424,1.0
3,jealous,0.08083979785442352,0.2605534493923187,0.08083979785442352,0.07127805054187775,0.05118643119931221,0.800000011920929
3,amazed,-0.07972107827663422,-0.2583937346935272,0.07972107827663422,-0.07139845192432404,0.03308809548616409,1.0
3,paranoid,0.07555598765611649,-0.20990410447120667,0.07555598765611649,0.07041352242231369,0.015537397004663944,1.0
3,amused,-0.07369262725114822,-0.25839418172836304,0.07369262725114822,-0.06612472981214523,0.04229266196489334,1.0
3,hostile,-0.07363224029541016,-0.25799867510795593,0.07363224029541016,-0.06720862537622452,0.02538534440100193,1.0
3,thrilled,-0.0730627104640007,-0.2583010494709015,0.0730627104640007,-0.06556858122348785,0.03794027119874954,1.0
3,eager,-0.07273990660905838,-0.21453125774860382,0.07273990660905838,-0.06576777994632721,0.030200423672795296,1.0
3,scornful,-0.07231460511684418,-0.25790128111839294,0.07231460511684418,-0.06640884280204773,0.020242176949977875,1.0
3,invigorated,0.07118608802556992,-0.004323468543589115,0.07118608802556992,0.06603129208087921,0.006169446278363466,1.0
3,gloomy,-0.06988085061311722,-0.2570320963859558,0.06988085061311722,-0.06364969909191132,0.015476839616894722,1.0
3,uneasy,0.06957599520683289,0.25770559906959534,0.06957599520683289,0.06182979419827461,0.046763692051172256,0.800000011920929
3,sleepy,0.0693865567445755,0.2573999762535095,0.0693865567445755,0.062466688454151154,0.03531903401017189,1.0
3,depressed,-0.06811432540416718,0.18627366423606873,0.06811432540416718,-0.06308968365192413,0.016153085976839066,1.0
3,patient,0.0672941729426384,0.25715193152427673,0.0672941729426384,0.06028909236192703,0.039282530546188354,1.0
3,terrified,0.06723809987306595,0.2158353626728058,0.06723809987306595,0.06303240358829498,0.011148265562951565,1.0
3,vindictive,-0.06641315668821335,0.22933095693588257,0.06641315668821335,-0.06377241760492325,0.03531055152416229,1.0
3,compassionate,0.06551831215620041,0.2567198872566223,0.06551831215620041,0.05717463046312332,0.05141977220773697,0.800000011920929
3,resentful,-0.0648108720779419,0.22810575366020203,0.0648108720779419,-0.06165815517306328,0.025437006726861,1.0
3,euphoric,0.06400302797555923,0.20806998014450073,0.06400302797555923,0.058273427188396454,0.019247328862547874,1.0
3,unsettled,-0.06245174631476402,0.2297879010438919,0.06245174631476402,-0.059666216373443604,0.03172638639807701,1.0
3,fulfilled,0.05992888659238815,-0.2237599492073059,0.05992888659238815,0.05675043910741806,0.024895574897527695,1.0
3,kind,0.05945344641804695,0.2553362548351288,0.05945344641804695,0.05222909897565842,0.04362647607922554,0.800000011920929
3,defiant,0.05884750559926033,0.18602700531482697,0.05884750559926033,0.054673075675964355,0.01660517044365406,1.0
3,rejuvenated,0.05838014557957649,0.25507602095603943,0.05838014557957649,0.052344005554914474,0.03901085630059242,1.0
3,peaceful,0.05797870084643364,-0.21574895083904266,0.05797870084643364,0.053899962455034256,0.012454397976398468,1.0
3,triumphant,-0.05793767422437668,-0.2542794942855835,0.05793767422437668,-0.05200610309839249,0.030394699424505234,1.0
3,distressed,-0.05775926634669304,0.20036691427230835,0.05775926634669304,-0.05399392917752266,0.02761230431497097,1.0
3,reflective,0.05543392896652222,-0.22445157170295715,0.05543392896652222,0.050848931074142456,0.007958625443279743,1.0
3,safe,-0.055366355925798416,-0.1388978213071823,0.055366355925798416,-0.04964419826865196,0.020409751683473587,1.0
3,irate,0.05480809137225151,0.25421011447906494,0.05480809137225151,0.050281304866075516,0.012453810311853886,1.0
3,ashamed,0.053726211190223694,-0.19790999591350555,0.053726211190223694,0.04851261153817177,0.019127560779452324,1.0
3,contemptuous,0.05309566482901573,-0.23243708908557892,0.05309566482901573,0.05055928975343704,0.027314377948641777,1.0
3,outraged,-0.05308172106742859,0.1373642235994339,0.05308172106742859,-0.04785532504320145,0.021241044625639915,1.0
3,empathetic,0.051432978361845016,0.23953735828399658,0.051432978361845016,0.04553380236029625,0.04536372050642967,0.800000011920929
3,sluggish,-0.050904855132102966,0.22903208434581757,0.050904855132102966,-0.04923684149980545,0.04185623303055763,0.800000011920929
3,vigilant,0.04929295554757118,0.2528741955757141,0.04929295554757118,0.04291931539773941,0.04559201002120972,0.800000011920929
3,disoriented,-0.04909590259194374,-0.2528756558895111,0.04909590259194374,-0.042072635143995285,0.052363160997629166,0.800000011920929
3,aroused,0.04852538928389549,-0.23375003039836884,0.04852538928389549,0.04665430635213852,0.03506869450211525,0.800000011920929
3,spiteful,-0.04807090014219284,0.130575031042099,0.04807090014219284,-0.04348544776439667,0.039849888533353806,1.0
3,resigned,-0.04761834070086479,-0.2518312931060791,0.04761834070086479,-0.042675167322158813,0.025820797309279442,1.0
3,offended,-0.04741695895791054,-0.2529436945915222,0.04741695895791054,-0.04028187319636345,0.05637652426958084,0.800000011920929
3,weary,-0.04741589352488518,-0.16878077387809753,0.04741589352488518,-0.043897684663534164,0.018275218084454536,1.0
3,dumbstruck,-0.04707085341215134,-0.25280889868736267,0.04707085341215134,-0.04175586253404617,0.03532065451145172,1.0
3,disgusted,-0.04703819751739502,0.23276041448116302,0.04703819751739502,-0.045297641307115555,0.03932708501815796,0.800000011920929
3,alert,-0.046835459768772125,-0.2520960867404938,0.046835459768772125,-0.043101780116558075,0.02057604305446148,1.0
3,troubled,-0.04307665675878525,-0.25203752517700195,0.04307665675878525,-0.03711910918354988,0.044874075800180435,0.800000011920929
3,overwhelmed,0.0417102575302124,0.2517629563808441,0.0417102575302124,0.03701639920473099,0.03506043925881386,0.800000011920929
3,sentimental,-0.04160422086715698,-0.2279685139656067,0.04160422086715698,-0.03737155720591545,0.01579352281987667,1.0
3,pleased,-0.04070732742547989,-0.25145572423934937,0.04070732742547989,-0.03520578518509865,0.03886544704437256,0.800000011920929
3,proud,-0.040669579058885574,0.2281220555305481,0.040669579058885574,-0.03782195597887039,0.016766658052802086,1.0
3,unnerved,-0.04022460803389549,0.20474669337272644,0.04022460803389549,-0.03954023867845535,0.03427252173423767,1.0
3,enthusiastic,-0.039503250271081924,0.22815543413162231,0.039503250271081924,-0.037387169897556305,0.017866848036646843,1.0
3,dispirited,0.03859948739409447,0.24998772144317627,0.03859948739409447,0.034333132207393646,0.03805115446448326,0.6000000238418579
3,miserable,0.037908319383859634,0.24952276051044464,0.037908319383859634,0.03191109746694565,0.053011372685432434,0.800000011920929
3,skeptical,0.03788306191563606,-0.22958824038505554,0.03788306191563606,0.03531444072723389,0.028896020725369453,0.800000011920929
3,hysterical,0.0369279645383358,0.23464632034301758,0.0369279645383358,0.03579006344079971,0.025855474174022675,1.0
3,loving,-0.03467589616775513,-0.24478746950626373,0.03467589616775513,-0.030491415411233902,0.033433787524700165,0.800000011920929
3,indifferent,-0.03434421122074127,0.22667671740055084,0.03434421122074127,-0.03157476708292961,0.01329395268112421,1.0
3,jubilant,-0.03389424458146095,0.23608464002609253,0.03389424458146095,-0.03294763341546059,0.029161641374230385,0.800000011920929
3,vulnerable,-0.03370722010731697,-0.2502578794956207,0.03370722010731697,-0.029349735006690025,0.03990540653467178,0.6000000238418579
3,heartbroken,-0.032861970365047455,0.23303893208503723,0.032861970365047455,-0.032363809645175934,0.046051159501075745,0.800000011920929
3,bitter,0.03285010904073715,0.25017839670181274,0.03285010904073715,0.028863240033388138,0.033244043588638306,0.6000000238418579
3,docile,0.03257031366229057,0.2496321052312851,0.03257031366229057,0.028699841350317,0.038491129875183105,0.6000000238418579
3,vibrant,0.029092976823449135,-0.2372806817293167,0.029092976823449135,0.02932148613035679,0.045417919754981995,0.800000011920929
3,anxious,0.028753016144037247,0.20581088960170746,0.028753016144037247,0.028413284569978714,0.027398262172937393,0.800000011920929
3,mystified,-0.028646308928728104,-0.24949461221694946,0.028646308928728104,-0.024906417354941368,0.033730439841747284,0.6000000238418579
3,lazy,0.028586946427822113,0.2479911893606186,0.028586946427822113,0.023103270679712296,0.05371013283729553,0.6000000238418579
3,nostalgic,0.027886560186743736,0.24924112856388092,0.027886560186743736,0.024006295949220657,0.036073289811611176,0.6000000238418579
3,content,0.027857808396220207,-0.22225461900234222,0.027857808396220207,0.029015809297561646,0.04811728000640869,0.800000011920929
3,serene,0.02734431065618992,0.24842135608196259,0.02734431065618992,0.023827755823731422,0.036350689828395844,0.6000000238418579
3,nervous,0.02697160840034485,-0.024133877828717232,0.02697160840034485,0.025931354612112045,0.01426758524030447,1.0
3,scared,0.02654660865664482,-0.23364315927028656,0.02654660865664482,0.028400814160704613,0.062245287001132965,0.800000011920929
3,energized,-0.026499325409531593,-0.2487444281578064,0.026499325409531593,-0.02293962426483631,0.025439688935875893,0.800000011920929
3,optimistic,-0.02587159536778927,-0.24834682047367096,0.02587159536778927,-0.021449364721775055,0.04769095405936241,0.6000000238418579
3,bored,0.025293929502367973,0.24852146208286285,0.025293929502367973,0.02133835293352604,0.0437786765396595,0.6000000238418579
3,relieved,-0.02526676654815674,0.14370010793209076,0.02526676654815674,-0.025063151493668556,0.029405897483229637,0.6000000238418579
3,hopeful,-0.025050338357686996,-0.24821777641773224,0.025050338357686996,-0.02107415720820427,0.04016692936420441,0.6000000238418579
3,embarrassed,0.024501793086528778,0.24786125123500824,0.024501793086528778,0.0218084417283535,0.032851483672857285,0.6000000238418579
3,rattled,0.02427111379802227,0.2008601576089859,0.02427111379802227,0.020308569073677063,0.03375914320349693,0.800000011920929
3,worthless,0.024122901260852814,0.2472548931837082,0.024122901260852814,0.018931861966848373,0.04858526960015297,0.6000000238418579
3,awestruck,0.024090740829706192,0.24842992424964905,0.024090740829706192,0.019878391176462173,0.04338795319199562,0.6000000238418579
3,mortified,-0.023507969453930855,-0.22309044003486633,0.023507969453930855,-0.02139381319284439,0.006260257214307785,1.0
3,hope,-0.023183325305581093,0.22799326479434967,0.023183325305581093,-0.024100065231323242,0.0423501692712307,0.800000011920929
3,stubborn,-0.022414956241846085,0.23678937554359436,0.022414956241846085,-0.023732304573059082,0.05062229186296463,0.6000000238418579
3,disturbed,-0.022236011922359467,-0.24354104697704315,0.022236011922359467,-0.016987590119242668,0.050659529864788055,0.6000000238418579
3,playful,0.021965505555272102,-0.23926426470279694,0.021965505555272102,0.022928409278392792,0.04562365263700485,0.6000000238418579
3,stuck,-0.021594801917672157,-0.24451281130313873,0.021594801917672157,-0.017524030059576035,0.035913899540901184,0.800000011920929
3,shocked,-0.020573073998093605,-0.24749310314655304,0.020573073998093605,-0.01624261401593685,0.054998788982629776,0.6000000238418579
3,stressed,-0.019588652998209,-0.24766510725021362,0.019588652998209,-0.015642452985048294,0.04107656329870224,0.6000000238418579
3,enraged,0.01953047327697277,0.22887977957725525,0.01953047327697277,0.01906469464302063,0.016113819554448128,1.0
3,satisfied,0.01912539079785347,0.22062377631664276,0.01912539079785347,0.01761789061129093,0.02295714057981968,0.6000000238418579
3,ecstatic,0.01878131926059723,-0.17652124166488647,0.01878131926059723,0.017976082861423492,0.02104293555021286,0.800000011920929
3,surprised,-0.01865888200700283,-0.24627508223056793,0.01865888200700283,-0.014473172836005688,0.043643172830343246,0.6000000238418579
3,happy,-0.016487926244735718,-0.2469346523284912,0.016487926244735718,-0.012667544186115265,0.043451905250549316,0.6000000238418579
3,greedy,0.015949849039316177,-0.017659172415733337,0.015949849039316177,0.012772396206855774,0.027646057307720184,0.800000011920929
3,upset,-0.01574113965034485,0.23942060768604279,0.01574113965034485,-0.01513159740716219,0.018724247813224792,0.800000011920929
3,droopy,0.014971772208809853,0.24157702922821045,0.014971772208809853,0.013125498779118061,0.01913861371576786,0.800000011920929
3,suspicious,-0.01444389671087265,-0.24479800462722778,0.01444389671087265,-0.011174011044204235,0.031935304403305054,0.6000000238418579
3,sullen,-0.014244124293327332,-0.24558153748512268,0.014244124293327332,-0.011483835056424141,0.035995543003082275,0.6000000238418579
3,alarmed,-0.014222060330212116,0.2338295876979828,0.014222060330212116,-0.015613580122590065,0.039290640503168106,0.6000000238418579
3,afraid,-0.013869374990463257,-0.02615073323249817,0.013869374990463257,-0.0146076874807477,0.02407960034906864,0.800000011920929
3,puzzled,-0.013837163336575031,-0.24496762454509735,0.013837163336575031,-0.011095996014773846,0.03949018940329552,0.6000000238418579
3,sensitive,0.01366718765348196,0.24176765978336334,0.01366718765348196,0.010163165628910065,0.03641475737094879,0.6000000238418579
3,furious,-0.012557381764054298,-0.24596740305423737,0.012557381764054298,-0.009754861705005169,0.04041668772697449,0.6000000238418579
3,vengeful,-0.012025866657495499,0.23755992949008942,0.012025866657495499,-0.013137455098330975,0.039342135190963745,0.6000000238418579
3,panicked,-0.011130698025226593,0.22765733301639557,0.011130698025226593,-0.010489966720342636,0.008503093384206295,0.800000011920929
3,joyful,-0.010877378284931183,-0.24602511525154114,0.010877378284931183,-0.008207516744732857,0.04052460938692093,0.6000000238418579
3,self-confident,-0.010287267155945301,-0.24582180380821228,0.010287267155945301,-0.007799995597451925,0.036545176059007645,0.6000000238418579
3,obstinate,0.00942032691091299,0.24547047913074493,0.00942032691091299,0.00664308900013566,0.03804190084338188,0.6000000238418579
3,horrified,-0.009151296690106392,0.2422424703836441,0.009151296690106392,-0.00958513654768467,0.02482951618731022,0.6000000238418579
3,desperate,-0.008035046048462391,0.23931604623794556,0.008035046048462391,-0.008415132761001587,0.018844379112124443,0.6000000238418579
3,unhappy,-0.007999313063919544,-0.2408248782157898,0.007999313063919544,-0.0062457844614982605,0.01960369199514389,0.4000000059604645
3,self-critical,-0.007366861682385206,-0.2438434660434723,0.007366861682385206,-0.005988533608615398,0.03387976437807083,0.4000000059604645
3,tired,-0.00566823547706008,0.24221214652061462,0.00566823547706008,-0.006831341423094273,0.028105005621910095,0.6000000238418579
3,melancholy,0.005261127837002277,-0.23615781962871552,0.005261127837002277,0.0058321356773376465,0.021740013733506203,0.6000000238418579
3,blissful,-0.005235736723989248,-0.24253876507282257,0.005235736723989248,-0.0038826637901365757,0.01966121792793274,0.6000000238418579
3,exasperated,-0.004909611772745848,0.23881079256534576,0.004909611772745848,-0.008146722801029682,0.053028836846351624,0.6000000238418579
3,excited,0.0044136131182312965,0.2417064905166626,0.0044136131182312965,0.002079405589029193,0.0381629653275013,0.6000000238418579
3,worn out,-0.003815304022282362,0.24006260931491852,0.003815304022282362,-0.003384170588105917,0.02751133032143116,0.800000011920929
3,grateful,-0.0038127442821860313,0.24268697202205658,0.0038127442821860313,-0.0066401055082678795,0.04777180776000023,0.6000000238418579
3,listless,-0.003803917672485113,0.2373657375574112,0.003803917672485113,-0.0020042788237333298,0.02445906214416027,0.6000000238418579
3,worried,0.0034727654419839382,0.24240532517433167,0.0034727654419839382,0.0030165219213813543,0.013379491865634918,0.4000000059604645
3,guilty,0.0032666048500686884,0.23889364302158356,0.0032666048500686884,0.004215786699205637,0.022937677800655365,0.4000000059604645
3,regretful,-0.0032232319936156273,0.24176336824893951,0.0032232319936156273,-0.005921643227338791,0.05476241558790207,0.6000000238418579
3,brooding,0.0027948447968810797,0.24439798295497894,0.0027948447968810797,0.0005649715894833207,0.03839931637048721,0.4000000059604645
3,trapped,-0.001558859134092927,-0.2407829314470291,0.001558859134092927,-0.0021512098610401154,0.01429305225610733,0.6000000238418579
3,inspired,-0.0013450216501951218,0.21664279699325562,0.0013450216501951218,-0.001572437584400177,0.02786175347864628,0.4000000059604645
3,impatient,0.0010993272298946977,0.231641948223114,0.0010993272298946977,-0.002457904862239957,0.05066872015595436,0.4000000059604645
3,elated,-0.001011275453492999,0.23059800267219543,0.001011275453492999,-0.0011058809468522668,0.010378604754805565,0.6000000238418579
3,shaken,0.0005580103606916964,-0.052976638078689575,0.0005580103606916964,-0.0014593701343983412,0.030764393508434296,0.800000011920929
3,frightened,0.0004561276000458747,-0.2413521558046341,0.0004561276000458747,0.0033667231909930706,0.050770871341228485,0.6000000238418579
3,mad,-3.565885708667338e-05,0.23809339106082916,3.565885708667338e-05,-0.0020780086051672697,0.02815277874469757,0.4000000059604645
4,disdainful,0.1566108912229538,0.30366796255111694,0.1566108912229538,0.14491437375545502,0.014938704669475555,1.0
4,cheerful,0.1484520584344864,0.06848491728305817,0.1484520584344864,0.1380169838666916,0.025367945432662964,1.0
4,tormented,-0.14214205741882324,0.09191401302814484,0.14214205741882324,-0.13311123847961426,0.02447950839996338,1.0
4,angry,-0.12983867526054382,-0.26124730706214905,0.12983867526054382,-0.11924153566360474,0.03160347416996956,1.0
4,grief-stricken,-0.12601974606513977,0.21932490170001984,0.12601974606513977,-0.1181907206773758,0.031166980043053627,1.0
4,frustrated,-0.12456127256155014,-0.29220762848854065,0.12456127256155014,-0.11361293494701385,0.037789471447467804,1.0
4,infatuated,0.12217342108488083,-0.17412710189819336,0.12217342108488083,0.1122201532125473,0.02040817402303219,1.0
4,smug,0.1153390035033226,0.2920381426811218,0.1153390035033226,0.10619471222162247,0.015949485823512077,1.0
4,delighted,0.11454050242900848,-0.2147131711244583,0.11454050242900848,0.1076979860663414,0.031672053039073944,1.0
4,at ease,0.11310483515262604,0.24247561395168304,0.11310483515262604,0.10654260963201523,0.03420300409197807,1.0
4,bewildered,-0.11299911886453629,-0.28682321310043335,0.11299911886453629,-0.10400655120611191,0.03164944425225258,1.0
4,indignant,-0.10835225135087967,-0.2902473211288452,0.10835225135087967,-0.10064919292926788,0.01202480960637331,1.0
4,euphoric,0.10554137080907822,0.257743775844574,0.10554137080907822,0.09734199941158295,0.014745770022273064,1.0
4,exuberant,0.10529787093400955,-0.20431408286094666,0.10529787093400955,0.09774477034807205,0.011926126666367054,1.0
4,irritated,-0.09967467188835144,-0.2877643406391144,0.09967467188835144,-0.09052802622318268,0.03328043222427368,1.0
4,sorry,0.09856963902711868,0.285210520029068,0.09856963902711868,0.08956480026245117,0.042844340205192566,1.0
4,on edge,0.09819747507572174,0.2851489782333374,0.09819747507572174,0.08971630036830902,0.04277929663658142,1.0
4,refreshed,0.09585926681756973,-0.054387159645557404,0.09585926681756973,0.08807317167520523,0.01340427529066801,1.0
4,astonished,-0.095814049243927,0.1262357383966446,0.095814049243927,-0.08905357122421265,0.023693399503827095,1.0
4,annoyed,-0.09533535689115524,-0.2858079969882965,0.09533535689115524,-0.08628745377063751,0.044649336487054825,1.0
4,sympathetic,0.09519787132740021,-0.17016258835792542,0.09519787132740021,0.08933015912771225,0.028816333040595055,1.0
4,self-conscious,0.09472237527370453,0.025957459583878517,0.09472237527370453,0.08693891018629074,0.020555341616272926,1.0
4,thankful,-0.0914573073387146,-0.2845021188259125,0.0914573073387146,-0.08417287468910217,0.016005635261535645,1.0
4,hateful,-0.09144458919763565,0.224403515458107,0.09144458919763565,-0.08668868243694305,0.03900355100631714,1.0
4,invigorated,0.08908413350582123,-0.008143976330757141,0.08908413350582123,0.08259685337543488,0.008354741148650646,1.0
4,grumpy,-0.08897806704044342,-0.2700321078300476,0.08897806704044342,-0.08302225917577744,0.015228068456053734,1.0
4,stimulated,0.087777279317379,0.12053288519382477,0.087777279317379,0.08193277567625046,0.018171420320868492,1.0
4,patient,0.0869874507188797,0.283891499042511,0.0869874507188797,0.0789172351360321,0.03815079852938652,1.0
4,insulted,0.08675447851419449,0.2829097509384155,0.08675447851419449,0.07867465168237686,0.04365469142794609,1.0
4,dependent,0.0825342983007431,0.28237947821617126,0.0825342983007431,0.07551679015159607,0.03968672454357147,1.0
4,perplexed,0.08221037685871124,0.28240513801574707,0.08221037685871124,0.07444488257169724,0.03541449084877968,1.0
4,valiant,-0.08205722272396088,-0.1746109277009964,0.08205722272396088,-0.07465149462223053,0.05009156093001366,1.0
4,lonely,-0.0820520743727684,0.23964957892894745,0.0820520743727684,-0.07816749066114426,0.05751679092645645,0.800000011920929
4,relaxed,-0.08045980334281921,-0.27522554993629456,0.08045980334281921,-0.07515499740839005,0.00917529221624136,1.0
4,peaceful,0.0803869441151619,-0.22712442278862,0.0803869441151619,0.07478833198547363,0.012932020239531994,1.0
4,rejuvenated,0.07975031435489655,0.2816068232059479,0.07975031435489655,0.07251240313053131,0.04045794904232025,1.0
4,uneasy,0.07876889407634735,0.2817213535308838,0.07876889407634735,0.07107352465391159,0.04590066149830818,1.0
4,amazed,-0.07825534045696259,-0.2784523069858551,0.07825534045696259,-0.07103566080331802,0.02899707481265068,1.0
4,hurt,0.07802516967058182,0.2813574969768524,0.07802516967058182,0.07118751853704453,0.03121924214065075,1.0
4,tense,0.07788132131099701,-0.23214967548847198,0.07788132131099701,0.07322607934474945,0.03847656026482582,1.0
4,sleepy,0.07787194848060608,0.2812961935997009,0.07787194848060608,0.07069627195596695,0.03778502345085144,1.0
4,scornful,-0.07784359157085419,-0.2811950445175171,0.07784359157085419,-0.07136774063110352,0.021399375051259995,1.0
4,hostile,-0.07783369719982147,-0.2810516953468323,0.07783369719982147,-0.07131397724151611,0.028025155887007713,1.0
4,eager,-0.07615844160318375,-0.21821753680706024,0.07615844160318375,-0.06955645233392715,0.0291375070810318,1.0
4,jealous,0.07504256069660187,0.2807912230491638,0.07504256069660187,0.06688008457422256,0.04723043367266655,0.800000011920929
4,remorseful,0.07168649882078171,0.2725338339805603,0.07168649882078171,0.0657743513584137,0.0356820747256279,1.0
4,kind,0.0714184120297432,0.2799079418182373,0.0714184120297432,0.06415870785713196,0.04222310334444046,1.0
4,resigned,-0.07075750082731247,-0.2795428931713104,0.07075750082731247,-0.06442159414291382,0.03147595375776291,1.0
4,gloomy,-0.06917708367109299,-0.27761510014533997,0.06917708367109299,-0.06349004060029984,0.012919725850224495,1.0
4,spiteful,-0.06903603672981262,0.12346447259187698,0.06903603672981262,-0.06369618326425552,0.0450318343937397,1.0
4,amused,-0.0681033581495285,-0.27915897965431213,0.0681033581495285,-0.06158797815442085,0.04017528519034386,1.0
4,dumbstruck,-0.06358451396226883,-0.27817174792289734,0.06358451396226883,-0.05744578689336777,0.03583965077996254,1.0
4,ashamed,0.060413751751184464,-0.2113688737154007,0.060413751751184464,0.05536101385951042,0.015524156391620636,1.0
4,depressed,-0.059754371643066406,0.20867525041103363,0.059754371643066406,-0.05593599006533623,0.017066283151507378,1.0
4,humiliated,0.05952584743499756,-0.16483305394649506,0.05952584743499756,0.05643508583307266,0.02300596423447132,1.0
4,disoriented,-0.05937601998448372,-0.2769673764705658,0.05937601998448372,-0.05254597216844559,0.04865674301981926,0.800000011920929
4,envious,0.05876389145851135,-0.17495764791965485,0.05876389145851135,0.054663706570863724,0.007088982965797186,1.0
4,weary,-0.05824889987707138,-0.17450398206710815,0.05824889987707138,-0.054704081267118454,0.022616643458604813,1.0
4,calm,-0.058167170733213425,0.013406297191977501,0.058167170733213425,-0.05403610318899155,0.010845422744750977,1.0
4,restless,0.05664407089352608,0.26411551237106323,0.05664407089352608,0.05205556005239487,0.008854069747030735,1.0
4,compassionate,0.05653389170765877,0.2758450210094452,0.05653389170765877,0.05017141252756119,0.04665675759315491,0.800000011920929
4,resentful,-0.05472644791007042,0.25115931034088135,0.05472644791007042,-0.052118878811597824,0.026200029999017715,1.0
4,troubled,-0.05449560284614563,-0.27628108859062195,0.05449560284614563,-0.04842176288366318,0.04578497260808945,0.800000011920929
4,unnerved,-0.05430039390921593,0.21569296717643738,0.05430039390921593,-0.05221135541796684,0.031072868034243584,1.0
4,alert,-0.053463246673345566,-0.2752070724964142,0.053463246673345566,-0.04905756190419197,0.022794310003519058,1.0
4,offended,-0.05309225991368294,-0.27607229351997375,0.05309225991368294,-0.046461984515190125,0.05451899766921997,0.800000011920929
4,vindictive,-0.05234081298112869,0.2523609697818756,0.05234081298112869,-0.050405990332365036,0.034963030368089676,1.0
4,distressed,-0.05234041437506676,0.2208397537469864,0.05234041437506676,-0.04937213659286499,0.02954585663974285,0.800000011920929
4,overwhelmed,0.05163000896573067,0.2756902873516083,0.05163000896573067,0.04635966569185257,0.03938019648194313,0.800000011920929
4,loving,-0.05054595321416855,-0.27047839760780334,0.05054595321416855,-0.04522419348359108,0.03411217778921127,0.800000011920929
4,outraged,-0.050519127398729324,0.16100327670574188,0.050519127398729324,-0.046003371477127075,0.016995517536997795,1.0
4,elated,0.05004127323627472,0.26989075541496277,0.05004127323627472,0.04601747542619705,0.012136938981711864,1.0
4,thrilled,-0.04890584573149681,-0.27481609582901,0.04890584573149681,-0.043728720396757126,0.03845216706395149,0.800000011920929
4,pleased,-0.04869678243994713,-0.2749592065811157,0.04869678243994713,-0.0431835874915123,0.03881843388080597,0.800000011920929
4,vulnerable,-0.0481887087225914,-0.2750404179096222,0.0481887087225914,-0.043274521827697754,0.04251694679260254,0.800000011920929
4,irate,0.04713025689125061,0.27404308319091797,0.04713025689125061,0.04342637211084366,0.008633770979940891,1.0
4,disturbed,-0.04711093008518219,-0.27203992009162903,0.04711093008518219,-0.04097725450992584,0.045588068664073944,0.800000011920929
4,satisfied,0.046573489904403687,0.25096291303634644,0.046573489904403687,0.04355628043413162,0.021942859515547752,1.0
4,defiant,0.04628932848572731,0.17985033988952637,0.04628932848572731,0.04283461719751358,0.014055361039936543,1.0
4,disgusted,-0.04538433626294136,0.2537311911582947,0.04538433626294136,-0.04352667182683945,0.04441069811582565,0.800000011920929
4,docile,0.044918209314346313,0.27405551075935364,0.044918209314346313,0.04027227312326431,0.03942008689045906,0.800000011920929
4,nostalgic,0.04487229138612747,0.2744324207305908,0.04487229138612747,0.0399005301296711,0.040351156145334244,0.800000011920929
4,empathetic,0.043293509632349014,0.2536109685897827,0.043293509632349014,0.03915686160326004,0.04322946071624756,1.0
4,hysterical,0.04301302880048752,0.2559172511100769,0.04301302880048752,0.04104793071746826,0.018314916640520096,1.0
4,unsettled,-0.04284258931875229,0.2542382776737213,0.04284258931875229,-0.0411517471075058,0.029447974637150764,0.800000011920929
4,sad,-0.042202889919281006,0.23586374521255493,0.042202889919281006,-0.04131732136011124,0.035591840744018555,0.800000011920929
4,heartbroken,-0.04081975668668747,0.25153011083602905,0.04081975668668747,-0.03923233598470688,0.04870324581861496,0.800000011920929
4,mystified,-0.04063383489847183,-0.2736682891845703,0.04063383489847183,-0.036418139934539795,0.03369400277733803,0.800000011920929
4,vigilant,0.04024966433644295,0.2722977101802826,0.04024966433644295,0.035597093403339386,0.04440212994813919,0.800000011920929
4,indifferent,-0.04006366804242134,0.24674105644226074,0.04006366804242134,-0.03725617751479149,0.011860853992402554,1.0
4,terrified,0.03982866555452347,0.20696187019348145,0.03982866555452347,0.03722601383924484,0.009244270622730255,1.0
4,lazy,0.03958412632346153,0.27197691798210144,0.03958412632346153,0.034363098442554474,0.05073722451925278,0.800000011920929
4,bitter,0.03952016308903694,0.2733452022075653,0.03952016308903694,0.0353752002120018,0.03606317937374115,0.800000011920929
4,aroused,0.039163704961538315,-0.25641658902168274,0.039163704961538315,0.038072653114795685,0.040634553879499435,0.800000011920929
4,stuck,-0.038963671773672104,-0.2706367075443268,0.038963671773672104,-0.03461195528507233,0.03081616759300232,0.800000011920929
4,excited,0.03875837102532387,0.2711668610572815,0.03875837102532387,0.03464663773775101,0.03218567743897438,0.800000011920929
4,stressed,-0.038168925791978836,-0.2731202244758606,0.038168925791978836,-0.03339049592614174,0.04110278561711311,0.800000011920929
4,surprised,-0.037583380937576294,-0.272159606218338,0.037583380937576294,-0.03254922106862068,0.04608752205967903,0.800000011920929
4,sensitive,0.03634583204984665,0.2693137228488922,0.03634583204984665,0.031961508095264435,0.03725454583764076,0.800000011920929
4,embarrassed,0.03610345348715782,0.2717253267765045,0.03610345348715782,0.032944925129413605,0.03497385233640671,1.0
4,shocked,-0.03599690645933151,-0.2722923457622528,0.03599690645933151,-0.03087218664586544,0.05636121332645416,0.800000011920929
4,reflective,0.03599482402205467,-0.25028443336486816,0.03599482402205467,0.03330811858177185,0.009492452256381512,1.0
4,inspired,0.035834141075611115,0.25215157866477966,0.035834141075611115,0.0334201380610466,0.02373237907886505,0.800000011920929
4,energized,-0.035701949149370193,-0.2722736597061157,0.035701949149370193,-0.03162365034222603,0.029999125748872757,0.800000011920929
4,worthless,0.035416942089796066,0.2713237702846527,0.035416942089796066,0.029883071780204773,0.04667344316840172,0.800000011920929
4,miserable,0.03409469127655029,0.2695298492908478,0.03409469127655029,0.029348254203796387,0.047509435564279556,0.800000011920929
4,serene,0.03388489410281181,0.2714405953884125,0.03388489410281181,0.030194882303476334,0.03955011069774628,0.800000011920929
4,fulfilled,0.03349275514483452,-0.25236645340919495,0.03349275514483452,0.0321631133556366,0.02868506871163845,0.800000011920929
4,dispirited,0.03348942846059799,0.2701772451400757,0.03348942846059799,0.02960849367082119,0.03851867839694023,0.800000011920929
4,bored,0.03348882868885994,0.27190783619880676,0.03348882868885994,0.0292627215385437,0.046815935522317886,0.800000011920929
4,awestruck,0.0331915058195591,0.27205073833465576,0.0331915058195591,0.02876625955104828,0.04282864183187485,0.800000011920929
4,rattled,0.03094680979847908,0.22317077219486237,0.03094680979847908,0.027638372033834457,0.03282712399959564,0.800000011920929
4,alarmed,-0.030454326421022415,0.2487015277147293,0.030454326421022415,-0.029831092804670334,0.03394149988889694,0.800000011920929
4,shaken,0.029406173154711723,-0.0018128326628357172,0.029406173154711723,0.026223402470350266,0.02599167264997959,0.800000011920929
4,sullen,-0.02939372882246971,-0.2704782783985138,0.02939372882246971,-0.02572309970855713,0.03922269120812416,0.800000011920929
4,sluggish,-0.028727516531944275,0.255597323179245,0.028727516531944275,-0.02869206666946411,0.04729149490594864,0.800000011920929
4,relieved,-0.028720684349536896,0.14035698771476746,0.028720684349536896,-0.027889719232916832,0.029798302799463272,0.800000011920929
4,triumphant,-0.02855069935321808,-0.26696544885635376,0.02855069935321808,-0.025204608216881752,0.037086039781570435,0.800000011920929
4,optimistic,-0.028007909655570984,-0.27032923698425293,0.028007909655570984,-0.02419898845255375,0.04336867108941078,0.6000000238418579
4,sentimental,-0.02749028615653515,-0.23472490906715393,0.02749028615653515,-0.025143716484308243,0.007265923079103231,1.0
4,suspicious,-0.026862554252147675,-0.26914313435554504,0.026862554252147675,-0.023306619375944138,0.02849053405225277,0.800000011920929
4,impatient,0.026444166898727417,0.2602604627609253,0.026444166898727417,0.021760206669569016,0.04910006374120712,0.800000011920929
4,ecstatic,0.02555922046303749,-0.1757260411977768,0.02555922046303749,0.024087974801659584,0.019565192982554436,0.800000011920929
4,contemptuous,0.025326281785964966,-0.2592453956604004,0.025326281785964966,0.024760665372014046,0.03203098848462105,0.800000011920929
4,self-confident,-0.02500818856060505,-0.2703598439693451,0.02500818856060505,-0.021806716918945312,0.03801881521940231,0.6000000238418579
4,stubborn,-0.024513358250260353,0.2571556270122528,0.024513358250260353,-0.02479793317615986,0.05004008859395981,0.800000011920929
4,paranoid,0.02427414059638977,-0.24561643600463867,0.02427414059638977,0.02313290908932686,0.015454278327524662,0.800000011920929
4,mortified,-0.02423863485455513,-0.2402191013097763,0.02423863485455513,-0.022120235487818718,0.008692415431141853,1.0
4,furious,-0.023968834429979324,-0.26990970969200134,0.023968834429979324,-0.020510707050561905,0.0424933135509491,0.6000000238418579
4,content,0.023261040449142456,-0.2443886697292328,0.023261040449142456,0.024140451103448868,0.04528341814875603,0.800000011920929
4,happy,-0.021883420646190643,-0.26972368359565735,0.021883420646190643,-0.018299512565135956,0.04219083860516548,0.6000000238418579
4,puzzled,-0.021798811852931976,-0.2681019902229309,0.021798811852931976,-0.019019581377506256,0.043770551681518555,0.4000000059604645
4,frightened,-0.0212983600795269,-0.2676408588886261,0.0212983600795269,-0.01763349398970604,0.04700804501771927,0.6000000238418579
4,self-critical,-0.02037879079580307,-0.26813778281211853,0.02037879079580307,-0.018080100417137146,0.034573085606098175,0.6000000238418579
4,obstinate,0.019228698685765266,0.26915228366851807,0.019228698685765266,0.016318075358867645,0.03601348400115967,0.6000000238418579
4,trapped,-0.01893940195441246,-0.26595792174339294,0.01893940195441246,-0.017354320734739304,0.009906267747282982,1.0
4,safe,-0.018872683867812157,-0.11857421696186066,0.018872683867812157,-0.016574742272496223,0.01331945601850748,0.800000011920929
4,worn out,0.017736343666911125,0.2667625844478607,0.017736343666911125,0.016069237142801285,0.035300109535455704,0.6000000238418579
4,greedy,0.01568414643406868,-0.033277302980422974,0.01568414643406868,0.013689394108951092,0.018995141610503197,0.6000000238418579
4,worried,0.015398982912302017,0.2666252851486206,0.015398982912302017,0.014002430252730846,0.017711810767650604,0.800000011920929
4,anxious,0.015082375146448612,0.20786653459072113,0.015082375146448612,0.01524071954190731,0.026438632979989052,0.800000011920929
4,hope,0.014020191505551338,0.2601284980773926,0.014020191505551338,0.011409464292228222,0.039596036076545715,0.6000000238418579
4,blissful,-0.013885716907680035,-0.26579543948173523,0.013885716907680035,-0.012093537487089634,0.02165253646671772,0.800000011920929
4,skeptical,-0.013829532079398632,-0.2644140422344208,0.013829532079398632,-0.012697863392531872,0.02951865643262863,0.6000000238418579
4,vibrant,0.01240637619048357,-0.2620965838432312,0.01240637619048357,0.013541236519813538,0.04760734364390373,0.6000000238418579
4,scared,0.011582507751882076,-0.2584206461906433,0.011582507751882076,0.013691768050193787,0.06283846497535706,0.6000000238418579
4,enthusiastic,-0.011324730701744556,0.2552195191383362,0.011324730701744556,-0.011420177295804024,0.019770590588450432,0.800000011920929
4,playful,0.010504051111638546,-0.26295819878578186,0.010504051111638546,0.011702978052198887,0.04485636204481125,0.6000000238418579
4,tired,0.010306978598237038,0.26679521799087524,0.010306978598237038,0.007710666861385107,0.03441457077860832,0.6000000238418579
4,regretful,0.00997826736420393,0.2658582925796509,0.00997826736420393,0.007307437248528004,0.05319599807262421,0.4000000059604645
4,grateful,0.009422192350029945,0.2666025459766388,0.009422192350029945,0.006610074546188116,0.04260635748505592,0.4000000059604645
4,panicked,-0.008867433294653893,0.24803811311721802,0.008867433294653893,-0.008519292809069157,0.010003692470490932,0.800000011920929
4,brooding,0.008832109160721302,0.26707595586776733,0.008832109160721302,0.0063330261036753654,0.041702307760715485,0.4000000059604645
4,melancholy,-0.008309341967105865,-0.26137739419937134,0.008309341967105865,-0.007028826512396336,0.02128455601632595,0.4000000059604645
4,guilty,0.00825000274926424,0.2602916359901428,0.00825000274926424,0.00849000085145235,0.016909345984458923,0.6000000238418579
4,hopeful,-0.006863585207611322,-0.26579874753952026,0.006863585207611322,-0.004799661226570606,0.041817739605903625,0.6000000238418579
4,joyful,-0.006827856879681349,-0.26681894063949585,0.006827856879681349,-0.004882207605987787,0.0438627190887928,0.4000000059604645
4,unhappy,-0.006584934890270233,-0.26109644770622253,0.006584934890270233,-0.005087514407932758,0.02454284392297268,0.4000000059604645
4,mad,0.006276222411543131,0.26147428154945374,0.006276222411543131,0.003953216131776571,0.029073283076286316,0.800000011920929
4,jubilant,0.004499257542192936,0.2654472291469574,0.004499257542192936,0.0028407690115273,0.032637156546115875,0.4000000059604645
4,afraid,-0.004494336899369955,-0.014262073673307896,0.004494336899369955,-0.0051400926895439625,0.014075571671128273,0.6000000238418579
4,upset,0.0042832293547689915,0.2648812532424927,0.0042832293547689915,0.0032012935262173414,0.023796280845999718,0.4000000059604645
4,nervous,-0.0038942645769566298,-0.07835312187671661,0.0038942645769566298,-0.0028796091210097075,0.011799052357673645,0.800000011920929
4,exasperated,0.0037839084398001432,0.26211628317832947,0.0037839084398001432,0.0010237920796498656,0.0505337193608284,0.4000000059604645
4,proud,-0.003554948838427663,0.2587563097476959,0.003554948838427663,-0.0036445348523557186,0.017740799114108086,0.6000000238418579
4,enraged,-0.003283008001744747,0.23498594760894775,0.003283008001744747,-0.0021901812870055437,0.01608170010149479,0.6000000238418579
4,horrified,0.0030989490915089846,0.266169011592865,0.0030989490915089846,0.001960473135113716,0.024369465187191963,0.4000000059604645
4,listless,-0.0030839797109365463,0.25745129585266113,0.0030839797109365463,-0.0025331927463412285,0.018691835924983025,0.6000000238418579
4,droopy,-0.0027402210980653763,0.2572535276412964,0.0027402210980653763,-0.003310754895210266,0.02006480097770691,0.6000000238418579
4,vengeful,0.002002942841500044,0.2620511054992676,0.002002942841500044,0.00036274828016757965,0.04055926203727722,0.4000000059604645
4,desperate,0.0017491144826635718,0.2627750337123871,0.0017491144826635718,0.000778454530518502,0.02143852971494198,0.4000000059604645
5,cheerful,0.16716769337654114,0.07131685316562653,0.16716769337654114,0.15679708123207092,0.027779679745435715,1.0
5,disdainful,0.1642613261938095,0.3825150430202484,0.1642613261938095,0.15296396613121033,0.011036545038223267,1.0
5,tormented,-0.16256655752658844,0.11527105420827866,0.16256655752658844,-0.15312567353248596,0.025739973410964012,1.0
5,grief-stricken,-0.1532393842935562,0.28410616517066956,0.1532393842935562,-0.14461886882781982,0.03471916913986206,1.0
5,delighted,0.14424866437911987,-0.2754550576210022,0.14424866437911987,0.1360325664281845,0.029172847047448158,1.0
5,infatuated,0.13865552842617035,-0.22994258999824524,0.13865552842617035,0.12812578678131104,0.0176301971077919,1.0
5,frustrated,-0.13700009882450104,-0.3731837272644043,0.13700009882450104,-0.1262555718421936,0.031502727419137955,1.0
5,hateful,-0.12988348305225372,0.28282609581947327,0.12988348305225372,-0.12274600565433502,0.035811036825180054,1.0
5,smug,0.12871664762496948,0.3723563551902771,0.12871664762496948,0.11941913515329361,0.01304694078862667,1.0
5,at ease,0.12316858023405075,0.2875708341598511,0.12316858023405075,0.11617077887058258,0.0342816561460495,1.0
5,angry,-0.11809936910867691,-0.29457876086235046,0.11809936910867691,-0.10909732431173325,0.03189009055495262,1.0
5,irritated,-0.10915235430002213,-0.36552873253822327,0.10915235430002213,-0.10047124326229095,0.0199139341711998,1.0
5,tense,0.1078856810927391,-0.2950131297111511,0.1078856810927391,0.10162036120891571,0.03543864190578461,1.0
5,bewildered,-0.10765412449836731,-0.3431725800037384,0.10765412449836731,-0.09918701648712158,0.03167373314499855,1.0
5,self-conscious,0.10604420304298401,0.019533058628439903,0.10604420304298401,0.09819237142801285,0.019963769242167473,1.0
5,euphoric,0.1024990826845169,0.30501464009284973,0.1024990826845169,0.09498648345470428,0.017413083463907242,1.0
5,lonely,-0.10175713151693344,0.3106240928173065,0.10175713151693344,-0.09665729105472565,0.05363443121314049,0.800000011920929
5,distressed,-0.09944283217191696,0.26112669706344604,0.09944283217191696,-0.09381258487701416,0.03707165643572807,1.0
5,stimulated,0.09718286991119385,0.12631428241729736,0.09718286991119385,0.0915522351861,0.023480111733078957,1.0
5,perplexed,0.09694723784923553,0.36385849118232727,0.09694723784923553,0.08874668180942535,0.02851686254143715,1.0
5,exuberant,0.09456014633178711,-0.27956897020339966,0.09456014633178711,0.08844514936208725,0.00858218315988779,1.0
5,indignant,-0.09392791986465454,-0.3617088794708252,0.09392791986465454,-0.08828196674585342,0.013403777964413166,1.0
5,calm,-0.09388809651136398,-0.03937382623553276,0.09388809651136398,-0.08741676807403564,0.015021435916423798,1.0
5,sympathetic,0.0915922075510025,-0.2235296070575714,0.0915922075510025,0.08566079288721085,0.02357487380504608,1.0
5,refreshed,0.09082532674074173,-0.11722079664468765,0.09082532674074173,0.08401219546794891,0.008931183256208897,1.0
5,sorry,0.08946699649095535,0.3621533513069153,0.08946699649095535,0.08175180852413177,0.0384761281311512,1.0
5,annoyed,-0.08944898843765259,-0.3618136942386627,0.08944898843765259,-0.08128094673156738,0.04149201512336731,1.0
5,grumpy,-0.08896739035844803,-0.3263464570045471,0.08896739035844803,-0.08376296609640121,0.019732024520635605,1.0
5,invigorated,0.0886567234992981,-0.037659939378499985,0.0886567234992981,0.08251287043094635,0.006943908985704184,1.0
5,gloomy,-0.08692088723182678,-0.3575233817100525,0.08692088723182678,-0.08046722412109375,0.011950737796723843,1.0
5,resigned,-0.0866486057639122,-0.3604421317577362,0.0866486057639122,-0.07978278398513794,0.024486539885401726,1.0
5,weary,-0.08577835559844971,-0.23014922440052032,0.08577835559844971,-0.08053617179393768,0.01791793666779995,1.0
5,peaceful,0.08533298224210739,-0.2989543378353119,0.08533298224210739,0.07999737560749054,0.012565183453261852,1.0
5,on edge,0.08502361923456192,0.36123692989349365,0.08502361923456192,0.07826413959264755,0.03565740957856178,1.0
5,amazed,-0.0815146192908287,-0.35044243931770325,0.0815146192908287,-0.07481418550014496,0.02352309599518776,1.0
5,jealous,0.08113895356655121,0.3596486449241638,0.08113895356655121,0.07350319623947144,0.03547808527946472,1.0
5,astonished,-0.08102542906999588,0.2021886259317398,0.08102542906999588,-0.07481664419174194,0.018137523904442787,1.0
5,depressed,-0.08060720562934875,0.26178210973739624,0.08060720562934875,-0.07612331211566925,0.01863422989845276,1.0
5,insulted,0.08002456277608871,0.3601933419704437,0.08002456277608871,0.07314025610685349,0.036240871995687485,1.0
5,eager,-0.07920476794242859,-0.25224238634109497,0.07920476794242859,-0.07279940694570541,0.022876160219311714,1.0
5,dependent,0.0779590755701065,0.3595224618911743,0.0779590755701065,0.07193922996520996,0.035614099353551865,1.0
5,valiant,-0.07777897268533707,-0.18004249036312103,0.07777897268533707,-0.07154271006584167,0.04283475875854492,1.0
5,satisfied,0.07633330672979355,0.33036327362060547,0.07633330672979355,0.07206253707408905,0.024011194705963135,1.0
5,uneasy,0.07558128982782364,0.35842642188072205,0.07558128982782364,0.06887952238321304,0.038123276084661484,1.0
5,ashamed,0.07529734820127487,-0.2706504762172699,0.07529734820127487,0.06934590637683868,0.013710487633943558,1.0
5,hurt,0.07526955753564835,0.35896986722946167,0.07526955753564835,0.06937193870544434,0.026274070143699646,1.0
5,remorseful,0.07092494517564774,0.3407364785671234,0.07092494517564774,0.06566675007343292,0.0338333398103714,1.0
5,compassionate,0.07047342509031296,0.35608792304992676,0.07047342509031296,0.06327471882104874,0.04388904571533203,0.800000011920929
5,thankful,-0.07005900144577026,-0.3575967848300934,0.07005900144577026,-0.0649634376168251,0.009213574230670929,1.0
5,relaxed,-0.0699172094464302,-0.3359438478946686,0.0699172094464302,-0.06622513383626938,0.013826078735291958,1.0
5,patient,0.0693410336971283,0.3561481237411499,0.0693410336971283,0.06333561986684799,0.03127998486161232,1.0
5,vindictive,-0.06802830100059509,0.32632362842559814,0.06802830100059509,-0.06547924131155014,0.031538620591163635,1.0
5,empathetic,0.06742316484451294,0.33054018020629883,0.06742316484451294,0.061826933175325394,0.04118425026535988,1.0
5,kind,0.06540004163980484,0.356550008058548,0.06540004163980484,0.05932735651731491,0.034153927117586136,1.0
5,hostile,-0.06511017680168152,-0.35714542865753174,0.06511017680168152,-0.06022108718752861,0.022621305659413338,1.0
5,spiteful,-0.0641077384352684,0.1826827973127365,0.0641077384352684,-0.05937698483467102,0.049773383885622025,1.0
5,heartbroken,-0.0635988861322403,0.3231058418750763,0.0635988861322403,-0.060136038810014725,0.044542957097291946,0.800000011920929
5,sluggish,-0.06341031938791275,0.32344964146614075,0.06341031938791275,-0.061013031750917435,0.04230555146932602,0.800000011920929
5,envious,0.06300584226846695,-0.23569326102733612,0.06300584226846695,0.058946289122104645,0.009602104313671589,1.0
5,irate,0.062196601182222366,0.3550572693347931,0.062196601182222366,0.05779661983251572,0.011316290125250816,1.0
5,hysterical,0.061517808586359024,0.33362218737602234,0.061517808586359024,0.05845341086387634,0.017338072881102562,1.0
5,aroused,0.06139269098639488,-0.32987233996391296,0.06139269098639488,0.05899105221033096,0.033211253583431244,1.0
5,defiant,0.06121942028403282,0.2105225771665573,0.06121942028403282,0.05739706754684448,0.013221463188529015,1.0
5,disgusted,-0.0593370757997036,0.3279161751270294,0.0593370757997036,-0.057167552411556244,0.041679639369249344,0.800000011920929
5,rejuvenated,0.05917312577366829,0.3554742634296417,0.05917312577366829,0.054170332849025726,0.0373617485165596,1.0
5,humiliated,0.058905258774757385,-0.219906285405159,0.058905258774757385,0.05616842582821846,0.020658019930124283,1.0
5,contemptuous,0.05651744455099106,-0.3302106261253357,0.05651744455099106,0.05386161059141159,0.02450445480644703,1.0
5,sleepy,0.05621948838233948,0.35477951169013977,0.05621948838233948,0.05163560435175896,0.029745912179350853,1.0
5,sentimental,-0.055909570306539536,-0.3129812777042389,0.055909570306539536,-0.05227099731564522,0.012324071489274502,1.0
5,dumbstruck,-0.05529225990176201,-0.3548506200313568,0.05529225990176201,-0.050328612327575684,0.030544694513082504,1.0
5,stuck,-0.05493250489234924,-0.3516935110092163,0.05493250489234924,-0.05020485445857048,0.02193344198167324,1.0
5,elated,0.05472085624933243,0.3449687063694,0.05472085624933243,0.05091738700866699,0.010945922695100307,1.0
5,scornful,-0.054469164460897446,-0.3546050190925598,0.054469164460897446,-0.05019664019346237,0.017978448420763016,1.0
5,amused,-0.05388069152832031,-0.35403624176979065,0.05388069152832031,-0.04930917173624039,0.03234304487705231,1.0
5,troubled,-0.05313389003276825,-0.35444408655166626,0.05313389003276825,-0.04769910126924515,0.0381600596010685,0.800000011920929
5,unsettled,-0.05171513929963112,0.33028170466423035,0.05171513929963112,-0.04952554032206535,0.024934545159339905,1.0
5,lazy,0.05049225687980652,0.35214266180992126,0.05049225687980652,0.04524490609765053,0.04219388589262962,0.800000011920929
5,unnerved,-0.049616992473602295,0.2875152826309204,0.049616992473602295,-0.04736281558871269,0.019485054537653923,1.0
5,resentful,-0.04873451218008995,0.3301336169242859,0.04873451218008995,-0.04666651040315628,0.02063620463013649,1.0
5,vulnerable,-0.04762427136301994,-0.3534993827342987,0.04762427136301994,-0.04308464378118515,0.036598410457372665,1.0
5,disoriented,-0.045573893934488297,-0.3510800302028656,0.045573893934488297,-0.03991642966866493,0.04832493141293526,0.800000011920929
5,offended,-0.04469946026802063,-0.3532136082649231,0.04469946026802063,-0.03920426219701767,0.0468539297580719,0.800000011920929
5,vibrant,0.043186005204916,-0.3333066403865814,0.043186005204916,0.04199427366256714,0.041568413376808167,0.800000011920929
5,fulfilled,0.042266931384801865,-0.32601457834243774,0.042266931384801865,0.04076945781707764,0.0286167711019516,0.800000011920929
5,shaken,0.03938108682632446,0.012490758672356606,0.03938108682632446,0.03605059161782265,0.025404222309589386,1.0
5,vigilant,0.03933144360780716,0.34948939085006714,0.03933144360780716,0.03562049940228462,0.033851493149995804,1.0
5,thrilled,-0.03913790360093117,-0.3503131568431854,0.03913790360093117,-0.035257719457149506,0.03366459906101227,0.800000011920929
5,overwhelmed,0.038537416607141495,0.3515033423900604,0.038537416607141495,0.03493943065404892,0.030573507770895958,1.0
5,content,0.03809896856546402,-0.3122198283672333,0.03809896856546402,0.03788164258003235,0.03991212323307991,0.800000011920929
5,pleased,-0.03773028030991554,-0.3510177731513977,0.03773028030991554,-0.03380938619375229,0.02853953279554844,0.800000011920929
5,outraged,-0.037517331540584564,0.23102371394634247,0.037517331540584564,-0.03456956893205643,0.017289696261286736,1.0
5,reflective,0.03591135889291763,-0.3246728181838989,0.03591135889291763,0.034187186509370804,0.011296181939542294,1.0
5,rattled,0.035875990986824036,0.2836245000362396,0.035875990986824036,0.03230152279138565,0.03134957700967789,0.800000011920929
5,restless,0.03555244579911232,0.31950750946998596,0.03555244579911232,0.03269480913877487,0.008299051783978939,1.0
5,alert,-0.035498589277267456,-0.34729474782943726,0.035498589277267456,-0.032557617872953415,0.020781392231583595,1.0
5,listless,-0.035131365060806274,0.3229800760746002,0.035131365060806274,-0.03203832358121872,0.014914448373019695,1.0
5,embarrassed,0.03468000888824463,0.34914299845695496,0.03468000888824463,0.031785640865564346,0.02772125042974949,1.0
5,mystified,-0.034029483795166016,-0.35112500190734863,0.034029483795166016,-0.030740048736333847,0.0272549856454134,1.0
5,droopy,-0.0339164175093174,0.3219846785068512,0.0339164175093174,-0.032303571701049805,0.016653336584568024,1.0
5,sad,-0.03278471529483795,0.3120856285095215,0.03278471529483795,-0.0323847159743309,0.027986399829387665,0.800000011920929
5,inspired,0.03252390772104263,0.3147966265678406,0.03252390772104263,0.030262017622590065,0.02556156925857067,0.800000011920929
5,paranoid,0.03167511895298958,-0.3159711956977844,0.03167511895298958,0.0301603265106678,0.0138838617131114,1.0
5,tired,-0.03132651001214981,0.3356298804283142,0.03132651001214981,-0.030761128291487694,0.02918504737317562,0.800000011920929
5,panicked,-0.030719706788659096,0.3119432330131531,0.030719706788659096,-0.02854233980178833,0.006364456377923489,1.0
5,melancholy,-0.030716432258486748,-0.34367427229881287,0.030716432258486748,-0.02807026542723179,0.019611459225416183,1.0
5,stressed,-0.030694687739014626,-0.3503583073616028,0.030694687739014626,-0.026926841586828232,0.033074695616960526,0.800000011920929
5,alarmed,-0.029607154428958893,0.32283371686935425,0.029607154428958893,-0.029519211500883102,0.03052387945353985,0.800000011920929
5,sensitive,0.02930409647524357,0.34220558404922485,0.02930409647524357,0.02566169574856758,0.03370971605181694,0.800000011920929
5,enthusiastic,-0.029277382418513298,0.32556769251823425,0.029277382418513298,-0.028076142072677612,0.017351115122437477,0.800000011920929
5,desperate,-0.02897815592586994,0.33100754022598267,0.02897815592586994,-0.027434086427092552,0.0177006758749485,0.800000011920929
5,indifferent,-0.02788555808365345,0.3250563442707062,0.02788555808365345,-0.02613847516477108,0.011896902695298195,1.0
5,greedy,0.027854733169078827,-0.028731539845466614,0.027854733169078827,0.02494126185774803,0.023801524192094803,0.800000011920929
5,brooding,-0.027706874534487724,0.3375474512577057,0.027706874534487724,-0.027283336967229843,0.033311836421489716,0.800000011920929
5,suspicious,-0.027229664847254753,-0.34648603200912476,0.027229664847254753,-0.023810504004359245,0.02398831956088543,0.800000011920929
5,exasperated,0.026783090084791183,0.34503573179244995,0.026783090084791183,0.022643763571977615,0.038700710982084274,0.800000011920929
5,excited,0.026522871106863022,0.3446149230003357,0.026522871106863022,0.02329886145889759,0.030156977474689484,0.800000011920929
5,terrified,0.0263895932585001,0.24599942564964294,0.0263895932585001,0.02600969932973385,0.01840217411518097,1.0
5,stubborn,-0.025539154186844826,0.33402490615844727,0.025539154186844826,-0.025586554780602455,0.04515671730041504,0.800000011920929
5,upset,-0.025409255176782608,0.33601582050323486,0.025409255176782608,-0.02432888373732567,0.017035266384482384,0.800000011920929
5,loving,-0.024815600365400314,-0.3343164920806885,0.024815600365400314,-0.021966738626360893,0.03128580003976822,0.6000000238418579
5,bitter,0.024149354547262192,0.34870341420173645,0.024149354547262192,0.021386312320828438,0.03006364218890667,0.6000000238418579
5,energized,-0.022994255647063255,-0.3479613661766052,0.022994255647063255,-0.020183246582746506,0.021382655948400497,0.800000011920929
5,playful,0.022604485973715782,-0.33893129229545593,0.022604485973715782,0.022604607045650482,0.03746724873781204,0.800000011920929
5,disturbed,-0.021494824439287186,-0.3388669192790985,0.021494824439287186,-0.016947787255048752,0.046504806727170944,0.800000011920929
5,triumphant,-0.021430842578411102,-0.340695321559906,0.021430842578411102,-0.019089598208665848,0.03373885527253151,0.800000011920929
5,proud,-0.020979050546884537,0.3286972939968109,0.020979050546884537,-0.019695576280355453,0.016532177105545998,0.800000011920929
5,dispirited,0.01744898594915867,0.3431110978126526,0.01744898594915867,0.015330406837165356,0.03152180090546608,0.6000000238418579
5,nostalgic,0.016447173431515694,0.34730809926986694,0.016447173431515694,0.014026139862835407,0.03272489458322525,0.6000000238418579
5,nervous,0.01630447618663311,-0.07489375025033951,0.01630447618663311,0.016371382400393486,0.019803278148174286,0.800000011920929
5,bored,0.01610821858048439,0.34670552611351013,0.01610821858048439,0.013544080778956413,0.04233808442950249,0.6000000238418579
5,safe,-0.016085568815469742,-0.12998467683792114,0.016085568815469742,-0.014226807281374931,0.012025773525238037,1.0
5,hope,0.01597246341407299,0.33499184250831604,0.01597246341407299,0.013040347024798393,0.03850303962826729,0.6000000238418579
5,scared,0.015340668149292469,-0.3335358500480652,0.015340668149292469,0.01694166287779808,0.05387020856142044,0.800000011920929
5,obstinate,0.014841705560684204,0.3467259407043457,0.014841705560684204,0.012595197185873985,0.030918899923563004,0.6000000238418579
5,surprised,-0.0145169822499156,-0.3444598317146301,0.0145169822499156,-0.011775212362408638,0.03752825781702995,0.6000000238418579
5,optimistic,-0.01403202023357153,-0.34508830308914185,0.01403202023357153,-0.011999407783150673,0.03424447029829025,0.6000000238418579
5,sullen,-0.013695046305656433,-0.3450908660888672,0.013695046305656433,-0.011288505047559738,0.03511062636971474,0.6000000238418579
5,shocked,-0.01254073716700077,-0.34555333852767944,0.01254073716700077,-0.009448164142668247,0.049026746302843094,0.4000000059604645
5,miserable,0.012415948323905468,0.3394441604614258,0.012415948323905468,0.009992710314691067,0.040322016924619675,0.6000000238418579
5,self-critical,0.012399014085531235,-0.33790165185928345,0.012399014085531235,0.012278476729989052,0.0315583273768425,0.800000011920929
5,serene,0.012379373423755169,0.34429797530174255,0.012379373423755169,0.010900484398007393,0.0298337209969759,0.4000000059604645
5,happy,-0.012217371724545956,-0.34645673632621765,0.012217371724545956,-0.009608013555407524,0.034875933080911636,0.6000000238418579
5,docile,0.011759920045733452,0.3444925546646118,0.011759920045733452,0.009723959490656853,0.03579386696219444,0.6000000238418579
5,mortified,0.011645877733826637,-0.27522850036621094,0.011645877733826637,0.011566170491278172,0.011224194429814816,0.800000011920929
5,ecstatic,0.011203352361917496,-0.23030877113342285,0.011203352361917496,0.010327921248972416,0.013572880998253822,0.800000011920929
5,awestruck,0.010969103313982487,0.3461743891239166,0.010969103313982487,0.008669900707900524,0.03486783802509308,0.6000000238418579
5,skeptical,-0.010324792936444283,-0.3395982086658478,0.010324792936444283,-0.009612130001187325,0.02795182727277279,0.4000000059604645
5,furious,-0.010158543474972248,-0.34519287943840027,0.010158543474972248,-0.00813189148902893,0.03608670458197594,0.6000000238418579
5,unhappy,-0.009664960205554962,-0.33751338720321655,0.009664960205554962,-0.008181702345609665,0.01931013911962509,0.6000000238418579
5,puzzled,-0.009090062230825424,-0.34231653809547424,0.009090062230825424,-0.007046358194202185,0.041808146983385086,0.4000000059604645
5,jubilant,-0.009036961011588573,0.34038597345352173,0.009036961011588573,-0.009592131711542606,0.027195928618311882,0.800000011920929
5,relieved,-0.008181086741387844,0.1875341683626175,0.008181086741387844,-0.009241760708391666,0.029816266149282455,0.6000000238418579
5,regretful,0.007874866016209126,0.3433331251144409,0.007874866016209126,0.005363901145756245,0.04933341220021248,0.4000000059604645
5,hopeful,0.007790023926645517,-0.3405824303627014,0.007790023926645517,0.008615480735898018,0.03647603467106819,0.800000011920929
5,horrified,-0.007129025179892778,0.3427182137966156,0.007129025179892778,-0.0076079643331468105,0.018723439425230026,0.6000000238418579
5,worn out,0.006381215061992407,0.3411846458911896,0.006381215061992407,0.005554689560085535,0.024694256484508514,0.6000000238418579
5,worthless,0.006262634880840778,0.3413034975528717,0.006262634880840778,0.0030916803516447544,0.041369061917066574,0.6000000238418579
5,anxious,0.005674087442457676,0.2468658834695816,0.005674087442457676,0.006986969616264105,0.0313359759747982,0.4000000059604645
5,self-confident,-0.005637130234390497,-0.34502166509628296,0.005637130234390497,-0.00423509581014514,0.031950559467077255,0.6000000238418579
5,trapped,0.005540350917726755,-0.33607596158981323,0.005540350917726755,0.0052883923053741455,0.006921194959431887,0.6000000238418579
5,worried,0.005401131696999073,0.34205207228660583,0.005401131696999073,0.0051088714972138405,0.01261194795370102,0.800000011920929
5,enraged,-0.0050544883124530315,0.3022603392601013,0.0050544883124530315,-0.003894250839948654,0.016361771151423454,0.800000011920929
5,guilty,-0.004713495261967182,0.3315905034542084,0.004713495261967182,-0.003842527512460947,0.011923764832317829,0.6000000238418579
5,impatient,-0.003871672321110964,0.32408407330513,0.003871672321110964,-0.005490865558385849,0.03764358535408974,0.800000011920929
5,vengeful,-0.0025168713182210922,0.33775657415390015,0.0025168713182210922,-0.003475950565189123,0.03425263985991478,0.6000000238418579
5,joyful,0.0024808261077851057,-0.34351614117622375,0.0024808261077851057,0.003497365163639188,0.03792520612478256,0.6000000238418579
5,mad,-0.0016764621250331402,0.3360830843448639,0.0016764621250331402,-0.002936215838417411,0.02016589790582657,0.4000000059604645
5,afraid,-0.0015136136207729578,-0.023400764912366867,0.0015136136207729578,-0.003460540669038892,0.024871377274394035,0.20000000298023224
5,frightened,0.0013786039780825377,-0.3391520380973816,0.0013786039780825377,0.002972737420350313,0.0399806946516037,0.6000000238418579
5,grateful,0.0006980597972869873,0.3427344858646393,0.0006980597972869873,-0.0013895679730921984,0.03800532966852188,0.4000000059604645
5,blissful,-0.0004815450229216367,-0.3395518958568573,0.0004815450229216367,-0.00018800496764015406,0.014583704061806202,0.20000000298023224
6,infatuated,0.1695348024368286,-0.13248054683208466,0.1695348024368286,0.15656591951847076,0.02154073677957058,1.0
6,tormented,-0.16092179715633392,0.048697128891944885,0.16092179715633392,-0.1512850970029831,0.02275492250919342,1.0
6,grief-stricken,-0.15343178808689117,0.19952866435050964,0.15343178808689117,-0.1447291374206543,0.03749855235219002,1.0
6,cheerful,0.15178298950195312,0.05694470554590225,0.15178298950195312,0.14208737015724182,0.030942505225539207,1.0
6,delighted,0.14268606901168823,-0.19409583508968353,0.14268606901168823,0.13391020894050598,0.027147091925144196,1.0
6,disdainful,0.13832958042621613,0.31052812933921814,0.13832958042621613,0.12923134863376617,0.013562907464802265,1.0
6,irritated,-0.13051098585128784,-0.308234840631485,0.13051098585128784,-0.12079083919525146,0.01748495362699032,1.0
6,at ease,0.12811027467250824,0.2333265244960785,0.12811027467250824,0.12025035917758942,0.03427897393703461,1.0
6,frustrated,-0.1234959065914154,-0.3042224943637848,0.1234959065914154,-0.11455148458480835,0.028323613107204437,1.0
6,hateful,-0.12145978957414627,0.20413000881671906,0.12145978957414627,-0.11416055262088776,0.03697221353650093,1.0
6,tense,0.11639747023582458,-0.20992468297481537,0.11639747023582458,0.10947618633508682,0.037445079535245895,1.0
6,distressed,-0.1096830666065216,0.1731412708759308,0.1096830666065216,-0.10314171016216278,0.041754111647605896,1.0
6,ashamed,0.10874341428279877,-0.16747018694877625,0.10874341428279877,0.10062955319881439,0.013247145339846611,1.0
6,euphoric,0.1036742627620697,0.24296557903289795,0.1036742627620697,0.09563090652227402,0.025844626128673553,1.0
6,stimulated,0.10267582535743713,0.13346973061561584,0.10267582535743713,0.09685950726270676,0.025822600349783897,1.0
6,smug,0.10087013244628906,0.29715612530708313,0.10087013244628906,0.09354989230632782,0.01720396988093853,1.0
6,lonely,-0.10055667906999588,0.23045037686824799,0.10055667906999588,-0.09489106386899948,0.052655208855867386,0.800000011920929
6,grumpy,-0.09985797107219696,-0.26851823925971985,0.09985797107219696,-0.09423863887786865,0.025226060301065445,1.0
6,heartbroken,-0.09844309091567993,0.23710843920707703,0.09844309091567993,-0.09159252047538757,0.043764013797044754,1.0
6,refreshed,0.09696197509765625,-0.07597531378269196,0.09696197509765625,0.08941596001386642,0.01115810964256525,1.0
6,angry,-0.09607832133769989,-0.20669355988502502,0.09607832133769989,-0.0884324461221695,0.0320877842605114,1.0
6,exuberant,0.09407562017440796,-0.19431988894939423,0.09407562017440796,0.08783604949712753,0.011986044235527515,1.0
6,astonished,-0.09315063059329987,0.10472199320793152,0.09315063059329987,-0.08567290753126144,0.02011687308549881,1.0
6,bewildered,-0.0929630771279335,-0.26317310333251953,0.0929630771279335,-0.08538749068975449,0.03389140963554382,1.0
6,weary,-0.0909794494509697,-0.14949040114879608,0.0909794494509697,-0.08530540764331818,0.019580364227294922,1.0
6,annoyed,-0.09023550152778625,-0.2943935990333557,0.09023550152778625,-0.08259882032871246,0.042698513716459274,1.0
6,calm,-0.08925095945596695,-0.03504748269915581,0.08925095945596695,-0.08316256105899811,0.01444272231310606,1.0
6,perplexed,0.088032566010952,0.29399973154067993,0.088032566010952,0.0810113325715065,0.027321647852659225,1.0
6,self-conscious,0.08767253905534744,0.02756805345416069,0.08767253905534744,0.08182414621114731,0.025805290788412094,1.0
6,depressed,-0.08468804508447647,0.17875544726848602,0.08468804508447647,-0.07993131875991821,0.018961578607559204,1.0
6,amazed,-0.08458811789751053,-0.28428739309310913,0.08458811789751053,-0.07869753986597061,0.02207260951399803,1.0
6,resigned,-0.08428806066513062,-0.2915215492248535,0.08428806066513062,-0.07779952883720398,0.02586934342980385,1.0
6,sluggish,-0.08362683653831482,0.24101045727729797,0.08362683653831482,-0.0791376605629921,0.045420657843351364,0.800000011920929
6,disgusted,-0.08356540650129318,0.2448754459619522,0.08356540650129318,-0.07944341003894806,0.04250098764896393,1.0
6,sympathetic,0.08180201053619385,-0.13984090089797974,0.08180201053619385,0.07647016644477844,0.02811148390173912,1.0
6,sorry,0.08094778656959534,0.2921634912490845,0.08094778656959534,0.07475943863391876,0.03964628651738167,1.0
6,unnerved,-0.0800011157989502,0.19431467354297638,0.0800011157989502,-0.0742829293012619,0.01634671352803707,1.0
6,eager,-0.07988476008176804,-0.19018086791038513,0.07988476008176804,-0.0731550082564354,0.022620879113674164,1.0
6,indignant,-0.07922394573688507,-0.2886509895324707,0.07922394573688507,-0.07507265359163284,0.020360473543405533,1.0
6,defiant,0.07920624315738678,0.17721542716026306,0.07920624315738678,0.07469360530376434,0.01579781249165535,1.0
6,jealous,0.07872530072927475,0.29088687896728516,0.07872530072927475,0.07237087190151215,0.029577653855085373,1.0
6,insulted,0.07444918155670166,0.2904502749443054,0.07444918155670166,0.06871174275875092,0.03705013170838356,1.0
6,aroused,0.07175174355506897,-0.2515854239463806,0.07175174355506897,0.06815433502197266,0.0320887416601181,1.0
6,peaceful,0.07130087912082672,-0.22307534515857697,0.07130087912082672,0.06688636541366577,0.01717238686978817,1.0
6,uneasy,0.0709545910358429,0.288600355386734,0.0709545910358429,0.06536443531513214,0.0353461354970932,1.0
6,empathetic,0.07026294618844986,0.2574397623538971,0.07026294618844986,0.06495832651853561,0.03808750584721565,1.0
6,listless,-0.06984906643629074,0.23412516713142395,0.06984906643629074,-0.06425698101520538,0.01201535016298294,1.0
6,compassionate,0.06977685540914536,0.2866123616695404,0.06977685540914536,0.06302312016487122,0.043814610689878464,1.0
6,gloomy,-0.06938726454973221,-0.2829405963420868,0.06938726454973221,-0.0648941844701767,0.012414929457008839,1.0
6,kind,0.0693240761756897,0.28849974274635315,0.0693240761756897,0.06382201611995697,0.03356267511844635,1.0
6,envious,0.06920226663351059,-0.13239696621894836,0.06920226663351059,0.06477196514606476,0.009546826593577862,1.0
6,on edge,0.0685662031173706,0.2890435755252838,0.0685662031173706,0.06350193917751312,0.03878967463970184,1.0
6,vindictive,-0.06703697890043259,0.24997104704380035,0.06703697890043259,-0.06397832185029984,0.031739264726638794,1.0
6,satisfied,0.06678640097379684,0.2501787841320038,0.06678640097379684,0.0638485997915268,0.03553028777241707,1.0
6,sentimental,-0.06377308815717697,-0.2494133561849594,0.06377308815717697,-0.06026477739214897,0.017853528261184692,1.0
6,patient,0.06312593817710876,0.28521376848220825,0.06312593817710876,0.05810157209634781,0.030619505792856216,1.0
6,relaxed,-0.06284170597791672,-0.26601704955101013,0.06284170597791672,-0.06068433076143265,0.023510774597525597,1.0
6,elated,0.061954986304044724,0.2771593928337097,0.061954986304044724,0.057699136435985565,0.01276594027876854,1.0
6,spiteful,-0.06134220212697983,0.1326761543750763,0.06134220212697983,-0.0568687804043293,0.04904536157846451,1.0
6,content,0.061045803129673004,-0.22538822889328003,0.061045803129673004,0.058428239077329636,0.0378507636487484,0.800000011920929
6,hysterical,0.06056598946452141,0.26264533400535583,0.06056598946452141,0.057710982859134674,0.01880418322980404,1.0
6,unsettled,-0.05973491817712784,0.2521165907382965,0.05973491817712784,-0.05663862079381943,0.025982709601521492,1.0
6,shaken,0.05911780893802643,0.028585277497768402,0.05911780893802643,0.05500481277704239,0.023326117545366287,1.0
6,irate,0.05521174147725105,0.2835730314254761,0.05521174147725105,0.05156196281313896,0.013507801108062267,1.0
6,hostile,-0.054519202560186386,-0.28525835275650024,0.054519202560186386,-0.050994373857975006,0.027818750590085983,1.0
6,dependent,0.05361122265458107,0.2842503786087036,0.05361122265458107,0.050312407314777374,0.04126831889152527,1.0
6,valiant,-0.05327393114566803,-0.13383573293685913,0.05327393114566803,-0.0496949777007103,0.044660117477178574,1.0
6,hurt,0.052732642740011215,0.28439149260520935,0.052732642740011215,0.04943251609802246,0.029400119557976723,1.0
6,invigorated,0.05204019322991371,-0.044203490018844604,0.05204019322991371,0.04856505244970322,0.00394577719271183,1.0
6,panicked,-0.05169927701354027,0.2254660427570343,0.05169927701354027,-0.04757938161492348,0.013641886413097382,1.0
6,resentful,-0.05066292732954025,0.25387251377105713,0.05066292732954025,-0.04844333603978157,0.023857319727540016,1.0
6,stuck,-0.05001514032483101,-0.27999749779701233,0.05001514032483101,-0.04601386934518814,0.021475985646247864,1.0
6,humiliated,0.049237627536058426,-0.15764804184436798,0.049237627536058426,0.0473790168762207,0.01994013413786888,1.0
6,contemptuous,0.04850126430392265,-0.25731825828552246,0.04850126430392265,0.045709237456321716,0.023233413696289062,1.0
6,tired,-0.047158628702163696,0.25801026821136475,0.047158628702163696,-0.04481160640716553,0.029900550842285156,0.800000011920929
6,lazy,0.047006282955408096,0.2810136079788208,0.047006282955408096,0.04308144003152847,0.04000568017363548,1.0
6,enthusiastic,-0.04612860083580017,0.24303793907165527,0.04612860083580017,-0.04366011545062065,0.015402496792376041,1.0
6,thankful,-0.04603232070803642,-0.282124400138855,0.04603232070803642,-0.04338771849870682,0.014397243037819862,1.0
6,rattled,0.0458819754421711,0.20899729430675507,0.0458819754421711,0.04160819202661514,0.03274054080247879,1.0
6,dumbstruck,-0.04558075591921806,-0.2826598584651947,0.04558075591921806,-0.041946202516555786,0.030523501336574554,1.0
6,droopy,-0.04535519331693649,0.2449217438697815,0.04535519331693649,-0.042589571326971054,0.017152894288301468,1.0
6,vibrant,0.045230597257614136,-0.2580021023750305,0.045230597257614136,0.04305533319711685,0.042489245533943176,0.800000011920929
6,scornful,-0.044154901057481766,-0.2820962369441986,0.044154901057481766,-0.04070647805929184,0.021305397152900696,1.0
6,troubled,-0.04215900972485542,-0.2816128432750702,0.04215900972485542,-0.038337040692567825,0.03530275076627731,0.800000011920929
6,disoriented,-0.04161650687456131,-0.2797986567020416,0.04161650687456131,-0.036805786192417145,0.04634968936443329,0.800000011920929
6,fulfilled,0.041565876454114914,-0.2517445981502533,0.041565876454114914,0.03995046392083168,0.03161400556564331,0.800000011920929
6,paranoid,0.04141191393136978,-0.23458656668663025,0.04141191393136978,0.0393131747841835,0.016718853265047073,1.0
6,rejuvenated,0.03858034685254097,0.2802637815475464,0.03858034685254097,0.03568677604198456,0.0384405180811882,0.800000011920929
6,outraged,-0.03829176351428032,0.1555376499891281,0.03829176351428032,-0.035331547260284424,0.018409019336104393,1.0
6,sleepy,0.03811424970626831,0.2802869379520416,0.03811424970626831,0.03584123030304909,0.031175531446933746,1.0
6,amused,-0.03789803758263588,-0.27996352314949036,0.03789803758263588,-0.03558994457125664,0.03576038032770157,0.800000011920929
6,reflective,0.037848178297281265,-0.2466225028038025,0.037848178297281265,0.036031585186719894,0.01158503070473671,1.0
6,self-critical,0.03710365295410156,-0.2578355669975281,0.03710365295410156,0.03494950383901596,0.03368861600756645,0.800000011920929
6,remorseful,0.036790795624256134,0.2499239444732666,0.036790795624256134,0.034309644252061844,0.034910064190626144,0.800000011920929
6,brooding,-0.03675165772438049,0.2616257965564728,0.03675165772438049,-0.03489428013563156,0.0336453840136528,0.800000011920929
6,trapped,0.03555576875805855,-0.25391170382499695,0.03555576875805855,0.03312385827302933,0.007719238754361868,1.0
6,pleased,-0.034827690571546555,-0.27967730164527893,0.034827690571546555,-0.03224324434995651,0.027944179251790047,1.0
6,stubborn,-0.034767914563417435,0.2558410167694092,0.034767914563417435,-0.03337112069129944,0.04415382072329521,0.800000011920929
6,melancholy,-0.03414563834667206,-0.2726673483848572,0.03414563834667206,-0.03189120441675186,0.023105885833501816,0.800000011920929
6,vulnerable,-0.033892758190631866,-0.279910147190094,0.033892758190631866,-0.030857261270284653,0.03859380632638931,0.6000000238418579
6,desperate,-0.033465247601270676,0.25522106885910034,0.033465247601270676,-0.030912969261407852,0.02488236129283905,0.800000011920929
6,inspired,0.03330400586128235,0.2392045110464096,0.03330400586128235,0.030812140554189682,0.027790628373622894,0.800000011920929
6,alarmed,-0.031545594334602356,0.24407131969928741,0.031545594334602356,-0.030775094404816628,0.02917814441025257,0.800000011920929
6,afraid,0.031477585434913635,0.032841719686985016,0.031477585434913635,0.02760288491845131,0.021541733294725418,0.800000011920929
6,upset,-0.031210724264383316,0.26073434948921204,0.031210724264383316,-0.029233479872345924,0.019714362919330597,0.800000011920929
6,greedy,0.029972746968269348,-0.019528931006789207,0.029972746968269348,0.02710200846195221,0.02082349918782711,0.800000011920929
6,suspicious,-0.029307924211025238,-0.27561452984809875,0.029307924211025238,-0.026173364371061325,0.024713190272450447,0.800000011920929
6,embarrassed,0.0290883369743824,0.2766478657722473,0.0290883369743824,0.026938429102301598,0.03527688607573509,0.800000011920929
6,thrilled,-0.028324352577328682,-0.2764968276023865,0.028324352577328682,-0.026195883750915527,0.03566644713282585,0.800000011920929
6,mystified,-0.027945591136813164,-0.2790197730064392,0.027945591136813164,-0.025774231180548668,0.030056603252887726,0.800000011920929
6,alert,-0.027119789272546768,-0.27380040287971497,0.027119789272546768,-0.02480938658118248,0.025818759575486183,0.800000011920929
6,sensitive,0.02605103887617588,0.2687795162200928,0.02605103887617588,0.023323165252804756,0.03054960072040558,0.800000011920929
6,exasperated,0.025847477838397026,0.27324163913726807,0.025847477838397026,0.022476840764284134,0.03603001683950424,0.800000011920929
6,disturbed,-0.02544158697128296,-0.26810282468795776,0.02544158697128296,-0.020699704065918922,0.046766720712184906,0.800000011920929
6,hope,0.025341270491480827,0.26628580689430237,0.025341270491480827,0.022110825404524803,0.04434407874941826,0.800000011920929
6,playful,0.025125164538621902,-0.26475220918655396,0.025125164538621902,0.024012070149183273,0.039895087480545044,0.800000011920929
6,overwhelmed,0.02436091937124729,0.2774457335472107,0.02436091937124729,0.02268882468342781,0.03291081264615059,0.800000011920929
6,hopeful,0.0241696760058403,-0.26334813237190247,0.0241696760058403,0.022473854944109917,0.038233838975429535,0.800000011920929
6,mortified,0.02336684614419937,-0.19711428880691528,0.02336684614419937,0.022094393149018288,0.010493600741028786,1.0
6,proud,-0.023239975795149803,0.2525297701358795,0.023239975795149803,-0.021788889542222023,0.020397616550326347,0.800000011920929
6,vigilant,0.022936349734663963,0.27307888865470886,0.022936349734663963,0.02150150202214718,0.03229617699980736,0.6000000238418579
6,guilty,-0.02198428101837635,0.25045281648635864,0.02198428101837635,-0.01957486942410469,0.015951652079820633,0.800000011920929
6,offended,-0.020830601453781128,-0.2771141529083252,0.020830601453781128,-0.01780300959944725,0.04354729503393173,0.6000000238418579
6,indifferent,-0.020163519307971,0.2561294138431549,0.020163519307971,-0.01840859092772007,0.010075502097606659,1.0
6,stressed,-0.019778607413172722,-0.27674996852874756,0.019778607413172722,-0.017591683194041252,0.03120533749461174,0.6000000238418579
6,sad,-0.01853935606777668,0.24148410558700562,0.01853935606777668,-0.018482260406017303,0.01877680793404579,0.6000000238418579
6,joyful,0.01838921383023262,-0.2668290436267853,0.01838921383023262,0.01754877343773842,0.040140196681022644,0.800000011920929
6,loving,-0.018124109134078026,-0.26071181893348694,0.018124109134078026,-0.016948802396655083,0.031165489926934242,0.6000000238418579
6,excited,0.017963528633117676,0.2698119580745697,0.017963528633117676,0.015680845826864243,0.030052553862333298,0.6000000238418579
6,enraged,-0.017371004447340965,0.21992793679237366,0.017371004447340965,-0.015081209130585194,0.016407877206802368,0.800000011920929
6,scared,0.017321253195405006,-0.2579250931739807,0.017321253195405006,0.01805880293250084,0.052807558327913284,0.800000011920929
6,restless,0.01622253842651844,0.24265924096107483,0.01622253842651844,0.015418440103530884,0.010223910212516785,0.800000011920929
6,bitter,0.015190606005489826,0.27518001198768616,0.015190606005489826,0.013681715354323387,0.031086720526218414,0.6000000238418579
6,awestruck,-0.01494444441050291,0.2683292031288147,0.01494444441050291,-0.014459073543548584,0.034582171589136124,0.800000011920929
6,nostalgic,0.014043740928173065,0.27530741691589355,0.014043740928173065,0.01226545125246048,0.033565785735845566,0.6000000238418579
6,docile,-0.013994523324072361,0.2654317617416382,0.013994523324072361,-0.013533070683479309,0.0378643237054348,0.800000011920929
6,relieved,0.012802885845303535,0.13772965967655182,0.012802885845303535,0.010560711845755577,0.028770649805665016,0.6000000238418579
6,blissful,0.012791777029633522,-0.26351115107536316,0.012791777029633522,0.011081255041062832,0.01861957088112831,0.800000011920929
6,impatient,0.012274890206754208,0.2590598464012146,0.012274890206754208,0.009949939325451851,0.0352691113948822,0.6000000238418579
6,surprised,-0.011390742845833302,-0.27137231826782227,0.011390742845833302,-0.009108670055866241,0.03993751108646393,0.6000000238418579
6,miserable,-0.011245577596127987,0.2599049210548401,0.011245577596127987,-0.011010533198714256,0.04033758491277695,0.6000000238418579
6,worn out,-0.01116203423589468,0.2637770473957062,0.01116203423589468,-0.010758358053863049,0.021209605038166046,0.800000011920929
6,frightened,0.010965075343847275,-0.26326820254325867,0.010965075343847275,0.011279717087745667,0.04084053263068199,0.800000011920929
6,dispirited,-0.010747275315225124,0.2628651559352875,0.010747275315225124,-0.009953013621270657,0.03479822352528572,0.800000011920929
6,terrified,0.009977985173463821,0.17084896564483643,0.009977985173463821,0.011005359701812267,0.021415140479803085,0.4000000059604645
6,jubilant,-0.009438351728022099,0.2675807774066925,0.009438351728022099,-0.009711389429867268,0.03118390589952469,0.800000011920929
6,obstinate,0.009214340709149837,0.2735272943973541,0.009214340709149837,0.008257064037024975,0.033800654113292694,0.4000000059604645
6,horrified,-0.009123137220740318,0.2695651948451996,0.009123137220740318,-0.009083203971385956,0.02193283662199974,0.6000000238418579
6,ecstatic,0.00908601377159357,-0.16291728615760803,0.00908601377159357,0.007730965502560139,0.02187720499932766,0.6000000238418579
6,vengeful,-0.006683086510747671,0.2615955173969269,0.006683086510747671,-0.0064277141354978085,0.0331464484333992,0.800000011920929
6,bored,-0.006418992765247822,0.2689887583255768,0.006418992765247822,-0.006611082702875137,0.04395303130149841,0.800000011920929
6,furious,0.006408322602510452,-0.2689322233200073,0.006408322602510452,0.00640617311000824,0.03588665649294853,0.800000011920929
6,anxious,0.005845661740750074,0.18660570681095123,0.005845661740750074,0.007375006563961506,0.031463127583265305,0.6000000238418579
6,sullen,-0.0056586917489767075,-0.2708166539669037,0.0056586917489767075,-0.004199291579425335,0.03506230190396309,0.6000000238418579
6,worried,-0.00561357568949461,0.26634734869003296,0.00561357568949461,-0.004722819663584232,0.0175239946693182,0.4000000059604645
6,optimistic,0.005546592641621828,-0.2678702175617218,0.005546592641621828,0.005078067071735859,0.03757800906896591,0.800000011920929
6,unhappy,-0.00550886383280158,-0.263073593378067,0.00550886383280158,-0.004854404367506504,0.02018112875521183,0.4000000059604645
6,serene,-0.005387437529861927,0.2667159140110016,0.005387437529861927,-0.004840693436563015,0.034576211124658585,0.800000011920929
6,worthless,0.004303751513361931,0.2688213884830475,0.004303751513361931,0.002401977777481079,0.03757695108652115,0.6000000238418579
6,skeptical,0.004227914847433567,-0.26113471388816833,0.004227914847433567,0.0035899512004107237,0.03200070932507515,0.800000011920929
6,self-confident,0.004219803959131241,-0.27052929997444153,0.004219803959131241,0.004205678589642048,0.034728098660707474,0.800000011920929
6,nervous,0.003248251508921385,-0.06060734763741493,0.003248251508921385,0.0037380207795649767,0.013668459840118885,0.6000000238418579
6,grateful,-0.002905670553445816,0.26900434494018555,0.002905670553445816,-0.004297670442610979,0.038407307118177414,0.6000000238418579
6,puzzled,0.002723765093833208,-0.26630571484565735,0.002723765093833208,0.003608157392591238,0.046494532376527786,0.6000000238418579
6,safe,-0.002476657973602414,-0.08782387524843216,0.002476657973602414,-0.0016214490169659257,0.00896099116653204,0.6000000238418579
6,mad,-0.0024656665045768023,0.26189643144607544,0.0024656665045768023,-0.002988566178828478,0.015403134748339653,0.6000000238418579
6,triumphant,0.0021168668754398823,-0.2614448070526123,0.0021168668754398823,0.0017441943055018783,0.03620561212301254,0.6000000238418579
6,happy,-0.001072599901817739,-0.272052139043808,0.001072599901817739,-0.00012478046119213104,0.03239574283361435,0.6000000238418579
6,shocked,0.0005559113342314959,-0.2704288363456726,0.0005559113342314959,0.001864379970356822,0.04957243800163269,0.6000000238418579
6,regretful,-0.0002640077145770192,0.26834550499916077,0.0002640077145770192,-0.001437366008758545,0.0497746504843235,0.6000000238418579
6,energized,-9.489231160841882e-05,-0.2711198031902313,9.489231160841882e-05,0.000577950500883162,0.01904805563390255,0.6000000238418579
7,irritated,-0.2115325927734375,-0.38994836807250977,0.2115325927734375,-0.19727595150470734,0.021086283028125763,1.0
7,frustrated,-0.20020461082458496,-0.38133949041366577,0.20020461082458496,-0.1868414282798767,0.029218368232250214,1.0
7,at ease,0.18202437460422516,0.27191460132598877,0.18202437460422516,0.1701270341873169,0.021251874044537544,1.0
7,disdainful,0.17149092257022858,0.375793993473053,0.17149092257022858,0.16003988683223724,0.014817026443779469,1.0
7,tormented,-0.16909722983837128,0.025987405329942703,0.16909722983837128,-0.15828478336334229,0.00789647363126278,1.0
7,cheerful,0.16596440970897675,0.0787099227309227,0.16596440970897675,0.15524174273014069,0.023432021960616112,1.0
7,perplexed,0.1644473373889923,0.36931803822517395,0.1644473373889923,0.15292741358280182,0.030275100842118263,1.0
7,resigned,-0.16190096735954285,-0.36949998140335083,0.16190096735954285,-0.15081770718097687,0.029893692582845688,1.0
7,insulted,0.160978764295578,0.3671410083770752,0.160978764295578,0.1502678096294403,0.04031119495630264,1.0
7,sorry,0.16030709445476532,0.3674839437007904,0.16030709445476532,0.14965198934078217,0.04203156381845474,1.0
7,on edge,0.16009241342544556,0.3671269416809082,0.16009241342544556,0.14980165660381317,0.0388328842818737,1.0
7,infatuated,0.15758217871189117,-0.13569749891757965,0.15758217871189117,0.14632803201675415,0.021700019016861916,1.0
7,hostile,-0.15676796436309814,-0.3645794093608856,0.15676796436309814,-0.14709344506263733,0.030765609815716743,1.0
7,euphoric,0.15583296120166779,0.2782750725746155,0.15583296120166779,0.14528827369213104,0.02525051310658455,1.0
7,patient,0.15479661524295807,0.36598914861679077,0.15479661524295807,0.14449916779994965,0.033370986580848694,1.0
7,smug,0.15358677506446838,0.36600399017333984,0.15358677506446838,0.1424894630908966,0.01771608553826809,1.0
7,kind,0.15175001323223114,0.36500486731529236,0.15175001323223114,0.141616553068161,0.03548800200223923,1.0
7,annoyed,-0.1517084389925003,-0.3676118552684784,0.1517084389925003,-0.14097750186920166,0.04301690682768822,1.0
7,scornful,-0.14885492622852325,-0.36372247338294983,0.14885492622852325,-0.13884659111499786,0.02474948763847351,1.0
7,troubled,-0.14511694014072418,-0.3621816337108612,0.14511694014072418,-0.13541333377361298,0.03947639465332031,1.0
7,jealous,0.14155206084251404,0.3622806966304779,0.14155206084251404,0.1321193128824234,0.023973029106855392,1.0
7,elated,0.13796383142471313,0.35293450951576233,0.13796383142471313,0.12897837162017822,0.011226747184991837,1.0
7,indignant,-0.1378764510154724,-0.35685455799102783,0.1378764510154724,-0.13018698990345,0.02350158430635929,1.0
7,grumpy,-0.13599374890327454,-0.31007710099220276,0.13599374890327454,-0.1273820996284485,0.01777251809835434,1.0
7,mystified,-0.13413004577159882,-0.3586678206920624,0.13413004577159882,-0.12570784986019135,0.031660545617341995,1.0
7,satisfied,0.13351070880889893,0.31217506527900696,0.13351070880889893,0.12549848854541779,0.02517332322895527,1.0
7,dumbstruck,-0.13281942903995514,-0.35914376378059387,0.13281942903995514,-0.12387692928314209,0.031739406287670135,1.0
7,rejuvenated,0.13051623106002808,0.359264612197876,0.13051623106002808,0.12239648401737213,0.04096081852912903,1.0
7,compassionate,0.127107173204422,0.35481011867523193,0.127107173204422,0.11738741397857666,0.05028124153614044,1.0
7,uneasy,0.1265980750322342,0.3572680950164795,0.1265980750322342,0.11850281804800034,0.035123974084854126,1.0
7,stuck,-0.12607921659946442,-0.3514222800731659,0.12607921659946442,-0.11755432933568954,0.021812185645103455,1.0
7,vulnerable,-0.12364573031663895,-0.3573701083660126,0.12364573031663895,-0.11535787582397461,0.04278295487165451,1.0
7,weary,-0.12165167182683945,-0.14617358148097992,0.12165167182683945,-0.11397631466388702,0.01808036118745804,1.0
7,empathetic,0.1204918920993805,0.3068552017211914,0.1204918920993805,0.11261111497879028,0.039508264511823654,1.0
7,gloomy,-0.12005192041397095,-0.34561702609062195,0.12005192041397095,-0.11205656826496124,0.008584362454712391,1.0
7,dependent,0.11796348541975021,0.3557724356651306,0.11796348541975021,0.11128289997577667,0.043570950627326965,1.0
7,bewildered,-0.11678450554609299,-0.2907174527645111,0.11678450554609299,-0.10817763954401016,0.03959929198026657,1.0
7,irate,0.11607953906059265,0.3526157736778259,0.11607953906059265,0.10833696275949478,0.009988110512495041,1.0
7,angry,-0.1155950203537941,-0.20760220289230347,0.1155950203537941,-0.10721147060394287,0.030855834484100342,1.0
7,hurt,0.11186375468969345,0.3532346189022064,0.11186375468969345,0.1054617315530777,0.03256283700466156,1.0
7,stressed,-0.11167597770690918,-0.352613240480423,0.11167597770690918,-0.10376793146133423,0.03270229697227478,1.0
7,thankful,-0.1111525148153305,-0.3509177565574646,0.1111525148153305,-0.10457829385995865,0.014658327214419842,1.0
7,offended,-0.10947133600711823,-0.35309484601020813,0.10947133600711823,-0.10136780887842178,0.04744516313076019,1.0
7,bitter,0.10894185304641724,0.3524220883846283,0.10894185304641724,0.1018640398979187,0.033141739666461945,1.0
7,grief-stricken,-0.10727407038211823,0.24451816082000732,0.10727407038211823,-0.10114695876836777,0.0338197685778141,1.0
7,melancholy,-0.10696852952241898,-0.34328335523605347,0.10696852952241898,-0.09987957030534744,0.01712222583591938,1.0
7,suspicious,-0.10483886301517487,-0.34957998991012573,0.10483886301517487,-0.0973711758852005,0.018781501799821854,1.0
7,stimulated,0.10413644462823868,0.12636326253414154,0.10413644462823868,0.0975431576371193,0.021427372470498085,1.0
7,pleased,-0.10394906252622604,-0.34985390305519104,0.10394906252622604,-0.09752582013607025,0.02874159626662731,1.0
7,nostalgic,0.1036122515797615,0.35070469975471497,0.1036122515797615,0.09664250910282135,0.034255195409059525,1.0
7,amused,-0.10267775505781174,-0.34951862692832947,0.10267775505781174,-0.09698964655399323,0.03758648782968521,1.0
7,embarrassed,0.10257191956043243,0.34990811347961426,0.10257191956043243,0.09603972733020782,0.041249360889196396,1.0
7,hope,0.10240086913108826,0.34168899059295654,0.10240086913108826,0.09505008161067963,0.04536227509379387,1.0
7,sleepy,0.10131685435771942,0.3487122654914856,0.10131685435771942,0.09582304209470749,0.03404705971479416,1.0
7,delighted,0.10072315484285355,-0.24005362391471863,0.10072315484285355,0.09455126523971558,0.019764166325330734,1.0
7,surprised,-0.09975277632474899,-0.3483528196811676,0.09975277632474899,-0.09278614073991776,0.04281233996152878,1.0
7,disoriented,-0.098643459379673,-0.3480677604675293,0.098643459379673,-0.09088688343763351,0.04281879961490631,1.0
7,amazed,-0.09811330586671829,-0.3232836425304413,0.09811330586671829,-0.09204424917697906,0.020697077736258507,1.0
7,jubilant,0.09709960967302322,0.3479698598384857,0.09709960967302322,0.09066934883594513,0.03399374336004257,1.0
7,sentimental,-0.09617659449577332,-0.28202345967292786,0.09617659449577332,-0.09024439752101898,0.017478514462709427,1.0
7,lazy,0.09518373757600784,0.34523820877075195,0.09518373757600784,0.08896087110042572,0.03887397050857544,1.0
7,eager,-0.09432824701070786,-0.20403653383255005,0.09432824701070786,-0.08689907938241959,0.03444314002990723,1.0
7,sensitive,0.09391419589519501,0.3409261405467987,0.09391419589519501,0.08754292130470276,0.03589761629700661,1.0
7,rattled,0.09361810237169266,0.24856716394424438,0.09361810237169266,0.08693433552980423,0.028717027977108955,1.0
7,refreshed,0.09303514659404755,-0.07361909747123718,0.09303514659404755,0.08636794239282608,0.009670755825936794,1.0
7,ashamed,0.09273556619882584,-0.18850120902061462,0.09273556619882584,0.08624286949634552,0.011571099981665611,1.0
7,overwhelmed,0.09232480823993683,0.34705016016960144,0.09232480823993683,0.08706845343112946,0.03650709241628647,1.0
7,exuberant,0.09222782403230667,-0.2029397338628769,0.09222782403230667,0.08653496205806732,0.00597400963306427,1.0
7,hysterical,0.08952939510345459,0.3018524646759033,0.08952939510345459,0.08467493951320648,0.01914159581065178,1.0
7,vigilant,0.08909156173467636,0.34161049127578735,0.08909156173467636,0.08402259647846222,0.037851955741643906,1.0
7,heartbroken,-0.0886467695236206,0.28142067790031433,0.0886467695236206,-0.08191289007663727,0.04638991132378578,0.800000011920929
7,inspired,0.08851072937250137,0.2896057069301605,0.08851072937250137,0.08258841931819916,0.024822020903229713,1.0
7,excited,0.0867813229560852,0.33752313256263733,0.0867813229560852,0.08026956021785736,0.032149944454431534,1.0
7,distressed,-0.08479370176792145,0.19708795845508575,0.08479370176792145,-0.07935153692960739,0.0340191125869751,1.0
7,spiteful,-0.08178169280290604,0.10738895833492279,0.08178169280290604,-0.07704250514507294,0.04933762177824974,1.0
7,hateful,-0.08161501586437225,0.25352004170417786,0.08161501586437225,-0.07644487917423248,0.029242459684610367,1.0
7,alert,-0.08060848712921143,-0.34012091159820557,0.08060848712921143,-0.07521708309650421,0.02987503819167614,1.0
7,grateful,0.08054350316524506,0.34353017807006836,0.08054350316524506,0.07451517134904861,0.041588958352804184,1.0
7,puzzled,-0.08010682463645935,-0.3414542078971863,0.08010682463645935,-0.07477147877216339,0.0500689260661602,1.0
7,disturbed,-0.07903836667537689,-0.3337758779525757,0.07903836667537689,-0.07168807089328766,0.047678302973508835,0.800000011920929
7,shocked,-0.07875853031873703,-0.3451079726219177,0.07875853031873703,-0.07309233397245407,0.04882413148880005,1.0
7,exasperated,0.0784134492278099,0.3402963876724243,0.0784134492278099,0.07236859202384949,0.03176821395754814,1.0
7,self-confident,-0.07583585381507874,-0.34280654788017273,0.07583585381507874,-0.07130888849496841,0.0386032834649086,1.0
7,self-conscious,0.07582282274961472,0.027078473940491676,0.07582282274961472,0.07100072503089905,0.029042523354291916,1.0
7,furious,-0.07555916160345078,-0.34239116311073303,0.07555916160345078,-0.07092888653278351,0.037629593163728714,1.0
7,remorseful,0.07488741725683212,0.29184940457344055,0.07488741725683212,0.07037238776683807,0.034708257764577866,1.0
7,calm,-0.07467685639858246,-0.034124091267585754,0.07467685639858246,-0.0697043314576149,0.01671603135764599,1.0
7,obstinate,0.07363604009151459,0.342378705739975,0.07363604009151459,0.06896524131298065,0.036033906042575836,1.0
7,sullen,-0.07253161072731018,-0.3412781357765198,0.07253161072731018,-0.06731832027435303,0.03928752988576889,1.0
7,relaxed,-0.07206889986991882,-0.2950440049171448,0.07206889986991882,-0.0693293884396553,0.028531938791275024,1.0
7,thrilled,-0.07071138173341751,-0.3383941352367401,0.07071138173341751,-0.06644830852746964,0.04036326706409454,1.0
7,bored,0.07053922116756439,0.341518372297287,0.07053922116756439,0.0660976991057396,0.04884948581457138,1.0
7,sympathetic,0.06987647712230682,-0.14427703619003296,0.06987647712230682,0.06485272198915482,0.025461848825216293,1.0
7,worthless,0.06978460401296616,0.33766233921051025,0.06978460401296616,0.06405319273471832,0.039060965180397034,1.0
7,horrified,0.069206602871418,0.34134218096733093,0.069206602871418,0.06449977308511734,0.021483851596713066,1.0
7,tense,0.06731831282377243,-0.2612767815589905,0.06731831282377243,0.06294398754835129,0.03751300647854805,0.800000011920929
7,skeptical,-0.06627478450536728,-0.33326950669288635,0.06627478450536728,-0.0627036839723587,0.031011149287223816,1.0
7,unnerved,-0.06506173312664032,0.21183611452579498,0.06506173312664032,-0.0602618083357811,0.022506631910800934,1.0
7,defiant,0.06400023400783539,0.15758714079856873,0.06400023400783539,0.06036067008972168,0.0153535520657897,1.0
7,depressed,-0.0636506900191307,0.19951753318309784,0.0636506900191307,-0.05988134816288948,0.011808318085968494,1.0
7,worried,0.06289499253034592,0.3346618711948395,0.06289499253034592,0.05954955890774727,0.018345193937420845,1.0
7,serene,0.06285206228494644,0.3356953263282776,0.06285206228494644,0.05942872166633606,0.03803516924381256,1.0
7,regretful,0.06051971763372421,0.3372315764427185,0.06051971763372421,0.05613483116030693,0.05387331172823906,0.800000011920929
7,worn out,0.06050529703497887,0.33406734466552734,0.06050529703497887,0.056601632386446,0.02378847450017929,1.0
7,unhappy,-0.05989532545208931,-0.32762426137924194,0.05989532545208931,-0.05615363270044327,0.021927407011389732,1.0
7,awestruck,0.059838682413101196,0.33984434604644775,0.059838682413101196,0.055992670357227325,0.03684893995523453,1.0
7,joyful,-0.05924919247627258,-0.33875688910484314,0.05924919247627258,-0.05571538209915161,0.04091760888695717,1.0
7,energized,-0.05864996090531349,-0.3381674885749817,0.05864996090531349,-0.05469605326652527,0.01953495666384697,1.0
7,happy,-0.05822155997157097,-0.33848831057548523,0.05822155997157097,-0.0539480559527874,0.031497351825237274,1.0
7,indifferent,0.05806427076458931,0.3300805687904358,0.05806427076458931,0.05406596511602402,0.005783572793006897,1.0
7,mad,0.05677362531423569,0.32674670219421387,0.05677362531423569,0.05296352505683899,0.014118746854364872,1.0
7,docile,0.05510964244604111,0.33577966690063477,0.05510964244604111,0.051755595952272415,0.04321543127298355,1.0
7,loving,-0.05492274835705757,-0.31187474727630615,0.05492274835705757,-0.052092231810092926,0.025201138108968735,1.0
7,proud,0.054887671023607254,0.3243304491043091,0.054887671023607254,0.051381297409534454,0.017437128350138664,1.0
7,astonished,-0.054191987961530685,0.13892798125743866,0.054191987961530685,-0.04944681376218796,0.02477511204779148,1.0
7,frightened,-0.05390234664082527,-0.33011358976364136,0.05390234664082527,-0.04978915676474571,0.04169098287820816,0.800000011920929
7,invigorated,0.053298745304346085,-0.029002545401453972,0.053298745304346085,0.04946153610944748,0.008644678629934788,1.0
7,content,0.053284402936697006,-0.25741925835609436,0.053284402936697006,0.05000539496541023,0.03547044098377228,0.800000011920929
7,valiant,-0.05159299075603485,-0.11732929944992065,0.05159299075603485,-0.048815928399562836,0.041342075914144516,1.0
7,scared,-0.05076570808887482,-0.3282748758792877,0.05076570808887482,-0.04664188623428345,0.051990214735269547,0.800000011920929
7,lonely,-0.050597790628671646,0.2877090871334076,0.050597790628671646,-0.04747195541858673,0.05089917778968811,0.800000011920929
7,afraid,0.05049747973680496,0.06114429607987404,0.05049747973680496,0.04557007551193237,0.020177695900201797,1.0
7,optimistic,-0.04546678438782692,-0.3312813639640808,0.04546678438782692,-0.04338561370968819,0.03971809148788452,0.800000011920929
7,playful,-0.04411032050848007,-0.33465084433555603,0.04411032050848007,-0.04141814261674881,0.03896355628967285,0.800000011920929
7,peaceful,0.04288221895694733,-0.2580473721027374,0.04288221895694733,0.040831565856933594,0.01684955134987831,1.0
7,outraged,-0.04215722158551216,0.15065628290176392,0.04215722158551216,-0.039460163563489914,0.01348070241510868,1.0
7,impatient,0.041966184973716736,0.3031670153141022,0.041966184973716736,0.038324739784002304,0.03500285744667053,0.800000011920929
7,triumphant,-0.039477620273828506,-0.3201797306537628,0.039477620273828506,-0.03772810846567154,0.04237936809659004,0.800000011920929
7,dispirited,0.03933365270495415,0.32687798142433167,0.03933365270495415,0.03745706379413605,0.03346940875053406,0.800000011920929
7,listless,-0.038752492517232895,0.2828901708126068,0.038752492517232895,-0.03498038649559021,0.017020350322127342,1.0
7,miserable,0.03854118287563324,0.3226340115070343,0.03854118287563324,0.03660820797085762,0.03401182219386101,1.0
7,vengeful,0.03839247301220894,0.32163676619529724,0.03839247301220894,0.036049552261829376,0.03408704325556755,1.0
7,envious,0.03646435588598251,-0.16185547411441803,0.03646435588598251,0.03380032628774643,0.012807628139853477,1.0
7,relieved,0.03503688797354698,0.1390358954668045,0.03503688797354698,0.03149942308664322,0.033463507890701294,0.800000011920929
7,enthusiastic,0.03269010782241821,0.31046009063720703,0.03269010782241821,0.02980153262615204,0.018443938344717026,1.0
7,blissful,-0.031453996896743774,-0.3246212601661682,0.031453996896743774,-0.030555730685591698,0.01826445385813713,1.0
7,vibrant,-0.02941337414085865,-0.32839399576187134,0.02941337414085865,-0.02768154814839363,0.0432010255753994,0.6000000238418579
7,contemptuous,-0.028223412111401558,-0.3272242546081543,0.028223412111401558,-0.026332642883062363,0.0223282091319561,1.0
7,greedy,0.026935841888189316,-0.01574249565601349,0.026935841888189316,0.02498498745262623,0.020063411444425583,0.800000011920929
7,reflective,-0.026460731402039528,-0.3115108609199524,0.026460731402039528,-0.02371382713317871,0.017672168090939522,0.800000011920929
7,desperate,0.026331424713134766,0.32083025574684143,0.026331424713134766,0.02552093006670475,0.028480960056185722,0.800000011920929
7,upset,0.02603708952665329,0.3250930607318878,0.02603708952665329,0.02464206889271736,0.020005619153380394,1.0
7,ecstatic,0.025777427479624748,-0.14397010207176208,0.025777427479624748,0.022997219115495682,0.026566660031676292,0.800000011920929
7,disgusted,-0.023803330957889557,0.3090750277042389,0.023803330957889557,-0.022909585386514664,0.04102259501814842,0.800000011920929
7,sad,0.02363518625497818,0.2957293391227722,0.02363518625497818,0.0211532860994339,0.019668743014335632,0.800000011920929
7,brooding,0.022783450782299042,0.3274472653865814,0.022783450782299042,0.021384214982390404,0.03658825159072876,0.6000000238418579
7,shaken,0.022150855511426926,-0.0060019041411578655,0.022150855511426926,0.021627668291330338,0.018837135285139084,1.0
7,trapped,-0.021517103537917137,-0.3165028393268585,0.021517103537917137,-0.019893940538167953,0.005396833643317223,1.0
7,sluggish,-0.02140084281563759,0.30381157994270325,0.02140084281563759,-0.0196964293718338,0.039954423904418945,0.800000011920929
7,aroused,0.018353823572397232,-0.31464555859565735,0.018353823572397232,0.018169429153203964,0.03574254736304283,0.800000011920929
7,panicked,-0.016296081244945526,0.2690463960170746,0.016296081244945526,-0.013771089725196362,0.02017122693359852,0.6000000238418579
7,nervous,-0.016182471066713333,-0.051433030515909195,0.016182471066713333,-0.014765320345759392,0.01126783061772585,1.0
7,resentful,-0.015138487331569195,0.31086575984954834,0.015138487331569195,-0.0150792570784688,0.024273063987493515,0.6000000238418579
7,unsettled,0.014773797243833542,0.3205485939979553,0.014773797243833542,0.013266225345432758,0.023639965802431107,0.6000000238418579
7,paranoid,-0.01300490740686655,-0.2926899790763855,0.01300490740686655,-0.01202587503939867,0.014584693126380444,0.800000011920929
7,enraged,-0.012775525450706482,0.23973436653614044,0.012775525450706482,-0.011304927989840508,0.01849362440407276,0.800000011920929
7,droopy,-0.01253180205821991,0.2970956265926361,0.01253180205821991,-0.011857657693326473,0.015262658707797527,0.800000011920929
7,guilty,0.01081522274762392,0.29825326800346375,0.01081522274762392,0.011004000902175903,0.016887057572603226,0.6000000238418579
7,fulfilled,-0.009934084489941597,-0.3145231306552887,0.009934084489941597,-0.008918533101677895,0.029717853292822838,0.6000000238418579
7,hopeful,-0.009721774607896805,-0.32187211513519287,0.009721774607896805,-0.009747691452503204,0.03912103548645973,0.4000000059604645
7,anxious,0.009194008074700832,0.19181928038597107,0.009194008074700832,0.009959651157259941,0.03319026157259941,0.6000000238418579
7,vindictive,-0.008728165179491043,0.314322292804718,0.008728165179491043,-0.009004460647702217,0.030598362907767296,0.6000000238418579
7,self-critical,-0.007093515712767839,-0.3192821741104126,0.007093515712767839,-0.006942909210920334,0.032253265380859375,0.6000000238418579
7,restless,0.006016427651047707,0.26430416107177734,0.006016427651047707,0.005784003995358944,0.013962777331471443,0.6000000238418579
7,tired,0.005738076753914356,0.3218395709991455,0.005738076753914356,0.005082076881080866,0.028551334515213966,0.4000000059604645
7,terrified,0.0042191073298454285,0.1760597676038742,0.0042191073298454285,0.0053675491362810135,0.02094639278948307,0.4000000059604645
7,stubborn,0.0028763627633452415,0.3123885989189148,0.0028763627633452415,0.0021242641378194094,0.04643811658024788,0.4000000059604645
7,alarmed,0.0025329231284558773,0.29252979159355164,0.0025329231284558773,0.001656989799812436,0.025423530489206314,0.4000000059604645
7,humiliated,-0.0019696990493685007,-0.19733913242816925,0.0019696990493685007,-0.0005327913677319884,0.02178232930600643,0.4000000059604645
7,safe,-0.0013261588755995035,-0.09043845534324646,0.0013261588755995035,-0.000458921684185043,0.015404676087200642,0.4000000059604645
7,mortified,0.001181151601485908,-0.21257437765598297,0.001181151601485908,0.0014450993621721864,0.011287619359791279,0.6000000238418579
8,infatuated,0.21355657279491425,0.008339273743331432,0.21355657279491425,0.19762390851974487,0.021883871406316757,1.0
8,irritated,-0.19482320547103882,-0.3296753168106079,0.19482320547103882,-0.18081273138523102,0.013662158511579037,1.0
8,at ease,0.19371497631072998,0.25348082184791565,0.19371497631072998,0.17972223460674286,0.02413947694003582,1.0
8,tormented,-0.18610399961471558,-0.03460124135017395,0.18610399961471558,-0.17300939559936523,0.007536710239946842,1.0
8,resigned,-0.18226337432861328,-0.3257499933242798,0.18226337432861328,-0.1687348186969757,0.0266231968998909,1.0
8,frustrated,-0.17019294202327728,-0.3177312910556793,0.17019294202327728,-0.1579086184501648,0.026249811053276062,1.0
8,disdainful,0.169631227850914,0.32256701588630676,0.169631227850914,0.15742549300193787,0.01591457985341549,1.0
8,perplexed,0.1619858592748642,0.314529150724411,0.1619858592748642,0.14961539208889008,0.0269322469830513,1.0
8,on edge,0.15434370934963226,0.31062665581703186,0.15434370934963226,0.14355328679084778,0.03759538754820824,1.0
8,kind,0.15424157679080963,0.31124216318130493,0.15424157679080963,0.14298394322395325,0.03150690346956253,1.0
8,euphoric,0.14877960085868835,0.20876125991344452,0.14877960085868835,0.13823525607585907,0.027451634407043457,1.0
8,weary,-0.14849519729614258,-0.15933088958263397,0.14849519729614258,-0.13827091455459595,0.01577707752585411,1.0
8,insulted,0.14828217029571533,0.30797043442726135,0.14828217029571533,0.13740119338035583,0.034541431814432144,1.0
8,empathetic,0.1474490910768509,0.2773587107658386,0.1474490910768509,0.13703201711177826,0.037429869174957275,1.0
8,smug,0.14442072808742523,0.30801135301589966,0.14442072808742523,0.1330064982175827,0.019387438893318176,1.0
8,annoyed,-0.14295294880867004,-0.3095955550670624,0.14295294880867004,-0.13226088881492615,0.043136175721883774,1.0
8,patient,0.14124929904937744,0.30554139614105225,0.14124929904937744,0.13111475110054016,0.02944633550941944,1.0
8,compassionate,0.14042314887046814,0.30705350637435913,0.14042314887046814,0.1290583312511444,0.04999736323952675,1.0
8,rattled,0.13637025654315948,0.24698394536972046,0.13637025654315948,0.1260230541229248,0.023429561406373978,1.0
8,stuck,-0.1335422545671463,-0.2987266778945923,0.1335422545671463,-0.12348790466785431,0.015855567529797554,1.0
8,ashamed,0.1334713250398636,-0.07416698336601257,0.1334713250398636,0.12357161939144135,0.009511965326964855,1.0
8,elated,0.1307273805141449,0.294027715921402,0.1307273805141449,0.12146104872226715,0.011923043057322502,1.0
8,sorry,0.1287412792444229,0.3020888864994049,0.1287412792444229,0.11958076059818268,0.03913483768701553,1.0
8,bewildered,-0.1283620148897171,-0.2509602904319763,0.1283620148897171,-0.11829879134893417,0.040876444429159164,1.0
8,gloomy,-0.12753471732139587,-0.29554805159568787,0.12753471732139587,-0.11825986206531525,0.006455772090703249,1.0
8,troubled,-0.12080609798431396,-0.2979121208190918,0.12080609798431396,-0.112168088555336,0.03218826651573181,1.0
8,scornful,-0.12077156454324722,-0.29886507987976074,0.12077156454324722,-0.11203022301197052,0.022036997601389885,1.0
8,uneasy,0.11977304518222809,0.2981046736240387,0.11977304518222809,0.11169930547475815,0.02784331701695919,1.0
8,cheerful,0.11911334097385406,0.004536248743534088,0.11911334097385406,0.11107182502746582,0.02648148126900196,1.0
8,irate,0.1189318373799324,0.2973242700099945,0.1189318373799324,0.11000905185937881,0.012825907208025455,1.0
8,grief-stricken,-0.11655527353286743,0.1619611233472824,0.11655527353286743,-0.10898228734731674,0.03161110356450081,1.0
8,dumbstruck,-0.1149812862277031,-0.2966465950012207,0.1149812862277031,-0.10647597163915634,0.03138442710042,1.0
8,melancholy,-0.11496929824352264,-0.28984183073043823,0.11496929824352264,-0.10637948662042618,0.016120025888085365,1.0
8,distressed,-0.11485470086336136,0.0981467217206955,0.11485470086336136,-0.1063813790678978,0.032554950565099716,1.0
8,refreshed,0.1120360866189003,-0.01609545201063156,0.1120360866189003,0.10369366407394409,0.010918805375695229,1.0
8,vulnerable,-0.11168628185987473,-0.29664111137390137,0.11168628185987473,-0.10340088605880737,0.03923410177230835,1.0
8,suspicious,-0.1115000769495964,-0.2951047420501709,0.1115000769495964,-0.10275787115097046,0.020411550998687744,1.0
8,angry,-0.11095788329839706,-0.1524648368358612,0.11095788329839706,-0.10252761840820312,0.03247053176164627,1.0
8,spiteful,-0.11028745770454407,0.021231383085250854,0.11028745770454407,-0.10292824357748032,0.05040006339550018,1.0
8,hostile,-0.10802730917930603,-0.29306256771087646,0.10802730917930603,-0.10119190067052841,0.029858533293008804,1.0
8,jealous,0.10800500959157944,0.2918516993522644,0.10800500959157944,0.10030493885278702,0.019938787445425987,1.0
8,hope,0.1056356281042099,0.28493887186050415,0.1056356281042099,0.09753148257732391,0.04650306701660156,1.0
8,satisfied,0.10529845207929611,0.2253417670726776,0.10529845207929611,0.09826014935970306,0.028036337345838547,1.0
8,amazed,-0.1048247218132019,-0.26877477765083313,0.1048247218132019,-0.09809355437755585,0.021431023254990578,1.0
8,heartbroken,-0.10410062968730927,0.20576664805412292,0.10410062968730927,-0.09609546512365341,0.041476182639598846,1.0
8,dependent,0.10368526726961136,0.293287992477417,0.10368526726961136,0.09736748039722443,0.039503298699855804,1.0
8,mystified,-0.10230757296085358,-0.29193204641342163,0.10230757296085358,-0.09543295204639435,0.027891594916582108,1.0
8,eager,-0.10049555450677872,-0.18447186052799225,0.10049555450677872,-0.0923536941409111,0.04220036789774895,1.0
8,sensitive,0.10041534900665283,0.28615105152130127,0.10041534900665283,0.09291625022888184,0.03431406244635582,1.0
8,grumpy,-0.10040915012359619,-0.22939597070217133,0.10040915012359619,-0.0937860980629921,0.02921184152364731,1.0
8,rejuvenated,0.09926948696374893,0.29114463925361633,0.09926948696374893,0.09280075132846832,0.03681577742099762,1.0
8,bitter,0.09813748300075531,0.2912349998950958,0.09813748300075531,0.09116804599761963,0.02777545526623726,1.0
8,surprised,-0.09636694937944412,-0.2890760004520416,0.09636694937944412,-0.08904749900102615,0.03674482926726341,1.0
8,disoriented,-0.09596410393714905,-0.2890416085720062,0.09596410393714905,-0.08786629140377045,0.04213850572705269,1.0
8,hysterical,0.09472893923521042,0.2531987428665161,0.09472893923521042,0.08912833034992218,0.017602989450097084,1.0
8,indignant,-0.09337840974330902,-0.2773936986923218,0.09337840974330902,-0.08842203766107559,0.028828712180256844,1.0
8,offended,-0.09149602800607681,-0.28970280289649963,0.09149602800607681,-0.08402474224567413,0.04180188477039337,1.0
8,sentimental,-0.0893784910440445,-0.22270002961158752,0.0893784910440445,-0.08319026231765747,0.02017662487924099,1.0
8,puzzled,-0.08777374029159546,-0.2864798903465271,0.08777374029159546,-0.08127839863300323,0.046627409756183624,1.0
8,grateful,0.08709446340799332,0.2870001792907715,0.08709446340799332,0.07992134988307953,0.03894098475575447,1.0
8,delighted,0.08548659831285477,-0.18145832419395447,0.08548659831285477,0.08028104901313782,0.016235195100307465,1.0
8,stressed,-0.08462975919246674,-0.2862362563610077,0.08462975919246674,-0.07791630923748016,0.02636987715959549,1.0
8,hateful,-0.08332127332687378,0.17521505057811737,0.08332127332687378,-0.07742595672607422,0.025317266583442688,1.0
8,disturbed,-0.08217328786849976,-0.2772073447704315,0.08217328786849976,-0.07400994002819061,0.04859596863389015,0.800000011920929
8,lazy,0.08070041239261627,0.27984869480133057,0.08070041239261627,0.07499005645513535,0.03278127312660217,1.0
8,exasperated,0.08035622537136078,0.28234878182411194,0.08035622537136078,0.07370589673519135,0.03013955056667328,1.0
8,stimulated,0.07911791652441025,0.07986531406641006,0.07911791652441025,0.07410885393619537,0.023643942549824715,1.0
8,unnerved,-0.07876279950141907,0.13451141119003296,0.07876279950141907,-0.07278722524642944,0.0274619460105896,1.0
8,jubilant,0.07794370502233505,0.28220120072364807,0.07794370502233505,0.0724921002984047,0.03030472621321678,1.0
8,hurt,0.07703734189271927,0.28210002183914185,0.07703734189271927,0.07245130836963654,0.03008226491510868,1.0
8,pleased,-0.07582513242959976,-0.281352698802948,0.07582513242959976,-0.07102885842323303,0.0232278760522604,1.0
8,depressed,-0.07536454498767853,0.11513829976320267,0.07536454498767853,-0.07047300040721893,0.011207161471247673,1.0
8,inspired,0.07336965203285217,0.20260737836360931,0.07336965203285217,0.06801008433103561,0.024042416363954544,1.0
8,excited,0.07308811694383621,0.27053430676460266,0.07308811694383621,0.06717739999294281,0.03418167680501938,1.0
8,nostalgic,0.07288474589586258,0.2824796438217163,0.07288474589586258,0.06742199510335922,0.02774219773709774,1.0
8,defiant,0.07115047425031662,0.13074973225593567,0.07115047425031662,0.066925048828125,0.02264079637825489,1.0
8,self-conscious,0.07082553207874298,0.032528284937143326,0.07082553207874298,0.06631047278642654,0.03489053621888161,1.0
8,thankful,-0.07079344242811203,-0.2778620719909668,0.07079344242811203,-0.06706049293279648,0.019069284200668335,1.0
8,listless,-0.0698932483792305,0.20026743412017822,0.0698932483792305,-0.06344277411699295,0.017582418397068977,1.0
8,embarrassed,0.06719716638326645,0.2772619128227234,0.06719716638326645,0.06265013664960861,0.038144733756780624,1.0
8,alert,-0.06690219789743423,-0.27425703406333923,0.06690219789743423,-0.06188535690307617,0.03159688040614128,1.0
8,droopy,-0.06651567667722702,0.20328134298324585,0.06651567667722702,-0.06197177246212959,0.013748086988925934,1.0
8,remorseful,0.06469444185495377,0.2205151617527008,0.06469444185495377,0.060500454157590866,0.03495560958981514,1.0
8,sympathetic,0.06394651532173157,-0.09817966818809509,0.06394651532173157,0.05879829078912735,0.022143341600894928,1.0
8,greedy,0.06356830894947052,0.01897791214287281,0.06356830894947052,0.05900055170059204,0.019543491303920746,1.0
8,afraid,0.06262581795454025,0.0880129337310791,0.06262581795454025,0.056379534304142,0.02509664185345173,1.0
8,tense,0.06231790408492088,-0.18853190541267395,0.06231790408492088,0.058113910257816315,0.03364085406064987,0.800000011920929
8,outraged,-0.062052782624959946,0.07100968062877655,0.062052782624959946,-0.05726790428161621,0.010689419694244862,1.0
8,peaceful,0.06086679920554161,-0.17908741533756256,0.06086679920554161,0.05731605738401413,0.016229867935180664,1.0
8,vigilant,0.06038221716880798,0.27038633823394775,0.06038221716880798,0.05685367062687874,0.030265185981988907,1.0
8,proud,0.059527862817049026,0.264336496591568,0.059527862817049026,0.05524376034736633,0.01779072731733322,1.0
8,regretful,0.05951426550745964,0.27709585428237915,0.05951426550745964,0.054775554686784744,0.05030744522809982,0.800000011920929
8,envious,0.05940243974328041,-0.061732180416584015,0.05940243974328041,0.05453683063387871,0.016728796064853668,1.0
8,sleepy,0.05883398279547691,0.27382537722587585,0.05883398279547691,0.05619162321090698,0.030495094135403633,1.0
8,skeptical,-0.058331917971372604,-0.2689691483974457,0.058331917971372604,-0.0547243133187294,0.030776087194681168,1.0
8,overwhelmed,0.058277975767850876,0.2764582335948944,0.058277975767850876,0.055032163858413696,0.03151688352227211,1.0
8,valiant,-0.05793316289782524,-0.09030473977327347,0.05793316289782524,-0.055012576282024384,0.038387034088373184,1.0
8,frightened,-0.05750786140561104,-0.271295428276062,0.05750786140561104,-0.05271610617637634,0.035710327327251434,1.0
8,astonished,-0.05740358307957649,0.09216894954442978,0.05740358307957649,-0.052164651453495026,0.03145407512784004,1.0
8,thrilled,-0.056925587356090546,-0.2725295126438141,0.056925587356090546,-0.05325249955058098,0.038286108523607254,1.0
8,exuberant,0.0569046325981617,-0.16898229718208313,0.0569046325981617,0.05366697162389755,0.010135968215763569,1.0
8,calm,-0.05668346583843231,-0.024707987904548645,0.05668346583843231,-0.05300997570157051,0.015083576552569866,1.0
8,amused,-0.056284498423337936,-0.27315065264701843,0.056284498423337936,-0.05355852097272873,0.03637082502245903,0.800000011920929
8,lonely,-0.05604415759444237,0.21715417504310608,0.05604415759444237,-0.052345674484968185,0.045828741043806076,0.800000011920929
8,scared,-0.05599777773022652,-0.2703276574611664,0.05599777773022652,-0.05143270641565323,0.048936448991298676,0.800000011920929
8,shocked,-0.05558406561613083,-0.2770603895187378,0.05558406561613083,-0.051276642829179764,0.04456939175724983,0.800000011920929
8,indifferent,0.05498931556940079,0.2695694863796234,0.05498931556940079,0.050631582736968994,0.008283084258437157,1.0
8,unhappy,-0.05380353331565857,-0.26414838433265686,0.05380353331565857,-0.05005081370472908,0.018237903714179993,1.0
8,hopeful,0.05279293283820152,-0.23299618065357208,0.05279293283820152,0.04817461222410202,0.03663269802927971,0.800000011920929
8,sullen,-0.051156919449567795,-0.2735395133495331,0.051156919449567795,-0.046976231038570404,0.03194703906774521,1.0
8,obstinate,0.05050506442785263,0.2746540606021881,0.05050506442785263,0.0469915010035038,0.031570371240377426,1.0
8,self-confident,-0.04833129793405533,-0.27351781725883484,0.04833129793405533,-0.04531916603446007,0.03297986835241318,1.0
8,worn out,0.04812491685152054,0.2687959671020508,0.04812491685152054,0.04464711621403694,0.019072841852903366,1.0
8,relieved,0.04797863960266113,0.109845370054245,0.04797863960266113,0.04326082393527031,0.033242467790842056,0.800000011920929
8,restless,-0.047831423580646515,0.15619105100631714,0.047831423580646515,-0.04372713714838028,0.01921733282506466,1.0
8,sluggish,-0.047815509140491486,0.2263181507587433,0.047815509140491486,-0.04374789446592331,0.03415321558713913,0.800000011920929
8,impatient,0.04657900333404541,0.24348469078540802,0.04657900333404541,0.0423392727971077,0.027259869500994682,1.0
8,content,0.04338973015546799,-0.19242775440216064,0.04338973015546799,0.0400659516453743,0.03573098033666611,0.800000011920929
8,worthless,0.04240064322948456,0.2652837634086609,0.04240064322948456,0.038350097835063934,0.03570722043514252,0.800000011920929
8,serene,0.039806414395570755,0.2656605839729309,0.039806414395570755,0.03769452124834061,0.03388655185699463,0.800000011920929
8,reflective,-0.03942030295729637,-0.25699949264526367,0.03942030295729637,-0.035377636551856995,0.020394783467054367,0.800000011920929
8,bored,0.039248593151569366,0.2701817750930786,0.039248593151569366,0.03670778125524521,0.044683389365673065,0.800000011920929
8,relaxed,-0.039050765335559845,-0.2067224234342575,0.039050765335559845,-0.03840591385960579,0.029343891888856888,1.0
8,happy,-0.03895777836441994,-0.2717580497264862,0.03895777836441994,-0.03571058064699173,0.027375178411602974,1.0
8,horrified,0.03857346996665001,0.270732581615448,0.03857346996665001,0.03557293862104416,0.02076704055070877,1.0
8,energized,-0.038150809705257416,-0.2708759307861328,0.038150809705257416,-0.035415083169937134,0.012583138421177864,1.0
8,tired,-0.03738723695278168,0.24123318493366241,0.03738723695278168,-0.034891966730356216,0.02581627294421196,0.800000011920929
8,panicked,-0.03645278140902519,0.18706689774990082,0.03645278140902519,-0.03227303549647331,0.024072423577308655,0.800000011920929
8,furious,-0.03627918288111687,-0.26886850595474243,0.03627918288111687,-0.03419675678014755,0.03294040262699127,0.800000011920929
8,self-critical,0.03591765835881233,-0.23870094120502472,0.03591765835881233,0.032991133630275726,0.025395836681127548,0.800000011920929
8,vengeful,0.032942939549684525,0.25802719593048096,0.032942939549684525,0.03072492405772209,0.027532069012522697,0.800000011920929
8,anxious,-0.031556352972984314,0.09369617700576782,0.031556352972984314,-0.027837807312607765,0.030496126040816307,0.800000011920929
8,aroused,0.031132837757468224,-0.2455402910709381,0.031132837757468224,0.030158335343003273,0.02784530073404312,0.800000011920929
8,joyful,-0.024820197373628616,-0.26579204201698303,0.024820197373628616,-0.02345885895192623,0.03659443184733391,0.800000011920929
8,sad,0.02478591725230217,0.2364904284477234,0.02478591725230217,0.022203337401151657,0.013372602872550488,1.0
8,enraged,-0.02394866570830345,0.17357873916625977,0.02394866570830345,-0.02178305946290493,0.01448060479015112,0.800000011920929
8,fulfilled,-0.02296384423971176,-0.2568431794643402,0.02296384423971176,-0.020901119336485863,0.028540413826704025,0.6000000238418579
8,playful,-0.022869836539030075,-0.26616647839546204,0.022869836539030075,-0.02155495434999466,0.034799475222826004,0.800000011920929
8,contemptuous,-0.02147015370428562,-0.26230522990226746,0.02147015370428562,-0.019795656204223633,0.013297396712005138,1.0
8,brooding,-0.020917510613799095,0.24886301159858704,0.020917510613799095,-0.019020656123757362,0.03141457587480545,0.800000011920929
8,enthusiastic,0.020696165040135384,0.2394692450761795,0.020696165040135384,0.018404478207230568,0.01671680249273777,0.800000011920929
8,docile,0.019365325570106506,0.26059243083000183,0.019365325570106506,0.01827612705528736,0.03955208137631416,0.6000000238418579
8,invigorated,0.019283777102828026,-0.06651413440704346,0.019283777102828026,0.017880897969007492,0.006575583480298519,1.0
8,trapped,-0.019234372302889824,-0.2508920431137085,0.019234372302889824,-0.017299000173807144,0.014707626774907112,0.800000011920929
8,disgusted,-0.019169358536601067,0.24587850272655487,0.019169358536601067,-0.018889611586928368,0.036908723413944244,0.800000011920929
8,worried,0.01895781233906746,0.2572617828845978,0.01895781233906746,0.018284935504198074,0.016685860231518745,0.6000000238418579
8,resentful,-0.018605999648571014,0.245477095246315,0.018605999648571014,-0.018303196877241135,0.02015252597630024,0.800000011920929
8,loving,-0.018158409744501114,-0.22603684663772583,0.018158409744501114,-0.01797143742442131,0.025973880663514137,0.800000011920929
8,nervous,-0.01784212328493595,-0.03993705287575722,0.01784212328493595,-0.016242872923612595,0.015208611264824867,0.800000011920929
8,mortified,0.01751146838068962,-0.1254187375307083,0.01751146838068962,0.01650826260447502,0.011955170892179012,1.0
8,mad,0.017262550070881844,0.24504892528057098,0.017262550070881844,0.016251610592007637,0.018193500116467476,0.800000011920929
8,ecstatic,0.016923485323786736,-0.11004450172185898,0.016923485323786736,0.01471160352230072,0.029651980847120285,0.4000000059604645
8,triumphant,-0.015962351113557816,-0.24253150820732117,0.015962351113557816,-0.01584349386394024,0.04324696213006973,0.4000000059604645
8,guilty,-0.015274039469659328,0.21910108625888824,0.015274039469659328,-0.013309938833117485,0.015079121105372906,0.800000011920929
8,stubborn,-0.014483769424259663,0.24138161540031433,0.014483769424259663,-0.014260554686188698,0.0406939759850502,0.800000011920929
8,vibrant,-0.014168412424623966,-0.26080450415611267,0.014168412424623966,-0.013375225476920605,0.03733436018228531,0.6000000238418579
8,blissful,0.013960598036646843,-0.2428920716047287,0.013960598036646843,0.011897338554263115,0.017549125477671623,0.6000000238418579
8,shaken,0.013793771155178547,-0.0006712473696097732,0.013793771155178547,0.013975359499454498,0.01924207992851734,0.800000011920929
8,humiliated,-0.01350161898881197,-0.16082613170146942,0.01350161898881197,-0.010844093747437,0.02469557151198387,0.4000000059604645
8,dispirited,-0.01121301855891943,0.24169102311134338,0.01121301855891943,-0.009396521374583244,0.0345015823841095,0.800000011920929
8,safe,0.011052191257476807,-0.05126560851931572,0.011052191257476807,0.01104709506034851,0.020536312833428383,0.800000011920929
8,alarmed,-0.009257061406970024,0.22303861379623413,0.009257061406970024,-0.009638790972530842,0.02576247788965702,0.6000000238418579
8,desperate,-0.007145625539124012,0.2423495352268219,0.007145625539124012,-0.00554507365450263,0.02808154933154583,0.800000011920929
8,awestruck,0.007120220456272364,0.2617187798023224,0.007120220456272364,0.006645842455327511,0.032592590898275375,0.6000000238418579
8,paranoid,-0.00680397218093276,-0.22130422294139862,0.00680397218093276,-0.0059397658333182335,0.012495534494519234,0.6000000238418579
8,vindictive,-0.004274723120033741,0.25154271721839905,0.004274723120033741,-0.005078471731394529,0.02876611240208149,0.6000000238418579
8,upset,0.00386778824031353,0.2539600729942322,0.00386778824031353,0.004006568808108568,0.01849578134715557,0.4000000059604645
8,unsettled,0.0033018062822520733,0.25338661670684814,0.0033018062822520733,0.00226088659837842,0.01959978975355625,0.6000000238418579
8,optimistic,-0.001836701761931181,-0.2526310086250305,0.001836701761931181,-0.0028330967761576176,0.037363450974226,0.6000000238418579
8,miserable,-0.0016541320364922285,0.24036702513694763,0.0016541320364922285,-0.0005021154647693038,0.035635653883218765,0.6000000238418579
8,terrified,-0.0014352640137076378,0.1391238421201706,0.0014352640137076378,0.00011145733151352033,0.020849032327532768,0.6000000238418579
9,at ease,0.2147303819656372,0.2747759521007538,0.2147303819656372,0.1989724487066269,0.026491982862353325,1.0
9,resigned,-0.2042021006345749,-0.3959752023220062,0.2042021006345749,-0.1891380250453949,0.01128034945577383,1.0
9,infatuated,0.1926146000623703,0.013364668935537338,0.1926146000623703,0.17767372727394104,0.02247968688607216,1.0
9,tormented,-0.17659448087215424,-0.032072558999061584,0.17659448087215424,-0.16377082467079163,0.007876003161072731,1.0
9,irritated,-0.1753455251455307,-0.36950916051864624,0.1753455251455307,-0.16269567608833313,0.006838105618953705,1.0
9,perplexed,0.1740311086177826,0.3838667571544647,0.1740311086177826,0.16093382239341736,0.01725011318922043,1.0
9,empathetic,0.17367765307426453,0.3214665949344635,0.17367765307426453,0.16124644875526428,0.03132204711437225,1.0
9,kind,0.16829439997673035,0.37958529591560364,0.16829439997673035,0.15604005753993988,0.01994170807301998,1.0
9,frustrated,-0.1679437905550003,-0.3787231743335724,0.1679437905550003,-0.155619814991951,0.011420100927352905,1.0
9,disdainful,0.16738833487033844,0.3771657347679138,0.16738833487033844,0.15515705943107605,0.012942069210112095,1.0
9,smug,0.1671319305896759,0.3696121275424957,0.1671319305896759,0.1542075276374817,0.017423313111066818,1.0
9,insulted,0.16141292452812195,0.37854909896850586,0.16141292452812195,0.1495717465877533,0.01837451383471489,1.0
9,gloomy,-0.15661844611167908,-0.3580634295940399,0.15661844611167908,-0.14504216611385345,0.006961486302316189,1.0
9,annoyed,-0.15426801145076752,-0.3721342384815216,0.15426801145076752,-0.14256952702999115,0.030543304979801178,1.0
9,euphoric,0.15399907529354095,0.2282363474369049,0.15399907529354095,0.1427556574344635,0.021223362535238266,1.0
9,on edge,0.153880774974823,0.37578657269477844,0.153880774974823,0.14303569495677948,0.0203634612262249,1.0
9,weary,-0.15256178379058838,-0.17050109803676605,0.15256178379058838,-0.14154337346553802,0.007165729068219662,1.0
9,patient,0.151621475815773,0.36784493923187256,0.151621475815773,0.14069116115570068,0.01758446730673313,1.0
9,elated,0.15024270117282867,0.34898099303245544,0.15024270117282867,0.13931678235530853,0.011893430724740028,1.0
9,rattled,0.14754141867160797,0.2886391878128052,0.14754141867160797,0.1364467591047287,0.01222913432866335,1.0
9,stuck,-0.14719344675540924,-0.36147037148475647,0.14719344675540924,-0.13639532029628754,0.0060656508430838585,1.0
9,troubled,-0.1442537009716034,-0.3709659278392792,0.1442537009716034,-0.13367930054664612,0.016663309186697006,1.0
9,compassionate,0.14237184822559357,0.3592251241207123,0.14237184822559357,0.13093742728233337,0.035906653851270676,1.0
9,scornful,-0.1415332406759262,-0.36814701557159424,0.1415332406759262,-0.1312440186738968,0.014217562042176723,1.0
9,irate,0.14109186828136444,0.36550039052963257,0.14109186828136444,0.13051331043243408,0.013253016397356987,1.0
9,melancholy,-0.14083194732666016,-0.35202229022979736,0.14083194732666016,-0.1303289383649826,0.010341981425881386,1.0
9,hope,0.13517995178699493,0.3446847200393677,0.13517995178699493,0.12460136413574219,0.03661002591252327,1.0
9,vulnerable,-0.13510741293430328,-0.3693297505378723,0.13510741293430328,-0.1250189244747162,0.022093284875154495,1.0
9,sorry,0.13464151322841644,0.36828625202178955,0.13464151322841644,0.12489034980535507,0.021679040044546127,1.0
9,dumbstruck,-0.13324017822742462,-0.3663114905357361,0.13324017822742462,-0.12366999685764313,0.017081810161471367,1.0
9,hostile,-0.13113465905189514,-0.3654978573322296,0.13113465905189514,-0.12240175157785416,0.016227690503001213,1.0
9,mystified,-0.1269662231206894,-0.3649877607822418,0.1269662231206894,-0.11818711459636688,0.01420123502612114,1.0
9,cheerful,0.1264685094356537,0.007057281211018562,0.1264685094356537,0.11774559319019318,0.02577279694378376,1.0
9,uneasy,0.1262739896774292,0.35808438062667847,0.1262739896774292,0.11775640398263931,0.017516285181045532,1.0
9,bewildered,-0.1243225634098053,-0.25659167766571045,0.1243225634098053,-0.11440892517566681,0.037579428404569626,1.0
9,jealous,0.12423748522996902,0.35772594809532166,0.12423748522996902,0.11531344801187515,0.011902273632586002,1.0
9,suspicious,-0.12295747548341751,-0.3568043112754822,0.12295747548341751,-0.11327388137578964,0.01822030358016491,1.0
9,rejuvenated,0.11988216638565063,0.3595649003982544,0.11988216638565063,0.11173452436923981,0.02108904719352722,1.0
9,ashamed,0.11936569958925247,-0.058862168341875076,0.11936569958925247,0.11039726436138153,0.009264953434467316,1.0
9,hysterical,0.11795973032712936,0.3054555654525757,0.11795973032712936,0.11043884605169296,0.02078639157116413,1.0
9,surprised,-0.11636270582675934,-0.35534578561782837,0.11636270582675934,-0.10761497169733047,0.023167366161942482,1.0
9,bitter,0.11633901298046112,0.36046698689460754,0.11633901298046112,0.1079772487282753,0.01497253030538559,1.0
9,exasperated,0.11545340716838837,0.3528749346733093,0.11545340716838837,0.1064520850777626,0.02243625931441784,1.0
9,dependent,0.11373034864664078,0.356186181306839,0.11373034864664078,0.10638077557086945,0.02508394606411457,1.0
9,puzzled,-0.11006240546703339,-0.35338085889816284,0.11006240546703339,-0.10189051926136017,0.02539031207561493,1.0
9,stressed,-0.10998770594596863,-0.35737621784210205,0.10998770594596863,-0.10166870057582855,0.01060854084789753,1.0
9,offended,-0.10914602875709534,-0.3580748438835144,0.10914602875709534,-0.10059499740600586,0.022330522537231445,1.0
9,satisfied,0.1090812161564827,0.23551562428474426,0.1090812161564827,0.10158540308475494,0.025055650621652603,1.0
9,jubilant,0.10858450084924698,0.3545781373977661,0.10858450084924698,0.10086961090564728,0.010201851837337017,1.0
9,disoriented,-0.10846497863531113,-0.3491117060184479,0.10846497863531113,-0.09954516589641571,0.02751731686294079,1.0
9,grateful,0.10497771203517914,0.35389944911003113,0.10497771203517914,0.09670168161392212,0.02264963462948799,1.0
9,pleased,-0.10245669633150101,-0.3499596416950226,0.10245669633150101,-0.09555961936712265,0.01568715274333954,1.0
9,indignant,-0.10237112641334534,-0.3248347342014313,0.10237112641334534,-0.09656165540218353,0.02927424944937229,1.0
9,nostalgic,0.1021365150809288,0.35458680987358093,0.1021365150809288,0.09480416774749756,0.009103150106966496,1.0
9,sensitive,0.10091136395931244,0.3315426707267761,0.10091136395931244,0.0935405045747757,0.028586681932210922,1.0
9,amazed,-0.09944188594818115,-0.29306766390800476,0.09944188594818115,-0.09267832338809967,0.01478287298232317,1.0
9,disturbed,-0.09926988929510117,-0.3264545798301697,0.09926988929510117,-0.09028258174657822,0.0400550551712513,1.0
9,lazy,0.09795290976762772,0.3417433798313141,0.09795290976762772,0.09109856188297272,0.01510580163449049,1.0
9,refreshed,0.09724296629428864,-0.05295627564191818,0.09724296629428864,0.08973126113414764,0.013434045948088169,1.0
9,hurt,0.09688347578048706,0.34870004653930664,0.09688347578048706,0.09063006192445755,0.021921128034591675,1.0
9,distressed,-0.0955686867237091,0.10917872190475464,0.0955686867237091,-0.08826740086078644,0.027027836069464684,1.0
9,embarrassed,0.09486810863018036,0.34007319808006287,0.09486810863018036,0.0884857326745987,0.020465845242142677,1.0
9,grumpy,-0.0940680056810379,-0.2229323536157608,0.0940680056810379,-0.08770017325878143,0.027082625776529312,1.0
9,inspired,0.09347750246524811,0.22137431800365448,0.09347750246524811,0.08652688562870026,0.018883882090449333,1.0
9,skeptical,-0.08897768706083298,-0.33220791816711426,0.08897768706083298,-0.08305344730615616,0.015788665041327477,1.0
9,sentimental,-0.08700141310691833,-0.22866956889629364,0.08700141310691833,-0.08091723918914795,0.022524351254105568,1.0
9,sullen,-0.08644096553325653,-0.3436650335788727,0.08644096553325653,-0.08010728657245636,0.013812104240059853,1.0
9,unhappy,-0.08620990067720413,-0.3299197554588318,0.08620990067720413,-0.08003813028335571,0.011494342237710953,1.0
9,thankful,-0.08379261195659637,-0.3392774164676666,0.08379261195659637,-0.07862382382154465,0.014069979079067707,1.0
9,heartbroken,-0.08354254066944122,0.24966563284397125,0.08354254066944122,-0.07680098712444305,0.02911018393933773,1.0
9,excited,0.08020267635583878,0.317584365606308,0.08020267635583878,0.07394500821828842,0.022269323468208313,1.0
9,frightened,-0.07981511950492859,-0.33074936270713806,0.07981511950492859,-0.07355982065200806,0.018533391878008842,1.0
9,spiteful,-0.07921216636896133,0.060536839067935944,0.07921216636896133,-0.07400856912136078,0.03983594477176666,1.0
9,defiant,0.07916197925806046,0.1391587257385254,0.07916197925806046,0.07401987910270691,0.028655488044023514,1.0
9,proud,0.07843606919050217,0.316092848777771,0.07843606919050217,0.0725414827466011,0.01229113806039095,1.0
9,delighted,0.07819820195436478,-0.2140413224697113,0.07819820195436478,0.07298889756202698,0.009191629476845264,1.0
9,reflective,-0.07809047400951385,-0.3224664330482483,0.07809047400951385,-0.07159600406885147,0.014767290093004704,1.0
9,overwhelmed,0.07775510102510452,0.3429754972457886,0.07775510102510452,0.07303093373775482,0.017283082008361816,1.0
9,obstinate,0.07695639133453369,0.34369704127311707,0.07695639133453369,0.07154817879199982,0.01738542504608631,1.0
9,worn out,0.07659092545509338,0.33160826563835144,0.07659092545509338,0.07107866555452347,0.004146635066717863,1.0
9,self-confident,-0.07658164203166962,-0.3440312147140503,0.07658164203166962,-0.07150661200284958,0.01837661676108837,1.0
9,vigilant,0.0761512890458107,0.32981857657432556,0.0761512890458107,0.07132808864116669,0.015867743641138077,1.0
9,angry,-0.07594417780637741,-0.09651892632246017,0.07594417780637741,-0.069791279733181,0.0259126964956522,1.0
9,alert,-0.07574832439422607,-0.32667726278305054,0.07574832439422607,-0.06990314275026321,0.02329356223344803,1.0
9,stimulated,0.07564777880907059,0.07674380391836166,0.07564777880907059,0.07073478400707245,0.01804821565747261,1.0
9,shocked,-0.0754438117146492,-0.3409349024295807,0.0754438117146492,-0.069790318608284,0.027219872921705246,1.0
9,horrified,0.07322324067354202,0.3420407176017761,0.07322324067354202,0.0678863599896431,0.007816903293132782,1.0
9,calm,-0.07267310470342636,-0.08348977565765381,0.07267310470342636,-0.06769084185361862,0.015653707087039948,1.0
9,indifferent,0.07255496084690094,0.33228009939193726,0.07255496084690094,0.0667848140001297,0.011383983306586742,1.0
9,sleepy,0.07233693450689316,0.33437466621398926,0.07233693450689316,0.06828881800174713,0.017180172726511955,1.0
9,unnerved,-0.06923960894346237,0.14237792789936066,0.06923960894346237,-0.0639219656586647,0.023321308195590973,1.0
9,eager,-0.06875122338533401,-0.1408262699842453,0.06875122338533401,-0.06296853721141815,0.031521353870630264,1.0
9,regretful,0.06845346093177795,0.3332635164260864,0.06845346093177795,0.0631803423166275,0.03459129109978676,1.0
9,scared,-0.06832624226808548,-0.3255040943622589,0.06832624226808548,-0.06293195486068726,0.03446847200393677,1.0
9,hateful,-0.0674557015299797,0.21136638522148132,0.0674557015299797,-0.062380366027355194,0.013466554693877697,1.0
9,amused,-0.06694452464580536,-0.332724392414093,0.06694452464580536,-0.06320381164550781,0.02581937052309513,1.0
9,grief-stricken,-0.06506003439426422,0.2207113802433014,0.06506003439426422,-0.06089331954717636,0.026041992008686066,1.0
9,afraid,0.06499286741018295,0.08001458644866943,0.06499286741018295,0.05876564234495163,0.019645370543003082,1.0
9,depressed,-0.06255463510751724,0.13250258564949036,0.06255463510751724,-0.05832342058420181,0.005648257676512003,1.0
9,enthusiastic,0.062096964567899704,0.2980799376964569,0.062096964567899704,0.057249635457992554,0.013201367110013962,1.0
9,energized,-0.06132965162396431,-0.33544865250587463,0.06132965162396431,-0.05682743713259697,0.005500131286680698,1.0
9,joyful,-0.0607893168926239,-0.33655914664268494,0.0607893168926239,-0.05696314573287964,0.02038833312690258,1.0
9,restless,-0.05993083491921425,0.16120892763137817,0.05993083491921425,-0.05515894293785095,0.017657136544585228,1.0
9,contemptuous,-0.05932014808058739,-0.33234497904777527,0.05932014808058739,-0.055133700370788574,0.0025441378820687532,1.0
9,furious,-0.057905327528715134,-0.3331116735935211,0.057905327528715134,-0.054322101175785065,0.018051812425255775,1.0
9,bored,0.057643380016088486,0.33338046073913574,0.057643380016088486,0.05378953740000725,0.026571175083518028,1.0
9,thrilled,-0.05731085687875748,-0.3257266879081726,0.05731085687875748,-0.05374164506793022,0.02755589224398136,1.0
9,serene,0.056957539170980453,0.3256092369556427,0.056957539170980453,0.053473036736249924,0.01920761540532112,1.0
9,sad,0.056712113320827484,0.2922051250934601,0.056712113320827484,0.051800597459077835,0.01218439731746912,1.0
9,self-conscious,0.05649378523230553,0.016925405710935593,0.05649378523230553,0.052672285586595535,0.03328283503651619,1.0
9,happy,-0.05648023262619972,-0.3359309732913971,0.05648023262619972,-0.05200833082199097,0.015224563889205456,1.0
9,worthless,0.05529041960835457,0.32012367248535156,0.05529041960835457,0.05047115683555603,0.020380327478051186,1.0
9,playful,-0.05349908396601677,-0.33423376083374023,0.05349908396601677,-0.0499902069568634,0.018922435119748116,1.0
9,remorseful,0.05316271260380745,0.2356344312429428,0.05316271260380745,0.04985392093658447,0.02481674589216709,1.0
9,astonished,-0.052585896104574203,0.09227736294269562,0.052585896104574203,-0.047727473080158234,0.02691139467060566,1.0
9,impatient,0.05220499262213707,0.27782538533210754,0.05220499262213707,0.047981780022382736,0.01796022616326809,1.0
9,droopy,-0.051261868327856064,0.24220320582389832,0.051261868327856064,-0.04759104549884796,0.005660770460963249,1.0
9,envious,0.05110202357172966,-0.08859501034021378,0.05110202357172966,0.046647995710372925,0.014533637091517448,1.0
9,valiant,-0.05037432536482811,-0.08553192764520645,0.05037432536482811,-0.04761328175663948,0.028082052245736122,1.0
9,exuberant,0.049942806363105774,-0.18857517838478088,0.049942806363105774,0.046730149537324905,0.012093317694962025,1.0
9,relieved,0.04972150921821594,0.10568662732839584,0.04972150921821594,0.04522396996617317,0.030272454023361206,0.800000011920929
9,vindictive,0.048989538103342056,0.3274184465408325,0.048989538103342056,0.044745221734046936,0.019276244565844536,1.0
9,trapped,-0.04826218634843826,-0.31116828322410583,0.04826218634843826,-0.04425802826881409,0.015011215582489967,1.0
9,vibrant,-0.04768849164247513,-0.32868459820747375,0.04768849164247513,-0.0446004755795002,0.0191385168582201,1.0
9,vengeful,0.04576021060347557,0.3112604320049286,0.04576021060347557,0.04276949539780617,0.013496180064976215,1.0
9,listless,-0.043727003037929535,0.2381812036037445,0.043727003037929535,-0.03937111049890518,0.015934625640511513,1.0
9,outraged,-0.0432504341006279,0.08832180500030518,0.0432504341006279,-0.03988470882177353,0.005400628317147493,1.0
9,content,0.0421985387802124,-0.22016151249408722,0.0421985387802124,0.03870899975299835,0.028198733925819397,0.800000011920929
9,worried,0.04187261685729027,0.3180871605873108,0.04187261685729027,0.03968385234475136,0.0186768751591444,1.0
9,paranoid,-0.04181086644530296,-0.27000948786735535,0.04181086644530296,-0.038455743342638016,0.004995820112526417,1.0
9,upset,0.04176243767142296,0.3206698000431061,0.04176243767142296,0.039240095764398575,0.0071924952790141106,1.0
9,sympathetic,0.0407756082713604,-0.1244155615568161,0.0407756082713604,0.03693823143839836,0.01963454857468605,1.0
9,greedy,0.03952045366168022,0.0002737992908805609,0.03952045366168022,0.036287806928157806,0.017870018258690834,1.0
9,fulfilled,-0.03887234255671501,-0.31682124733924866,0.03887234255671501,-0.03607187420129776,0.015634575858712196,1.0
9,mad,0.0385102778673172,0.2992756962776184,0.0385102778673172,0.03605857864022255,0.015883998945355415,1.0
9,relaxed,-0.03801560029387474,-0.2268693894147873,0.03801560029387474,-0.03670312836766243,0.022909004241228104,1.0
9,triumphant,-0.03453011065721512,-0.29343295097351074,0.03453011065721512,-0.03267782926559448,0.034764546900987625,0.800000011920929
9,loving,-0.0329209640622139,-0.2643533945083618,0.0329209640622139,-0.0315423384308815,0.019267689436674118,0.800000011920929
9,nervous,-0.032560355961322784,-0.04802633076906204,0.032560355961322784,-0.02995527908205986,0.010673927143216133,1.0
9,resentful,0.03117283619940281,0.316995233297348,0.03117283619940281,0.028193628415465355,0.010491911321878433,1.0
9,docile,0.02876332588493824,0.31556034088134766,0.02876332588493824,0.026955734938383102,0.019924700260162354,1.0
9,anxious,-0.027921728789806366,0.1072857677936554,0.027921728789806366,-0.024608757346868515,0.03191251680254936,0.800000011920929
9,awestruck,0.027714567258954048,0.3229379653930664,0.027714567258954048,0.02582934871315956,0.018326058983802795,0.800000011920929
9,optimistic,-0.026517830789089203,-0.31332236528396606,0.026517830789089203,-0.02570866048336029,0.025633536279201508,0.800000011920929
9,humiliated,-0.025870326906442642,-0.18792113661766052,0.025870326906442642,-0.022635992616415024,0.022299431264400482,1.0
9,guilty,-0.02459832839667797,0.24664339423179626,0.02459832839667797,-0.022022292017936707,0.011166258715093136,1.0
9,unsettled,0.02410903014242649,0.3139091730117798,0.02410903014242649,0.022123996168375015,0.007637655828148127,1.0
9,ecstatic,0.022056959569454193,-0.12079571187496185,0.022056959569454193,0.01964367739856243,0.024957016110420227,0.800000011920929
9,enraged,-0.021394427865743637,0.17452746629714966,0.021394427865743637,-0.01958068646490574,0.015869619324803352,0.800000011920929
9,lonely,-0.020380685105919838,0.2753365635871887,0.020380685105919838,-0.018933210521936417,0.027942055836319923,0.800000011920929
9,peaceful,0.019534090533852577,-0.23578110337257385,0.019534090533852577,0.018546676263213158,0.009916892275214195,1.0
9,sluggish,-0.019238898530602455,0.28091859817504883,0.019238898530602455,-0.017452850937843323,0.017056968063116074,0.800000011920929
9,hopeful,0.019158555194735527,-0.2942487299442291,0.019158555194735527,0.017074426636099815,0.02069743163883686,0.800000011920929
9,miserable,0.016812538728117943,0.29391124844551086,0.016812538728117943,0.016353953629732132,0.023867378011345863,0.6000000238418579
9,desperate,0.015388986095786095,0.29634416103363037,0.015388986095786095,0.015030953101813793,0.015992701053619385,0.800000011920929
9,tense,0.014958526939153671,-0.25361648201942444,0.014958526939153671,0.014140722341835499,0.01907048001885414,0.800000011920929
9,mortified,0.01472470723092556,-0.09216497838497162,0.01472470723092556,0.013735529966652393,0.018016139045357704,0.6000000238418579
9,disgusted,0.014423084445297718,0.3062145709991455,0.014423084445297718,0.012868615798652172,0.022188687697052956,0.800000011920929
9,safe,0.012942841276526451,-0.06846100091934204,0.012942841276526451,0.012597918510437012,0.023801231756806374,0.6000000238418579
9,invigorated,0.011582564562559128,-0.09290032833814621,0.011582564562559128,0.0106491819024086,0.004616755526512861,1.0
9,self-critical,0.011400672607123852,-0.29443591833114624,0.011400672607123852,0.01002665888518095,0.011555575765669346,0.800000011920929
9,stubborn,0.009213271550834179,0.2975115478038788,0.009213271550834179,0.008104526437819004,0.02761208266019821,0.6000000238418579
9,terrified,-0.0070835500955581665,0.1356918215751648,0.0070835500955581665,-0.005309955682605505,0.01781742461025715,0.800000011920929
9,brooding,0.006967912893742323,0.3096252977848053,0.006967912893742323,0.006877670995891094,0.015090384520590305,0.800000011920929
9,dispirited,0.006563817150890827,0.29442641139030457,0.006563817150890827,0.007049426436424255,0.023823216557502747,0.6000000238418579
9,alarmed,0.00571581581607461,0.267509788274765,0.00571581581607461,0.004646510351449251,0.011070366948843002,0.6000000238418579
9,blissful,-0.0037933068815618753,-0.2972571849822998,0.0037933068815618753,-0.004560021683573723,0.01822180300951004,0.6000000238418579
9,aroused,-0.003791154595091939,-0.31044822931289673,0.003791154595091939,-0.0026264102198183537,0.016210265457630157,0.800000011920929
9,shaken,-0.001558776362799108,-0.034567829221487045,0.001558776362799108,-0.0006654526805505157,0.01816720701754093,0.4000000059604645
9,tired,0.0013728543417528272,0.3052993416786194,0.0013728543417528272,0.0013566134730353951,0.013142419047653675,0.4000000059604645
9,panicked,-0.0007636232767254114,0.24168118834495544,0.0007636232767254114,0.0005382420495152473,0.019721727818250656,0.6000000238418579
10,at ease,0.2720799148082733,0.33614668250083923,0.2720799148082733,0.25304147601127625,0.024286314845085144,1.0
10,resigned,-0.22678565979003906,-0.39031311869621277,0.22678565979003906,-0.2112000286579132,0.012769440189003944,1.0
10,frustrated,-0.2207377851009369,-0.38828855752944946,0.2207377851009369,-0.20567786693572998,0.01071594562381506,1.0
10,irritated,-0.2191668301820755,-0.37534812092781067,0.2191668301820755,-0.20411281287670135,0.007023493759334087,1.0
10,patient,0.20728302001953125,0.38054075837135315,0.20728302001953125,0.19341367483139038,0.017144160345196724,1.0
10,infatuated,0.1992385983467102,0.0491466224193573,0.1992385983467102,0.1848134994506836,0.023419981822371483,1.0
10,insulted,0.1953730285167694,0.3762504458427429,0.1953730285167694,0.18188896775245667,0.015942847356200218,1.0
10,scornful,-0.19401335716247559,-0.3764408230781555,0.19401335716247559,-0.18060679733753204,0.015555968508124352,1.0
10,perplexed,0.19369284808635712,0.37560465931892395,0.19369284808635712,0.17999257147312164,0.018477750942111015,1.0
10,kind,0.19337773323059082,0.37393423914909363,0.19337773323059082,0.1800728589296341,0.01770108938217163,1.0
10,annoyed,-0.1897401213645935,-0.3729863464832306,0.1897401213645935,-0.17645590007305145,0.028711965307593346,1.0
10,troubled,-0.1872130036354065,-0.3721480965614319,0.1872130036354065,-0.17426271736621857,0.016201132908463478,1.0
10,empathetic,0.18601712584495544,0.3192775249481201,0.18601712584495544,0.1739109754562378,0.0320221409201622,1.0
10,elated,0.18577419221401215,0.35285723209381104,0.18577419221401215,0.17292387783527374,0.011620800942182541,1.0
10,sorry,0.18093349039554596,0.37222781777381897,0.18093349039554596,0.1687925159931183,0.022398045286536217,1.0
10,on edge,0.18088528513908386,0.3710200786590576,0.18088528513908386,0.16876903176307678,0.019347013905644417,1.0
10,hostile,-0.1789708286523819,-0.368979811668396,0.1789708286523819,-0.16770318150520325,0.01366413664072752,1.0
10,compassionate,0.17644163966178894,0.3597930371761322,0.17644163966178894,0.1633424460887909,0.03212349861860275,1.0
10,vulnerable,-0.1754494607448578,-0.36979854106903076,0.1754494607448578,-0.16319115459918976,0.019874712452292442,1.0
10,mystified,-0.17415201663970947,-0.3673183023929596,0.17415201663970947,-0.16272595524787903,0.01082016620784998,1.0
10,dumbstruck,-0.17359817028045654,-0.367080956697464,0.17359817028045654,-0.16195109486579895,0.009425227530300617,1.0
10,surprised,-0.1730092167854309,-0.3651869297027588,0.1730092167854309,-0.16076967120170593,0.0197706650942564,1.0
10,euphoric,0.17151162028312683,0.2257602959871292,0.17151162028312683,0.15968066453933716,0.015491918660700321,1.0
10,disdainful,0.17114141583442688,0.3628580868244171,0.17114141583442688,0.1593402624130249,0.013611053116619587,1.0
10,smug,0.17041407525539398,0.35109207034111023,0.17041407525539398,0.15808793902397156,0.01629939116537571,1.0
10,tormented,-0.16987167298793793,-0.04701711982488632,0.16987167298793793,-0.15811952948570251,0.009101360104978085,1.0
10,rejuvenated,0.1698022037744522,0.3657326102256775,0.1698022037744522,0.1587478369474411,0.01625668630003929,1.0
10,uneasy,0.1683851182460785,0.3604828119277954,0.1683851182460785,0.15720899403095245,0.01554395817220211,1.0
10,jubilant,0.16725802421569824,0.36375662684440613,0.16725802421569824,0.1557353436946869,0.00793768372386694,1.0
10,gloomy,-0.16454137861728668,-0.34515827894210815,0.16454137861728668,-0.15289103984832764,0.009160883724689484,1.0
10,stuck,-0.16258765757083893,-0.3486918807029724,0.16258765757083893,-0.15113148093223572,0.007271869573742151,1.0
10,puzzled,-0.16108568012714386,-0.3601648509502411,0.16108568012714386,-0.14987128973007202,0.02640477754175663,1.0
10,stressed,-0.15950195491313934,-0.3603383004665375,0.15950195491313934,-0.14820843935012817,0.010570807382464409,1.0
10,offended,-0.15944017469882965,-0.3616539537906647,0.15944017469882965,-0.1478721797466278,0.019091948866844177,1.0
10,hope,0.15765398740768433,0.3402154743671417,0.15765398740768433,0.14628367125988007,0.03447415679693222,1.0
10,nostalgic,0.1573837548494339,0.3596937656402588,0.1573837548494339,0.14652244746685028,0.008175928145647049,1.0
10,weary,-0.15634912252426147,-0.18181978166103363,0.15634912252426147,-0.1462162435054779,0.009836201556026936,1.0
10,melancholy,-0.15479183197021484,-0.3417544960975647,0.15479183197021484,-0.14395363628864288,0.009347102604806423,1.0
10,suspicious,-0.15447193384170532,-0.3544326722621918,0.15447193384170532,-0.14346180856227875,0.015473260544240475,1.0
10,bitter,0.15287616848945618,0.3580942451953888,0.15287616848945618,0.1424601823091507,0.01296351756900549,1.0
10,refreshed,0.15215665102005005,0.04440562054514885,0.15215665102005005,0.141793891787529,0.011312447488307953,1.0
10,inspired,0.15185150504112244,0.25711125135421753,0.15185150504112244,0.1415831297636032,0.016098299995064735,1.0
10,indignant,-0.15114617347717285,-0.3366340100765228,0.15114617347717285,-0.142439067363739,0.025792362168431282,1.0
10,grateful,0.1484367549419403,0.3544979691505432,0.1484367549419403,0.13768939673900604,0.018925145268440247,1.0
10,skeptical,-0.14559721946716309,-0.34458687901496887,0.14559721946716309,-0.13676907122135162,0.016709569841623306,1.0
10,disturbed,-0.14535067975521088,-0.3384864032268524,0.14535067975521088,-0.1336282193660736,0.0363236702978611,1.0
10,jealous,0.14411713182926178,0.3468934893608093,0.14411713182926178,0.13397780060768127,0.014336834661662579,1.0
10,cheerful,0.14271870255470276,0.029375294223427773,0.14271870255470276,0.13347318768501282,0.022816063836216927,1.0
10,bewildered,-0.14095011353492737,-0.25456318259239197,0.14095011353492737,-0.13074563443660736,0.03252950683236122,1.0
10,dependent,0.14082969725131989,0.34961071610450745,0.14082969725131989,0.1324453055858612,0.025779183954000473,1.0
10,excited,0.13942638039588928,0.33363643288612366,0.13942638039588928,0.12930172681808472,0.018555691465735435,1.0
10,proud,0.1393374651670456,0.3370077311992645,0.1393374651670456,0.12949438393115997,0.01408181432634592,1.0
10,irate,0.1383010596036911,0.34497877955436707,0.1383010596036911,0.1282837688922882,0.011503562331199646,1.0
10,disoriented,-0.1367587149143219,-0.34358349442481995,0.1367587149143219,-0.12673503160476685,0.021803677082061768,1.0
10,sullen,-0.13470177352428436,-0.34780871868133545,0.13470177352428436,-0.12536627054214478,0.011998122557997704,1.0
10,grumpy,-0.13171350955963135,-0.24212025105953217,0.13171350955963135,-0.12309129536151886,0.020637843757867813,1.0
10,worn out,0.13108322024345398,0.3401864171028137,0.13108322024345398,0.12206169217824936,0.0034437146969139576,1.0
10,embarrassed,0.1295471340417862,0.3387003540992737,0.1295471340417862,0.12124823033809662,0.017746541649103165,1.0
10,pleased,-0.1272062063217163,-0.3403368294239044,0.1272062063217163,-0.11901320517063141,0.013083779253065586,1.0
10,sensitive,0.12682949006557465,0.3258930444717407,0.12682949006557465,0.1184597983956337,0.023980677127838135,1.0
10,alert,-0.1266758292913437,-0.3366227447986603,0.1266758292913437,-0.11730580031871796,0.01924065873026848,1.0
10,exasperated,0.1260373592376709,0.33739763498306274,0.1260373592376709,0.11684982478618622,0.02614671178162098,1.0
10,frightened,-0.1257569044828415,-0.3353162109851837,0.1257569044828415,-0.11642911285161972,0.016310883685946465,1.0
10,rattled,0.12553493678569794,0.25038638710975647,0.12553493678569794,0.11725292354822159,0.016064932569861412,1.0
10,shocked,-0.12376382201910019,-0.34430500864982605,0.12376382201910019,-0.11527352035045624,0.022374076768755913,1.0
10,lazy,0.12299827486276627,0.33279159665107727,0.12299827486276627,0.1149483323097229,0.01553440187126398,1.0
10,overwhelmed,0.12145154178142548,0.3414246737957001,0.12145154178142548,0.1138705462217331,0.013158479705452919,1.0
10,furious,-0.1196376234292984,-0.34194809198379517,0.1196376234292984,-0.11215051263570786,0.016080264002084732,1.0
10,hurt,0.11903685331344604,0.3384688198566437,0.11903685331344604,0.11164657771587372,0.01788104698061943,1.0
10,enthusiastic,0.11805863678455353,0.3086176812648773,0.11805863678455353,0.10946798324584961,0.012400235049426556,1.0
10,amazed,-0.11763697862625122,-0.2885698676109314,0.11763697862625122,-0.11036717891693115,0.016821932047605515,1.0
10,horrified,0.11759428679943085,0.34105807542800903,0.11759428679943085,0.10950221866369247,0.0055834269151091576,1.0
10,satisfied,0.11732172966003418,0.21546503901481628,0.11732172966003418,0.11009637266397476,0.021542957052588463,1.0
10,serene,0.1120462715625763,0.33277052640914917,0.1120462715625763,0.10537070035934448,0.019019978120923042,1.0
10,obstinate,0.11194317787885666,0.33847498893737793,0.11194317787885666,0.10452532768249512,0.016247186809778214,1.0
10,hysterical,0.11042841523885727,0.28165456652641296,0.11042841523885727,0.10443468391895294,0.022648872807621956,1.0
10,contemptuous,-0.1088985949754715,-0.3334721326828003,0.1088985949754715,-0.10164562612771988,0.003201231360435486,1.0
10,worthless,0.10851607471704483,0.32549548149108887,0.10851607471704483,0.10028998553752899,0.02104169689118862,1.0
10,amused,-0.10836880654096603,-0.3315073847770691,0.10836880654096603,-0.1019490584731102,0.01990785077214241,1.0
10,scared,-0.10831194370985031,-0.32701197266578674,0.10831194370985031,-0.10087225586175919,0.03188994526863098,1.0
10,sleepy,0.10469062626361847,0.32975441217422485,0.10469062626361847,0.09880031645298004,0.01446507964283228,1.0
10,self-confident,-0.10352003574371338,-0.33477920293807983,0.10352003574371338,-0.09680445492267609,0.015345119871199131,1.0
10,indifferent,0.10232412070035934,0.3261955976486206,0.10232412070035934,0.09468639642000198,0.008795804344117641,1.0
10,thankful,-0.10052953660488129,-0.3291160762310028,0.10052953660488129,-0.09426204860210419,0.010496997274458408,1.0
10,bored,0.1000593826174736,0.331581711769104,0.1000593826174736,0.09377330541610718,0.02300541289150715,1.0
10,defiant,0.09942120313644409,0.1565471887588501,0.09942120313644409,0.09326440095901489,0.01989383064210415,1.0
10,unhappy,-0.09730245172977448,-0.31027087569236755,0.09730245172977448,-0.09068246930837631,0.010759442113339901,1.0
10,spiteful,-0.09624414891004562,0.0031886340584605932,0.09624414891004562,-0.0909610390663147,0.03560309112071991,1.0
10,vibrant,-0.09622049331665039,-0.3302670419216156,0.09622049331665039,-0.09000839293003082,0.01792895793914795,1.0
10,regretful,0.09526462852954865,0.3259419798851013,0.09526462852954865,0.08865020424127579,0.03246252238750458,1.0
10,vigilant,0.09407363086938858,0.31271979212760925,0.09407363086938858,0.0885835736989975,0.013405642472207546,1.0
10,joyful,-0.09303952008485794,-0.3289170265197754,0.09303952008485794,-0.08738138526678085,0.01681116409599781,1.0
10,reflective,-0.09292366355657578,-0.3088589012622833,0.09292366355657578,-0.08553265035152435,0.013603624887764454,1.0
10,happy,-0.09263219684362411,-0.33036115765571594,0.09263219684362411,-0.08583296835422516,0.01531408354640007,1.0
10,ashamed,0.0925762876868248,-0.05820569023489952,0.0925762876868248,0.08604559302330017,0.013023458421230316,1.0
10,playful,-0.0907667800784111,-0.329982191324234,0.0907667800784111,-0.08509991317987442,0.016562705859541893,1.0
10,sentimental,-0.0896814689040184,-0.21194516122341156,0.0896814689040184,-0.08353511244058609,0.014193103648722172,1.0
10,trapped,-0.08758074790239334,-0.312455415725708,0.08758074790239334,-0.08050049841403961,0.018112795427441597,1.0
10,angry,-0.08749222755432129,-0.10182125866413116,0.08749222755432129,-0.08111508935689926,0.018923571333289146,1.0
10,awestruck,0.08532983809709549,0.32815346121788025,0.08532983809709549,0.07946915179491043,0.014752089977264404,1.0
10,docile,0.08358582109212875,0.3205260932445526,0.08358582109212875,0.0781659483909607,0.016556279733777046,1.0
10,thrilled,-0.08103952556848526,-0.3167918622493744,0.08103952556848526,-0.07617728412151337,0.020910123363137245,1.0
10,paranoid,-0.07944490760564804,-0.26933079957962036,0.07944490760564804,-0.07385116070508957,0.005423129536211491,1.0
10,worried,0.07928019762039185,0.31632399559020996,0.07928019762039185,0.0742834061384201,0.011200377717614174,1.0
10,energized,-0.07775520533323288,-0.3221868574619293,0.07775520533323288,-0.07201661169528961,0.006873161066323519,1.0
10,distressed,-0.07734192162752151,0.09858103096485138,0.07734192162752151,-0.07139424234628677,0.01934739015996456,1.0
10,stimulated,0.0772005170583725,0.07092230767011642,0.0772005170583725,0.07220552861690521,0.017254363745450974,1.0
10,vindictive,0.07711794972419739,0.31800585985183716,0.07711794972419739,0.0709214061498642,0.018819443881511688,1.0
10,eager,-0.07670709490776062,-0.1528288573026657,0.07670709490776062,-0.07108230143785477,0.023699063807725906,1.0
10,upset,0.07658245414495468,0.31604376435279846,0.07658245414495468,0.07158111035823822,0.0047729164361953735,1.0
10,fulfilled,-0.07567428052425385,-0.31308528780937195,0.07567428052425385,-0.07064197957515717,0.014885952696204185,1.0
10,sad,0.07474062591791153,0.2818332016468048,0.07474062591791153,0.06868819892406464,0.015221688896417618,1.0
10,relieved,0.07205625623464584,0.13285645842552185,0.07205625623464584,0.0666780173778534,0.030768565833568573,1.0
10,vengeful,0.07170718908309937,0.3036600649356842,0.07170718908309937,0.06717369705438614,0.010451924055814743,1.0
10,brooding,0.07045404613018036,0.3170546591281891,0.07045404613018036,0.06609790027141571,0.013157459907233715,1.0
10,unnerved,-0.0695611909031868,0.11581580340862274,0.0695611909031868,-0.06466951221227646,0.021521521732211113,1.0
10,impatient,0.06595724821090698,0.2562880218029022,0.06595724821090698,0.06122191995382309,0.013715289533138275,1.0
10,mad,0.0655539482831955,0.2913106083869934,0.0655539482831955,0.06122835353016853,0.011670519597828388,1.0
10,optimistic,-0.06487461924552917,-0.3081648349761963,0.06487461924552917,-0.061714448034763336,0.023647716268897057,1.0
10,heartbroken,-0.06471898406744003,0.2357722669839859,0.06471898406744003,-0.05978652089834213,0.023215800523757935,1.0
10,unsettled,0.06461811065673828,0.30881601572036743,0.06461811065673828,0.05996539071202278,0.005959308240562677,1.0
10,afraid,0.06394002586603165,0.07711213827133179,0.06394002586603165,0.058472950011491776,0.01439206674695015,1.0
10,outraged,-0.06340740621089935,0.03707356005907059,0.06340740621089935,-0.05860156565904617,0.008708576671779156,1.0
10,astonished,-0.06334718316793442,0.05805967003107071,0.06334718316793442,-0.057876426726579666,0.02130049839615822,1.0
10,restless,-0.05944018065929413,0.12981274724006653,0.05944018065929413,-0.05506645888090134,0.010637526400387287,1.0
10,humiliated,-0.05833305045962334,-0.20611807703971863,0.05833305045962334,-0.0527353510260582,0.023279061540961266,1.0
10,safe,0.05700208991765976,-0.008535080589354038,0.05700208991765976,0.053958408534526825,0.019249003380537033,1.0
10,desperate,0.05680764093995094,0.29677897691726685,0.05680764093995094,0.053703516721725464,0.015309270471334457,1.0
10,aroused,-0.055716924369335175,-0.31057918071746826,0.055716924369335175,-0.05075225234031677,0.01783236861228943,1.0
10,delighted,0.05535942688584328,-0.19383540749549866,0.05535942688584328,0.05249587446451187,0.013851013965904713,1.0
10,exuberant,0.05244701728224754,-0.15072974562644958,0.05244701728224754,0.04890144243836403,0.007411913014948368,1.0
10,tired,0.05198279023170471,0.3067283034324646,0.05198279023170471,0.04816262051463127,0.010975955054163933,1.0
10,miserable,0.051049161702394485,0.2906801104545593,0.051049161702394485,0.04830759018659592,0.018054310232400894,1.0
10,disgusted,0.050453778356313705,0.30288171768188477,0.050453778356313705,0.04643873870372772,0.020040709525346756,1.0
10,hateful,-0.04998590052127838,0.18558917939662933,0.04998590052127838,-0.046215251088142395,0.011719757691025734,1.0
10,nervous,-0.04814017191529274,-0.046869657933712006,0.04814017191529274,-0.04500579088926315,0.010204550810158253,1.0
10,resentful,0.04601438716053963,0.2999715209007263,0.04601438716053963,0.04204205423593521,0.011006117798388004,1.0
10,mortified,-0.04531346261501312,-0.1325054168701172,0.04531346261501312,-0.0422198660671711,0.01697704941034317,1.0
10,remorseful,0.042376816272735596,0.19585348665714264,0.042376816272735596,0.04030066356062889,0.022209616377949715,1.0
10,loving,-0.042331598699092865,-0.24280548095703125,0.042331598699092865,-0.04069991782307625,0.01837441697716713,1.0
10,depressed,-0.04108016937971115,0.13940627872943878,0.04108016937971115,-0.03850161284208298,0.006554274819791317,1.0
10,dispirited,0.04092732444405556,0.290356308221817,0.04092732444405556,0.03933311998844147,0.019236493855714798,1.0
10,self-critical,-0.04064791649580002,-0.29743441939353943,0.04064791649580002,-0.038012292236089706,0.007549183443188667,1.0
10,anxious,-0.039271142333745956,0.08683151751756668,0.039271142333745956,-0.03550165519118309,0.02722064219415188,0.800000011920929
10,greedy,0.03882695361971855,0.016965273767709732,0.03882695361971855,0.035846319049596786,0.019451892003417015,1.0
10,droopy,-0.035483185201883316,0.2261248677968979,0.035483185201883316,-0.033445898443460464,0.005223984830081463,1.0
10,relaxed,-0.03467954322695732,-0.20809002220630646,0.03467954322695732,-0.034054309129714966,0.021799953654408455,1.0
10,enraged,-0.034336261451244354,0.14023688435554504,0.034336261451244354,-0.03184453770518303,0.01622575893998146,1.0
10,content,0.0335523784160614,-0.20460663735866547,0.0335523784160614,0.031143974512815475,0.029986504465341568,0.800000011920929
10,tense,-0.031373437494039536,-0.2566106915473938,0.031373437494039536,-0.028747981414198875,0.017319796606898308,1.0
10,peaceful,0.03059626743197441,-0.19871528446674347,0.03059626743197441,0.02918962575495243,0.010292645543813705,1.0
10,triumphant,-0.029509708285331726,-0.2677803635597229,0.029509708285331726,-0.028100773692131042,0.029110336676239967,0.800000011920929
10,stubborn,0.029208067804574966,0.28287649154663086,0.029208067804574966,0.02680472657084465,0.023321887478232384,0.800000011920929
10,sympathetic,0.028222745284438133,-0.11349492520093918,0.028222745284438133,0.025094306096434593,0.020095467567443848,0.800000011920929
10,invigorated,0.026445752009749413,-0.07892774045467377,0.026445752009749413,0.024797968566417694,0.011243411339819431,1.0
10,ecstatic,0.025775710120797157,-0.11970356851816177,0.025775710120797157,0.023130744695663452,0.02167678065598011,0.800000011920929
10,valiant,-0.02533787488937378,-0.0693667083978653,0.02533787488937378,-0.024474142119288445,0.024739539250731468,0.800000011920929
10,grief-stricken,-0.024351488798856735,0.21909576654434204,0.024351488798856735,-0.023508591577410698,0.020187901332974434,0.800000011920929
10,sluggish,0.023300670087337494,0.28026580810546875,0.023300670087337494,0.022026948630809784,0.016343092545866966,1.0
10,envious,0.022822819650173187,-0.09503994137048721,0.022822819650173187,0.020357370376586914,0.011943032965064049,1.0
10,terrified,-0.021587474271655083,0.1070474162697792,0.021587474271655083,-0.019118480384349823,0.014613976702094078,0.800000011920929
10,blissful,-0.01968032866716385,-0.2802134156227112,0.01968032866716385,-0.019113490357995033,0.01027934905141592,1.0
10,guilty,0.01922321878373623,0.2567085027694702,0.01922321878373623,0.01813293620944023,0.005951032508164644,1.0
10,alarmed,0.0153054716065526,0.24578024446964264,0.0153054716065526,0.013339514844119549,0.01504222396761179,0.800000011920929
10,self-conscious,0.014932604506611824,-0.02068597450852394,0.014932604506611824,0.014545734040439129,0.032678380608558655,0.6000000238418579
10,shaken,-0.012775891460478306,-0.019876809790730476,0.012775891460478306,-0.010548382997512817,0.019315320998430252,0.6000000238418579
10,panicked,0.011599560268223286,0.22353345155715942,0.011599560268223286,0.011519968509674072,0.015503213740885258,0.6000000238418579
10,listless,-0.010942326858639717,0.22931689023971558,0.010942326858639717,-0.008935933001339436,0.014334634877741337,0.6000000238418579
10,calm,-0.009183931164443493,0.0026449039578437805,0.009183931164443493,-0.009137285873293877,0.018418963998556137,0.800000011920929
10,lonely,0.00641691405326128,0.261797159910202,0.00641691405326128,0.00625354191288352,0.02371673844754696,0.4000000059604645
10,hopeful,-0.0031250547617673874,-0.27972960472106934,0.0031250547617673874,-0.0034697502851486206,0.01752999611198902,0.4000000059604645
11,at ease,0.29928433895111084,0.36859390139579773,0.29928433895111084,0.279135137796402,0.02198398858308792,1.0
11,resigned,-0.2479093372821808,-0.40776339173316956,0.2479093372821808,-0.2313096970319748,0.019282743334770203,1.0
11,frustrated,-0.23816411197185516,-0.40301254391670227,0.23816411197185516,-0.22204646468162537,0.017805829644203186,1.0
11,irritated,-0.23014496266841888,-0.3880273699760437,0.23014496266841888,-0.21457381546497345,0.015278787352144718,1.0
11,patient,0.22527183592319489,0.39624789357185364,0.22527183592319489,0.2101563960313797,0.02161753736436367,1.0
11,infatuated,0.21950921416282654,0.05809255689382553,0.21950921416282654,0.20471325516700745,0.024087626487016678,1.0
11,elated,0.21613730490207672,0.3810059130191803,0.21613730490207672,0.20148427784442902,0.0111618023365736,1.0
11,kind,0.2113131880760193,0.3889155685901642,0.2113131880760193,0.1970067024230957,0.023472921922802925,1.0
11,scornful,-0.20918676257133484,-0.38998034596443176,0.20918676257133484,-0.19468078017234802,0.01763841323554516,1.0
11,insulted,0.20718279480934143,0.38772743940353394,0.20718279480934143,0.19292829930782318,0.02388269640505314,1.0
11,troubled,-0.20679695904254913,-0.38739699125289917,0.20679695904254913,-0.19239923357963562,0.026068389415740967,1.0
11,perplexed,0.20657724142074585,0.3880465626716614,0.20657724142074585,0.19201543927192688,0.026415420696139336,1.0
11,empathetic,0.20183151960372925,0.33558616042137146,0.20183151960372925,0.18906328082084656,0.03563987463712692,1.0
11,annoyed,-0.1981976330280304,-0.38385728001594543,0.1981976330280304,-0.184468075633049,0.03343836963176727,1.0
11,sorry,0.1919633448123932,0.38326790928840637,0.1919633448123932,0.17889603972434998,0.030458612367510796,1.0
11,hostile,-0.1884952187538147,-0.37950029969215393,0.1884952187538147,-0.1764466017484665,0.018294882029294968,1.0
11,vulnerable,-0.18809638917446136,-0.3815389573574066,0.18809638917446136,-0.17488060891628265,0.027609698474407196,1.0
11,mystified,-0.18748028576374054,-0.3796577453613281,0.18748028576374054,-0.17495521903038025,0.016832631081342697,1.0
11,smug,0.18622739613056183,0.3660183548927307,0.18622739613056183,0.1730518937110901,0.0168902687728405,1.0
11,on edge,0.18622340261936188,0.3803023099899292,0.18622340261936188,0.17359419167041779,0.027155734598636627,1.0
11,surprised,-0.18451513350009918,-0.3783869743347168,0.18451513350009918,-0.17150303721427917,0.02786034345626831,1.0
11,jubilant,0.18361005187034607,0.37811771035194397,0.18361005187034607,0.17088747024536133,0.01696525514125824,1.0
11,rejuvenated,0.18286164104938507,0.37851765751838684,0.18286164104938507,0.17089322209358215,0.021622685715556145,1.0
11,compassionate,0.18229222297668457,0.36822620034217834,0.18229222297668457,0.1691698580980301,0.03491488844156265,1.0
11,weary,-0.180367112159729,-0.2045348435640335,0.180367112159729,-0.16911530494689941,0.010641179047524929,1.0
11,melancholy,-0.17937099933624268,-0.3593997657299042,0.17937099933624268,-0.16708269715309143,0.010226724669337273,1.0
11,offended,-0.17926129698753357,-0.3772910535335541,0.17926129698753357,-0.16625753045082092,0.027356639504432678,1.0
11,stressed,-0.17921896278858185,-0.3752054274082184,0.17921896278858185,-0.1664503514766693,0.019131135195493698,1.0
11,dumbstruck,-0.17760275304317474,-0.3754218518733978,0.17760275304317474,-0.16567879915237427,0.015863601118326187,1.0
11,disdainful,0.17738455533981323,0.3725275993347168,0.17738455533981323,0.16505292057991028,0.015971645712852478,1.0
11,puzzled,-0.17684055864810944,-0.3743281662464142,0.17684055864810944,-0.1643725484609604,0.03542769327759743,1.0
11,euphoric,0.1766645461320877,0.23990756273269653,0.1766645461320877,0.16512444615364075,0.014884880743920803,1.0
11,gloomy,-0.17650897800922394,-0.35623040795326233,0.17650897800922394,-0.16449978947639465,0.007296231109648943,1.0
11,uneasy,0.17568379640579224,0.3716968595981598,0.17568379640579224,0.16381342709064484,0.02412664145231247,1.0
11,stuck,-0.1749022901058197,-0.35960742831230164,0.1749022901058197,-0.16284993290901184,0.011128325946629047,1.0
11,nostalgic,0.17192794382572174,0.37284934520721436,0.17192794382572174,0.1598934829235077,0.016021890565752983,1.0
11,skeptical,-0.17064976692199707,-0.3654818832874298,0.17064976692199707,-0.15991005301475525,0.017510641366243362,1.0
11,suspicious,-0.1670776903629303,-0.36674827337265015,0.1670776903629303,-0.1554105281829834,0.020660391077399254,1.0
11,bitter,0.1654503047466278,0.3705626130104065,0.1654503047466278,0.1539749801158905,0.021088847890496254,1.0
11,cheerful,0.16406306624412537,0.040419064462184906,0.16406306624412537,0.15431338548660278,0.029561279341578484,1.0
11,tormented,-0.16314992308616638,-0.02750886045396328,0.16314992308616638,-0.15277481079101562,0.012503143399953842,1.0
11,proud,0.16235888004302979,0.3579552173614502,0.16235888004302979,0.1509525328874588,0.017488665878772736,1.0
11,indignant,-0.16176478564739227,-0.35066351294517517,0.16176478564739227,-0.1521756947040558,0.023686757311224937,1.0
11,refreshed,0.1614965945482254,0.07863709330558777,0.1614965945482254,0.1508120745420456,0.011418194510042667,1.0
11,inspired,0.15991853177547455,0.2696603536605835,0.15991853177547455,0.14958050847053528,0.014190019108355045,1.0
11,hope,0.1595679670572281,0.34654009342193604,0.1595679670572281,0.14862056076526642,0.041396938264369965,1.0
11,grateful,0.1556764841079712,0.3644282817840576,0.1556764841079712,0.1444266140460968,0.025299368426203728,1.0
11,excited,0.1515187919139862,0.34658336639404297,0.1515187919139862,0.14069901406764984,0.021654315292835236,1.0
11,irate,0.15126104652881622,0.35785502195358276,0.15126104652881622,0.14023688435554504,0.014806758612394333,1.0
11,sullen,-0.15096117556095123,-0.36282819509506226,0.15096117556095123,-0.14028345048427582,0.020606771111488342,1.0
11,embarrassed,0.14995689690113068,0.35424160957336426,0.14995689690113068,0.1400388926267624,0.022451313212513924,1.0
11,worn out,0.1485198438167572,0.35646191239356995,0.1485198438167572,0.13804177939891815,0.011060509830713272,1.0
11,disturbed,-0.14787831902503967,-0.34651267528533936,0.14787831902503967,-0.13625183701515198,0.04081336036324501,1.0
11,grumpy,-0.14708198606967926,-0.2521287798881531,0.14708198606967926,-0.13778263330459595,0.027684397995471954,1.0
11,disoriented,-0.14645788073539734,-0.3548031747341156,0.14645788073539734,-0.13586775958538055,0.025166278705000877,1.0
11,bewildered,-0.1460035890340805,-0.26200369000434875,0.1460035890340805,-0.13612428307533264,0.03407656028866768,1.0
11,dependent,0.1445920467376709,0.35886150598526,0.1445920467376709,0.13566777110099792,0.028909040614962578,1.0
11,rattled,0.14360760152339935,0.27382051944732666,0.14360760152339935,0.13426148891448975,0.02068656124174595,1.0
11,jealous,0.14357005059719086,0.3525526523590088,0.14357005059719086,0.133564755320549,0.022601619362831116,1.0
11,exasperated,0.14331048727035522,0.352170467376709,0.14331048727035522,0.13299235701560974,0.03251446411013603,1.0
11,satisfied,0.14003686606884003,0.2226782739162445,0.14003686606884003,0.13182178139686584,0.022606434300541878,1.0
11,pleased,-0.13970571756362915,-0.3530980348587036,0.13970571756362915,-0.13026395440101624,0.020146246999502182,1.0
11,shocked,-0.13624191284179688,-0.3577074408531189,0.13624191284179688,-0.12658491730690002,0.03367370367050171,1.0
11,frightened,-0.13556146621704102,-0.3480216860771179,0.13556146621704102,-0.12544144690036774,0.024493787437677383,1.0
11,horrified,0.13377980887889862,0.35534417629241943,0.13377980887889862,0.12406201660633087,0.01614777371287346,1.0
11,serene,0.13356173038482666,0.35103318095207214,0.13356173038482666,0.12515178322792053,0.021648185327649117,1.0
11,enthusiastic,0.13147057592868805,0.324457585811615,0.13147057592868805,0.12199680507183075,0.012759487144649029,1.0
11,alert,-0.13105928897857666,-0.34637266397476196,0.13105928897857666,-0.12120181322097778,0.023848842829465866,1.0
11,overwhelmed,0.1299365907907486,0.35277900099754333,0.1299365907907486,0.12132704257965088,0.021307840943336487,1.0
11,sensitive,0.1292290985584259,0.33193978667259216,0.1292290985584259,0.12100216001272202,0.02877604402601719,1.0
11,furious,-0.12812241911888123,-0.35324472188949585,0.12812241911888123,-0.11951346695423126,0.02183517813682556,1.0
11,lazy,0.12795577943325043,0.34183254837989807,0.12795577943325043,0.11938057094812393,0.02208058536052704,1.0
11,obstinate,0.12631778419017792,0.3519030213356018,0.12631778419017792,0.1175268143415451,0.023055920377373695,1.0
11,hurt,0.11992418766021729,0.3460772931575775,0.11992418766021729,0.11217981576919556,0.019575029611587524,1.0
11,amused,-0.11981131881475449,-0.3453686535358429,0.11981131881475449,-0.1120065227150917,0.022234972566366196,1.0
11,sentimental,-0.11589691787958145,-0.2423558235168457,0.11589691787958145,-0.10806511342525482,0.015056094154715538,1.0
11,bored,0.11544249206781387,0.3465052843093872,0.11544249206781387,0.10768146812915802,0.02984977327287197,1.0
11,contemptuous,-0.11318384855985641,-0.34250718355178833,0.11318384855985641,-0.10533358156681061,0.006609795615077019,1.0
11,sleepy,0.11316072195768356,0.3416813313961029,0.11316072195768356,0.10629348456859589,0.013716315850615501,1.0
11,amazed,-0.11292406171560287,-0.2920142412185669,0.11292406171560287,-0.10604892671108246,0.023100603371858597,1.0
11,worthless,0.11281916499137878,0.3354983925819397,0.11281916499137878,0.10401896387338638,0.02729065902531147,1.0
11,defiant,0.11266853660345078,0.16918857395648956,0.11266853660345078,0.10566432774066925,0.020295612514019012,1.0
11,vigilant,0.11127724498510361,0.3293411433696747,0.11127724498510361,0.1044720783829689,0.017565064132213593,1.0
11,unhappy,-0.11080396920442581,-0.323299378156662,0.11080396920442581,-0.10335616022348404,0.01470778789371252,1.0
11,self-confident,-0.11048400402069092,-0.3453909754753113,0.11048400402069092,-0.10287708044052124,0.02225222811102867,1.0
11,hysterical,0.10652191191911697,0.2896273732185364,0.10652191191911697,0.10056741535663605,0.01479329727590084,1.0
11,scared,-0.1063913032412529,-0.3328791856765747,0.1063913032412529,-0.09901516139507294,0.040554340928792953,1.0
11,indifferent,0.10626164823770523,0.3351259231567383,0.10626164823770523,0.0980096310377121,0.016139615327119827,1.0
11,spiteful,-0.10566288977861404,-0.025832824409008026,0.10566288977861404,-0.10010325908660889,0.03829843923449516,1.0
11,vibrant,-0.105069100856781,-0.3419269621372223,0.105069100856781,-0.09770745038986206,0.026600198820233345,1.0
11,trapped,-0.10326247662305832,-0.3281238377094269,0.10326247662305832,-0.09502480179071426,0.019617648795247078,1.0
11,joyful,-0.10264067351818085,-0.3407451808452606,0.10264067351818085,-0.09586714208126068,0.022577494382858276,1.0
11,reflective,-0.10228477418422699,-0.320905476808548,0.10228477418422699,-0.09417615830898285,0.017853589728474617,1.0
11,regretful,0.1020166426897049,0.33719712495803833,0.1020166426897049,0.09465919435024261,0.03905094414949417,1.0
11,happy,-0.10107569396495819,-0.34152793884277344,0.10107569396495819,-0.09322268515825272,0.025994639843702316,1.0
11,playful,-0.09970337897539139,-0.3414881229400635,0.09970337897539139,-0.09292209148406982,0.02413557842373848,1.0
11,paranoid,-0.09865694493055344,-0.2861093580722809,0.09865694493055344,-0.0916692465543747,0.009617216885089874,1.0
11,distressed,-0.0972595065832138,0.10022629052400589,0.0972595065832138,-0.090570829808712,0.016617991030216217,1.0
11,outraged,-0.09652873128652573,-0.0287953931838274,0.09652873128652573,-0.08980993926525116,0.013201599940657616,1.0
11,ashamed,0.0961732491850853,-0.06590183079242706,0.0961732491850853,0.08994340151548386,0.016466684639453888,1.0
11,awestruck,0.0953303873538971,0.3400895893573761,0.0953303873538971,0.08817609399557114,0.023292750120162964,1.0
11,thankful,-0.09521740674972534,-0.33414965867996216,0.09521740674972534,-0.08893227577209473,0.013197652995586395,1.0
11,worried,0.09169021993875504,0.32914021611213684,0.09169021993875504,0.08531747758388519,0.011442271061241627,1.0
11,restless,-0.08989153802394867,0.11424063891172409,0.08989153802394867,-0.08391917496919632,0.009301090613007545,1.0
11,docile,0.08954809606075287,0.33232903480529785,0.08954809606075287,0.0830962210893631,0.020873218774795532,1.0
11,mad,0.08545570820569992,0.31011927127838135,0.08545570820569992,0.07916727662086487,0.017388394102454185,1.0
11,thrilled,-0.08448200672864914,-0.3258746564388275,0.08448200672864914,-0.07899953424930573,0.02386580780148506,1.0
11,vengeful,0.08356740325689316,0.3156770169734955,0.08356740325689316,0.07799758017063141,0.014898802153766155,1.0
11,brooding,0.08026903122663498,0.32981806993484497,0.08026903122663498,0.07462673634290695,0.01846572384238243,1.0
11,energized,-0.07962874323129654,-0.3307541608810425,0.07962874323129654,-0.07318998873233795,0.016992894932627678,1.0
11,relieved,0.07793612033128738,0.1360711306333542,0.07793612033128738,0.07227209955453873,0.03084307536482811,1.0
11,heartbroken,-0.07779606431722641,0.23938745260238647,0.07779606431722641,-0.07301442325115204,0.031217198818922043,1.0
11,fulfilled,-0.0757485181093216,-0.3219973146915436,0.0757485181093216,-0.07008518278598785,0.024489346891641617,1.0
11,angry,-0.07511813938617706,-0.10072006285190582,0.07511813938617706,-0.06997556984424591,0.020906275138258934,1.0
11,aroused,-0.07488041371107101,-0.32594355940818787,0.07488041371107101,-0.06813092529773712,0.02679189294576645,1.0
11,upset,0.07284285128116608,0.32108932733535767,0.07284285128116608,0.06764940917491913,0.00908159464597702,1.0
11,vindictive,0.07164240628480911,0.32162362337112427,0.07164240628480911,0.06546880304813385,0.025574898347258568,1.0
11,optimistic,-0.07154792547225952,-0.3199262320995331,0.07154792547225952,-0.06727196276187897,0.02536308765411377,1.0
11,impatient,0.07141760736703873,0.26646485924720764,0.07141760736703873,0.0662587359547615,0.01777767390012741,1.0
11,unnerved,-0.0707329735159874,0.12315529584884644,0.0707329735159874,-0.06639000028371811,0.025707675144076347,1.0
11,stimulated,0.07017768919467926,0.051506489515304565,0.07017768919467926,0.06608914583921432,0.019994961097836494,1.0
11,humiliated,-0.06938257068395615,-0.2139558047056198,0.06938257068395615,-0.06316927075386047,0.02246169187128544,1.0
11,sad,0.06892520189285278,0.2813855707645416,0.06892520189285278,0.06304136663675308,0.01924482174217701,1.0
11,safe,0.06703715771436691,0.010964789427816868,0.06703715771436691,0.0635068416595459,0.019000209867954254,1.0
11,unsettled,0.06577618420124054,0.3151436746120453,0.06577618420124054,0.0605957992374897,0.013134701177477837,1.0
11,eager,-0.06299998611211777,-0.1422559916973114,0.06299998611211777,-0.05867056921124458,0.027323128655552864,1.0
11,resentful,0.06133824586868286,0.31492283940315247,0.06133824586868286,0.055761802941560745,0.018424930050969124,1.0
11,desperate,0.061102718114852905,0.3082643449306488,0.061102718114852905,0.05703921988606453,0.0193657074123621,1.0
11,exuberant,0.06076859310269356,-0.1428769826889038,0.06076859310269356,0.057276926934719086,0.009591229259967804,1.0
11,delighted,0.060567934066057205,-0.19960182905197144,0.060567934066057205,0.05840275436639786,0.024291999638080597,1.0
11,afraid,0.054042328149080276,0.056271448731422424,0.054042328149080276,0.04941999167203903,0.014351120218634605,1.0
11,tired,0.05400341749191284,0.31643643975257874,0.05400341749191284,0.04940735548734665,0.018307672813534737,1.0
11,miserable,0.052613068372011185,0.3000015914440155,0.052613068372011185,0.049252551048994064,0.022751696407794952,1.0
11,dispirited,0.0506918840110302,0.30501314997673035,0.0506918840110302,0.04781065508723259,0.02179873362183571,1.0
11,depressed,-0.05031205341219902,0.14801833033561707,0.05031205341219902,-0.047927744686603546,0.011757670901715755,1.0
11,mortified,-0.04922100901603699,-0.14061376452445984,0.04922100901603699,-0.04604910686612129,0.01821388490498066,1.0
11,hateful,-0.04764581471681595,0.20125730335712433,0.04764581471681595,-0.044758811593055725,0.013348663225769997,1.0
11,greedy,0.047487951815128326,0.03493403270840645,0.047487951815128326,0.04413415864109993,0.016538964584469795,1.0
11,nervous,-0.04682218283414841,-0.055834341794252396,0.04682218283414841,-0.04403495043516159,0.011492504738271236,1.0
11,disgusted,0.04676307737827301,0.307803750038147,0.04676307737827301,0.042600445449352264,0.026048585772514343,0.800000011920929
11,self-critical,-0.04243875667452812,-0.3071390986442566,0.04243875667452812,-0.03908032923936844,0.012943633832037449,1.0
11,droopy,-0.04175768420100212,0.23247873783111572,0.04175768420100212,-0.039981476962566376,0.01012184377759695,1.0
11,astonished,-0.04061778634786606,0.0824904516339302,0.04061778634786606,-0.037208374589681625,0.01792200841009617,1.0
11,remorseful,0.0399201326072216,0.20282413065433502,0.0399201326072216,0.037768639624118805,0.022649750113487244,1.0
11,tense,-0.03962419927120209,-0.27192026376724243,0.03962419927120209,-0.03595740720629692,0.02221902273595333,1.0
11,loving,-0.03951742872595787,-0.2476358562707901,0.03951742872595787,-0.03770589828491211,0.01912086270749569,1.0
11,stubborn,0.037836067378520966,0.29318997263908386,0.037836067378520966,0.03450777754187584,0.026793574914336205,0.800000011920929
11,enraged,-0.0376298725605011,0.12621630728244781,0.0376298725605011,-0.03492135927081108,0.01618771255016327,1.0
11,content,0.03539345785975456,-0.21409034729003906,0.03539345785975456,0.033619798719882965,0.03606315329670906,0.800000011920929
11,sympathetic,0.03500715643167496,-0.12128711491823196,0.03500715643167496,0.03198305144906044,0.01898903027176857,1.0
11,invigorated,0.03396730124950409,-0.051425207406282425,0.03396730124950409,0.03202057629823685,0.011009215377271175,1.0
11,anxious,-0.03353477641940117,0.09476623684167862,0.03353477641940117,-0.03078674152493477,0.024617183953523636,0.800000011920929
11,ecstatic,0.03276297077536583,-0.11402064561843872,0.03276297077536583,0.03032395802438259,0.024815881624817848,0.800000011920929
11,relaxed,-0.03243325650691986,-0.2123371809720993,0.03243325650691986,-0.031850095838308334,0.01706416718661785,1.0
11,sluggish,0.029644766822457314,0.29411420226097107,0.029644766822457314,0.027186479419469833,0.026514755561947823,0.800000011920929
11,grief-stricken,-0.028821613639593124,0.22578376531600952,0.028821613639593124,-0.028166363015770912,0.023517774417996407,1.0
11,peaceful,0.028151405975222588,-0.19833539426326752,0.028151405975222588,0.02738051488995552,0.013353503309190273,1.0
11,guilty,0.027378324419260025,0.2687892019748688,0.027378324419260025,0.025219250470399857,0.012743291445076466,1.0
11,triumphant,-0.023402873426675797,-0.273467093706131,0.023402873426675797,-0.022021031007170677,0.02966073900461197,0.6000000238418579
11,terrified,-0.016756046563386917,0.11705651134252548,0.016756046563386917,-0.01498268824070692,0.008217897266149521,1.0
11,valiant,-0.016250306740403175,-0.07892470806837082,0.016250306740403175,-0.015914104878902435,0.026960477232933044,0.6000000238418579
11,lonely,0.01602838933467865,0.27922675013542175,0.01602838933467865,0.014519715681672096,0.02954697795212269,0.6000000238418579
11,shaken,-0.015355256386101246,-0.027495214715600014,0.015355256386101246,-0.013013472780585289,0.022578731179237366,0.6000000238418579
11,blissful,-0.015229064039885998,-0.2842695116996765,0.015229064039885998,-0.01424284465610981,0.007901047356426716,1.0
11,listless,-0.008764881640672684,0.24200385808944702,0.008764881640672684,-0.007420610636472702,0.008758747018873692,0.800000011920929
11,envious,0.008572055026888847,-0.11830277740955353,0.008572055026888847,0.00724789360538125,0.013648097403347492,0.6000000238418579
11,calm,0.007574122399091721,0.044146835803985596,0.007574122399091721,0.00623216712847352,0.02184184268116951,0.4000000059604645
11,alarmed,0.007055806461721659,0.24221323430538177,0.007055806461721659,0.00530112162232399,0.0217624269425869,0.6000000238418579
11,panicked,-0.004174563568085432,0.22353200614452362,0.004174563568085432,-0.003806561231613159,0.016622891649603844,0.6000000238418579
11,self-conscious,-0.0037899191956967115,-0.041470278054475784,0.0037899191956967115,-0.002410880522802472,0.03515772521495819,0.6000000238418579
11,hopeful,0.000794836669228971,-0.2848392128944397,0.000794836669228971,0.0008542683208361268,0.021846793591976166,0.4000000059604645
12,at ease,0.29096904397010803,0.3481351435184479,0.29096904397010803,0.2710860073566437,0.027150887995958328,1.0
12,resigned,-0.23961083590984344,-0.37169352173805237,0.23961083590984344,-0.22425656020641327,0.021333230659365654,1.0
12,frustrated,-0.23400917649269104,-0.3683045506477356,0.23400917649269104,-0.21882954239845276,0.02061709575355053,1.0
12,patient,0.22424951195716858,0.36377450823783875,0.22424951195716858,0.20980627834796906,0.024817602708935738,1.0
12,infatuated,0.21474941074848175,0.07901985198259354,0.21474941074848175,0.20054921507835388,0.021741898730397224,1.0
12,elated,0.2018498331308365,0.34380966424942017,0.2018498331308365,0.18861937522888184,0.0074513256549835205,1.0
12,irritated,-0.19946126639842987,-0.3397713899612427,0.19946126639842987,-0.18679705262184143,0.01373603567481041,1.0
12,perplexed,0.19795170426368713,0.3495735228061676,0.19795170426368713,0.18474847078323364,0.0271657295525074,1.0
12,scornful,-0.19779859483242035,-0.3499338924884796,0.19779859483242035,-0.18447253108024597,0.017731819301843643,1.0
12,kind,0.19728390872478485,0.3479727506637573,0.19728390872478485,0.18463686108589172,0.025507980957627296,1.0
12,empathetic,0.19662387669086456,0.3128910958766937,0.19662387669086456,0.18473093211650848,0.034289613366127014,1.0
12,skeptical,-0.1882217973470688,-0.34564846754074097,0.1882217973470688,-0.17632527649402618,0.02196427620947361,1.0
12,insulted,0.18704338371753693,0.34343189001083374,0.18704338371753693,0.1749485284090042,0.02646399475634098,1.0
12,compassionate,0.18631663918495178,0.34068208932876587,0.18631663918495178,0.17342184484004974,0.036882590502500534,1.0
12,smug,0.18627136945724487,0.3377978801727295,0.18627136945724487,0.17362257838249207,0.013757754117250443,1.0
12,troubled,-0.1838577687740326,-0.3418557345867157,0.1838577687740326,-0.17164745926856995,0.02709841914474964,1.0
12,weary,-0.18328642845153809,-0.20417971909046173,0.18328642845153809,-0.1716632843017578,0.009383024647831917,1.0
12,inspired,0.18268460035324097,0.2776840627193451,0.18268460035324097,0.17117755115032196,0.010721361264586449,1.0
12,dumbstruck,-0.1819862574338913,-0.3425511121749878,0.1819862574338913,-0.17057819664478302,0.019352976232767105,1.0
12,melancholy,-0.179706409573555,-0.33068227767944336,0.179706409573555,-0.16792908310890198,0.005894198082387447,1.0
12,sorry,0.17965511977672577,0.34249332547187805,0.17965511977672577,0.1679580956697464,0.03685196489095688,1.0
12,cheerful,0.17941053211688995,0.07349030673503876,0.17941053211688995,0.16825605928897858,0.03009149618446827,1.0
12,annoyed,-0.17913375794887543,-0.3405431807041168,0.17913375794887543,-0.16772446036338806,0.034024178981781006,1.0
12,euphoric,0.1790090948343277,0.24194668233394623,0.1790090948343277,0.16771063208580017,0.01665918342769146,1.0
12,jubilant,0.17469707131385803,0.3386404514312744,0.17469707131385803,0.16300490498542786,0.022912999615073204,1.0
12,rejuvenated,0.17429496347904205,0.3396345376968384,0.17429496347904205,0.16361358761787415,0.025440309196710587,1.0
12,mystified,-0.17205514013767242,-0.3368552029132843,0.17205514013767242,-0.16130661964416504,0.021379470825195312,1.0
12,hostile,-0.17182080447673798,-0.33649441599845886,0.17182080447673798,-0.16140532493591309,0.025494076311588287,1.0
12,suspicious,-0.17115013301372528,-0.3364524841308594,0.17115013301372528,-0.15978503227233887,0.01923782378435135,1.0
12,on edge,0.17072950303554535,0.3379306197166443,0.17072950303554535,0.16005048155784607,0.033109668642282486,1.0
12,refreshed,0.17055320739746094,0.08838752657175064,0.17055320739746094,0.15923814475536346,0.011163159273564816,1.0
12,vulnerable,-0.17018726468086243,-0.3378757834434509,0.17018726468086243,-0.15911871194839478,0.031235065311193466,1.0
12,surprised,-0.16884638369083405,-0.3356567621231079,0.16884638369083405,-0.15760070085525513,0.030073080211877823,1.0
12,puzzled,-0.1667432337999344,-0.3355189561843872,0.1667432337999344,-0.1555602252483368,0.03806173801422119,1.0
12,stressed,-0.1629915088415146,-0.3326375484466553,0.1629915088415146,-0.15213826298713684,0.01938701421022415,1.0
12,offended,-0.16230249404907227,-0.3344179391860962,0.16230249404907227,-0.15119674801826477,0.029195372015237808,1.0
12,gloomy,-0.16195541620254517,-0.31896379590034485,0.16195541620254517,-0.15135416388511658,0.006360044237226248,1.0
12,tormented,-0.1618693321943283,-0.02724076621234417,0.1618693321943283,-0.1514839380979538,0.01665966957807541,1.0
12,indignant,-0.16146788001060486,-0.32027772068977356,0.16146788001060486,-0.15187449753284454,0.025697745382785797,1.0
12,stuck,-0.1600922793149948,-0.3194045126438141,0.1600922793149948,-0.14962521195411682,0.007436168380081654,1.0
12,proud,0.15997713804244995,0.32408827543258667,0.15997713804244995,0.14866316318511963,0.017614053562283516,1.0
12,excited,0.1581299901008606,0.3216380476951599,0.1581299901008606,0.14773587882518768,0.021216820925474167,1.0
12,disdainful,0.15801607072353363,0.3289243280887604,0.15801607072353363,0.1477883756160736,0.014538033865392208,1.0
12,nostalgic,0.15723758935928345,0.33044031262397766,0.15723758935928345,0.1470290720462799,0.018898049369454384,1.0
12,hope,0.15191738307476044,0.3154352307319641,0.15191738307476044,0.14251866936683655,0.04196251928806305,1.0
12,satisfied,0.15179575979709625,0.22544199228286743,0.15179575979709625,0.14267536997795105,0.021821511909365654,1.0
12,grateful,0.1501990407705307,0.3273322880268097,0.1501990407705307,0.14027602970600128,0.02600419893860817,1.0
12,uneasy,0.14922629296779633,0.3240639269351959,0.14922629296779633,0.1398424357175827,0.03360983356833458,1.0
12,bewildered,-0.14641594886779785,-0.24514098465442657,0.14641594886779785,-0.13712313771247864,0.029294976964592934,1.0
12,bitter,0.14422722160816193,0.32515305280685425,0.14422722160816193,0.13485167920589447,0.024238785728812218,1.0
12,disoriented,-0.14370548725128174,-0.32070043683052063,0.14370548725128174,-0.13391411304473877,0.029354706406593323,1.0
12,sullen,-0.14051774144172668,-0.3233397603034973,0.14051774144172668,-0.1310657113790512,0.023350127041339874,1.0
12,disturbed,-0.1398404985666275,-0.31116852164268494,0.1398404985666275,-0.12999244034290314,0.03708150237798691,1.0
12,worn out,0.13530804216861725,0.315791517496109,0.13530804216861725,0.12637284398078918,0.010004357434809208,1.0
12,grumpy,-0.13499167561531067,-0.2163768857717514,0.13499167561531067,-0.1260065734386444,0.02709629014134407,1.0
12,embarrassed,0.1342175006866455,0.31303727626800537,0.1342175006866455,0.12573204934597015,0.024783141911029816,1.0
12,dependent,0.126180961728096,0.3151494264602661,0.126180961728096,0.1190243735909462,0.036734290421009064,1.0
12,serene,0.12492699921131134,0.3122543692588806,0.12492699921131134,0.11734156310558319,0.025607451796531677,1.0
12,alert,-0.12354424595832825,-0.3094063401222229,0.12354424595832825,-0.11500618606805801,0.02006850764155388,1.0
12,irate,0.1228577196598053,0.30890023708343506,0.1228577196598053,0.11397892236709595,0.013386520557105541,1.0
12,rattled,0.12259773164987564,0.2352263629436493,0.12259773164987564,0.11487631499767303,0.02622547186911106,1.0
12,horrified,0.1225411668419838,0.3151354491710663,0.1225411668419838,0.11408945173025131,0.018541181460022926,1.0
12,shocked,-0.12137671560049057,-0.31584808230400085,0.12137671560049057,-0.11338980495929718,0.039965324103832245,1.0
12,frightened,-0.11900116503238678,-0.30519533157348633,0.11900116503238678,-0.11093662679195404,0.02106001414358616,1.0
12,pleased,-0.11880651116371155,-0.3083176910877228,0.11880651116371155,-0.11129783093929291,0.02636941336095333,1.0
12,sensitive,0.11837375164031982,0.292786568403244,0.11837375164031982,0.11149326711893082,0.031352657824754715,1.0
12,defiant,0.11755421757698059,0.16444720327854156,0.11755421757698059,0.10959295183420181,0.023109067231416702,1.0
12,enthusiastic,0.11749465763568878,0.2896237075328827,0.11749465763568878,0.10956312716007233,0.009128864854574203,1.0
12,furious,-0.11315475404262543,-0.3107140064239502,0.11315475404262543,-0.10624518245458603,0.027836056426167488,1.0
12,exasperated,0.11088590323925018,0.3014673888683319,0.11088590323925018,0.10343518108129501,0.03572995215654373,1.0
12,amazed,-0.10751233249902725,-0.25949814915657043,0.10751233249902725,-0.10138114541769028,0.027130579575896263,1.0
12,jealous,0.10693974792957306,0.29883381724357605,0.10693974792957306,0.10016542673110962,0.025128012523055077,1.0
12,obstinate,0.10592220723628998,0.30645444989204407,0.10592220723628998,0.09901869297027588,0.0278793852776289,1.0
12,spiteful,-0.10528077185153961,-0.044648509472608566,0.10528077185153961,-0.09989110380411148,0.04124945029616356,1.0
12,heartbroken,-0.10491771250963211,0.193064883351326,0.10491771250963211,-0.09771223366260529,0.03879677131772041,1.0
12,paranoid,-0.10487179458141327,-0.26937443017959595,0.10487179458141327,-0.09769539535045624,0.010346239432692528,1.0
12,lazy,0.1032504141330719,0.295899897813797,0.1032504141330719,0.09725867211818695,0.026544036343693733,1.0
12,restless,-0.1025431901216507,0.07183998078107834,0.1025431901216507,-0.09518617391586304,0.012257958762347698,1.0
12,unhappy,-0.10033156722784042,-0.28685319423675537,0.10033156722784042,-0.09372149407863617,0.0176866352558136,1.0
12,overwhelmed,0.10015673190355301,0.30318477749824524,0.10015673190355301,0.09419633448123932,0.029399169608950615,1.0
12,safe,0.09990444034337997,0.05761992931365967,0.09990444034337997,0.09378769993782043,0.010926072485744953,1.0
12,hurt,0.09884950518608093,0.3004384934902191,0.09884950518608093,0.09291096031665802,0.02499307505786419,1.0
12,distressed,-0.09777218103408813,0.07492000609636307,0.09777218103408813,-0.09091735631227493,0.019448071718215942,1.0
12,trapped,-0.09753184020519257,-0.291975736618042,0.09753184020519257,-0.08977438509464264,0.015715502202510834,1.0
12,bored,0.094924695789814,0.3015267848968506,0.094924695789814,0.0891600251197815,0.03509588539600372,1.0
12,angry,-0.09444599598646164,-0.11892027407884598,0.09444599598646164,-0.08838126808404922,0.02369859628379345,1.0
12,amused,-0.09442100673913956,-0.2976432740688324,0.09442100673913956,-0.08895257860422134,0.028578950092196465,1.0
12,ashamed,0.09344303607940674,-0.048780251294374466,0.09344303607940674,0.0872855857014656,0.01510884240269661,1.0
12,contemptuous,-0.09279549866914749,-0.2968484163284302,0.09279549866914749,-0.08688708394765854,0.010731362737715244,1.0
12,self-confident,-0.09178094565868378,-0.3011302649974823,0.09178094565868378,-0.08610586822032928,0.028897585347294807,1.0
12,delighted,0.09108883142471313,-0.14384162425994873,0.09108883142471313,0.08646591752767563,0.023449817672371864,1.0
12,worthless,0.09033744037151337,0.2877502143383026,0.09033744037151337,0.08374371379613876,0.027059540152549744,1.0
12,reflective,-0.08943453431129456,-0.2815167307853699,0.08943453431129456,-0.08262293040752411,0.0154732009395957,1.0
12,scared,-0.08937443047761917,-0.2912995517253876,0.08937443047761917,-0.08408518135547638,0.050264906138181686,1.0
12,vibrant,-0.0891483724117279,-0.29909151792526245,0.0891483724117279,-0.0834457203745842,0.03394247218966484,1.0
12,hysterical,0.08805698156356812,0.25159430503845215,0.08805698156356812,0.08321475982666016,0.010085631161928177,1.0
12,sentimental,-0.0855899229645729,-0.19131718575954437,0.0855899229645729,-0.08002094179391861,0.01705656200647354,1.0
12,regretful,0.08551055938005447,0.29563048481941223,0.08551055938005447,0.0800894945859909,0.04416830465197563,1.0
12,playful,-0.08525390923023224,-0.29930949211120605,0.08525390923023224,-0.0798107385635376,0.03123968094587326,1.0
12,worried,0.08419954776763916,0.291243314743042,0.08419954776763916,0.07868479937314987,0.011441041715443134,1.0
12,vigilant,0.08413820713758469,0.27957046031951904,0.08413820713758469,0.07960157096385956,0.02208014391362667,1.0
12,sleepy,0.083561472594738,0.29171013832092285,0.083561472594738,0.07930149137973785,0.020768405869603157,1.0
12,awestruck,0.08186142891645432,0.29873818159103394,0.08186142891645432,0.07630658149719238,0.026830557733774185,1.0
12,joyful,-0.08047815412282944,-0.2952840030193329,0.08047815412282944,-0.07570148259401321,0.028297927230596542,1.0
12,docile,0.07964512705802917,0.2927170991897583,0.07964512705802917,0.07460281997919083,0.02630755677819252,1.0
12,outraged,-0.07938212156295776,-0.021465644240379333,0.07938212156295776,-0.07407408207654953,0.008470036089420319,1.0
12,relieved,0.07909145206212997,0.12557058036327362,0.07909145206212997,0.07379664480686188,0.02551533281803131,1.0
12,happy,-0.07798370718955994,-0.2956084609031677,0.07798370718955994,-0.07249565422534943,0.030373722314834595,1.0
12,depressed,-0.07694222033023834,0.08640033006668091,0.07694222033023834,-0.07238586246967316,0.011166166514158249,1.0
12,exuberant,0.07690496742725372,-0.09988096356391907,0.07690496742725372,0.07198677957057953,0.01002295408397913,1.0
12,brooding,0.0729893371462822,0.2914066016674042,0.0729893371462822,0.06831816583871841,0.022750018164515495,1.0
12,unnerved,-0.07288143783807755,0.09023704379796982,0.07288143783807755,-0.06888926029205322,0.02851615659892559,1.0
12,fulfilled,-0.072263203561306,-0.2858027219772339,0.072263203561306,-0.06737270206212997,0.02983931265771389,1.0
12,indifferent,0.0714852586388588,0.2815939784049988,0.0714852586388588,0.0663842186331749,0.009801545180380344,1.0
12,eager,-0.07008448243141174,-0.15359088778495789,0.07008448243141174,-0.06605148315429688,0.026993868872523308,1.0
12,vengeful,0.06840629130601883,0.2727479338645935,0.06840629130601883,0.0646514967083931,0.01570994220674038,1.0
12,impatient,0.06834689527750015,0.2394903600215912,0.06834689527750015,0.0637398362159729,0.021179694682359695,1.0
12,thrilled,-0.0660434365272522,-0.2815074622631073,0.0660434365272522,-0.06262914091348648,0.026680640876293182,1.0
12,thankful,-0.06297922879457474,-0.2808714210987091,0.06297922879457474,-0.05950073152780533,0.018981216475367546,1.0
12,mortified,-0.06275121867656708,-0.15241709351539612,0.06275121867656708,-0.058638155460357666,0.013595033437013626,1.0
12,mad,0.06269337236881256,0.2627263069152832,0.06269337236881256,0.058038752526044846,0.019519025459885597,1.0
12,stimulated,0.05809668451547623,0.045872822403907776,0.05809668451547623,0.054462552070617676,0.02214217558503151,1.0
12,afraid,0.05686130002140999,0.07469761371612549,0.05686130002140999,0.052446283400058746,0.012960156425833702,1.0
12,greedy,0.056831084191799164,0.052883509546518326,0.056831084191799164,0.05289115384221077,0.013925011269748211,1.0
12,content,0.05647335201501846,-0.15890085697174072,0.05647335201501846,0.05314048379659653,0.04182102158665657,0.800000011920929
12,upset,0.05595981702208519,0.27777424454689026,0.05595981702208519,0.05244708061218262,0.01326545886695385,1.0
12,unsettled,0.052639856934547424,0.27467015385627747,0.052639856934547424,0.04922571778297424,0.012521615251898766,1.0
12,optimistic,-0.052574627101421356,-0.2758694589138031,0.052574627101421356,-0.050144098699092865,0.03287895396351814,1.0
12,droopy,-0.05224120616912842,0.19645078480243683,0.05224120616912842,-0.049349941313266754,0.009530567564070225,1.0
12,humiliated,-0.05125177279114723,-0.17861035466194153,0.05125177279114723,-0.046749211847782135,0.019852852448821068,1.0
12,ecstatic,0.05102182924747467,-0.05961228162050247,0.05102182924747467,0.047318458557128906,0.030002692714333534,1.0
12,sad,0.050173319876194,0.24166648089885712,0.050173319876194,0.04560542851686478,0.020464448258280754,1.0
12,resentful,0.04872608184814453,0.27322450280189514,0.04872608184814453,0.04449288919568062,0.01734662428498268,1.0
12,vindictive,0.04846617579460144,0.27432647347450256,0.04846617579460144,0.044975265860557556,0.021924668923020363,1.0
12,aroused,-0.044805508106946945,-0.2778759300708771,0.044805508106946945,-0.04086189344525337,0.02535446360707283,0.800000011920929
12,astonished,-0.044462207704782486,0.06451678276062012,0.044462207704782486,-0.04093071073293686,0.016620352864265442,1.0
12,energized,-0.044460322707891464,-0.27861061692237854,0.044460322707891464,-0.04079123213887215,0.019827546551823616,1.0
12,nervous,-0.044400740414857864,-0.04495806246995926,0.044400740414857864,-0.04215128347277641,0.012527457438409328,1.0
12,anxious,-0.044085629284381866,0.06334655731916428,0.044085629284381866,-0.04093494266271591,0.023453963920474052,1.0
12,sympathetic,0.04347463697195053,-0.08147730678319931,0.04347463697195053,0.03956297039985657,0.022044267505407333,0.800000011920929
12,invigorated,0.04234565421938896,-0.030133744701743126,0.04234565421938896,0.039824724197387695,0.014928010292351246,1.0
12,desperate,0.04136888310313225,0.2626003324985504,0.04136888310313225,0.03882567211985588,0.026725586503744125,1.0
12,peaceful,0.04014575108885765,-0.15749844908714294,0.04014575108885765,0.03836221620440483,0.011336461640894413,1.0
12,enraged,-0.037814222276210785,0.10349638760089874,0.037814222276210785,-0.035052232444286346,0.013355557806789875,1.0
12,relaxed,-0.036768589168787,-0.1957932859659195,0.036768589168787,-0.0359632633626461,0.01815221831202507,1.0
12,hateful,-0.036384228616952896,0.17896190285682678,0.036384228616952896,-0.034122101962566376,0.017914103344082832,1.0
12,tired,0.03324471786618233,0.2714463472366333,0.03324471786618233,0.030987754464149475,0.019392237067222595,1.0
12,self-critical,-0.0330391526222229,-0.2679278552532196,0.0330391526222229,-0.030578836798667908,0.014554131776094437,1.0
12,terrified,-0.03133520483970642,0.0834914967417717,0.03133520483970642,-0.02852635458111763,0.009450211189687252,1.0
12,alarmed,-0.03087758645415306,0.18589521944522858,0.03087758645415306,-0.029290542006492615,0.01866813562810421,1.0
12,panicked,-0.029648514464497566,0.16962040960788727,0.029648514464497566,-0.027807187288999557,0.018114497885107994,1.0
12,disgusted,0.029508335515856743,0.2652844786643982,0.029508335515856743,0.0270855613052845,0.030977312475442886,0.800000011920929
12,hopeful,0.02872338332235813,-0.23516683280467987,0.02872338332235813,0.026457127183675766,0.0275250393897295,0.800000011920929
12,grief-stricken,-0.028527185320854187,0.19448912143707275,0.028527185320854187,-0.02753973938524723,0.02519436925649643,0.800000011920929
12,dispirited,0.027511192485690117,0.2597845196723938,0.027511192485690117,0.026401543989777565,0.029559414833784103,0.800000011920929
12,shaken,-0.02686302736401558,-0.03981424868106842,0.02686302736401558,-0.023669669404625893,0.025435492396354675,0.800000011920929
12,loving,-0.02656661346554756,-0.20910178124904633,0.02656661346554756,-0.026099175214767456,0.025376012548804283,0.800000011920929
12,miserable,0.02528388984501362,0.24977374076843262,0.02528388984501362,0.02452358417212963,0.03022102452814579,0.800000011920929
12,tense,-0.02519187331199646,-0.23194003105163574,0.02519187331199646,-0.022639213129878044,0.022500254213809967,0.800000011920929
12,calm,0.023234471678733826,0.048195432871580124,0.023234471678733826,0.02064412273466587,0.020257040858268738,1.0
12,stubborn,0.0213917288929224,0.24974629282951355,0.0213917288929224,0.019696328788995743,0.024059230461716652,0.800000011920929
12,remorseful,0.0196770578622818,0.16488192975521088,0.0196770578622818,0.01962282508611679,0.024835119023919106,0.800000011920929
12,envious,0.01584506966173649,-0.08972292393445969,0.01584506966173649,0.014283868484199047,0.01263398490846157,1.0
12,self-conscious,-0.015362057834863663,-0.04527026414871216,0.015362057834863663,-0.012640796601772308,0.033938877284526825,0.6000000238418579
12,listless,-0.014049628749489784,0.20389579236507416,0.014049628749489784,-0.012079482898116112,0.011000028811395168,0.800000011920929
12,blissful,0.009872508235275745,-0.2364969253540039,0.009872508235275745,0.008609969168901443,0.01658577471971512,0.800000011920929
12,guilty,0.007611625362187624,0.22348618507385254,0.007611625362187624,0.006881108973175287,0.01688491180539131,0.6000000238418579
12,triumphant,0.002826353767886758,-0.22400067746639252,0.002826353767886758,0.0018467362970113754,0.032648514956235886,0.6000000238418579
12,sluggish,-0.0020036345813423395,0.24106577038764954,0.0020036345813423395,-0.0019211296457797289,0.03274710103869438,0.6000000238418579
12,valiant,-0.0016841805772855878,-0.060936082154512405,0.0016841805772855878,-0.0026862688828259706,0.02921030856668949,0.4000000059604645
12,lonely,-0.0011156105902045965,0.23589903116226196,0.0011156105902045965,-0.001144883455708623,0.03247832879424095,0.4000000059604645
13,at ease,0.27539700269699097,0.32541424036026,0.27539700269699097,0.2552143931388855,0.02666916325688362,1.0
13,resigned,-0.2212347686290741,-0.3608819246292114,0.2212347686290741,-0.2058475911617279,0.02169986441731453,1.0
13,frustrated,-0.21992604434490204,-0.3599072992801666,0.21992604434490204,-0.2039768397808075,0.025021322071552277,1.0
13,patient,0.20977972447872162,0.3549153804779053,0.20977972447872162,0.1949932873249054,0.02816336415708065,1.0
13,inspired,0.2060116082429886,0.29024702310562134,0.2060116082429886,0.19212396442890167,0.011293342337012291,1.0
13,cheerful,0.1936725527048111,0.10385575890541077,0.1936725527048111,0.1807425320148468,0.026908373460173607,1.0
13,perplexed,0.1886066198348999,0.3448029160499573,0.1886066198348999,0.17466534674167633,0.03269769623875618,1.0
13,infatuated,0.18840359151363373,0.061601947993040085,0.18840359151363373,0.17546816170215607,0.016051510348916054,1.0
13,scornful,-0.18563762307167053,-0.3435424566268921,0.18563762307167053,-0.17161908745765686,0.020974446088075638,1.0
13,tormented,-0.1842651069164276,-0.08613032102584839,0.1842651069164276,-0.17179417610168457,0.01933298632502556,1.0
13,empathetic,0.18422114849090576,0.29673561453819275,0.18422114849090576,0.17222431302070618,0.03444096818566322,1.0
13,skeptical,-0.1824396699666977,-0.34039339423179626,0.1824396699666977,-0.16946028172969818,0.025871608406305313,1.0
13,kind,0.18191824853420258,0.34005647897720337,0.18191824853420258,0.16922059655189514,0.031160051003098488,1.0
13,melancholy,-0.17843171954154968,-0.32857537269592285,0.17843171954154968,-0.1656043827533722,0.009135033003985882,1.0
13,weary,-0.1765851378440857,-0.18581950664520264,0.1765851378440857,-0.16464874148368835,0.008099277503788471,1.0
13,elated,0.17555154860019684,0.3169324994087219,0.17555154860019684,0.1635936051607132,0.010595041327178478,1.0
13,annoyed,-0.17325356602668762,-0.33682724833488464,0.17325356602668762,-0.1613924205303192,0.03742653504014015,1.0
13,insulted,0.17174778878688812,0.33612245321273804,0.17174778878688812,0.15927299857139587,0.029961634427309036,1.0
13,compassionate,0.1706484854221344,0.3311774730682373,0.1706484854221344,0.1576368808746338,0.03830016776919365,1.0
13,troubled,-0.17023153603076935,-0.3352953791618347,0.17023153603076935,-0.15767982602119446,0.031372688710689545,1.0
13,euphoric,0.1693575531244278,0.2326490581035614,0.1693575531244278,0.15780998766422272,0.01726611517369747,1.0
13,sorry,0.16803614795207977,0.3365507125854492,0.16803614795207977,0.15587885677814484,0.041048720479011536,1.0
13,puzzled,-0.1677999198436737,-0.33589857816696167,0.1677999198436737,-0.15532442927360535,0.0425465926527977,1.0
13,smug,0.167694091796875,0.3221036195755005,0.167694091796875,0.15536580979824066,0.014746934175491333,1.0
13,suspicious,-0.16743096709251404,-0.33290088176727295,0.16743096709251404,-0.15562203526496887,0.021248314529657364,1.0
13,satisfied,0.16558806598186493,0.22598151862621307,0.16558806598186493,0.15475836396217346,0.014653755351901054,1.0
13,on edge,0.16213633120059967,0.33383238315582275,0.16213633120059967,0.15102356672286987,0.034862250089645386,1.0
13,irritated,-0.16198310256004333,-0.3122137188911438,0.16198310256004333,-0.15116886794567108,0.010288039222359657,1.0
13,rejuvenated,0.1614336371421814,0.33222538232803345,0.1614336371421814,0.1507144719362259,0.029447752982378006,1.0
13,refreshed,0.15954430401325226,0.09206967800855637,0.15954430401325226,0.1482754498720169,0.013013483956456184,1.0
13,offended,-0.15826384723186493,-0.3321433365345001,0.15826384723186493,-0.14636655151844025,0.03266213461756706,1.0
13,dumbstruck,-0.1579597145318985,-0.33069074153900146,0.1579597145318985,-0.14759060740470886,0.01927150972187519,1.0
13,vulnerable,-0.15745848417282104,-0.33201369643211365,0.15745848417282104,-0.14639925956726074,0.03362613543868065,1.0
13,bewildered,-0.15549832582473755,-0.24518504738807678,0.15549832582473755,-0.14541767537593842,0.025288475677371025,1.0
13,surprised,-0.15189772844314575,-0.3256474733352661,0.15189772844314575,-0.14074425399303436,0.03461572527885437,1.0
13,proud,0.15123417973518372,0.3157360553741455,0.15123417973518372,0.13927389681339264,0.02024228684604168,1.0
13,jubilant,0.14980188012123108,0.32682573795318604,0.14980188012123108,0.1385606825351715,0.027662960812449455,1.0
13,stressed,-0.14965938031673431,-0.32635626196861267,0.14965938031673431,-0.13850447535514832,0.023929709568619728,1.0
13,stuck,-0.14897094666957855,-0.3105308711528778,0.14897094666957855,-0.13859979808330536,0.010640384629368782,1.0
13,hope,0.1487974226474762,0.3089161515235901,0.1487974226474762,0.1389356553554535,0.042348913848400116,1.0
13,mystified,-0.1479998230934143,-0.3263092637062073,0.1479998230934143,-0.13800378143787384,0.02274162508547306,1.0
13,disturbed,-0.14568392932415009,-0.30838465690612793,0.14568392932415009,-0.13499696552753448,0.03560974448919296,1.0
13,hostile,-0.141454815864563,-0.3221611976623535,0.141454815864563,-0.132039874792099,0.02652682177722454,1.0
13,disoriented,-0.1397269368171692,-0.31383827328681946,0.1397269368171692,-0.13004691898822784,0.027883747592568398,1.0
13,disdainful,0.13928301632404327,0.31455254554748535,0.13928301632404327,0.12939295172691345,0.01525858324021101,1.0
13,grateful,0.13662099838256836,0.32067638635635376,0.13662099838256836,0.1268922984600067,0.027932360768318176,1.0
13,gloomy,-0.13641832768917084,-0.2989853322505951,0.13641832768917084,-0.12682034075260162,0.005661973729729652,1.0
13,indignant,-0.1361324042081833,-0.2997552454471588,0.1361324042081833,-0.12718693912029266,0.023157840594649315,1.0
13,heartbroken,-0.13396510481834412,0.16609129309654236,0.13396510481834412,-0.1250111609697342,0.037316758185625076,1.0
13,nostalgic,0.13280703127384186,0.318981796503067,0.13280703127384186,0.12345390021800995,0.02083706296980381,1.0
13,excited,0.13232481479644775,0.30391883850097656,0.13232481479644775,0.12290432304143906,0.021577125415205956,1.0
13,grumpy,-0.12924176454544067,-0.21311557292938232,0.12924176454544067,-0.11949888616800308,0.024036569520831108,1.0
13,delighted,0.1289355754852295,-0.10505180060863495,0.1289355754852295,0.12186063826084137,0.026635151356458664,1.0
13,sensitive,0.12383272498846054,0.29267236590385437,0.12383272498846054,0.1163780689239502,0.03221307322382927,1.0
13,angry,-0.1228860467672348,-0.15059472620487213,0.1228860467672348,-0.11526064574718475,0.022283125668764114,1.0
13,bitter,0.12252639979124069,0.3154774308204651,0.12252639979124069,0.11369892209768295,0.026850227266550064,1.0
13,uneasy,0.12202629446983337,0.3079931437969208,0.12202629446983337,0.11325468868017197,0.035076867789030075,1.0
13,embarrassed,0.12125571072101593,0.30318683385849,0.12125571072101593,0.11212058365345001,0.026943478733301163,1.0
13,sullen,-0.12112098932266235,-0.31268271803855896,0.12112098932266235,-0.1117127388715744,0.02532576210796833,1.0
13,spiteful,-0.12096922099590302,-0.06487733125686646,0.12096922099590302,-0.11378411203622818,0.040668439120054245,1.0
13,restless,-0.11987452208995819,0.04793489724397659,0.11987452208995819,-0.11111612617969513,0.010424185544252396,1.0
13,shocked,-0.11626773327589035,-0.3119601607322693,0.11626773327589035,-0.10768868029117584,0.045604776591062546,1.0
13,frightened,-0.11299610882997513,-0.2991253733634949,0.11299610882997513,-0.10415478050708771,0.023279910907149315,1.0
13,serene,0.11214993894100189,0.3045702278614044,0.11214993894100189,0.1043916791677475,0.025214994326233864,1.0
13,dependent,0.11011728644371033,0.3060095012187958,0.11011728644371033,0.10284508764743805,0.039643432945013046,1.0
13,worn out,0.10864296555519104,0.2974112629890442,0.10864296555519104,0.1007155030965805,0.011575831100344658,1.0
13,defiant,0.10828564316034317,0.13836228847503662,0.10828564316034317,0.09987945109605789,0.02336461842060089,1.0
13,rattled,0.10735245794057846,0.2177172750234604,0.10735245794057846,0.09993859380483627,0.027353931218385696,1.0
13,irate,0.10269282013177872,0.29919129610061646,0.10269282013177872,0.09427423775196075,0.017815593630075455,1.0
13,amazed,-0.1024351641535759,-0.2588389217853546,0.1024351641535759,-0.09580276161432266,0.02960066869854927,1.0
13,alert,-0.10105398297309875,-0.2942945957183838,0.10105398297309875,-0.093464195728302,0.022502074018120766,1.0
13,horrified,0.10012530535459518,0.30466070771217346,0.10012530535459518,0.09205315262079239,0.020217476412653923,1.0
13,ashamed,0.09950485825538635,-0.016147581860423088,0.09950485825538635,0.09247302263975143,0.012761278077960014,1.0
13,exuberant,0.09922201186418533,-0.0684998631477356,0.09922201186418533,0.09283524751663208,0.009432037360966206,1.0
13,safe,0.0969051718711853,0.042014218866825104,0.0969051718711853,0.09055036306381226,0.009588238783180714,1.0
13,exasperated,0.09259350597858429,0.2894386649131775,0.09259350597858429,0.0857669934630394,0.038393691182136536,1.0
13,regretful,0.09182287007570267,0.2965114712715149,0.09182287007570267,0.0851786881685257,0.04474204033613205,1.0
13,furious,-0.09015434235334396,-0.29939186573028564,0.09015434235334396,-0.0837092325091362,0.028663301840424538,1.0
13,worthless,0.09002847224473953,0.2854301333427429,0.09002847224473953,0.08276371657848358,0.031970348209142685,1.0
13,enthusiastic,0.0884801372885704,0.24981576204299927,0.0884801372885704,0.08212116360664368,0.011587202548980713,1.0
13,relieved,0.08665457367897034,0.13287436962127686,0.08665457367897034,0.08057598769664764,0.024140773341059685,1.0
13,distressed,-0.0863649845123291,0.0731702670454979,0.0863649845123291,-0.07987086474895477,0.01692153699696064,1.0
13,reflective,-0.08504874259233475,-0.2728840112686157,0.08504874259233475,-0.0780089870095253,0.019093362614512444,1.0
13,obstinate,0.08362362533807755,0.29703640937805176,0.08362362533807755,0.07730383425951004,0.02808346040546894,1.0
13,trapped,-0.08300074189901352,-0.27881941199302673,0.08300074189901352,-0.07584544271230698,0.01678098551928997,1.0
13,scared,-0.0814213678240776,-0.28380340337753296,0.0814213678240776,-0.07590728998184204,0.05367061495780945,1.0
13,hurt,0.08040666580200195,0.29094398021698,0.08040666580200195,0.07486804574728012,0.023861242458224297,1.0
13,pleased,-0.07929051667451859,-0.288510262966156,0.07929051667451859,-0.0734843760728836,0.029559431597590446,1.0
13,paranoid,-0.07912352681159973,-0.23416423797607422,0.07912352681159973,-0.07300474494695663,0.013542820699512959,1.0
13,depressed,-0.07823128253221512,0.07310938090085983,0.07823128253221512,-0.07366412878036499,0.016844812780618668,1.0
13,hopeful,0.07709839195013046,-0.20576439797878265,0.07709839195013046,0.07210160791873932,0.02626429684460163,1.0
13,terrified,-0.07697726041078568,0.03035327047109604,0.07697726041078568,-0.07064411789178848,0.012727556750178337,1.0
13,unnerved,-0.07618483901023865,0.08110862225294113,0.07618483901023865,-0.07254014909267426,0.02501665987074375,1.0
13,anxious,-0.07554441690444946,0.018488479778170586,0.07554441690444946,-0.07046277076005936,0.018578048795461655,1.0
13,lazy,0.07506470382213593,0.27913132309913635,0.07506470382213593,0.07009173929691315,0.02622782438993454,1.0
13,content,0.07436709105968475,-0.13425733149051666,0.07436709105968475,0.0701860710978508,0.042526453733444214,1.0
13,contemptuous,-0.07308950275182724,-0.28553247451782227,0.07308950275182724,-0.06808927655220032,0.015104934573173523,1.0
13,unhappy,-0.0730808675289154,-0.26715826988220215,0.0730808675289154,-0.06753651797771454,0.01524692215025425,1.0
13,jealous,0.07149051874876022,0.2757832407951355,0.07149051874876022,0.06652083247900009,0.026713158935308456,1.0
13,astonished,-0.07086337357759476,0.01185253169387579,0.07086337357759476,-0.0656205341219902,0.010472123511135578,1.0
13,ecstatic,0.06998526304960251,-0.04561818018555641,0.06998526304960251,0.0653916746377945,0.027105748653411865,1.0
13,bored,0.06979846209287643,0.289495587348938,0.06979846209287643,0.0650235190987587,0.03809334337711334,1.0
13,afraid,0.06809841841459274,0.0773758813738823,0.06809841841459274,0.06296868622303009,0.011003201827406883,1.0
13,vibrant,-0.06579563021659851,-0.28695234656333923,0.06579563021659851,-0.06059781834483147,0.03616233170032501,1.0
13,overwhelmed,0.06433705240488052,0.2879648506641388,0.06433705240488052,0.059539396315813065,0.03482000157237053,1.0
13,docile,0.06425922363996506,0.28302323818206787,0.06425922363996506,0.059514470398426056,0.02488134242594242,1.0
13,vigilant,0.06362126022577286,0.26497477293014526,0.06362126022577286,0.060124099254608154,0.020349441096186638,1.0
13,sentimental,-0.06321294605731964,-0.1716126948595047,0.06321294605731964,-0.057988137006759644,0.015321170911192894,1.0
13,droopy,-0.061882976442575455,0.180291086435318,0.061882976442575455,-0.058899082243442535,0.013825812377035618,1.0
13,humiliated,-0.06126315891742706,-0.17797130346298218,0.06126315891742706,-0.05606977269053459,0.017492419108748436,1.0
13,awestruck,0.06021919474005699,0.28819140791893005,0.06021919474005699,0.05505009740591049,0.02902092970907688,1.0
13,playful,-0.059936944395303726,-0.2879544496536255,0.059936944395303726,-0.05511417239904404,0.03376174718141556,1.0
13,impatient,0.05921071395277977,0.21213027834892273,0.05921071395277977,0.055469781160354614,0.02291225828230381,1.0
13,hysterical,0.05898706242442131,0.21055485308170319,0.05898706242442131,0.05588296800851822,0.011401737108826637,1.0
13,outraged,-0.05795162543654442,0.0010156435891985893,0.05795162543654442,-0.05365624278783798,0.010273823514580727,1.0
13,sympathetic,0.056875359266996384,-0.06183775141835213,0.056875359266996384,0.052081383764743805,0.019584260880947113,1.0
13,nervous,-0.05515960976481438,-0.050439320504665375,0.05515960976481438,-0.052220605313777924,0.011617244221270084,1.0
13,eager,-0.05498794466257095,-0.12923699617385864,0.05498794466257095,-0.052387773990631104,0.028630070388317108,1.0
13,mortified,-0.05480251833796501,-0.13247573375701904,0.05480251833796501,-0.050592340528964996,0.014073128812015057,1.0
13,greedy,0.05353766307234764,0.03733326867222786,0.05353766307234764,0.04981887340545654,0.00963067077100277,1.0
13,panicked,-0.05317049100995064,0.15009796619415283,0.05317049100995064,-0.05050022527575493,0.015942402184009552,1.0
13,alarmed,-0.052161332219839096,0.16699810326099396,0.052161332219839096,-0.04935993254184723,0.020237883552908897,1.0
13,self-confident,-0.05202844366431236,-0.2845221161842346,0.05202844366431236,-0.048349399119615555,0.0314752422273159,1.0
13,fulfilled,-0.051045972853899,-0.2732619345188141,0.051045972853899,-0.046911634504795074,0.0318184420466423,0.800000011920929
13,amused,-0.05034207925200462,-0.27530744671821594,0.05034207925200462,-0.047288864850997925,0.026463132351636887,1.0
13,thrilled,-0.048949915915727615,-0.27020296454429626,0.048949915915727615,-0.046284474432468414,0.024543460458517075,1.0
13,happy,-0.048591382801532745,-0.28234583139419556,0.048591382801532745,-0.04378964751958847,0.036087486892938614,0.800000011920929
13,peaceful,0.048515062779188156,-0.1399594247341156,0.048515062779188156,0.046306002885103226,0.013498836196959019,1.0
13,blissful,0.048274073749780655,-0.20921368896961212,0.048274073749780655,0.04466404765844345,0.01810651458799839,1.0
13,sluggish,-0.045597679913043976,0.21107792854309082,0.045597679913043976,-0.043106671422719955,0.03599026799201965,0.800000011920929
13,brooding,0.04512247070670128,0.27754876017570496,0.04512247070670128,0.04160069674253464,0.0249466709792614,1.0
13,indifferent,0.04508277401328087,0.26464951038360596,0.04508277401328087,0.04116497188806534,0.010132777504622936,1.0
13,stimulated,0.04484428092837334,0.036987852305173874,0.04484428092837334,0.04169250279664993,0.023418840020895004,0.800000011920929
13,joyful,-0.0428997278213501,-0.2782771587371826,0.0428997278213501,-0.04010584205389023,0.027991747483611107,1.0
13,enraged,-0.042611557990312576,0.08838783204555511,0.042611557990312576,-0.039141856133937836,0.0094077680259943,1.0
13,vengeful,0.04222274199128151,0.25063636898994446,0.04222274199128151,0.04026782512664795,0.01940198615193367,1.0
13,invigorated,0.04187285900115967,-0.04540110379457474,0.04187285900115967,0.03906906023621559,0.015232047997415066,1.0
13,worried,0.04112739861011505,0.2658964693546295,0.04112739861011505,0.03764309734106064,0.013067505322396755,1.0
13,sleepy,0.0382155105471611,0.2649722099304199,0.0382155105471611,0.036745764315128326,0.021543392911553383,1.0
13,shaken,-0.03759777173399925,-0.04814576730132103,0.03759777173399925,-0.03377649188041687,0.022532043978571892,0.800000011920929
13,sad,0.03421374410390854,0.22208087146282196,0.03421374410390854,0.029598882421851158,0.025963839143514633,0.800000011920929
13,calm,0.03360939398407936,0.05324186012148857,0.03360939398407936,0.02971317246556282,0.02337651699781418,1.0
13,vindictive,0.03337336331605911,0.2655048668384552,0.03337336331605911,0.030476948246359825,0.023379279300570488,0.800000011920929
13,thankful,-0.03146344795823097,-0.2630607783794403,0.03146344795823097,-0.029304737225174904,0.019645806401968002,1.0
13,mad,0.031054973602294922,0.238606795668602,0.031054973602294922,0.027602767571806908,0.019954146817326546,1.0
13,hateful,-0.029874581843614578,0.1770520955324173,0.029874581843614578,-0.028107041493058205,0.019008424133062363,0.800000011920929
13,grief-stricken,-0.027437560260295868,0.1837986707687378,0.027437560260295868,-0.02631540037691593,0.021709512919187546,1.0
13,self-conscious,-0.0272612776607275,-0.04344107210636139,0.0272612776607275,-0.023554271087050438,0.032452553510665894,0.800000011920929
13,unsettled,0.02721545472741127,0.2584657669067383,0.02721545472741127,0.025213945657014847,0.010789137333631516,1.0
13,tense,-0.026041224598884583,-0.22688819468021393,0.026041224598884583,-0.023172933608293533,0.0214055348187685,0.800000011920929
13,triumphant,0.026024965569376945,-0.20464205741882324,0.026024965569376945,0.023864785209298134,0.030886255204677582,0.6000000238418579
13,lonely,-0.02271432615816593,0.21402689814567566,0.02271432615816593,-0.02179207280278206,0.03181365877389908,0.800000011920929
13,listless,-0.021574610844254494,0.1831618845462799,0.021574610844254494,-0.018883321434259415,0.01163643877953291,1.0
13,relaxed,-0.018960800021886826,-0.17090290784835815,0.018960800021886826,-0.019362907856702805,0.017186380922794342,0.800000011920929
13,resentful,0.017955992370843887,0.2565472424030304,0.017955992370843887,0.015222379937767982,0.018935583531856537,0.800000011920929
13,aroused,-0.017926078289747238,-0.26338624954223633,0.017926078289747238,-0.0151655999943614,0.029280221089720726,0.800000011920929
13,upset,0.017357300966978073,0.25912168622016907,0.017357300966978073,0.015623390674591064,0.01612546294927597,0.800000011920929
13,miserable,-0.015771355479955673,0.2180871218442917,0.015771355479955673,-0.013805115595459938,0.02817455492913723,0.800000011920929
13,self-critical,-0.013659633696079254,-0.2518066465854645,0.013659633696079254,-0.01189895998686552,0.01304702740162611,0.6000000238418579
13,envious,0.012837346643209457,-0.07539872080087662,0.012837346643209457,0.011677263304591179,0.010422528721392155,1.0
13,desperate,0.012481004931032658,0.2439863085746765,0.012481004931032658,0.011219434440135956,0.029484065249562263,0.6000000238418579
13,dispirited,-0.01186088565737009,0.2321719378232956,0.01186088565737009,-0.010982876643538475,0.03012440726161003,0.800000011920929
13,loving,-0.011197196319699287,-0.18686841428279877,0.011197196319699287,-0.011545912362635136,0.026314247399568558,0.6000000238418579
13,optimistic,-0.009442580863833427,-0.251840204000473,0.009442580863833427,-0.009380772709846497,0.034490711987018585,0.4000000059604645
13,valiant,0.009360922500491142,-0.04977605864405632,0.009360922500491142,0.008296537213027477,0.025621920824050903,0.6000000238418579
13,energized,-0.008806886151432991,-0.25840699672698975,0.008806886151432991,-0.006605371832847595,0.023810066282749176,0.6000000238418579
13,remorseful,-0.006259250920265913,0.12478576600551605,0.006259250920265913,-0.00451237615197897,0.01981523633003235,0.6000000238418579
13,guilty,-0.005102555267512798,0.20932018756866455,0.005102555267512798,-0.005819185636937618,0.022066693753004074,0.6000000238418579
13,tired,-0.0036726328544318676,0.2519056499004364,0.0036726328544318676,-0.0038568959571421146,0.02020525559782982,0.6000000238418579
13,disgusted,0.0032656833063811064,0.24395588040351868,0.0032656833063811064,0.002630177652463317,0.027651533484458923,0.6000000238418579
13,stubborn,-0.0021104507613927126,0.23358002305030823,0.0021104507613927126,-0.002481811912730336,0.02166661247611046,0.6000000238418579
14,at ease,0.24688675999641418,0.26780298352241516,0.24688675999641418,0.22908124327659607,0.02562159113585949,1.0
14,cheerful,0.19484727084636688,0.11674747616052628,0.19484727084636688,0.18185631930828094,0.02025606669485569,1.0
14,inspired,0.18928024172782898,0.24328412115573883,0.18928024172782898,0.1772124022245407,0.01177245657891035,1.0
14,resigned,-0.1848972886800766,-0.27875497937202454,0.1848972886800766,-0.1730688065290451,0.01605602540075779,1.0
14,euphoric,0.18451908230781555,0.2262403666973114,0.18451908230781555,0.17275875806808472,0.01653946191072464,1.0
14,frustrated,-0.16859018802642822,-0.26898255944252014,0.16859018802642822,-0.15733855962753296,0.01844514161348343,1.0
14,elated,0.16848592460155487,0.25688934326171875,0.16848592460155487,0.1574346125125885,0.007566405460238457,1.0
14,infatuated,0.16762849688529968,0.08204016089439392,0.16762849688529968,0.1568898856639862,0.015221563167870045,1.0
14,satisfied,0.1661362648010254,0.20527616143226624,0.1661362648010254,0.15553411841392517,0.014893883839249611,1.0
14,patient,0.16558733582496643,0.2671767473220825,0.16558733582496643,0.15538178384304047,0.021498551592230797,1.0
14,tormented,-0.16226467490196228,-0.07409607619047165,0.16226467490196228,-0.15125669538974762,0.009746352210640907,1.0
14,weary,-0.16115404665470123,-0.15539221465587616,0.16115404665470123,-0.15091419219970703,0.013303241692483425,1.0
14,skeptical,-0.16094234585762024,-0.2645978629589081,0.16094234585762024,-0.15062639117240906,0.021545475348830223,1.0
14,scornful,-0.15799404680728912,-0.26293182373046875,0.15799404680728912,-0.1468333750963211,0.016320962458848953,1.0
14,refreshed,0.1575416624546051,0.07836861163377762,0.1575416624546051,0.14720162749290466,0.014025401324033737,1.0
14,delighted,0.15213783085346222,-0.017072970047593117,0.15213783085346222,0.14318791031837463,0.02153819426894188,1.0
14,bewildered,-0.15122254192829132,-0.2087256908416748,0.15122254192829132,-0.14231599867343903,0.022194482386112213,1.0
14,heartbroken,-0.1483106017112732,0.0851600244641304,0.1483106017112732,-0.13789448142051697,0.02495393715798855,1.0
14,annoyed,-0.14779873192310333,-0.25794512033462524,0.14779873192310333,-0.138861745595932,0.030475355684757233,1.0
14,puzzled,-0.14207056164741516,-0.25580620765686035,0.14207056164741516,-0.13302648067474365,0.033306144177913666,1.0
14,melancholy,-0.14189544320106506,-0.24632446467876434,0.14189544320106506,-0.1322048306465149,0.004863515496253967,1.0
14,hope,0.13798394799232483,0.245151549577713,0.13798394799232483,0.12997764348983765,0.03621206432580948,1.0
14,sorry,0.1378481388092041,0.2532845437526703,0.1378481388092041,0.12937991321086884,0.031181316822767258,1.0
14,disturbed,-0.1370970755815506,-0.2450864017009735,0.1370970755815506,-0.12834793329238892,0.03134947642683983,1.0
14,smug,0.13625772297382355,0.24368485808372498,0.13625772297382355,0.1265658736228943,0.01616908796131611,1.0
14,empathetic,0.13486574590206146,0.20632067322731018,0.13486574590206146,0.12750113010406494,0.033132996410131454,1.0
14,compassionate,0.13387393951416016,0.24636399745941162,0.13387393951416016,0.12457291781902313,0.033275946974754333,1.0
14,dumbstruck,-0.13381054997444153,-0.2505307197570801,0.13381054997444153,-0.1260068565607071,0.0157592985779047,1.0
14,angry,-0.1332293152809143,-0.15114915370941162,0.1332293152809143,-0.12561804056167603,0.022568656131625175,1.0
14,proud,0.1331707239151001,0.24048203229904175,0.1331707239151001,0.12318409979343414,0.018756981939077377,1.0
14,offended,-0.1331007331609726,-0.251211941242218,0.1331007331609726,-0.12420909106731415,0.02150377258658409,1.0
14,kind,0.13251566886901855,0.2478657364845276,0.13251566886901855,0.12422630935907364,0.025071583688259125,1.0
14,perplexed,0.13127875328063965,0.24879209697246552,0.13127875328063965,0.12262320518493652,0.024504955857992172,1.0
14,rejuvenated,0.13044464588165283,0.24905069172382355,0.13044464588165283,0.12297894805669785,0.02408638410270214,1.0
14,vulnerable,-0.13026665151119232,-0.24972453713417053,0.13026665151119232,-0.12229090929031372,0.023535385727882385,1.0
14,exuberant,0.13019625842571259,0.008856113068759441,0.13019625842571259,0.1218576431274414,0.015125873498618603,1.0
14,disoriented,-0.12960682809352875,-0.24649597704410553,0.12960682809352875,-0.12172319740056992,0.02240026742219925,1.0
14,excited,0.129428431391716,0.24032653868198395,0.129428431391716,0.12106027454137802,0.01700846664607525,1.0
14,spiteful,-0.12867854535579681,-0.07213149219751358,0.12867854535579681,-0.12209732830524445,0.04284220188856125,1.0
14,troubled,-0.12850160896778107,-0.24712128937244415,0.12850160896778107,-0.12017980962991714,0.022219602018594742,1.0
14,grumpy,-0.1284763216972351,-0.1878402680158615,0.1284763216972351,-0.11905668675899506,0.021175777539610863,1.0
14,suspicious,-0.12797552347183228,-0.24602146446704865,0.12797552347183228,-0.11987721920013428,0.014322747476398945,1.0
14,jubilant,0.12274450808763504,0.24475760757923126,0.12274450808763504,0.11446189880371094,0.018693208694458008,1.0
14,on edge,0.12090396136045456,0.24522767961025238,0.12090396136045456,0.11370936781167984,0.024938883259892464,1.0
14,insulted,0.12077885866165161,0.24357441067695618,0.12077885866165161,0.11282338201999664,0.02032420039176941,1.0
14,restless,-0.11994504183530807,0.005704689305275679,0.11994504183530807,-0.11172809451818466,0.011023442260921001,1.0
14,irritated,-0.11801636219024658,-0.2231905460357666,0.11801636219024658,-0.11061130464076996,0.010283584706485271,1.0
14,gloomy,-0.1093052551150322,-0.223185732960701,0.1093052551150322,-0.10204321146011353,0.008167505264282227,1.0
14,embarrassed,0.10865642130374908,0.23161643743515015,0.10865642130374908,0.10116536915302277,0.021723132580518723,1.0
14,stressed,-0.10837220400571823,-0.2380397915840149,0.10837220400571823,-0.10117527097463608,0.015099815092980862,1.0
14,safe,0.10834245383739471,0.07041142880916595,0.10834245383739471,0.1013447493314743,0.01128927618265152,1.0
14,sensitive,0.10683978348970413,0.22243355214595795,0.10683978348970413,0.10158254951238632,0.03139441832900047,1.0
14,indignant,-0.1066681519150734,-0.21816177666187286,0.1066681519150734,-0.10025513172149658,0.022018933668732643,1.0
14,surprised,-0.10574627667665482,-0.2328568994998932,0.10574627667665482,-0.09902331978082657,0.026488276198506355,1.0
14,hostile,-0.10518471896648407,-0.23580537736415863,0.10518471896648407,-0.09928321093320847,0.02055325172841549,1.0
14,stuck,-0.10478752851486206,-0.2209096997976303,0.10478752851486206,-0.09801233559846878,0.006793786771595478,1.0
14,terrified,-0.1026695966720581,-0.03168428689241409,0.1026695966720581,-0.09505824744701385,0.013843348249793053,1.0
14,grateful,0.10264645516872406,0.2347225546836853,0.10264645516872406,0.09610539674758911,0.019285010173916817,1.0
14,content,0.101228266954422,-0.05413253977894783,0.101228266954422,0.09464985132217407,0.02571987919509411,1.0
14,mystified,-0.09751816838979721,-0.23284576833248138,0.09751816838979721,-0.09187150001525879,0.01589137129485607,1.0
14,hopeful,0.09614252299070358,-0.1215701773762703,0.09614252299070358,0.08927327394485474,0.014185462146997452,1.0
14,sullen,-0.09515109658241272,-0.23067104816436768,0.09515109658241272,-0.08849439769983292,0.014609426259994507,1.0
14,serene,0.09459022432565689,0.22695103287696838,0.09459022432565689,0.08886696398258209,0.021188970655202866,1.0
14,disdainful,0.09437789022922516,0.2240036278963089,0.09437789022922516,0.08819222450256348,0.01111900806427002,1.0
14,shocked,-0.0934680625796318,-0.23128467798233032,0.0934680625796318,-0.0879015326499939,0.03600095584988594,1.0
14,rattled,0.0909319669008255,0.16475875675678253,0.0909319669008255,0.0857616439461708,0.02212524227797985,1.0
14,nostalgic,0.0908186137676239,0.22931133210659027,0.0908186137676239,0.08519155532121658,0.014904097653925419,1.0
14,ecstatic,0.08987423777580261,0.019121773540973663,0.08987423777580261,0.08365915715694427,0.018729599192738533,1.0
14,defiant,0.08986340463161469,0.1121673509478569,0.08986340463161469,0.08305581659078598,0.024051452055573463,1.0
14,worn out,0.08972802013158798,0.22234804928302765,0.08972802013158798,0.08378448337316513,0.007504723500460386,1.0
14,anxious,-0.0896574854850769,-0.02343965508043766,0.0896574854850769,-0.08408419042825699,0.019202444702386856,1.0
14,astonished,-0.08908671140670776,-0.03667168691754341,0.08908671140670776,-0.08261113613843918,0.013079402968287468,1.0
14,unnerved,-0.0871710404753685,0.022177796810865402,0.0871710404753685,-0.08239622414112091,0.020126985386013985,1.0
14,sympathetic,0.08690103888511658,0.010561753995716572,0.08690103888511658,0.07980214059352875,0.01841256022453308,1.0
14,paranoid,-0.08634219318628311,-0.1943747103214264,0.08634219318628311,-0.08023126423358917,0.013588521629571915,1.0
14,relieved,0.08374160528182983,0.1101410761475563,0.08374160528182983,0.07880153506994247,0.025639262050390244,1.0
14,reflective,-0.08200916647911072,-0.20977216958999634,0.08200916647911072,-0.07578174769878387,0.01442861557006836,1.0
14,blissful,0.08162478357553482,-0.1156553402543068,0.08162478357553482,0.0753321647644043,0.013514588586986065,1.0
14,ashamed,0.0802469551563263,-0.001052018254995346,0.0802469551563263,0.07492390275001526,0.013067363761365414,1.0
14,alert,-0.07702237367630005,-0.21312163770198822,0.07702237367630005,-0.07181978225708008,0.018205814063549042,1.0
14,depressed,-0.07654779404401779,0.024940330535173416,0.07654779404401779,-0.07190383970737457,0.011743735522031784,1.0
14,alarmed,-0.07556810975074768,0.089958056807518,0.07556810975074768,-0.0707385390996933,0.01763094961643219,1.0
14,trapped,-0.07465142011642456,-0.21146400272846222,0.07465142011642456,-0.06832082569599152,0.019255809485912323,1.0
14,frightened,-0.07441715896129608,-0.20969383418560028,0.07441715896129608,-0.06911467760801315,0.01669221557676792,1.0
14,enthusiastic,0.0694078654050827,0.18232208490371704,0.0694078654050827,0.06498675048351288,0.01035767886787653,1.0
14,worthless,0.06938618421554565,0.20591874420642853,0.06938618421554565,0.06459351629018784,0.024077607318758965,1.0
14,enraged,-0.06864269077777863,0.029272597283124924,0.06864269077777863,-0.06347976624965668,0.012008613906800747,1.0
14,distressed,-0.06837689131498337,0.04581698402762413,0.06837689131498337,-0.06292649358510971,0.016408847644925117,1.0
14,sluggish,-0.06736117601394653,0.12278915196657181,0.06736117601394653,-0.06265783309936523,0.02567298710346222,1.0
14,bitter,0.06725388020277023,0.2192969173192978,0.06725388020277023,0.06333979219198227,0.02066059410572052,1.0
14,uneasy,0.06721385568380356,0.2089514285326004,0.06721385568380356,0.0633033737540245,0.020689601078629494,1.0
14,dependent,0.0668846145272255,0.21345345675945282,0.0668846145272255,0.06378801167011261,0.03075670450925827,1.0
14,panicked,-0.06671949476003647,0.07792706787586212,0.06671949476003647,-0.06306420266628265,0.013604382984340191,1.0
14,droopy,-0.0661940649151802,0.11053892970085144,0.0661940649151802,-0.0626540556550026,0.009846651926636696,1.0
14,horrified,0.06417137384414673,0.21673257648944855,0.06417137384414673,0.05921287462115288,0.012015106156468391,1.0
14,regretful,0.06235726550221443,0.21145597100257874,0.06235726550221443,0.05919978767633438,0.035655081272125244,1.0
14,peaceful,0.06193147599697113,-0.08299294859170914,0.06193147599697113,0.058998607099056244,0.017497453838586807,1.0
14,shaken,-0.06185920536518097,-0.07767098397016525,0.06185920536518097,-0.055987514555454254,0.02308027632534504,1.0
14,mortified,-0.06131497398018837,-0.11012240499258041,0.06131497398018837,-0.05706392973661423,0.0108724944293499,1.0
14,nervous,-0.06123859062790871,-0.05704940855503082,0.06123859062790871,-0.05829806998372078,0.013451401144266129,1.0
14,scared,-0.060941729694604874,-0.2044595628976822,0.060941729694604874,-0.058069635182619095,0.04455322027206421,1.0
14,contemptuous,-0.05896272137761116,-0.20808863639831543,0.05896272137761116,-0.05532953888177872,0.011821572668850422,1.0
14,hysterical,0.05682142823934555,0.16139523684978485,0.05682142823934555,0.054139960557222366,0.015690620988607407,1.0
14,unhappy,-0.05574503913521767,-0.19433026015758514,0.05574503913521767,-0.05184779316186905,0.011189487762749195,1.0
14,amazed,-0.05527405068278313,-0.16950172185897827,0.05527405068278313,-0.052638519555330276,0.025015879422426224,1.0
14,invigorated,0.05457377806305885,-0.007778586819767952,0.05457377806305885,0.0509682223200798,0.010860087350010872,1.0
14,exasperated,0.053321100771427155,0.20053401589393616,0.053321100771427155,0.05001267045736313,0.031139373779296875,1.0
14,furious,-0.05195130035281181,-0.20934231579303741,0.05195130035281181,-0.049244225025177,0.01891685277223587,1.0
14,triumphant,0.05100620537996292,-0.118220753967762,0.05100620537996292,0.04660743474960327,0.02708912082016468,1.0
14,outraged,-0.0478765033185482,0.005148461554199457,0.0478765033185482,-0.04480709508061409,0.006771977990865707,1.0
14,afraid,0.04762224480509758,0.05215752124786377,0.04762224480509758,0.044408202171325684,0.009945748373866081,1.0
14,greedy,0.04723376780748367,0.026548461988568306,0.04723376780748367,0.04439987987279892,0.003749319352209568,1.0
14,irate,0.04603508114814758,0.2000100463628769,0.04603508114814758,0.04209701344370842,0.014910300262272358,1.0
14,jealous,0.04558120667934418,0.19585935771465302,0.04558120667934418,0.043026626110076904,0.018154848366975784,1.0
14,humiliated,-0.04435741901397705,-0.12570780515670776,0.04435741901397705,-0.04059412702918053,0.019856678321957588,1.0
14,hateful,-0.04424549639225006,0.10822048783302307,0.04424549639225006,-0.04134264960885048,0.012896892614662647,1.0
14,obstinate,0.043491240590810776,0.2057064324617386,0.043491240590810776,0.040574200451374054,0.018441805616021156,1.0
14,self-conscious,-0.0425284169614315,-0.06139535829424858,0.0425284169614315,-0.037328269332647324,0.034719206392765045,0.800000011920929
14,docile,0.04203704744577408,0.20005470514297485,0.04203704744577408,0.0396772101521492,0.016119027510285378,1.0
14,valiant,0.04182921350002289,0.014833388850092888,0.04182921350002289,0.03793289512395859,0.025166578590869904,1.0
14,optimistic,0.03946898877620697,-0.15138623118400574,0.03946898877620697,0.035705022513866425,0.027507644146680832,0.800000011920929
14,bored,0.038020018488168716,0.2017214298248291,0.038020018488168716,0.03648567944765091,0.029769325628876686,1.0
14,hurt,0.03656487166881561,0.19724002480506897,0.03656487166881561,0.03449457883834839,0.016636207699775696,1.0
14,impatient,0.0361611433327198,0.147359237074852,0.0361611433327198,0.03462374955415726,0.025039004161953926,1.0
14,miserable,-0.033769045025110245,0.13959191739559174,0.033769045025110245,-0.03024035319685936,0.02337084896862507,0.800000011920929
14,tense,-0.03310909494757652,-0.1708984673023224,0.03310909494757652,-0.030082080513238907,0.02178846299648285,0.800000011920929
14,lonely,-0.03132729232311249,0.14023341238498688,0.03132729232311249,-0.029219800606369972,0.024968206882476807,0.800000011920929
14,vibrant,-0.030214525759220123,-0.19764403998851776,0.030214525759220123,-0.028709018602967262,0.025967596098780632,1.0
14,vigilant,0.02992086485028267,0.17891186475753784,0.02992086485028267,0.029151182621717453,0.01903938502073288,1.0
14,playful,-0.028470706194639206,-0.20046240091323853,0.028470706194639206,-0.026673322543501854,0.022846685722470284,1.0
14,awestruck,0.02710556425154209,0.19952568411827087,0.02710556425154209,0.02526477538049221,0.0192482341080904,0.800000011920929
14,lazy,0.026800448074936867,0.1833387017250061,0.026800448074936867,0.025870388373732567,0.01897379942238331,1.0
14,dispirited,-0.025744862854480743,0.1512403041124344,0.025744862854480743,-0.02340482547879219,0.02051466517150402,0.800000011920929
14,eager,-0.02452661655843258,-0.06573116034269333,0.02452661655843258,-0.024650592356920242,0.02561001479625702,0.800000011920929
14,tired,-0.024498149752616882,0.16863085329532623,0.024498149752616882,-0.022836901247501373,0.014532182365655899,0.800000011920929
14,calm,0.02418672665953636,0.01765919290482998,0.02418672665953636,0.021613677963614464,0.023941993713378906,0.800000011920929
14,envious,-0.024073272943496704,-0.09481551498174667,0.024073272943496704,-0.022723764181137085,0.011213191784918308,1.0
14,desperate,-0.0229018684476614,0.15047694742679596,0.0229018684476614,-0.021112557500600815,0.019204868003726006,0.800000011920929
14,energized,0.022290533408522606,-0.17043323814868927,0.022290533408522606,0.02161416783928871,0.015691766515374184,0.800000011920929
14,loving,0.02204703353345394,-0.09799924492835999,0.02204703353345394,0.018909966573119164,0.025514155626296997,0.800000011920929
14,stubborn,-0.020295022055506706,0.15404023230075836,0.020295022055506706,-0.018820349127054214,0.018130049109458923,0.800000011920929
14,pleased,-0.020080043002963066,-0.18710574507713318,0.020080043002963066,-0.019151434302330017,0.020502375438809395,0.800000011920929
14,fulfilled,-0.01944756507873535,-0.1857459843158722,0.01944756507873535,-0.018334556370973587,0.017960716038942337,0.800000011920929
14,stimulated,0.018362190574407578,0.016857126727700233,0.018362190574407578,0.016508007422089577,0.01749475859105587,0.800000011920929
14,relaxed,0.018010461702942848,-0.08097998052835464,0.018010461702942848,0.014765569940209389,0.022319216281175613,0.6000000238418579
14,resentful,-0.017282159999012947,0.16523651778697968,0.017282159999012947,-0.017023051157593727,0.0121105732396245,1.0
14,aroused,0.017225388437509537,-0.17357829213142395,0.017225388437509537,0.01677866280078888,0.023579604923725128,0.800000011920929
14,amused,-0.015198685228824615,-0.1849943995475769,0.015198685228824615,-0.014998575672507286,0.018283966928720474,0.800000011920929
14,upset,-0.013710006140172482,0.17209815979003906,0.013710006140172482,-0.013010995462536812,0.013025800697505474,0.800000011920929
14,brooding,0.01213651429861784,0.18775521218776703,0.01213651429861784,0.011650499887764454,0.017285989597439766,0.800000011920929
14,thrilled,-0.011952688917517662,-0.17962811887264252,0.011952688917517662,-0.01237367931753397,0.02100679650902748,0.800000011920929
14,remorseful,-0.011406425386667252,0.07806985080242157,0.011406425386667252,-0.009296378120779991,0.0214459877461195,0.6000000238418579
14,vindictive,0.011261428706347942,0.18436624109745026,0.011261428706347942,0.010333691723644733,0.01712736114859581,0.6000000238418579
14,listless,-0.010986675508320332,0.13421639800071716,0.010986675508320332,-0.009102100506424904,0.013519381172955036,0.800000011920929
14,overwhelmed,0.008742284029722214,0.18840071558952332,0.008742284029722214,0.008620592765510082,0.024170927703380585,0.4000000059604645
14,thankful,0.007018670439720154,-0.17108169198036194,0.007018670439720154,0.006219168193638325,0.018854010850191116,0.800000011920929
14,grief-stricken,-0.0057152011431753635,0.1381678581237793,0.0057152011431753635,-0.005591530818492174,0.019908815622329712,0.6000000238418579
14,sentimental,-0.005597359035164118,-0.07546574622392654,0.005597359035164118,-0.004434590227901936,0.01484740525484085,0.6000000238418579
14,unsettled,-0.005058452021330595,0.1706060916185379,0.005058452021330595,-0.0044051469303667545,0.006976111326366663,0.6000000238418579
14,happy,0.0036275526508688927,-0.1844683736562729,0.0036275526508688927,0.003838167991489172,0.021763069555163383,0.6000000238418579
14,sleepy,0.0031062928028404713,0.17573019862174988,0.0031062928028404713,0.004453768953680992,0.020273761823773384,0.6000000238418579
14,worried,-0.0024622620549052954,0.17205864191055298,0.0024622620549052954,-0.0023843147791922092,0.0022740724962204695,0.800000011920929
14,mad,-0.0022727278992533684,0.14920344948768616,0.0022727278992533684,-0.003215425880625844,0.018676266074180603,0.6000000238418579
14,guilty,0.001892019878141582,0.14863546192646027,0.001892019878141582,0.001457141013815999,0.016240891069173813,0.6000000238418579
14,self-confident,-0.0018856583628803492,-0.18877102434635162,0.0018856583628803492,-0.002466327976435423,0.022503573447465897,0.4000000059604645
14,indifferent,-0.001683335634879768,0.17050562798976898,0.001683335634879768,-0.0020050774328410625,0.0052922493778169155,0.6000000238418579
14,disgusted,0.0006339530227705836,0.174961656332016,0.0006339530227705836,0.0008893217891454697,0.02179737389087677,0.4000000059604645
14,sad,0.0006065714987926185,0.13220500946044922,0.0006065714987926185,-0.0009647406404837966,0.02177439071238041,0.6000000238418579
14,self-critical,0.0004801149189006537,-0.17479786276817322,0.0004801149189006537,0.0009684660471975803,0.006460422184318304,0.6000000238418579
14,joyful,-0.0002652131952345371,-0.18501412868499756,0.0002652131952345371,-0.0010755456751212478,0.019195185974240303,0.4000000059604645
14,vengeful,0.0001730113144731149,0.1560463309288025,0.0001730113144731149,0.0017471738392487168,0.01827191933989525,0.6000000238418579
15,at ease,0.25234806537628174,0.2765873372554779,0.25234806537628174,0.23512932658195496,0.024462996050715446,1.0
15,cheerful,0.19522708654403687,0.11098204553127289,0.19522708654403687,0.1830298900604248,0.02640535868704319,1.0
15,inspired,0.19041064381599426,0.2434133142232895,0.19041064381599426,0.17875243723392487,0.019980980083346367,1.0
15,resigned,-0.19004321098327637,-0.2843624949455261,0.19004321098327637,-0.17894354462623596,0.022347815334796906,1.0
15,frustrated,-0.1892450749874115,-0.2852632403373718,0.1892450749874115,-0.1775471419095993,0.03060941770672798,1.0
15,infatuated,0.18510402739048004,0.10703027993440628,0.18510402739048004,0.1737295538187027,0.01991955377161503,1.0
15,euphoric,0.18291519582271576,0.22646398842334747,0.18291519582271576,0.17214462161064148,0.01726338267326355,1.0
15,elated,0.1821119636297226,0.27309340238571167,0.1821119636297226,0.17107386887073517,0.0061523206532001495,1.0
15,patient,0.1786850392818451,0.27972230315208435,0.1786850392818451,0.16826340556144714,0.029163004830479622,1.0
15,weary,-0.16755537688732147,-0.1645074188709259,0.16755537688732147,-0.15760235488414764,0.019966527819633484,1.0
15,satisfied,0.1641925871372223,0.2004254311323166,0.1641925871372223,0.15459178388118744,0.014934685081243515,1.0
15,refreshed,0.16362066566944122,0.0961969792842865,0.16362066566944122,0.15349197387695312,0.01751774549484253,1.0
15,skeptical,-0.16356217861175537,-0.2712327241897583,0.16356217861175537,-0.15381364524364471,0.030010392889380455,1.0
15,puzzled,-0.16351471841335297,-0.2726282477378845,0.16351471841335297,-0.15351958572864532,0.04466892406344414,1.0
15,scornful,-0.16219304502010345,-0.26919421553611755,0.16219304502010345,-0.15176387131214142,0.021207695826888084,1.0
15,heartbroken,-0.16080139577388763,0.08009829372167587,0.16080139577388763,-0.14968697726726532,0.02969912253320217,1.0
15,disturbed,-0.15623199939727783,-0.2636452913284302,0.15623199939727783,-0.14693745970726013,0.0393105112016201,1.0
15,delighted,0.1558954417705536,-0.01181778870522976,0.1558954417705536,0.14726778864860535,0.024281101301312447,1.0
15,tormented,-0.15567946434020996,-0.08180934935808182,0.15567946434020996,-0.14563104510307312,0.011406674981117249,1.0
15,excited,0.15467102825641632,0.26160717010498047,0.15467102825641632,0.14543800055980682,0.020269621163606644,1.0
15,offended,-0.14852282404899597,-0.2640780806541443,0.14852282404899597,-0.13952162861824036,0.03219648450613022,1.0
15,compassionate,0.14808154106140137,0.2592155933380127,0.14808154106140137,0.13894464075565338,0.041026972234249115,1.0
15,disoriented,-0.14801301062107086,-0.2627366781234741,0.14801301062107086,-0.1399655044078827,0.033728960901498795,1.0
15,dumbstruck,-0.142279714345932,-0.25937163829803467,0.142279714345932,-0.13497860729694366,0.024100910872220993,1.0
15,jubilant,0.14163364470005035,0.25907841324806213,0.14163364470005035,0.13303439319133759,0.026842737570405006,1.0
15,annoyed,-0.14141526818275452,-0.25845250487327576,0.14141526818275452,-0.1332889348268509,0.04075959324836731,1.0
15,restless,-0.14036791026592255,-0.010731623508036137,0.14036791026592255,-0.1312939077615738,0.009582895785570145,1.0
15,angry,-0.13964328169822693,-0.16844159364700317,0.13964328169822693,-0.13219547271728516,0.028065506368875504,1.0
15,rejuvenated,0.13913455605506897,0.25885626673698425,0.13913455605506897,0.13189148902893066,0.033232808113098145,1.0
15,bewildered,-0.13815151154994965,-0.1934305727481842,0.13815151154994965,-0.13060617446899414,0.031219128519296646,1.0
15,grumpy,-0.13800834119319916,-0.19567587971687317,0.13800834119319916,-0.1284455955028534,0.0247739776968956,1.0
15,spiteful,-0.1369469165802002,-0.08660610765218735,0.1369469165802002,-0.1304551661014557,0.045464370399713516,1.0
15,safe,0.13599823415279388,0.10690218955278397,0.13599823415279388,0.1277269721031189,0.011946558021008968,1.0
15,hope,0.13492582738399506,0.2453770935535431,0.13492582738399506,0.12803813815116882,0.04210251197218895,1.0
15,exuberant,0.13380683958530426,0.00827027391642332,0.13380683958530426,0.12560296058654785,0.013991309329867363,1.0
15,proud,0.13260647654533386,0.24576254189014435,0.13260647654533386,0.12323776632547379,0.025940319523215294,1.0
15,melancholy,-0.13244764506816864,-0.24110379815101624,0.13244764506816864,-0.123993419110775,0.0062977904453873634,1.0
15,gloomy,-0.12994661927223206,-0.24299541115760803,0.12994661927223206,-0.12229263782501221,0.009849043563008308,1.0
15,sorry,0.12964831292629242,0.25446927547454834,0.12964831292629242,0.12233485281467438,0.04112238809466362,1.0
15,suspicious,-0.12799087166786194,-0.25059327483177185,0.12799087166786194,-0.1206727996468544,0.020355086773633957,1.0
15,smug,0.12773513793945312,0.2406196892261505,0.12773513793945312,0.11943278461694717,0.015086553990840912,1.0
15,troubled,-0.12721949815750122,-0.25111299753189087,0.12721949815750122,-0.11971491575241089,0.032702989876270294,1.0
15,vulnerable,-0.12688298523426056,-0.25369253754615784,0.12688298523426056,-0.11982341855764389,0.030688639730215073,1.0
15,kind,0.12583479285240173,0.2473248690366745,0.12583479285240173,0.11895427852869034,0.03749830648303032,1.0
15,empathetic,0.1248597502708435,0.2034403532743454,0.1248597502708435,0.11860325187444687,0.04203782230615616,1.0
15,perplexed,0.12480217963457108,0.24957548081874847,0.12480217963457108,0.11740453541278839,0.03151710703969002,1.0
15,irritated,-0.12401898950338364,-0.23140949010849,0.12401898950338364,-0.11751861870288849,0.016595156863331795,1.0
15,insulted,0.12311863154172897,0.24907539784908295,0.12311863154172897,0.1156611442565918,0.030485518276691437,1.0
15,content,0.12180779129266739,-0.03590265288949013,0.12180779129266739,0.11431248486042023,0.029676713049411774,1.0
15,embarrassed,0.11864998936653137,0.24170731008052826,0.11864998936653137,0.11096711456775665,0.03338222578167915,1.0
15,on edge,0.11829602718353271,0.2488558441400528,0.11829602718353271,0.11200473457574844,0.03520830720663071,1.0
15,stressed,-0.11800984293222427,-0.2472347617149353,0.11800984293222427,-0.11102503538131714,0.02195468731224537,1.0
15,worn out,0.11273737996816635,0.24061612784862518,0.11273737996816635,0.10570857673883438,0.00969412736594677,1.0
15,hostile,-0.1107945367693901,-0.24291372299194336,0.1107945367693901,-0.1053074449300766,0.027347924187779427,1.0
15,terrified,-0.11061904579401016,-0.045465413480997086,0.11061904579401016,-0.10225889831781387,0.021066341549158096,1.0
15,sensitive,0.10904091596603394,0.22589240968227386,0.10904091596603394,0.10426884889602661,0.03903335705399513,1.0
15,indignant,-0.10882364213466644,-0.2210172861814499,0.10882364213466644,-0.10285643488168716,0.029496394097805023,1.0
15,sympathetic,0.10695338994264603,0.0370417982339859,0.10695338994264603,0.09874119609594345,0.021892819553613663,1.0
15,ecstatic,0.10566499829292297,0.0290528517216444,0.10566499829292297,0.09882602840662003,0.02314942330121994,1.0
15,surprised,-0.1049310564994812,-0.23556013405323029,0.1049310564994812,-0.09902302920818329,0.03859931603074074,1.0
15,trapped,-0.10473968088626862,-0.23594476282596588,0.10473968088626862,-0.09694387763738632,0.015489010140299797,1.0
15,grateful,0.10472087562084198,0.2405264675617218,0.10472087562084198,0.09872327744960785,0.02761782892048359,1.0
15,stuck,-0.102726049721241,-0.2203066349029541,0.102726049721241,-0.09720514714717865,0.014748143963515759,1.0
15,paranoid,-0.09998591244220734,-0.20864473283290863,0.09998591244220734,-0.09334923326969147,0.015425341203808784,1.0
15,nostalgic,0.09996405988931656,0.23752719163894653,0.09996405988931656,0.09472440183162689,0.02148953452706337,1.0
15,sullen,-0.09872212260961533,-0.2381560355424881,0.09872212260961533,-0.09244653582572937,0.021068302914500237,1.0
15,frightened,-0.09832572937011719,-0.2288697212934494,0.09832572937011719,-0.0921034961938858,0.029542651027441025,1.0
15,anxious,-0.09778143465518951,-0.03394358977675438,0.09778143465518951,-0.09180766344070435,0.02245187573134899,1.0
15,serene,0.09728969633579254,0.23280073702335358,0.09728969633579254,0.09205324947834015,0.029861824586987495,1.0
15,mystified,-0.09706353396177292,-0.236868754029274,0.09706353396177292,-0.09217221289873123,0.02348964288830757,1.0
15,shocked,-0.09666126221418381,-0.2384566366672516,0.09666126221418381,-0.09150929749011993,0.04659884423017502,1.0
15,hopeful,0.09226133674383163,-0.1261940747499466,0.09226133674383163,0.08594298362731934,0.018974771723151207,1.0
15,unnerved,-0.0916847512125969,0.004655002150684595,0.0916847512125969,-0.08660653233528137,0.027890581637620926,1.0
15,disdainful,0.09140564501285553,0.2268383502960205,0.09140564501285553,0.08591015636920929,0.011120401322841644,1.0
15,self-conscious,-0.0886501893401146,-0.11085382103919983,0.0886501893401146,-0.08062838017940521,0.034746475517749786,1.0
15,enthusiastic,0.08485165238380432,0.19409486651420593,0.08485165238380432,0.07980771362781525,0.00812629982829094,1.0
15,triumphant,0.08284559100866318,-0.09822895377874374,0.08284559100866318,0.07662035524845123,0.027739176526665688,1.0
15,blissful,0.0827924832701683,-0.11508727818727493,0.0827924832701683,0.0764794796705246,0.01552874967455864,1.0
15,reflective,-0.08216912299394608,-0.21422900259494781,0.08216912299394608,-0.07640543580055237,0.011140353046357632,1.0
15,horrified,0.0819566398859024,0.22979918122291565,0.0819566398859024,0.07614616304636002,0.017448794096708298,1.0
15,rattled,0.08185882121324539,0.1547919660806656,0.08185882121324539,0.07724867761135101,0.026354849338531494,1.0
15,defiant,0.08120328933000565,0.10180742293596268,0.08120328933000565,0.07509127259254456,0.03106086142361164,1.0
15,astonished,-0.08038509637117386,-0.03399791195988655,0.08038509637117386,-0.07438179105520248,0.015730172395706177,1.0
15,relieved,0.07882162183523178,0.11043349653482437,0.07882162183523178,0.07442452013492584,0.03230884298682213,1.0
15,worthless,0.07847440987825394,0.21571430563926697,0.07847440987825394,0.07299967110157013,0.03351878002285957,1.0
15,ashamed,0.07794620841741562,0.0009099813760258257,0.07794620841741562,0.07293945550918579,0.016415195539593697,1.0
15,contemptuous,-0.075099878013134,-0.22082076966762543,0.075099878013134,-0.07082917541265488,0.014907166361808777,1.0
15,peaceful,0.07490125298500061,-0.06915302574634552,0.07490125298500061,0.07139851152896881,0.015415648929774761,1.0
15,depressed,-0.07384909689426422,0.026435619220137596,0.07384909689426422,-0.07010903209447861,0.01706879399716854,1.0
15,mortified,-0.07302173227071762,-0.13335058093070984,0.07302173227071762,-0.06811462342739105,0.01696530170738697,1.0
15,alert,-0.07297547906637192,-0.2149134874343872,0.07297547906637192,-0.0686735212802887,0.01909320242702961,1.0
15,alarmed,-0.07245252281427383,0.09390933811664581,0.07245252281427383,-0.0682591050863266,0.024911856278777122,1.0
15,enraged,-0.06919452548027039,0.03391832858324051,0.06919452548027039,-0.0639284998178482,0.012382596731185913,1.0
15,bitter,0.06897257268428802,0.22397980093955994,0.06897257268428802,0.06548495590686798,0.027847904711961746,1.0
15,outraged,-0.06870273500680923,-0.029064679518342018,0.06870273500680923,-0.06469234079122543,0.010524438694119453,1.0
15,uneasy,0.06823008507490158,0.21268786489963531,0.06823008507490158,0.06461203098297119,0.03093576803803444,1.0
15,shaken,-0.06699347496032715,-0.07831525057554245,0.06699347496032715,-0.06083308532834053,0.023277217522263527,1.0
15,nervous,-0.06516499817371368,-0.05085311084985733,0.06516499817371368,-0.06190526485443115,0.013568701222538948,1.0
15,droopy,-0.0645078793168068,0.11232122778892517,0.0645078793168068,-0.061188746243715286,0.009040365926921368,1.0
15,scared,-0.06383166462182999,-0.21198014914989471,0.06383166462182999,-0.060955680906772614,0.05053381621837616,0.800000011920929
15,humiliated,-0.06232745200395584,-0.1489420384168625,0.06232745200395584,-0.057971931993961334,0.023371906951069832,1.0
15,panicked,-0.061082109808921814,0.08304259181022644,0.061082109808921814,-0.05810723826289177,0.021388931199908257,1.0
15,furious,-0.060967348515987396,-0.21733368933200836,0.060967348515987396,-0.05807526037096977,0.026820143684744835,1.0
15,docile,0.059756021946668625,0.21433639526367188,0.059756021946668625,0.05655788257718086,0.022928746417164803,1.0
15,sluggish,-0.05962666496634483,0.12975558638572693,0.05962666496634483,-0.05566885322332382,0.03171711415052414,1.0
15,unhappy,-0.05916178971529007,-0.19795851409435272,0.05916178971529007,-0.05575200170278549,0.015369265340268612,1.0
15,dependent,0.05808141827583313,0.21192194521427155,0.05808141827583313,0.05574888736009598,0.03659353032708168,1.0
15,afraid,0.05706341564655304,0.06437018513679504,0.05706341564655304,0.05337563902139664,0.015307426452636719,1.0
15,impatient,0.05437959358096123,0.1722486913204193,0.05437959358096123,0.05254285782575607,0.032612502574920654,1.0
15,distressed,-0.0529792346060276,0.06619077920913696,0.0529792346060276,-0.04896078258752823,0.01805390603840351,1.0
15,greedy,0.05276736989617348,0.041016414761543274,0.05276736989617348,0.049531228840351105,0.010933567769825459,1.0
15,regretful,0.052616287022829056,0.20937088131904602,0.052616287022829056,0.05047464370727539,0.04326898232102394,0.800000011920929
15,invigorated,0.0525861419737339,-0.011241268366575241,0.0525861419737339,0.049284785985946655,0.012486259452998638,1.0
15,valiant,0.05137361213564873,0.025098038837313652,0.05137361213564873,0.04706423729658127,0.027143830433487892,1.0
15,optimistic,0.04717234522104263,-0.1495237797498703,0.04717234522104263,0.0431135892868042,0.03482243791222572,0.800000011920929
15,hysterical,0.04361634701490402,0.14753231406211853,0.04361634701490402,0.04165666177868843,0.013836526311933994,1.0
15,calm,0.04204181581735611,0.05104312673211098,0.04204181581735611,0.03835413604974747,0.03005203790962696,1.0
15,bored,0.038985475897789,0.206632599234581,0.038985475897789,0.037896111607551575,0.03633131459355354,1.0
15,remorseful,-0.03747711703181267,0.04977186769247055,0.03747711703181267,-0.03357718139886856,0.02320924401283264,1.0
15,amazed,-0.03714793175458908,-0.15446794033050537,0.03714793175458908,-0.03564954549074173,0.029225068166851997,1.0
15,miserable,-0.03702431172132492,0.1382334977388382,0.03702431172132492,-0.03323662653565407,0.023427654057741165,0.800000011920929
15,obstinate,0.0364532545208931,0.20592740178108215,0.0364532545208931,0.0345190055668354,0.027506623417139053,1.0
15,tense,-0.033231765031814575,-0.17547084391117096,0.033231765031814575,-0.030051028355956078,0.027377383783459663,0.800000011920929
15,vigilant,0.03295046091079712,0.1828053742647171,0.03295046091079712,0.03253442421555519,0.025700651109218597,1.0
15,awestruck,0.03264763951301575,0.2069261521100998,0.03264763951301575,0.03106667473912239,0.02835928089916706,1.0
15,vibrant,-0.03259476646780968,-0.2016380876302719,0.03259476646780968,-0.03145826235413551,0.03601308912038803,0.6000000238418579
15,self-critical,-0.03059857338666916,-0.19842654466629028,0.03059857338666916,-0.02845427766442299,0.010386244393885136,1.0
15,exasperated,0.02979343570768833,0.18729056417942047,0.02979343570768833,0.028337836265563965,0.03488689288496971,0.800000011920929
15,irate,0.02955929934978485,0.19395503401756287,0.02955929934978485,0.02718900516629219,0.0097368024289608,1.0
15,envious,-0.028119279071688652,-0.07484804093837738,0.028119279071688652,-0.026538947597146034,0.0069586713798344135,1.0
15,hateful,-0.027841605246067047,0.12331337481737137,0.027841605246067047,-0.026085862889885902,0.014001745730638504,1.0
15,eager,-0.027203531935811043,-0.08018890023231506,0.027203531935811043,-0.02722630277276039,0.03257356956601143,0.800000011920929
15,relaxed,0.026653451845049858,-0.07889962196350098,0.026653451845049858,0.02259560488164425,0.02505236491560936,0.6000000238418579
15,fulfilled,-0.02527155727148056,-0.19403572380542755,0.02527155727148056,-0.023760106414556503,0.026797784492373466,0.800000011920929
15,hurt,0.025147097185254097,0.19383752346038818,0.025147097185254097,0.024038463830947876,0.02246527187526226,0.800000011920929
15,desperate,-0.02356569655239582,0.15119017660617828,0.02356569655239582,-0.02162378467619419,0.02343311347067356,0.800000011920929
15,stimulated,0.022855957970023155,0.022511493414640427,0.022855957970023155,0.021040964871644974,0.01930256187915802,0.800000011920929
15,energized,0.02230636402964592,-0.17562082409858704,0.02230636402964592,0.02143927291035652,0.017378196120262146,0.800000011920929
15,playful,-0.02186175435781479,-0.20134909451007843,0.02186175435781479,-0.020945334807038307,0.030488956719636917,0.6000000238418579
15,guilty,-0.021508580073714256,0.13460315763950348,0.021508580073714256,-0.020415067672729492,0.020814374089241028,0.800000011920929
15,brooding,0.021259205415844917,0.1964319795370102,0.021259205415844917,0.020423157140612602,0.025299901142716408,0.800000011920929
15,pleased,-0.020734133198857307,-0.1902443915605545,0.020734133198857307,-0.020064469426870346,0.02860971912741661,0.6000000238418579
15,thankful,0.020682860165834427,-0.1650611162185669,0.020682860165834427,0.019084280356764793,0.02165372669696808,0.800000011920929
15,lonely,-0.020263850688934326,0.15075834095478058,0.020263850688934326,-0.0194096602499485,0.031596653163433075,0.800000011920929
15,dispirited,-0.01977427862584591,0.1582830846309662,0.01977427862584591,-0.018211711198091507,0.027602246031165123,0.800000011920929
15,stubborn,-0.018998034298419952,0.1572577804327011,0.018998034298419952,-0.01694582775235176,0.026849670335650444,0.800000011920929
15,resentful,-0.017608020454645157,0.16942887008190155,0.017608020454645157,-0.016920607537031174,0.008781001903116703,1.0
15,vindictive,0.016674157232046127,0.19135363399982452,0.016674157232046127,0.015506120398640633,0.022813590243458748,0.800000011920929
15,lazy,0.016116131097078323,0.17923800647258759,0.016116131097078323,0.015999479219317436,0.02611188031733036,0.6000000238418579
15,unsettled,0.015533722005784512,0.1847742199897766,0.015533722005784512,0.01533498615026474,0.01005427073687315,0.800000011920929
15,overwhelmed,0.012917166575789452,0.19368796050548553,0.012917166575789452,0.012743541970849037,0.03467777371406555,0.6000000238418579
15,tired,-0.011619748547673225,0.17988698184490204,0.011619748547673225,-0.010555492714047432,0.016874121502041817,0.6000000238418579
15,aroused,0.010947789996862411,-0.18227869272232056,0.010947789996862411,0.010677626356482506,0.028003254905343056,0.800000011920929
15,worried,0.01078310701996088,0.18344438076019287,0.01078310701996088,0.010481433942914009,0.0042125387117266655,1.0
15,sentimental,0.009140407666563988,-0.06080709770321846,0.009140407666563988,0.009115385822951794,0.018870800733566284,0.6000000238418579
15,mad,-0.008351742289960384,0.14751087129116058,0.008351742289960384,-0.008699163794517517,0.019566111266613007,0.6000000238418579
15,listless,-0.006733459420502186,0.14040623605251312,0.006733459420502186,-0.005474640987813473,0.010805755853652954,0.800000011920929
15,indifferent,0.006373769603669643,0.1782883107662201,0.006373769603669643,0.005419324617832899,0.006861183792352676,0.800000011920929
15,thrilled,-0.00588400661945343,-0.17867997288703918,0.00588400661945343,-0.007002508733421564,0.026850301772356033,0.4000000059604645
15,sleepy,0.005652255844324827,0.178585022687912,0.005652255844324827,0.0071671148762106895,0.024448221549391747,0.6000000238418579
15,grief-stricken,0.005029941443353891,0.15187062323093414,0.005029941443353891,0.004260296933352947,0.022980373352766037,0.800000011920929
15,upset,-0.004263022914528847,0.18117168545722961,0.004263022914528847,-0.0038535096682608128,0.013529900461435318,0.6000000238418579
15,disgusted,0.003932589199393988,0.18072694540023804,0.003932589199393988,0.00427516084164381,0.02637212723493576,0.4000000059604645
15,jealous,0.003703448222950101,0.1702905148267746,0.003703448222950101,0.004357966594398022,0.020446306094527245,0.4000000059604645
15,vengeful,-0.0031755066011101007,0.1552818864583969,0.0031755066011101007,-0.0009917296702042222,0.027798090130090714,0.6000000238418579
15,self-confident,0.0030304035171866417,-0.1896410882472992,0.0030304035171866417,0.0017876543570309877,0.02953733503818512,0.6000000238418579
15,happy,0.002719365293160081,-0.1895928829908371,0.002719365293160081,0.0028995939064770937,0.02980080433189869,0.4000000059604645
15,loving,-0.002213772153481841,-0.11705834418535233,0.002213772153481841,-0.0034718364477157593,0.0265498086810112,0.6000000238418579
15,amused,-0.0019189747981727123,-0.17974667251110077,0.0019189747981727123,-0.003033361164852977,0.026544997468590736,0.4000000059604645
15,joyful,0.001635220367461443,-0.18851961195468903,0.001635220367461443,0.00047250837087631226,0.02621309459209442,0.6000000238418579
15,sad,-0.0015748973237350583,0.13079988956451416,0.0015748973237350583,-0.0028335577808320522,0.02308039367198944,0.4000000059604645
16,at ease,0.235227569937706,0.24507689476013184,0.235227569937706,0.21956880390644073,0.023785147815942764,1.0
16,cheerful,0.1971101462841034,0.11654126644134521,0.1971101462841034,0.18498247861862183,0.025526659563183784,1.0
16,inspired,0.18540486693382263,0.23813970386981964,0.18540486693382263,0.17444738745689392,0.019640877842903137,1.0
16,frustrated,-0.1815357506275177,-0.2875824570655823,0.1815357506275177,-0.17039427161216736,0.02959701418876648,1.0
16,heartbroken,-0.18108779191970825,0.05897495523095131,0.18108779191970825,-0.16875091195106506,0.03023780696094036,1.0
16,euphoric,0.1743936538696289,0.2083490639925003,0.1743936538696289,0.16445252299308777,0.01692403107881546,1.0
16,infatuated,0.17028741538524628,0.09564794600009918,0.17028741538524628,0.16020363569259644,0.020444240421056747,1.0
16,patient,0.16773447394371033,0.27885401248931885,0.16773447394371033,0.1584741622209549,0.02715793251991272,1.0
16,resigned,-0.16628554463386536,-0.27255600690841675,0.16628554463386536,-0.1569107174873352,0.020742613822221756,1.0
16,elated,0.1661318689584732,0.25852301716804504,0.1661318689584732,0.15665684640407562,0.007848686538636684,1.0
16,refreshed,0.15960127115249634,0.08609513938426971,0.15960127115249634,0.1503486931324005,0.01571897603571415,1.0
16,scornful,-0.15845544636249542,-0.27375543117523193,0.15845544636249542,-0.14847296476364136,0.020013118162751198,1.0
16,skeptical,-0.1569773554801941,-0.26854172348976135,0.1569773554801941,-0.14801092445850372,0.03105563297867775,1.0
16,delighted,0.15480846166610718,-0.014096878468990326,0.15480846166610718,0.1466737538576126,0.025131531059741974,1.0
16,excited,0.1499466449022293,0.26240915060043335,0.1499466449022293,0.14150027930736542,0.02279421128332615,1.0
16,satisfied,0.14902186393737793,0.18359562754631042,0.14902186393737793,0.14059782028198242,0.0159185491502285,1.0
16,disturbed,-0.14561130106449127,-0.2591201663017273,0.14561130106449127,-0.1374274045228958,0.04207784682512283,1.0
16,puzzled,-0.14465713500976562,-0.2682100236415863,0.14465713500976562,-0.13609082996845245,0.04533066973090172,1.0
16,grumpy,-0.1436605155467987,-0.2043471783399582,0.1436605155467987,-0.13356123864650726,0.025759439915418625,1.0
16,weary,-0.14318370819091797,-0.12677544355392456,0.14318370819091797,-0.1351548731327057,0.019277360290288925,1.0
16,exuberant,0.1402660459280014,0.016798244789242744,0.1402660459280014,0.1317262351512909,0.015502369962632656,1.0
16,safe,0.13907672464847565,0.10387708246707916,0.13907672464847565,0.13116322457790375,0.014490021392703056,1.0
16,annoyed,-0.13646331429481506,-0.2601177990436554,0.13646331429481506,-0.12901394069194794,0.04195936396718025,1.0
16,tormented,-0.13330140709877014,-0.04647549241781235,0.13330140709877014,-0.12499858438968658,0.01162617839872837,1.0
16,angry,-0.13060085475444794,-0.1576758623123169,0.13060085475444794,-0.12439650297164917,0.031411584466695786,1.0
16,jubilant,0.12972262501716614,0.2589323818683624,0.12972262501716614,0.12197353690862656,0.029766125604510307,1.0
16,restless,-0.12809158861637115,0.002393697388470173,0.12809158861637115,-0.11991176754236221,0.008138325996696949,1.0
16,offended,-0.1279144436120987,-0.26064205169677734,0.1279144436120987,-0.12042150646448135,0.03269173204898834,1.0
16,rejuvenated,0.12757892906665802,0.2573935091495514,0.12757892906665802,0.12154605239629745,0.034300461411476135,1.0
16,spiteful,-0.1270134598016739,-0.07439637184143066,0.1270134598016739,-0.12151952087879181,0.04632866755127907,1.0
16,compassionate,0.12607093155384064,0.24732494354248047,0.12607093155384064,0.1185527890920639,0.04184291139245033,1.0
16,disoriented,-0.1250963658094406,-0.25137901306152344,0.1250963658094406,-0.11880403757095337,0.03617216274142265,1.0
16,proud,0.12390443682670593,0.23931534588336945,0.12390443682670593,0.11537052690982819,0.026471875607967377,1.0
16,melancholy,-0.12335991114377975,-0.2363767772912979,0.12335991114377975,-0.11568059027194977,0.0054273465648293495,1.0
16,irritated,-0.12119493633508682,-0.23411212861537933,0.12119493633508682,-0.11491193622350693,0.014656232669949532,1.0
16,dumbstruck,-0.1201581135392189,-0.2540077567100525,0.1201581135392189,-0.11451373249292374,0.024376725777983665,1.0
16,smug,0.1200336366891861,0.23731571435928345,0.1200336366891861,0.11245916783809662,0.01475077960640192,1.0
16,sorry,0.11837390810251236,0.254604309797287,0.11837390810251236,0.11188884824514389,0.04163623973727226,1.0
16,embarrassed,0.11700984090566635,0.24367699027061462,0.11700984090566635,0.10938336700201035,0.03525042161345482,1.0
16,bewildered,-0.11552084237337112,-0.16538456082344055,0.11552084237337112,-0.10982255637645721,0.030155345797538757,1.0
16,empathetic,0.1139703243970871,0.18995104730129242,0.1139703243970871,0.10867010056972504,0.04035341367125511,1.0
16,kind,0.11380238085985184,0.24478831887245178,0.11380238085985184,0.10788707435131073,0.03751189634203911,1.0
16,hope,0.1128467321395874,0.22973057627677917,0.1128467321395874,0.10770050436258316,0.04096299409866333,1.0
16,troubled,-0.11273781955242157,-0.24962638318538666,0.11273781955242157,-0.1063963770866394,0.03149651736021042,1.0
16,gloomy,-0.11266312748193741,-0.23283439874649048,0.11266312748193741,-0.10601647943258286,0.007927024737000465,1.0
16,suspicious,-0.11115681380033493,-0.24373629689216614,0.11115681380033493,-0.10530170053243637,0.02113066241145134,1.0
16,terrified,-0.11096663028001785,-0.03878026455640793,0.11096663028001785,-0.10264954715967178,0.019826402887701988,1.0
16,ecstatic,0.10860318690538406,0.043536439538002014,0.10860318690538406,0.10184995830059052,0.022709181532263756,1.0
16,indignant,-0.10859066247940063,-0.21992501616477966,0.10859066247940063,-0.10274124145507812,0.02835679240524769,1.0
16,vulnerable,-0.10741300135850906,-0.2507651746273041,0.10741300135850906,-0.10171926021575928,0.030283745378255844,1.0
16,insulted,0.1068001240491867,0.2473810315132141,0.1068001240491867,0.1002621203660965,0.028083236888051033,1.0
16,content,0.10653555393218994,-0.04835446551442146,0.10653555393218994,0.10033798217773438,0.03194373473525047,1.0
16,on edge,0.1019284576177597,0.24619637429714203,0.1019284576177597,0.09686674177646637,0.03435195982456207,1.0
16,perplexed,0.10121284425258636,0.24207498133182526,0.10121284425258636,0.09535358846187592,0.028944753110408783,1.0
16,self-conscious,-0.09973374754190445,-0.1179274171590805,0.09973374754190445,-0.09095516055822372,0.034327637404203415,1.0
16,frightened,-0.09872524440288544,-0.23381434381008148,0.09872524440288544,-0.0927792340517044,0.029079366475343704,1.0
16,trapped,-0.09737182408571243,-0.23607413470745087,0.09737182408571243,-0.09025052934885025,0.014139052480459213,1.0
16,triumphant,0.09681615978479385,-0.08686447143554688,0.09681615978479385,0.08997653424739838,0.02448173612356186,1.0
16,stressed,-0.09638580679893494,-0.24295827746391296,0.09638580679893494,-0.09095128625631332,0.02059861645102501,1.0
16,hostile,-0.09565786272287369,-0.2409411519765854,0.09565786272287369,-0.09127804636955261,0.027803901582956314,1.0
16,paranoid,-0.09518583118915558,-0.2043151557445526,0.09518583118915558,-0.08904371410608292,0.014512388966977596,1.0
16,worn out,0.09418986737728119,0.23471319675445557,0.09418986737728119,0.0886068344116211,0.006994563154876232,1.0
16,surprised,-0.09223012626171112,-0.23065224289894104,0.09223012626171112,-0.08707106113433838,0.03907265141606331,1.0
16,anxious,-0.0903225764632225,-0.04332903027534485,0.0903225764632225,-0.08484351634979248,0.021844962611794472,1.0
16,unnerved,-0.08923078328371048,-0.003771417774260044,0.08923078328371048,-0.08473479747772217,0.029404187574982643,1.0
16,sympathetic,0.08903566747903824,0.021373240277171135,0.08903566747903824,0.08190648257732391,0.02246260643005371,1.0
16,disdainful,0.08830487728118896,0.22910460829734802,0.08830487728118896,0.08304159343242645,0.007143478840589523,1.0
16,astonished,-0.0865706354379654,-0.030173595994710922,0.0865706354379654,-0.08033733069896698,0.013490846380591393,1.0
16,grateful,0.08648239821195602,0.23572519421577454,0.08648239821195602,0.08179926872253418,0.029513724148273468,1.0
16,shocked,-0.08620040118694305,-0.23704029619693756,0.08620040118694305,-0.08188501745462418,0.04810792952775955,1.0
16,hopeful,0.08614207059144974,-0.1278841346502304,0.08614207059144974,0.08062949776649475,0.01848297379910946,1.0
16,defiant,0.085976243019104,0.09668108820915222,0.085976243019104,0.0797743871808052,0.027996888384222984,1.0
16,blissful,0.08579941093921661,-0.11341013759374619,0.08579941093921661,0.07942480593919754,0.015402025543153286,1.0
16,sensitive,0.08419370651245117,0.2080787718296051,0.08419370651245117,0.08123801648616791,0.038277510553598404,1.0
16,serene,0.08310572057962418,0.22760550677776337,0.08310572057962418,0.07925460487604141,0.032345984131097794,1.0
16,peaceful,0.0825790986418724,-0.06825148314237595,0.0825790986418724,0.07905878871679306,0.01881466619670391,1.0
16,mortified,-0.08049976825714111,-0.1394692212343216,0.08049976825714111,-0.0751909390091896,0.016523925587534904,1.0
16,stuck,-0.08034492284059525,-0.20688121020793915,0.08034492284059525,-0.07639108598232269,0.014227119274437428,1.0
16,nostalgic,0.08007042855024338,0.2329830825328827,0.08007042855024338,0.07613440603017807,0.02108214795589447,1.0
16,mystified,-0.07986027002334595,-0.23371915519237518,0.07986027002334595,-0.07614625990390778,0.023459753021597862,1.0
16,sullen,-0.07913602888584137,-0.2324484884738922,0.07913602888584137,-0.07420511543750763,0.022365549579262733,1.0
16,enthusiastic,0.07686279714107513,0.18905077874660492,0.07686279714107513,0.07241098582744598,0.007061331067234278,1.0
16,ashamed,0.07565980404615402,4.163634730502963e-05,0.07565980404615402,0.0706426277756691,0.013130339793860912,1.0
16,enraged,-0.07471400499343872,0.028000706806778908,0.07471400499343872,-0.06925339251756668,0.011604656465351582,1.0
16,worthless,0.07424364984035492,0.21718299388885498,0.07424364984035492,0.06908880174160004,0.03365473076701164,1.0
16,rattled,0.06866885721683502,0.13736064732074738,0.06866885721683502,0.06487105041742325,0.02136770822107792,1.0
16,contemptuous,-0.06578846275806427,-0.21969763934612274,0.06578846275806427,-0.062027644366025925,0.016454443335533142,1.0
16,uneasy,0.06539790332317352,0.2147342562675476,0.06539790332317352,0.06173926591873169,0.02926880121231079,1.0
16,alarmed,-0.06483069062232971,0.10418836027383804,0.06483069062232971,-0.06149987131357193,0.027431493625044823,1.0
16,relieved,0.06263808161020279,0.09790057688951492,0.06263808161020279,0.05954376608133316,0.02866094745695591,1.0
16,nervous,-0.06236005201935768,-0.04961387813091278,0.06236005201935768,-0.05965273827314377,0.016469184309244156,1.0
16,horrified,0.06071862950921059,0.2248365581035614,0.06071862950921059,0.05617842078208923,0.016739293932914734,1.0
16,droopy,-0.06058033928275108,0.11755213886499405,0.06058033928275108,-0.057889699935913086,0.01085434015840292,1.0
16,invigorated,0.05929834768176079,-0.003453020006418228,0.05929834768176079,0.055962443351745605,0.00995567161589861,1.0
16,depressed,-0.05867524445056915,0.04856794700026512,0.05867524445056915,-0.05606767535209656,0.019918527454137802,1.0
16,panicked,-0.05827976018190384,0.08183682709932327,0.05827976018190384,-0.05585508793592453,0.023269345983862877,1.0
16,outraged,-0.058113839477300644,-0.0013745104661211371,0.058113839477300644,-0.05517580360174179,0.011281169019639492,1.0
16,furious,-0.05701378360390663,-0.2189803123474121,0.05701378360390663,-0.05440251901745796,0.027487196028232574,1.0
16,scared,-0.05562664568424225,-0.20979543030261993,0.05562664568424225,-0.05350538343191147,0.050822481513023376,0.800000011920929
16,docile,0.054952844977378845,0.21487677097320557,0.054952844977378845,0.05211290717124939,0.024402650073170662,1.0
16,distressed,-0.054814327508211136,0.05719020962715149,0.054814327508211136,-0.05044860765337944,0.019350728020071983,1.0
16,greedy,0.05450945347547531,0.037896450608968735,0.05450945347547531,0.05129263550043106,0.013727310113608837,1.0
16,dependent,0.05348534137010574,0.211831733584404,0.05348534137010574,0.05140526965260506,0.03466339409351349,1.0
16,reflective,-0.053394243121147156,-0.19684545695781708,0.053394243121147156,-0.0495099313557148,0.010206498205661774,1.0
16,alert,-0.05302000418305397,-0.20289060473442078,0.05302000418305397,-0.05040193349123001,0.018707217648625374,1.0
16,valiant,0.05251935496926308,0.030419733375310898,0.05251935496926308,0.048166923224925995,0.024856917560100555,1.0
16,optimistic,0.05128234252333641,-0.1469593644142151,0.05128234252333641,0.04701197147369385,0.0343017503619194,0.800000011920929
16,bitter,0.05074292793869972,0.21938148140907288,0.05074292793869972,0.048502303659915924,0.026724781841039658,1.0
16,humiliated,-0.049198977649211884,-0.14171335101127625,0.049198977649211884,-0.045646317303180695,0.02355697937309742,1.0
16,shaken,-0.04727360978722572,-0.05036579817533493,0.04727360978722572,-0.0425877682864666,0.023151950910687447,0.800000011920929
16,calm,0.0453561507165432,0.04848604276776314,0.0453561507165432,0.04174673184752464,0.03051760233938694,1.0
16,sluggish,-0.04531891644001007,0.1421913355588913,0.04531891644001007,-0.04245588928461075,0.03381485491991043,0.800000011920929
16,impatient,0.04438594728708267,0.1662740558385849,0.04438594728708267,0.043342508375644684,0.034276220947504044,1.0
16,unhappy,-0.04320470243692398,-0.18820761144161224,0.04320470243692398,-0.04061238840222359,0.015202194452285767,1.0
16,remorseful,-0.04246630147099495,0.044544804841279984,0.04246630147099495,-0.03823070973157883,0.0214897058904171,1.0
16,hateful,-0.04034452512860298,0.10801473259925842,0.04034452512860298,-0.03772337734699249,0.015768282115459442,1.0
16,envious,-0.04020735248923302,-0.0880906954407692,0.04020735248923302,-0.03770222142338753,0.009077459573745728,1.0
16,afraid,0.03785225749015808,0.042253442108631134,0.03785225749015808,0.035532109439373016,0.015540353022515774,1.0
16,hysterical,0.03740765154361725,0.1443656086921692,0.03740765154361725,0.03586367517709732,0.015407032333314419,1.0
16,miserable,-0.03510422259569168,0.13908199965953827,0.03510422259569168,-0.03165217489004135,0.022150985896587372,0.800000011920929
16,amazed,-0.03243192285299301,-0.14897339046001434,0.03243192285299301,-0.031378015875816345,0.02678339183330536,1.0
16,stubborn,-0.031350843608379364,0.1497926115989685,0.031350843608379364,-0.02861795760691166,0.026315201073884964,0.800000011920929
16,exasperated,0.031230730935931206,0.19154620170593262,0.031230730935931206,0.029541630297899246,0.033041004091501236,0.800000011920929
16,relaxed,0.031145963817834854,-0.06505393236875534,0.031145963817834854,0.026742583140730858,0.0252518430352211,0.800000011920929
16,energized,0.031082525849342346,-0.17309416830539703,0.031082525849342346,0.030048320069909096,0.018535597249865532,1.0
16,regretful,0.029091250151395798,0.19689218699932098,0.029091250151395798,0.028635036200284958,0.04138476774096489,0.800000011920929
16,lonely,-0.02896398864686489,0.14396873116493225,0.02896398864686489,-0.02754727005958557,0.02890682779252529,0.800000011920929
16,tense,-0.028031744062900543,-0.17295320332050323,0.028031744062900543,-0.0252769086509943,0.02777782641351223,0.800000011920929
16,bored,0.027724003419280052,0.20305047929286957,0.027724003419280052,0.027412286028265953,0.03603319451212883,0.6000000238418579
16,vibrant,-0.02705509029328823,-0.2024150937795639,0.02705509029328823,-0.026216307654976845,0.03612115606665611,0.6000000238418579
16,aroused,0.026367297396063805,-0.17766878008842468,0.026367297396063805,0.025320809334516525,0.027620358392596245,0.800000011920929
16,awestruck,0.025725189596414566,0.206192746758461,0.025725189596414566,0.02451372519135475,0.029067624360322952,0.6000000238418579
16,obstinate,0.024534231051802635,0.2036677896976471,0.024534231051802635,0.023174118250608444,0.02726072445511818,0.6000000238418579
16,self-critical,-0.023514918982982635,-0.19736477732658386,0.023514918982982635,-0.021666159853339195,0.014144642278552055,1.0
16,vengeful,-0.021824389696121216,0.14505062997341156,0.021824389696121216,-0.018277715891599655,0.03030305728316307,0.800000011920929
16,resentful,-0.02137944847345352,0.16765639185905457,0.02137944847345352,-0.020870927721261978,0.01060075405985117,1.0
16,desperate,-0.019241293892264366,0.14975512027740479,0.019241293892264366,-0.017605504021048546,0.02626654878258705,0.800000011920929
16,thankful,0.018772048875689507,-0.16895627975463867,0.018772048875689507,0.01729511097073555,0.019306080415844917,0.800000011920929
16,hurt,0.01873674802482128,0.19255009293556213,0.01873674802482128,0.01785418763756752,0.02052687667310238,0.800000011920929
16,playful,-0.015974706038832664,-0.20063874125480652,0.015974706038832664,-0.015272942371666431,0.030490465462207794,0.6000000238418579
16,joyful,0.015929987654089928,-0.1845349371433258,0.015929987654089928,0.014040529727935791,0.02517341822385788,0.800000011920929
16,indifferent,-0.015770068392157555,0.16847993433475494,0.015770068392157555,-0.015620596706867218,0.00942063145339489,0.800000011920929
16,fulfilled,-0.015114120207726955,-0.1916629523038864,0.015114120207726955,-0.014226925559341908,0.02674102783203125,0.6000000238418579
16,self-confident,0.014832555316388607,-0.18675066530704498,0.014832555316388607,0.012990581803023815,0.02847212739288807,0.6000000238418579
16,sentimental,0.012730545364320278,-0.04874535650014877,0.012730545364320278,0.012741093523800373,0.019809164106845856,0.800000011920929
16,brooding,0.01192979421466589,0.19387167692184448,0.01192979421466589,0.011835725978016853,0.025387125089764595,0.6000000238418579
16,stimulated,0.011776863597333431,0.009049670770764351,0.011776863597333431,0.010396265424787998,0.02097691036760807,0.800000011920929
16,upset,-0.011533384211361408,0.17910657823085785,0.011533384211361408,-0.010892011225223541,0.01160985603928566,0.800000011920929
16,listless,-0.011083980090916157,0.14060524106025696,0.011083980090916157,-0.009455590508878231,0.011185074225068092,0.800000011920929
16,guilty,-0.010027458891272545,0.14550906419754028,0.010027458891272545,-0.009669308550655842,0.022391345351934433,0.4000000059604645
16,irate,0.009719062596559525,0.1832730621099472,0.009719062596559525,0.008458500728011131,0.01009636651724577,0.6000000238418579
16,disgusted,-0.009501023218035698,0.1768619865179062,0.009501023218035698,-0.00842137448489666,0.026111572980880737,0.6000000238418579
16,pleased,-0.009152986109256744,-0.18568050861358643,0.009152986109256744,-0.00908726267516613,0.027039162814617157,0.6000000238418579
16,mad,-0.008603871800005436,0.1472664326429367,0.008603871800005436,-0.009066611528396606,0.019655995070934296,0.6000000238418579
16,happy,0.007769565563648939,-0.19034028053283691,0.007769565563648939,0.007871312089264393,0.030157484114170074,0.4000000059604645
16,overwhelmed,0.007689564488828182,0.1935875564813614,0.007689564488828182,0.007493061479181051,0.033794719725847244,0.6000000238418579
16,dispirited,-0.007666657213121653,0.16653235256671906,0.007666657213121653,-0.006984703242778778,0.029556909576058388,0.4000000059604645
16,loving,-0.007661179639399052,-0.1191125139594078,0.007661179639399052,-0.008597956039011478,0.02509409375488758,0.6000000238418579
16,tired,-0.007586626801639795,0.1839407980442047,0.007586626801639795,-0.006839454174041748,0.017471596598625183,0.6000000238418579
16,vigilant,0.007424430456012487,0.16815096139907837,0.007424430456012487,0.008587919175624847,0.026786457747220993,0.4000000059604645
16,sad,-0.006606351584196091,0.13043276965618134,0.006606351584196091,-0.007959051057696342,0.025720173493027687,0.6000000238418579
16,amused,0.006184193305671215,-0.17607955634593964,0.006184193305671215,0.004618584178388119,0.026261109858751297,0.6000000238418579
16,thrilled,0.005148507189005613,-0.17284463346004486,0.005148507189005613,0.003243734361603856,0.0259085725992918,0.6000000238418579
16,worried,-0.003036401467397809,0.17776569724082947,0.003036401467397809,-0.0027141820173710585,0.005624133627861738,0.6000000238418579
16,lazy,0.0021390034817159176,0.1743941754102707,0.0021390034817159176,0.0026001515798270702,0.023543355986475945,0.4000000059604645
16,sleepy,0.0013277290854603052,0.17709283530712128,0.0013277290854603052,0.0032874997705221176,0.026238417252898216,0.6000000238418579
16,eager,-0.0012186471140012145,-0.04367939010262489,0.0012186471140012145,-0.0032698549330234528,0.03264518454670906,0.4000000059604645
16,jealous,-0.0009942487813532352,0.17210176587104797,0.0009942487813532352,-0.0003819316625595093,0.017703723162412643,0.6000000238418579
16,vindictive,-0.0008621107554063201,0.18559323251247406,0.0008621107554063201,-0.001017991453409195,0.02231103740632534,0.6000000238418579
16,grief-stricken,0.00035193777875974774,0.14660730957984924,0.00035193777875974774,6.077699435991235e-05,0.02423473447561264,0.800000011920929
16,unsettled,-0.00019699794938787818,0.1794692724943161,0.00019699794938787818,0.000582135864533484,0.009332849644124508,0.20000000298023224
17,at ease,0.2721363306045532,0.2739330232143402,0.2721363306045532,0.2548367977142334,0.023223282769322395,1.0
17,cheerful,0.2246505618095398,0.1566115766763687,0.2246505618095398,0.21143803000450134,0.023705285042524338,1.0
17,inspired,0.1976267695426941,0.23731929063796997,0.1976267695426941,0.18629348278045654,0.020133350044488907,1.0
17,frustrated,-0.1938246637582779,-0.258370041847229,0.1938246637582779,-0.18236127495765686,0.027258289977908134,1.0
17,heartbroken,-0.18912260234355927,0.01306468527764082,0.18912260234355927,-0.1764048933982849,0.029309537261724472,1.0
17,infatuated,0.1858496218919754,0.1257597804069519,0.1858496218919754,0.1751258373260498,0.01633051224052906,1.0
17,euphoric,0.18532337248325348,0.2113405019044876,0.18532337248325348,0.1749996840953827,0.013444152660667896,1.0
17,elated,0.1821707785129547,0.24601805210113525,0.1821707785129547,0.1722196638584137,0.009087379090487957,1.0
17,patient,0.1804623007774353,0.2504574656486511,0.1804623007774353,0.17100736498832703,0.026766613125801086,1.0
17,grumpy,-0.17477095127105713,-0.21719975769519806,0.17477095127105713,-0.16328322887420654,0.02795754000544548,1.0
17,satisfied,0.17471443116664886,0.1967369168996811,0.17471443116664886,0.16523349285125732,0.015487569384276867,1.0
17,refreshed,0.17380347847938538,0.11225630342960358,0.17380347847938538,0.16400663554668427,0.016071941703557968,1.0
17,resigned,-0.17321498692035675,-0.24333932995796204,0.17321498692035675,-0.16381758451461792,0.01681964285671711,1.0
17,delighted,0.17187334597110748,0.03342531993985176,0.17187334597110748,0.16303955018520355,0.0244629867374897,1.0
17,scornful,-0.1699521839618683,-0.23960371315479279,0.1699521839618683,-0.15996776521205902,0.019426414743065834,1.0
17,skeptical,-0.1692935675382614,-0.24394336342811584,0.1692935675382614,-0.15980952978134155,0.030786389485001564,1.0
17,excited,0.15998873114585876,0.23468822240829468,0.15998873114585876,0.1515224575996399,0.023171061649918556,1.0
17,puzzled,-0.15288729965686798,-0.23212535679340363,0.15288729965686798,-0.14424391090869904,0.04080056771636009,1.0
17,disturbed,-0.1525881439447403,-0.2313883751630783,0.1525881439447403,-0.1442558616399765,0.043478429317474365,1.0
17,exuberant,0.15034355223178864,0.044557418674230576,0.15034355223178864,0.14149674773216248,0.020428981631994247,1.0
17,weary,-0.1500636637210846,-0.1256006360054016,0.1500636637210846,-0.14188385009765625,0.016678139567375183,1.0
17,tormented,-0.148701474070549,-0.06480605900287628,0.148701474070549,-0.14001041650772095,0.01118046510964632,1.0
17,annoyed,-0.14649520814418793,-0.22973747551441193,0.14649520814418793,-0.1387682855129242,0.041101302951574326,1.0
17,spiteful,-0.1461116224527359,-0.09993024170398712,0.1461116224527359,-0.1394082009792328,0.04736742749810219,1.0
17,melancholy,-0.14422227442264557,-0.21801964938640594,0.14422227442264557,-0.13571716845035553,0.006176151800900698,1.0
17,safe,0.1432351917028427,0.1135219931602478,0.1432351917028427,0.1352742612361908,0.016567712649703026,1.0
17,bewildered,-0.1415702998638153,-0.1753976047039032,0.1415702998638153,-0.13442201912403107,0.029620163142681122,1.0
17,embarrassed,0.1391623467206955,0.2204490602016449,0.1391623467206955,0.13049818575382233,0.033640023320913315,1.0
17,jubilant,0.13714677095413208,0.220936581492424,0.13714677095413208,0.12941519916057587,0.026792827993631363,1.0
17,proud,0.13497696816921234,0.2145746350288391,0.13497696816921234,0.1262400597333908,0.02581736072897911,1.0
17,terrified,-0.13495129346847534,-0.08010399341583252,0.13495129346847534,-0.1251184642314911,0.022972574457526207,1.0
17,rejuvenated,0.13437117636203766,0.22092950344085693,0.13437117636203766,0.12837061285972595,0.035239435732364655,1.0
17,angry,-0.13410358130931854,-0.15052898228168488,0.13410358130931854,-0.1279653012752533,0.03606913611292839,1.0
17,compassionate,0.13385158777236938,0.21671180427074432,0.13385158777236938,0.12631915509700775,0.03881174698472023,1.0
17,ecstatic,0.1333242654800415,0.08990097045898438,0.1333242654800415,0.12537892162799835,0.02682095766067505,1.0
17,empathetic,0.1319192349910736,0.1897384524345398,0.1319192349910736,0.12550818920135498,0.038361284881830215,1.0
17,restless,-0.13155657052993774,-0.025166867300868034,0.13155657052993774,-0.1229439526796341,0.012128754518926144,1.0
17,offended,-0.1306706815958023,-0.21932591497898102,0.1306706815958023,-0.12359573692083359,0.0304411593824625,1.0
17,disoriented,-0.12875136733055115,-0.21638324856758118,0.12875136733055115,-0.12249447405338287,0.03596867620944977,1.0
17,content,0.12840817868709564,0.0014053031336516142,0.12840817868709564,0.12113107740879059,0.031108109280467033,1.0
17,smug,0.1261814385652542,0.21227265894412994,0.1261814385652542,0.11858385801315308,0.018146051093935966,1.0
17,kind,0.12335120141506195,0.21147850155830383,0.12335120141506195,0.11719850450754166,0.03642075136303902,1.0
17,suspicious,-0.12263650447130203,-0.21310527622699738,0.12263650447130203,-0.11627660691738129,0.019322512671351433,1.0
17,troubled,-0.12195929139852524,-0.21286699175834656,0.12195929139852524,-0.11546088755130768,0.029704712331295013,1.0
17,hope,0.12159204483032227,0.20461295545101166,0.12159204483032227,0.11594311892986298,0.04023633524775505,1.0
17,sorry,0.12006644159555435,0.21224327385425568,0.12006644159555435,0.11371052265167236,0.04201941564679146,1.0
17,irritated,-0.11974973231554031,-0.20213991403579712,0.11974973231554031,-0.11408831179141998,0.016544867306947708,1.0
17,gloomy,-0.11923868209123611,-0.202940434217453,0.11923868209123611,-0.11265190690755844,0.008651519194245338,1.0
17,indignant,-0.1170385554432869,-0.1940426379442215,0.1170385554432869,-0.11112044006586075,0.03112398087978363,1.0
17,blissful,0.11399507522583008,-0.05678408220410347,0.11399507522583008,0.10585735738277435,0.016709504649043083,1.0
17,self-conscious,-0.10905397683382034,-0.12822648882865906,0.10905397683382034,-0.10000226646661758,0.03506115823984146,1.0
17,vulnerable,-0.10827824473381042,-0.20796425640583038,0.10827824473381042,-0.10283078253269196,0.027161141857504845,1.0
17,sympathetic,0.10809940844774246,0.05800127238035202,0.10809940844774246,0.1001587063074112,0.02324817329645157,1.0
17,dumbstruck,-0.10665692389011383,-0.20449192821979523,0.10665692389011383,-0.10238625854253769,0.025527196004986763,1.0
17,triumphant,0.10572906583547592,-0.0439426451921463,0.10572906583547592,0.09847009181976318,0.02247397042810917,1.0
17,astonished,-0.10556891560554504,-0.06307724118232727,0.10556891560554504,-0.09826360642910004,0.016791872680187225,1.0
17,insulted,0.10378362983465195,0.20387765765190125,0.10378362983465195,0.09785332530736923,0.02748727612197399,1.0
17,perplexed,0.10264898836612701,0.2019912153482437,0.10264898836612701,0.09695221483707428,0.024077938869595528,1.0
17,stressed,-0.10133093595504761,-0.20245763659477234,0.10133093595504761,-0.0960569828748703,0.018931282684206963,1.0
17,hostile,-0.10083454847335815,-0.20141157507896423,0.10083454847335815,-0.09657230228185654,0.0297602117061615,1.0
17,paranoid,-0.10058389604091644,-0.18400341272354126,0.10058389604091644,-0.0943039208650589,0.016009720042347908,1.0
17,on edge,0.10022757202386856,0.20174075663089752,0.10022757202386856,0.09581329673528671,0.03435254842042923,1.0
17,trapped,-0.0998426079750061,-0.1997937709093094,0.0998426079750061,-0.09314636886119843,0.014234120957553387,1.0
17,hopeful,0.09973471611738205,-0.07815079391002655,0.09973471611738205,0.09336293488740921,0.019037768244743347,1.0
17,peaceful,0.09891227632761002,-0.026895655319094658,0.09891227632761002,0.09454060345888138,0.022090665996074677,1.0
17,sensitive,0.09851422905921936,0.18520143628120422,0.09851422905921936,0.09474863111972809,0.0369889922440052,1.0
17,frightened,-0.09597407281398773,-0.1922895610332489,0.09597407281398773,-0.09071128070354462,0.028366096317768097,1.0
17,unnerved,-0.09491762518882751,-0.019931815564632416,0.09491762518882751,-0.09001147747039795,0.033550895750522614,1.0
17,serene,0.09290266036987305,0.19378156960010529,0.09290266036987305,0.08884703367948532,0.034906402230262756,1.0
17,grateful,0.09125639498233795,0.1973859965801239,0.09125639498233795,0.08655600249767303,0.027487222105264664,1.0
17,anxious,-0.09118518978357315,-0.05157828330993652,0.09118518978357315,-0.08553004264831543,0.022834597155451775,1.0
17,shocked,-0.09101146459579468,-0.19751733541488647,0.09101146459579468,-0.08670606464147568,0.04910188540816307,1.0
17,enthusiastic,0.08994391560554504,0.17075344920158386,0.08994391560554504,0.08502734452486038,0.008493932895362377,1.0
17,stuck,-0.08847306668758392,-0.1779819130897522,0.08847306668758392,-0.08445128798484802,0.014067004434764385,1.0
17,surprised,-0.08840670436620712,-0.18717294931411743,0.08840670436620712,-0.08392273634672165,0.035711199045181274,1.0
17,mortified,-0.0867832601070404,-0.13039137423038483,0.0867832601070404,-0.08136367052793503,0.016632268205285072,1.0
17,relieved,0.08502990007400513,0.10478562861680984,0.08502990007400513,0.08040352910757065,0.02760208211839199,1.0
17,mystified,-0.08442670106887817,-0.19270072877407074,0.08442670106887817,-0.08078482002019882,0.024519262835383415,1.0
17,enraged,-0.08326935768127441,-0.0018992582336068153,0.08326935768127441,-0.07731889188289642,0.01285440381616354,1.0
17,disdainful,0.08239416778087616,0.1861022561788559,0.08239416778087616,0.07799502462148666,0.009942030534148216,1.0
17,worn out,0.08084158599376678,0.18839898705482483,0.08084158599376678,0.07662619650363922,0.009204554371535778,1.0
17,defiant,0.07889343053102493,0.08970272541046143,0.07889343053102493,0.07314291596412659,0.03108610212802887,1.0
17,sullen,-0.07778359949588776,-0.19058911502361298,0.07778359949588776,-0.07336896657943726,0.020074304193258286,1.0
17,nostalgic,0.07597228139638901,0.1881142109632492,0.07597228139638901,0.07266422361135483,0.020805705338716507,1.0
17,nervous,-0.0747966468334198,-0.07091275602579117,0.0747966468334198,-0.07112769782543182,0.015535847283899784,1.0
17,panicked,-0.07303930073976517,0.03918929770588875,0.07303930073976517,-0.06936909258365631,0.02612762711942196,1.0
17,depressed,-0.07075637578964233,0.01548852026462555,0.07075637578964233,-0.0676826611161232,0.023566164076328278,1.0
17,valiant,0.06941362470388412,0.059692952781915665,0.06941362470388412,0.06407598406076431,0.024987483397126198,1.0
17,worthless,0.06800390034914017,0.17459703981876373,0.06800390034914017,0.06339000165462494,0.0340677835047245,1.0
17,reflective,-0.06792224943637848,-0.17217198014259338,0.06792224943637848,-0.06362904608249664,0.008272623643279076,1.0
17,ashamed,0.06760673969984055,0.0004230541526339948,0.06760673969984055,0.06318739056587219,0.007664546836167574,1.0
17,contemptuous,-0.06723178923130035,-0.17950016260147095,0.06723178923130035,-0.06352540850639343,0.016646752133965492,1.0
17,rattled,0.06554992496967316,0.11835528910160065,0.06554992496967316,0.06181309372186661,0.017586104571819305,1.0
17,droopy,-0.06457576900720596,0.08233365416526794,0.06457576900720596,-0.061571765691041946,0.009550428949296474,1.0
17,invigorated,0.06337779015302658,0.013847699388861656,0.06337779015302658,0.06011471897363663,0.008599038235843182,1.0
17,calm,0.06245477497577667,0.0560850128531456,0.06245477497577667,0.057832829654216766,0.03362014889717102,1.0
17,greedy,0.06223584711551666,0.03809821605682373,0.06223584711551666,0.05889451503753662,0.012053982354700565,1.0
17,optimistic,0.061444222927093506,-0.10039236396551132,0.061444222927093506,0.05655850097537041,0.036513593047857285,0.800000011920929
17,miserable,-0.06101883947849274,0.08298952132463455,0.06101883947849274,-0.05600275471806526,0.025019973516464233,1.0
17,sluggish,-0.060407016426324844,0.09397339820861816,0.060407016426324844,-0.056809742003679276,0.03451390564441681,1.0
17,hateful,-0.05999371409416199,0.06253717094659805,0.05999371409416199,-0.05620051547884941,0.01721678115427494,1.0
17,outraged,-0.058475397527217865,-0.019304821267724037,0.058475397527217865,-0.05554583668708801,0.011666614562273026,1.0
17,distressed,-0.05676019564270973,0.03909830376505852,0.05676019564270973,-0.05249170586466789,0.021262217313051224,1.0
17,alert,-0.055972129106521606,-0.16440145671367645,0.055972129106521606,-0.05378665402531624,0.022668225690722466,1.0
17,horrified,0.05588721111416817,0.17942437529563904,0.05588721111416817,0.051954515278339386,0.015581940300762653,1.0
17,alarmed,-0.05575808882713318,0.07520794868469238,0.05575808882713318,-0.0534069761633873,0.024755870923399925,1.0
17,dependent,0.05380784347653389,0.1716347187757492,0.05380784347653389,0.051749955862760544,0.03377864137291908,1.0
17,shaken,-0.05333219841122627,-0.04950845614075661,0.05333219841122627,-0.04878459498286247,0.02083299309015274,1.0
17,docile,0.05323466658592224,0.17129912972450256,0.05323466658592224,0.05093085765838623,0.0256796907633543,1.0
17,unhappy,-0.053046271204948425,-0.15904946625232697,0.053046271204948425,-0.050060760229825974,0.015427961014211178,1.0
17,envious,-0.04993114992976189,-0.0919385701417923,0.04993114992976189,-0.04656730219721794,0.010504869744181633,1.0
17,scared,-0.049775417894124985,-0.16774694621562958,0.049775417894124985,-0.04801280051469803,0.0501016229391098,0.800000011920929
17,furious,-0.04921933263540268,-0.17166785895824432,0.04921933263540268,-0.0474494993686676,0.02880389615893364,1.0
17,bitter,0.04738326743245125,0.17345094680786133,0.04738326743245125,0.04572188854217529,0.024663826450705528,1.0
17,remorseful,-0.0463433638215065,0.02166525460779667,0.0463433638215065,-0.04172573611140251,0.0234912671148777,1.0
17,humiliated,-0.04595857858657837,-0.11444541066884995,0.04595857858657837,-0.04288288950920105,0.021490955725312233,1.0
17,energized,0.04438125342130661,-0.12248090654611588,0.04438125342130661,0.04220708832144737,0.01777176558971405,1.0
17,lonely,-0.043128617107868195,0.09529756754636765,0.043128617107868195,-0.04082953929901123,0.02860087901353836,1.0
17,uneasy,0.041342075914144516,0.1597372442483902,0.041342075914144516,0.03944374620914459,0.02744111232459545,1.0
17,relaxed,0.0383898988366127,-0.03933989629149437,0.0383898988366127,0.03375799581408501,0.02460695244371891,1.0
17,exasperated,0.03511654585599899,0.15716367959976196,0.03511654585599899,0.03306073695421219,0.03057432733476162,0.800000011920929
17,resentful,-0.03508736938238144,0.11892945319414139,0.03508736938238144,-0.03367682173848152,0.00786607339978218,1.0
17,aroused,0.03454377502202988,-0.13117359578609467,0.03454377502202988,0.033021479845047,0.024064430966973305,1.0
17,amazed,-0.03413023427128792,-0.12008535116910934,0.03413023427128792,-0.03292572870850563,0.02806057035923004,1.0
17,self-confident,0.03306835889816284,-0.13382500410079956,0.03306835889816284,0.029962915927171707,0.02840828336775303,0.800000011920929
17,joyful,0.032996829599142075,-0.13272395730018616,0.032996829599142075,0.030074113979935646,0.023679200559854507,0.800000011920929
17,stubborn,-0.030605696141719818,0.11005806177854538,0.030605696141719818,-0.02786247804760933,0.02498527802526951,0.800000011920929
17,tense,-0.029798155650496483,-0.14303594827651978,0.029798155650496483,-0.02693151868879795,0.027673112228512764,0.800000011920929
17,impatient,0.02975706197321415,0.12586374580860138,0.02975706197321415,0.029536109417676926,0.030605340376496315,1.0
17,regretful,0.028366819024086,0.15476274490356445,0.028366819024086,0.027944225817918777,0.040192145854234695,0.800000011920929
17,indifferent,-0.026949403807520866,0.11764151602983475,0.026949403807520866,-0.026068110018968582,0.00935489684343338,1.0
17,bored,0.02688428945839405,0.16071873903274536,0.02688428945839405,0.026762794703245163,0.035754963755607605,0.800000011920929
17,happy,0.025365518406033516,-0.13766992092132568,0.025365518406033516,0.02423502877354622,0.026660427451133728,0.800000011920929
17,hysterical,0.024864118546247482,0.1063322126865387,0.024864118546247482,0.024022456258535385,0.01726275496184826,0.800000011920929
17,stimulated,0.02479851432144642,0.01939520426094532,0.02479851432144642,0.02300070971250534,0.022431550547480583,0.800000011920929
17,afraid,0.024268344044685364,0.023751772940158844,0.024268344044685364,0.022991066798567772,0.01762324385344982,1.0
17,tired,-0.02413501963019371,0.13255362212657928,0.02413501963019371,-0.0220582727342844,0.01723477616906166,0.800000011920929
17,thankful,0.023288263007998466,-0.12370232492685318,0.023288263007998466,0.021052055060863495,0.02275669388473034,0.800000011920929
17,vengeful,-0.022578133270144463,0.10417955368757248,0.022578133270144463,-0.01892024837434292,0.03203314542770386,0.800000011920929
17,upset,-0.022448137402534485,0.1317828893661499,0.022448137402534485,-0.020686281844973564,0.013064315542578697,1.0
17,obstinate,0.02229388803243637,0.1597602516412735,0.02229388803243637,0.021131915971636772,0.026630232110619545,0.6000000238418579
17,desperate,-0.02210179716348648,0.10904071480035782,0.02210179716348648,-0.020151296630501747,0.03211116045713425,0.800000011920929
17,guilty,-0.021689755842089653,0.09988245368003845,0.021689755842089653,-0.020486095920205116,0.023602746427059174,0.800000011920929
17,dispirited,-0.020842935889959335,0.11995482444763184,0.020842935889959335,-0.019458679482340813,0.029720446094870567,0.800000011920929
17,awestruck,0.020119525492191315,0.1599617600440979,0.020119525492191315,0.019558003172278404,0.029303768649697304,0.6000000238418579
17,worried,-0.018649285659193993,0.1275913566350937,0.018649285659193993,-0.017097558826208115,0.008457777090370655,1.0
17,self-critical,-0.017509445548057556,-0.15413041412830353,0.017509445548057556,-0.016427602618932724,0.014526910148561,0.800000011920929
17,hurt,0.017363298684358597,0.1510252207517624,0.017363298684358597,0.01690562069416046,0.023016992956399918,0.800000011920929
17,sentimental,0.015270602889358997,-0.02685912512242794,0.015270602889358997,0.014897903427481651,0.021523386240005493,0.800000011920929
17,vibrant,-0.013702744618058205,-0.15226753056049347,0.013702744618058205,-0.01375677902251482,0.03613518178462982,0.6000000238418579
17,jealous,-0.013669826090335846,0.1268191635608673,0.013669826090335846,-0.012323226779699326,0.014492993243038654,0.800000011920929
17,vindictive,-0.013405431993305683,0.13706405460834503,0.013405431993305683,-0.012646088376641273,0.016971085220575333,0.800000011920929
17,overwhelmed,-0.013011258095502853,0.13887397944927216,0.013011258095502853,-0.011892945505678654,0.034399211406707764,0.6000000238418579
17,listless,-0.01285930722951889,0.10570099949836731,0.01285930722951889,-0.011161106638610363,0.011563132517039776,0.800000011920929
17,playful,-0.01273372583091259,-0.15616557002067566,0.01273372583091259,-0.012216801755130291,0.032670632004737854,0.6000000238418579
17,lazy,-0.012326519936323166,0.12689721584320068,0.012326519936323166,-0.010931191965937614,0.02196652628481388,0.800000011920929
17,amused,0.01178627461194992,-0.13052047789096832,0.01178627461194992,0.009699499234557152,0.02911398373544216,0.6000000238418579
17,disgusted,-0.011095870286226273,0.13538937270641327,0.011095870286226273,-0.010176684707403183,0.020856361836194992,0.6000000238418579
17,sad,-0.010232636705040932,0.09913437068462372,0.010232636705040932,-0.011271057650446892,0.025776315480470657,0.6000000238418579
17,unsettled,-0.008842378854751587,0.13528846204280853,0.008842378854751587,-0.007475663907825947,0.00920289196074009,0.6000000238418579
17,sleepy,-0.007893134839832783,0.1300973892211914,0.007893134839832783,-0.005058438517153263,0.029070718213915825,0.4000000059604645
17,irate,0.005185019690543413,0.13968533277511597,0.005185019690543413,0.004431889858096838,0.01331954076886177,0.6000000238418579
17,thrilled,0.004606327973306179,-0.1315152645111084,0.004606327973306179,0.002510597463697195,0.02690291777253151,0.6000000238418579
17,eager,-0.004280563443899155,-0.03516170382499695,0.004280563443899155,-0.005915602203458548,0.03451598808169365,0.4000000059604645
17,pleased,0.003795413998886943,-0.13655436038970947,0.003795413998886943,0.0029248050414025784,0.02839536778628826,0.4000000059604645
17,mad,-0.003298964351415634,0.11702621728181839,0.003298964351415634,-0.0038486584089696407,0.02224474772810936,0.6000000238418579
17,grief-stricken,0.003042011521756649,0.11636275798082352,0.003042011521756649,0.002543950453400612,0.02453717589378357,0.800000011920929
17,brooding,-0.0024908948689699173,0.14324192702770233,0.0024908948689699173,-0.0014925405848771334,0.027894584462046623,0.6000000238418579
17,vigilant,0.002430651104077697,0.1265498399734497,0.002430651104077697,0.003916767425835133,0.02743103727698326,0.4000000059604645
17,fulfilled,-0.0008642965112812817,-0.143087238073349,0.0008642965112812817,-0.0009173087892122567,0.02664853259921074,0.6000000238418579
17,loving,-0.0001867046521510929,-0.09027022123336792,0.0001867046521510929,-0.0014871463645249605,0.027338379994034767,0.6000000238418579
18,at ease,0.2680302858352661,0.2724689841270447,0.2680302858352661,0.25116145610809326,0.0240690428763628,1.0
18,cheerful,0.23513592779636383,0.18098223209381104,0.23513592779636383,0.22158412635326385,0.01795823872089386,1.0
18,frustrated,-0.2057604193687439,-0.26530876755714417,0.2057604193687439,-0.193696528673172,0.03695664182305336,1.0
18,inspired,0.2020164579153061,0.2382601946592331,0.2020164579153061,0.1900968700647354,0.024848824366927147,1.0
18,patient,0.19085972011089325,0.25551798939704895,0.19085972011089325,0.1809559315443039,0.035208288580179214,1.0
18,resigned,-0.19039800763130188,-0.2526437044143677,0.19039800763130188,-0.17999167740345,0.02293594740331173,1.0
18,elated,0.18733437359333038,0.2451668530702591,0.18733437359333038,0.17729637026786804,0.01023533008992672,1.0
18,euphoric,0.18593570590019226,0.20978814363479614,0.18593570590019226,0.17514243721961975,0.011006264016032219,1.0
18,heartbroken,-0.1858016699552536,0.0021491430234164,0.1858016699552536,-0.17354464530944824,0.03562220558524132,1.0
18,infatuated,0.1828850954771042,0.11146115511655807,0.1828850954771042,0.1724938452243805,0.00782745610922575,1.0
18,excited,0.17506934702396393,0.2433064728975296,0.17506934702396393,0.16555781662464142,0.031678009778261185,1.0
18,skeptical,-0.17459429800510406,-0.24671658873558044,0.17459429800510406,-0.1646392047405243,0.03693680092692375,1.0
18,grumpy,-0.1740613430738449,-0.21897490322589874,0.1740613430738449,-0.16290196776390076,0.027304792776703835,1.0
18,scornful,-0.17313358187675476,-0.24140217900276184,0.17313358187675476,-0.16334989666938782,0.02409525215625763,1.0
18,disturbed,-0.1701793372631073,-0.2415679693222046,0.1701793372631073,-0.16004957258701324,0.04883581027388573,1.0
18,delighted,0.17003273963928223,0.05137653648853302,0.17003273963928223,0.16190001368522644,0.02488335594534874,1.0
18,puzzled,-0.16616564989089966,-0.23959895968437195,0.16616564989089966,-0.15623465180397034,0.04631177335977554,1.0
18,refreshed,0.16305367648601532,0.11186463385820389,0.16305367648601532,0.15415194630622864,0.01709442026913166,1.0
18,satisfied,0.1617583930492401,0.1872030347585678,0.1617583930492401,0.15325388312339783,0.013308335095643997,1.0
18,spiteful,-0.15982231497764587,-0.12317197024822235,0.15982231497764587,-0.15159964561462402,0.0406302846968174,1.0
18,jubilant,0.1577560007572174,0.23216067254543304,0.1577560007572174,0.1486666053533554,0.034656159579753876,1.0
18,melancholy,-0.15626806020736694,-0.2259191870689392,0.15626806020736694,-0.14733882248401642,0.011156492866575718,1.0
18,embarrassed,0.15338508784770966,0.22749456763267517,0.15338508784770966,0.14346110820770264,0.03752501681447029,1.0
18,exuberant,0.15217044949531555,0.06340876966714859,0.15217044949531555,0.1429681032896042,0.01444600336253643,1.0
18,rejuvenated,0.14976833760738373,0.22947783768177032,0.14976833760738373,0.14274975657463074,0.046115078032016754,1.0
18,compassionate,0.14664489030838013,0.22391778230667114,0.14664489030838013,0.13806399703025818,0.043756041675806046,1.0
18,tormented,-0.14574256539344788,-0.08511116355657578,0.14574256539344788,-0.1371590495109558,0.013356905430555344,1.0
18,annoyed,-0.14567884802818298,-0.2276930958032608,0.14567884802818298,-0.13751167058944702,0.05126531049609184,1.0
18,safe,0.14521364867687225,0.11525585502386093,0.14521364867687225,0.1371610313653946,0.014009464532136917,1.0
18,empathetic,0.14406204223632812,0.20178207755088806,0.14406204223632812,0.13666966557502747,0.04430199787020683,1.0
18,hope,0.14364197850227356,0.21958085894584656,0.14364197850227356,0.1362268626689911,0.04020588845014572,1.0
18,restless,-0.1423802226781845,-0.047256361693143845,0.1423802226781845,-0.1328577995300293,0.01819121651351452,1.0
18,bewildered,-0.1413165032863617,-0.17218145728111267,0.1413165032863617,-0.1335039883852005,0.02929023839533329,1.0
18,weary,-0.1407695859670639,-0.12705156207084656,0.1407695859670639,-0.13287685811519623,0.018600698560476303,1.0
18,ecstatic,0.14002786576747894,0.08712929487228394,0.14002786576747894,0.1316644847393036,0.025999048724770546,1.0
18,kind,0.1377493441104889,0.2190755307674408,0.1377493441104889,0.1303328275680542,0.04401790350675583,1.0
18,proud,0.13692480325698853,0.21083858609199524,0.13692480325698853,0.12786541879177094,0.03267539292573929,1.0
18,disoriented,-0.13513413071632385,-0.21516841650009155,0.13513413071632385,-0.12802013754844666,0.0377432182431221,1.0
18,offended,-0.1332913488149643,-0.22046934068202972,0.1332913488149643,-0.12604500353336334,0.04211143031716347,1.0
18,gloomy,-0.13271623849868774,-0.211783766746521,0.13271623849868774,-0.12539952993392944,0.008520413190126419,1.0
18,content,0.13233761489391327,0.02654162421822548,0.13233761489391327,0.12536486983299255,0.03526729345321655,1.0
18,irritated,-0.13230463862419128,-0.20687474310398102,0.13230463862419128,-0.12567903101444244,0.019727524369955063,1.0
18,angry,-0.12801992893218994,-0.1353474259376526,0.12801992893218994,-0.12164819240570068,0.036536481231451035,1.0
18,indignant,-0.12672927975654602,-0.197366401553154,0.12672927975654602,-0.1205185204744339,0.032525353133678436,1.0
18,sorry,0.1240028366446495,0.21404863893985748,0.1240028366446495,0.11732646077871323,0.05173099786043167,1.0
18,hostile,-0.1234232485294342,-0.21252518892288208,0.1234232485294342,-0.1180037260055542,0.03929201886057854,1.0
18,smug,0.12299671024084091,0.2063358724117279,0.12299671024084091,0.116161048412323,0.009447257965803146,1.0
18,troubled,-0.1198354959487915,-0.21013249456882477,0.1198354959487915,-0.11349189281463623,0.041772838681936264,1.0
18,stressed,-0.11750750988721848,-0.21030381321907043,0.11750750988721848,-0.11138390004634857,0.03247169777750969,1.0
18,suspicious,-0.1172926127910614,-0.2074529230594635,0.1172926127910614,-0.11122147738933563,0.03177687153220177,1.0
18,paranoid,-0.11387506872415543,-0.19208203256130219,0.11387506872415543,-0.10688459873199463,0.016236720606684685,1.0
18,vulnerable,-0.11274631321430206,-0.20985768735408783,0.11274631321430206,-0.10697203874588013,0.03854960948228836,1.0
18,self-conscious,-0.1122964471578598,-0.11965463310480118,0.1122964471578598,-0.10381170362234116,0.0317903496325016,1.0
18,terrified,-0.1119309663772583,-0.057457298040390015,0.1119309663772583,-0.1030237078666687,0.025511374697089195,1.0
18,on edge,0.11177398264408112,0.20649732649326324,0.11177398264408112,0.106660857796669,0.04703750088810921,1.0
18,perplexed,0.11164718121290207,0.2049216330051422,0.11164718121290207,0.10544450581073761,0.031480055302381516,1.0
18,dumbstruck,-0.11133529990911484,-0.2055332362651825,0.11133529990911484,-0.10690341144800186,0.03609514981508255,1.0
18,surprised,-0.11091233789920807,-0.1968979388475418,0.11091233789920807,-0.10435418039560318,0.03884202241897583,1.0
18,trapped,-0.11047150939702988,-0.20364651083946228,0.11047150939702988,-0.10380198061466217,0.004338534083217382,1.0
18,stuck,-0.11023657768964767,-0.18946991860866547,0.11023657768964767,-0.10466940701007843,0.017584625631570816,1.0
18,unnerved,-0.10852275788784027,-0.03703334927558899,0.10852275788784027,-0.10218298435211182,0.031261686235666275,1.0
18,frightened,-0.10527140647172928,-0.1939205378293991,0.10527140647172928,-0.09883177280426025,0.03782814368605614,1.0
18,enthusiastic,0.10495367646217346,0.1738899052143097,0.10495367646217346,0.09880854934453964,0.010764972306787968,1.0
18,insulted,0.10492066293954849,0.20310458540916443,0.10492066293954849,0.09902507811784744,0.03887563943862915,1.0
18,shocked,-0.10361092537641525,-0.20268411934375763,0.10361092537641525,-0.0979594737291336,0.05522735416889191,1.0
18,astonished,-0.10338573157787323,-0.06544363498687744,0.10338573157787323,-0.0958753302693367,0.0185156911611557,1.0
18,grateful,0.10328823328018188,0.2018900215625763,0.10328823328018188,0.09756450355052948,0.03874677047133446,1.0
18,peaceful,0.1010359600186348,-0.021508656442165375,0.1010359600186348,0.09634611755609512,0.019181326031684875,1.0
18,sensitive,0.10076116770505905,0.1796918511390686,0.10076116770505905,0.09637095034122467,0.03967360779643059,1.0
18,sympathetic,0.09931155294179916,0.04973682388663292,0.09931155294179916,0.0919228345155716,0.03091961145401001,1.0
18,triumphant,0.09852103888988495,-0.039917297661304474,0.09852103888988495,0.0918767899274826,0.027184825390577316,1.0
18,blissful,0.09751752018928528,-0.059413593262434006,0.09751752018928528,0.09032368659973145,0.023688431829214096,1.0
18,hopeful,0.09573931992053986,-0.06961050629615784,0.09573931992053986,0.08979010581970215,0.028752056881785393,1.0
18,mystified,-0.09570983797311783,-0.19673624634742737,0.09570983797311783,-0.0916736051440239,0.037812307476997375,1.0
18,nostalgic,0.09566442668437958,0.19616787135601044,0.09566442668437958,0.09118244796991348,0.0314929224550724,1.0
18,serene,0.09172825515270233,0.1902402639389038,0.09172825515270233,0.08780603855848312,0.04018523916602135,1.0
18,sullen,-0.09067270159721375,-0.1953980177640915,0.09067270159721375,-0.08577194064855576,0.03046167455613613,1.0
18,worn out,0.09029325842857361,0.19171927869319916,0.09029325842857361,0.08561497926712036,0.013395659625530243,1.0
18,nervous,-0.0836632251739502,-0.0755145400762558,0.0836632251739502,-0.07902974635362625,0.018597928807139397,1.0
18,mortified,-0.08254115283489227,-0.12873239815235138,0.08254115283489227,-0.077421173453331,0.018884994089603424,1.0
18,enraged,-0.08142206072807312,-0.004661486484110355,0.08142206072807312,-0.07541140168905258,0.013467955403029919,1.0
18,disdainful,0.07883821427822113,0.18147960305213928,0.07883821427822113,0.07481826096773148,0.011454003863036633,1.0
18,relieved,0.07770811021327972,0.09864725917577744,0.07770811021327972,0.0728527158498764,0.02851742133498192,1.0
18,outraged,-0.07558272033929825,-0.03885257989168167,0.07558272033929825,-0.07126037031412125,0.01243546511977911,1.0
18,panicked,-0.07318238914012909,0.028900792822241783,0.07318238914012909,-0.0688408836722374,0.02471630834043026,1.0
18,contemptuous,-0.07185211032629013,-0.17884722352027893,0.07185211032629013,-0.06816450506448746,0.0235795546323061,1.0
18,reflective,-0.07143700867891312,-0.17126968502998352,0.07143700867891312,-0.06678751111030579,0.007542653474956751,1.0
18,depressed,-0.07102793455123901,-0.001719919266179204,0.07102793455123901,-0.06844251602888107,0.02486027218401432,1.0
18,valiant,0.06801913678646088,0.050394389778375626,0.06801913678646088,0.06265641003847122,0.02580239251255989,1.0
18,humiliated,-0.06797604262828827,-0.1279030442237854,0.06797604262828827,-0.06401899456977844,0.020384253934025764,1.0
18,hateful,-0.06713218241930008,0.041159361600875854,0.06713218241930008,-0.06265967339277267,0.02114230953156948,1.0
18,calm,0.06599395722150803,0.061892639845609665,0.06599395722150803,0.06105738878250122,0.03316391631960869,1.0
18,bitter,0.06589943915605545,0.18071797490119934,0.06589943915605545,0.06282882392406464,0.03515588864684105,1.0
18,droopy,-0.06554791331291199,0.06761360913515091,0.06554791331291199,-0.062310852110385895,0.00970530230551958,1.0
18,worthless,0.06409001350402832,0.16445037722587585,0.06409001350402832,0.05923423171043396,0.042532723397016525,0.800000011920929
18,invigorated,0.06314606964588165,0.021158287301659584,0.06314606964588165,0.059945058077573776,0.008549989201128483,1.0
18,anxious,-0.062464531511068344,-0.013922546058893204,0.062464531511068344,-0.05827556923031807,0.022480694577097893,1.0
18,unhappy,-0.062327440828084946,-0.15968909859657288,0.062327440828084946,-0.059236325323581696,0.01431419886648655,1.0
18,dependent,0.06165676936507225,0.1722726821899414,0.06165676936507225,0.058778297156095505,0.04283826798200607,1.0
18,furious,-0.06123974546790123,-0.17416977882385254,0.06123974546790123,-0.059122782200574875,0.03939070552587509,1.0
18,scared,-0.05872644484043121,-0.1692194789648056,0.05872644484043121,-0.0561954490840435,0.055304188281297684,0.800000011920929
18,ashamed,0.058294232934713364,0.0025899061001837254,0.058294232934713364,0.05435306951403618,0.00831780955195427,1.0
18,defiant,0.05794983357191086,0.06477008759975433,0.05794983357191086,0.05422678589820862,0.03197047859430313,0.800000011920929
18,alert,-0.05762079730629921,-0.16020888090133667,0.05762079730629921,-0.05487025901675224,0.028927557170391083,1.0
18,optimistic,0.055691398680210114,-0.09545586258172989,0.055691398680210114,0.05132846161723137,0.0453866608440876,0.800000011920929
18,horrified,0.05518518015742302,0.17660290002822876,0.05518518015742302,0.05154255032539368,0.02229786477982998,1.0
18,docile,0.05356573313474655,0.16644731163978577,0.05356573313474655,0.051190197467803955,0.0370255745947361,1.0
18,miserable,-0.05328573286533356,0.07940869778394699,0.05328573286533356,-0.04859910160303116,0.035377636551856995,0.800000011920929
18,sluggish,-0.05262510105967522,0.0869714766740799,0.05262510105967522,-0.0498674251139164,0.03968791291117668,0.800000011920929
18,impatient,0.051796525716781616,0.13629963994026184,0.051796525716781616,0.04979856684803963,0.025330746546387672,1.0
18,rattled,0.05162530392408371,0.10014311224222183,0.05162530392408371,0.04861908406019211,0.019785717129707336,1.0
18,distressed,-0.05118658021092415,0.030876414850354195,0.05118658021092415,-0.0474666990339756,0.025299010798335075,1.0
18,greedy,0.04902776703238487,0.02138563059270382,0.04902776703238487,0.046450622379779816,0.01587204821407795,1.0
18,envious,-0.047259069979190826,-0.07143881171941757,0.047259069979190826,-0.04414014145731926,0.007973678410053253,1.0
18,remorseful,-0.04709220677614212,0.010001425631344318,0.04709220677614212,-0.04250388219952583,0.02706686221063137,0.800000011920929
18,bored,0.046885233372449875,0.1673700511455536,0.046885233372449875,0.04562044516205788,0.04622591659426689,1.0
18,lonely,-0.04517485573887825,0.08254405111074448,0.04517485573887825,-0.04254762828350067,0.03129029646515846,0.800000011920929
18,alarmed,-0.04354039207100868,0.07659021764993668,0.04354039207100868,-0.04266747087240219,0.02921457402408123,1.0
18,energized,0.04070865362882614,-0.11800681054592133,0.04070865362882614,0.038340456783771515,0.023362988606095314,1.0
18,shaken,-0.03975491598248482,-0.033085279166698456,0.03975491598248482,-0.035659585148096085,0.025176014751195908,0.800000011920929
18,amazed,-0.03896313160657883,-0.1242092177271843,0.03896313160657883,-0.03758327290415764,0.03652959316968918,1.0
18,uneasy,0.03796735778450966,0.15076351165771484,0.03796735778450966,0.03650481253862381,0.0350322388112545,1.0
18,guilty,-0.034604042768478394,0.07381153851747513,0.034604042768478394,-0.03259769082069397,0.022375794127583504,0.800000011920929
18,resentful,-0.03435413911938667,0.11267365515232086,0.03435413911938667,-0.03281284496188164,0.011175432242453098,1.0
18,sentimental,0.0334569551050663,-0.013058301992714405,0.0334569551050663,0.03192347288131714,0.022167863324284554,1.0
18,relaxed,0.033288706094026566,-0.04300905764102936,0.033288706094026566,0.02888435684144497,0.030631713569164276,0.800000011920929
18,exasperated,0.03235843777656555,0.1520223319530487,0.03235843777656555,0.030239906162023544,0.03740128502249718,0.800000011920929
18,awestruck,0.032201141119003296,0.16250741481781006,0.032201141119003296,0.03088156320154667,0.03887840360403061,0.6000000238418579
18,regretful,0.02927015908062458,0.15094093978405,0.02927015908062458,0.02854365110397339,0.048760175704956055,0.800000011920929
18,stubborn,-0.028589623048901558,0.10274326056241989,0.028589623048901558,-0.026324596256017685,0.031313035637140274,0.800000011920929
18,happy,0.02846323698759079,-0.13104069232940674,0.02846323698759079,0.026983553543686867,0.03673982620239258,0.800000011920929
18,dispirited,-0.02703431062400341,0.10574233531951904,0.02703431062400341,-0.02511822059750557,0.035366740077733994,0.800000011920929
18,aroused,0.026291944086551666,-0.1311241239309311,0.026291944086551666,0.025714779272675514,0.030367648229002953,0.800000011920929
18,vibrant,-0.026258397847414017,-0.1536330282688141,0.026258397847414017,-0.025431383401155472,0.04557298868894577,0.6000000238418579
18,obstinate,0.026176612824201584,0.15737059712409973,0.026176612824201584,0.024843815714120865,0.03617047145962715,0.6000000238418579
18,joyful,0.025460081174969673,-0.13125716149806976,0.025460081174969673,0.023012807592749596,0.03291470929980278,0.800000011920929
18,tired,-0.02026105858385563,0.12756477296352386,0.02026105858385563,-0.01822209730744362,0.029025394469499588,0.800000011920929
18,thankful,0.01699676178395748,-0.11975033581256866,0.01699676178395748,0.01489956397563219,0.023525167256593704,0.6000000238418579
18,hurt,0.01655324175953865,0.1440369337797165,0.01655324175953865,0.01640324294567108,0.030799707397818565,0.6000000238418579
18,stimulated,0.014512105844914913,0.012205289676785469,0.014512105844914913,0.013831707648932934,0.021477391943335533,0.800000011920929
18,self-confident,0.014099358581006527,-0.1380528211593628,0.014099358581006527,0.011994448490440845,0.039092183113098145,0.6000000238418579
18,disgusted,-0.013487648218870163,0.12813295423984528,0.013487648218870163,-0.012631652876734734,0.028742559254169464,0.800000011920929
18,playful,-0.013421906158328056,-0.1517878621816635,0.013421906158328056,-0.01310674101114273,0.04094173014163971,0.6000000238418579
18,indifferent,-0.012844604440033436,0.11841803044080734,0.012844604440033436,-0.01290079765021801,0.009807090274989605,0.800000011920929
18,tense,-0.012126648798584938,-0.12148679792881012,0.012126648798584938,-0.010083210654556751,0.02921522967517376,0.6000000238418579
18,mad,-0.012000099755823612,0.10336653143167496,0.012000099755823612,-0.011596671305596828,0.022967426106333733,0.6000000238418579
18,pleased,-0.011848551221191883,-0.14122900366783142,0.011848551221191883,-0.012090116739273071,0.03794504329562187,0.6000000238418579
18,listless,-0.011646930128335953,0.09088435024023056,0.011646930128335953,-0.009491413831710815,0.014786941930651665,0.6000000238418579
18,vindictive,-0.011490864679217339,0.13210968673229218,0.011490864679217339,-0.011251799762248993,0.028083497658371925,0.800000011920929
18,amused,0.011152553372085094,-0.1242385059595108,0.011152553372085094,0.008885427378118038,0.03713196888566017,0.6000000238418579
18,jealous,-0.010913556441664696,0.1223413422703743,0.010913556441664696,-0.009840653277933598,0.0220645722001791,0.800000011920929
18,lazy,-0.010330448858439922,0.12096164375543594,0.010330448858439922,-0.009414255619049072,0.02980138547718525,0.800000011920929
18,worried,-0.00939372181892395,0.1260177493095398,0.00939372181892395,-0.008187340572476387,0.012916100211441517,0.800000011920929
18,self-critical,-0.008673705160617828,-0.1433681845664978,0.008673705160617828,-0.008519504219293594,0.022310305386781693,0.6000000238418579
18,eager,0.0073113287799060345,-0.0228535458445549,0.0073113287799060345,0.00544966384768486,0.03663596883416176,0.6000000238418579
18,brooding,0.007266648579388857,0.144155353307724,0.007266648579388857,0.007692464627325535,0.036997053772211075,0.6000000238418579
18,unsettled,0.00631772680208087,0.13826099038124084,0.00631772680208087,0.007031512446701527,0.016543840989470482,0.6000000238418579
18,hysterical,0.005848060827702284,0.08341696113348007,0.005848060827702284,0.0057497890666127205,0.017115050926804543,0.6000000238418579
18,vigilant,0.005738216917961836,0.12114381045103073,0.005738216917961836,0.006955098360776901,0.03086099773645401,0.4000000059604645
18,upset,-0.005555113777518272,0.1347416341304779,0.005555113777518272,-0.004390312824398279,0.017683835700154305,0.6000000238418579
18,desperate,-0.004587134812027216,0.11323366314172745,0.004587134812027216,-0.0036282769870013,0.04024779051542282,0.800000011920929
18,loving,-0.004347330424934626,-0.08616653084754944,0.004347330424934626,-0.005237065255641937,0.031966786831617355,0.6000000238418579
18,irate,0.003276160219684243,0.13565762341022491,0.003276160219684243,0.002800998743623495,0.009997722692787647,0.6000000238418579
18,thrilled,-0.002049807459115982,-0.129629448056221,0.002049807459115982,-0.0034474253188818693,0.03505626693367958,0.4000000059604645
18,afraid,-0.0016286063473671675,-0.003417162224650383,0.0016286063473671675,-0.0016656670486554503,0.015213506296277046,0.6000000238418579
18,overwhelmed,0.0013277470134198666,0.1400388479232788,0.0013277470134198666,0.0016761489678174257,0.04281380772590637,0.6000000238418579
18,vengeful,-0.0007967279525473714,0.10903070122003555,0.0007967279525473714,0.0010979596991091967,0.03933316841721535,0.6000000238418579
18,fulfilled,-0.0007273707306012511,-0.13576391339302063,0.0007273707306012511,-0.0006000369903631508,0.03548021987080574,0.6000000238418579
18,sad,-0.000694820424541831,0.10157972574234009,0.000694820424541831,-0.0021326232235878706,0.02347012236714363,0.6000000238418579
18,sleepy,-0.0003592704306356609,0.12598422169685364,0.0003592704306356609,0.002388798398897052,0.037666354328393936,0.4000000059604645
18,grief-stricken,0.00011323578655719757,0.10515802353620529,0.00011323578655719757,-0.0006426628679037094,0.02742774970829487,0.800000011920929
19,at ease,0.27419739961624146,0.27469584345817566,0.27419739961624146,0.2599048614501953,0.025396015495061874,1.0
19,cheerful,0.23808465898036957,0.17535275220870972,0.23808465898036957,0.22683195769786835,0.017521746456623077,1.0
19,infatuated,0.21924135088920593,0.16790904104709625,0.21924135088920593,0.20848417282104492,0.013777879998087883,1.0
19,euphoric,0.20712192356586456,0.21283356845378876,0.20712192356586456,0.19661548733711243,0.012046015821397305,1.0
19,patient,0.20513120293617249,0.2671237885951996,0.20513120293617249,0.19654050469398499,0.01537302415817976,1.0
19,excited,0.20439207553863525,0.2671773433685303,0.20439207553863525,0.19448202848434448,0.01555747538805008,1.0
19,frustrated,-0.20388269424438477,-0.2646822929382324,0.20388269424438477,-0.19415640830993652,0.01242017187178135,1.0
19,delighted,0.2034907341003418,0.10674755275249481,0.2034907341003418,0.19526256620883942,0.017626134678721428,1.0
19,elated,0.2032935470342636,0.24966399371623993,0.2032935470342636,0.1938517987728119,0.00732140289619565,1.0
19,grumpy,-0.2017384171485901,-0.23406977951526642,0.2017384171485901,-0.19137561321258545,0.019779907539486885,1.0
19,resigned,-0.19861961901187897,-0.25316867232322693,0.19861961901187897,-0.18986967206001282,0.011238230392336845,1.0
19,inspired,0.18660514056682587,0.20035028457641602,0.18660514056682587,0.1773650348186493,0.01509021408855915,1.0
19,scornful,-0.18458236753940582,-0.2578062117099762,0.18458236753940582,-0.17596307396888733,0.013024059124290943,1.0
19,heartbroken,-0.1818934679031372,-0.019436143338680267,0.1818934679031372,-0.1718226820230484,0.02316358871757984,1.0
19,jubilant,0.17544716596603394,0.2551039755344391,0.17544716596603394,0.16689495742321014,0.012944214046001434,1.0
19,content,0.17329558730125427,0.08204861730337143,0.17329558730125427,0.16582275927066803,0.018497947603464127,1.0
19,ecstatic,0.17099595069885254,0.11612362414598465,0.17099595069885254,0.1617579460144043,0.020652471110224724,1.0
19,hope,0.17018553614616394,0.23885555565357208,0.17018553614616394,0.1622418910264969,0.03036382421851158,1.0
19,skeptical,-0.16368409991264343,-0.23271474242210388,0.16368409991264343,-0.15622009336948395,0.01714354380965233,1.0
19,hostile,-0.1622479408979416,-0.2433709353208542,0.1622479408979416,-0.15612027049064636,0.02017274685204029,1.0
19,irritated,-0.16099539399147034,-0.2188033163547516,0.16099539399147034,-0.15359283983707428,0.01138029433786869,1.0
19,refreshed,0.15988464653491974,0.08828231692314148,0.15988464653491974,0.1528729498386383,0.012813043780624866,1.0
19,disturbed,-0.15786877274513245,-0.22395168244838715,0.15786877274513245,-0.1496986597776413,0.03128446266055107,1.0
19,spiteful,-0.15417596697807312,-0.12356575578451157,0.15417596697807312,-0.14661502838134766,0.03411140665411949,1.0
19,puzzled,-0.15400367975234985,-0.24080327153205872,0.15400367975234985,-0.145994633436203,0.025815950706601143,1.0
19,tormented,-0.15308503806591034,-0.09711723774671555,0.15308503806591034,-0.14516083896160126,0.010811408050358295,1.0
19,compassionate,0.15289270877838135,0.22406314313411713,0.15289270877838135,0.14525432884693146,0.030220115557312965,1.0
19,rejuvenated,0.1517016738653183,0.23756316304206848,0.1517016738653183,0.1457551270723343,0.022322123870253563,1.0
19,shocked,-0.14811912178993225,-0.24081963300704956,0.14811912178993225,-0.14114432036876678,0.027090875431895256,1.0
19,dumbstruck,-0.14796492457389832,-0.23617741465568542,0.14796492457389832,-0.14264799654483795,0.022270459681749344,1.0
19,indignant,-0.14733201265335083,-0.2116287797689438,0.14733201265335083,-0.14171737432479858,0.026718229055404663,1.0
19,embarrassed,0.14549663662910461,0.2211221307516098,0.14549663662910461,0.1378621608018875,0.02068735659122467,1.0
19,annoyed,-0.1435839980840683,-0.2246362417936325,0.1435839980840683,-0.1367984563112259,0.022080210968852043,1.0
19,melancholy,-0.1396336704492569,-0.19995246827602386,0.1396336704492569,-0.13341248035430908,0.009103156626224518,1.0
19,kind,0.13921710848808289,0.21741674840450287,0.13921710848808289,0.13313135504722595,0.025085074827075005,1.0
19,angry,-0.13908763229846954,-0.1372930258512497,0.13908763229846954,-0.13229820132255554,0.02838374488055706,1.0
19,unnerved,-0.13848313689231873,-0.08441580086946487,0.13848313689231873,-0.13104908168315887,0.023779815062880516,1.0
19,safe,0.13754813373088837,0.12078370898962021,0.13754813373088837,0.13118654489517212,0.015694115310907364,1.0
19,offended,-0.13711419701576233,-0.2312157303094864,0.13711419701576233,-0.1308647096157074,0.016261229291558266,1.0
19,worn out,0.1358061283826828,0.22364617884159088,0.1358061283826828,0.1297946721315384,0.00682268338277936,1.0
19,gloomy,-0.13564254343509674,-0.2062346190214157,0.13564254343509674,-0.12934671342372894,0.01190918404608965,1.0
19,satisfied,0.13461971282958984,0.14519549906253815,0.13461971282958984,0.12946045398712158,0.014370547607541084,1.0
19,weary,-0.13260668516159058,-0.09701461344957352,0.13260668516159058,-0.1265782117843628,0.010063369758427143,1.0
19,disoriented,-0.1324058175086975,-0.21168769896030426,0.1324058175086975,-0.1260717809200287,0.0196221936494112,1.0
19,enthusiastic,0.1316758692264557,0.1836230754852295,0.1316758692264557,0.12516607344150543,0.007155445404350758,1.0
19,astonished,-0.13018164038658142,-0.10747378319501877,0.13018164038658142,-0.12245696783065796,0.0199319776147604,1.0
19,vulnerable,-0.13015733659267426,-0.22909072041511536,0.13015733659267426,-0.12477514892816544,0.017197348177433014,1.0
19,bewildered,-0.1297484040260315,-0.13448922336101532,0.1297484040260315,-0.12355254590511322,0.02145419828593731,1.0
19,stressed,-0.12934039533138275,-0.22212094068527222,0.12934039533138275,-0.12405413389205933,0.010987448506057262,1.0
19,surprised,-0.12798050045967102,-0.21401658654212952,0.12798050045967102,-0.12147615104913712,0.0222430769354105,1.0
19,paranoid,-0.12780936062335968,-0.18734467029571533,0.12780936062335968,-0.12172551453113556,0.014830377884209156,1.0
19,troubled,-0.1276896446943283,-0.21535375714302063,0.1276896446943283,-0.12222107499837875,0.016696520149707794,1.0
19,sorry,0.12757934629917145,0.22561702132225037,0.12757934629917145,0.12184520065784454,0.01956159994006157,1.0
19,empathetic,0.12643231451511383,0.15022620558738708,0.12643231451511383,0.12138209491968155,0.03264569118618965,1.0
19,proud,0.12470436841249466,0.19105659425258636,0.12470436841249466,0.11742736399173737,0.020962825044989586,1.0
19,smug,0.1239708960056305,0.1840258240699768,0.1239708960056305,0.11908762156963348,0.01556362584233284,1.0
19,on edge,0.12387753278017044,0.22152158617973328,0.12387753278017044,0.11906296014785767,0.020660648122429848,1.0
19,trapped,-0.12335565686225891,-0.21284836530685425,0.12335565686225891,-0.11698021739721298,0.012879245914518833,1.0
19,stuck,-0.12034647166728973,-0.17896819114685059,0.12034647166728973,-0.11532057821750641,0.008335236459970474,1.0
19,exuberant,0.11942010372877121,0.05868997424840927,0.11942010372877121,0.11312080919742584,0.011672618798911572,1.0
19,nostalgic,0.11787588894367218,0.21470467746257782,0.11787588894367218,0.11329922825098038,0.013155591674149036,1.0
19,perplexed,0.1168370395898819,0.204975888133049,0.1168370395898819,0.11153830587863922,0.012077072635293007,1.0
19,contemptuous,-0.11628284305334091,-0.21044683456420898,0.11628284305334091,-0.11087576299905777,0.006522407755255699,1.0
19,serene,0.11595466732978821,0.2019323855638504,0.11595466732978821,0.11194320023059845,0.020803717896342278,1.0
19,sullen,-0.11358075588941574,-0.21424385905265808,0.11358075588941574,-0.10821013152599335,0.009599549695849419,1.0
19,grateful,0.11297796666622162,0.20808054506778717,0.11297796666622162,0.10764981806278229,0.02011878602206707,1.0
19,hateful,-0.11198483407497406,-0.016061127185821533,0.11198483407497406,-0.10592559725046158,0.015213074162602425,1.0
19,mystified,-0.11182896792888641,-0.21208935976028442,0.11182896792888641,-0.108212910592556,0.01952635683119297,1.0
19,suspicious,-0.1089736819267273,-0.19233927130699158,0.1089736819267273,-0.10452009737491608,0.01903919130563736,1.0
19,humiliated,-0.10305824875831604,-0.15924686193466187,0.10305824875831604,-0.09760238230228424,0.019529318436980247,1.0
19,sympathetic,0.10238636285066605,0.06361785531044006,0.10238636285066605,0.09600591659545898,0.024021487683057785,1.0
19,hopeful,0.09939934313297272,-0.05446871742606163,0.09939934313297272,0.09377389401197433,0.017206799238920212,1.0
19,peaceful,0.09889765083789825,0.006656091194599867,0.09889765083789825,0.09467542171478271,0.018623430281877518,1.0
19,insulted,0.09877399355173111,0.19895510375499725,0.09877399355173111,0.09471581876277924,0.011638017371296883,1.0
19,disdainful,0.09861841052770615,0.19021353125572205,0.09861841052770615,0.09530654549598694,0.016178302466869354,1.0
19,restless,-0.0937473326921463,-0.00995822623372078,0.0937473326921463,-0.08795186877250671,0.023432420566678047,1.0
19,enraged,-0.0927169993519783,-0.036105602979660034,0.0927169993519783,-0.0861269012093544,0.025727398693561554,1.0
19,bitter,0.0921688824892044,0.19970624148845673,0.0921688824892044,0.08899214118719101,0.015713166445493698,1.0
19,sensitive,0.0906510204076767,0.1538800150156021,0.0906510204076767,0.08743234723806381,0.03213164955377579,1.0
19,terrified,-0.0901002436876297,-0.038631804287433624,0.0901002436876297,-0.08372612297534943,0.024715900421142578,1.0
19,reflective,-0.08810503035783768,-0.17398323118686676,0.08810503035783768,-0.08281370252370834,0.015582438558340073,1.0
19,blissful,0.08679833263158798,-0.04300173744559288,0.08679833263158798,0.08076785504817963,0.023751704022288322,1.0
19,depressed,-0.0862211063504219,-0.023779232054948807,0.0862211063504219,-0.08363843709230423,0.018292240798473358,1.0
19,panicked,-0.08612453192472458,0.004486939869821072,0.08612453192472458,-0.0819815844297409,0.014908920042216778,1.0
19,nervous,-0.08555968850851059,-0.07617891579866409,0.08555968850851059,-0.08179403841495514,0.012639493681490421,1.0
19,mortified,-0.08112282305955887,-0.0931742787361145,0.08112282305955887,-0.07721636444330215,0.014959408901631832,1.0
19,impatient,0.07885114848613739,0.13991139829158783,0.07885114848613739,0.07526717334985733,0.015813639387488365,1.0
19,alert,-0.07770666480064392,-0.17513300478458405,0.07770666480064392,-0.07397816330194473,0.013164357282221317,1.0
19,droopy,-0.07481419295072556,0.047775886952877045,0.07481419295072556,-0.07152867317199707,0.014027249068021774,1.0
19,self-conscious,-0.07398936152458191,-0.07639854401350021,0.07398936152458191,-0.06873311847448349,0.03047061152756214,1.0
19,frightened,-0.07379131019115448,-0.1653021275997162,0.07379131019115448,-0.06957604736089706,0.019801603630185127,1.0
19,worthless,0.07282967865467072,0.16296356916427612,0.07282967865467072,0.06792829930782318,0.02196921780705452,1.0
19,furious,-0.07242821902036667,-0.1834179162979126,0.07242821902036667,-0.07034258544445038,0.02071983739733696,1.0
19,bored,0.07133688032627106,0.18299365043640137,0.07133688032627106,0.06905557215213776,0.023623278364539146,1.0
19,valiant,0.06877277046442032,0.06108537316322327,0.06877277046442032,0.06421027332544327,0.022589825093746185,1.0
19,optimistic,0.06726611405611038,-0.07040883600711823,0.06726611405611038,0.06234697252511978,0.027064384892582893,1.0
19,anxious,-0.06689776480197906,-0.03749818354845047,0.06689776480197906,-0.062329016625881195,0.02492789924144745,1.0
19,invigorated,0.0661800280213356,0.025777451694011688,0.0661800280213356,0.06332384794950485,0.00798872485756874,1.0
19,unhappy,-0.0659450888633728,-0.14993944764137268,0.0659450888633728,-0.06365589052438736,0.009813440963625908,1.0
19,scared,-0.06589540094137192,-0.16598056256771088,0.06589540094137192,-0.06341986358165741,0.03418881073594093,1.0
19,lonely,-0.0640515685081482,0.05003193020820618,0.0640515685081482,-0.06097295135259628,0.015791598707437515,1.0
19,outraged,-0.06308495253324509,-0.032083503901958466,0.06308495253324509,-0.05982822924852371,0.009223178960382938,1.0
19,relieved,0.06297532469034195,0.06212446093559265,0.06297532469034195,0.059687793254852295,0.03058544360101223,1.0
19,hysterical,0.061865754425525665,0.1274442970752716,0.061865754425525665,0.05953552573919296,0.026203814893960953,1.0
19,dependent,0.05982086807489395,0.16664884984493256,0.05982086807489395,0.05799161642789841,0.01980455033481121,1.0
19,horrified,0.058629103004932404,0.17718321084976196,0.058629103004932404,0.05622202157974243,0.008507851511240005,1.0
19,sluggish,-0.05673125386238098,0.07516632974147797,0.05673125386238098,-0.0544312484562397,0.017290303483605385,1.0
19,alarmed,-0.05618755519390106,0.040461216121912,0.05618755519390106,-0.055234648287296295,0.024693522602319717,1.0
19,sentimental,0.05543028935790062,0.03319549560546875,0.05543028935790062,0.05237334966659546,0.010836683213710785,1.0
19,lazy,-0.05468248575925827,0.06365354359149933,0.05468248575925827,-0.05143088102340698,0.012310346588492393,1.0
19,stimulated,0.05133441835641861,0.04637385532259941,0.05133441835641861,0.04916353151202202,0.011471707373857498,1.0
19,rattled,0.051035668700933456,0.06511949747800827,0.051035668700933456,0.04878412187099457,0.010484015569090843,1.0
19,miserable,-0.049927741289138794,0.0722484141588211,0.049927741289138794,-0.0461583137512207,0.023012425750494003,1.0
19,shaken,-0.04807392507791519,-0.039913609623909,0.04807392507791519,-0.04407280310988426,0.024728288874030113,1.0
19,happy,0.04642079398036003,-0.10970927774906158,0.04642079398036003,0.04372381418943405,0.011983713135123253,1.0
19,regretful,0.04539748281240463,0.15543881058692932,0.04539748281240463,0.04425565153360367,0.026071853935718536,1.0
19,resentful,-0.044549427926540375,0.08683761209249496,0.044549427926540375,-0.0422312393784523,0.006560320965945721,1.0
19,dispirited,-0.044159647077322006,0.081496462225914,0.044159647077322006,-0.041067223995923996,0.01966233178973198,1.0
19,listless,0.043143127113580704,0.13062581419944763,0.043143127113580704,0.04255041480064392,0.0159975066781044,1.0
19,upset,0.042934395372867584,0.160683736205101,0.042934395372867584,0.04190971702337265,0.015157780610024929,1.0
19,envious,-0.041958946734666824,-0.06402498483657837,0.041958946734666824,-0.03921682760119438,0.010739694349467754,1.0
19,relaxed,0.04005170613527298,-0.031630098819732666,0.04005170613527298,0.035655390471220016,0.029401864856481552,1.0
19,docile,0.03913845121860504,0.15528233349323273,0.03913845121860504,0.037432074546813965,0.012327046133577824,1.0
19,distressed,-0.03718839958310127,0.038236238062381744,0.03718839958310127,-0.03535560518503189,0.01565081626176834,1.0
19,fulfilled,0.03628497198224068,-0.10096569359302521,0.03628497198224068,0.03439411520957947,0.01340703759342432,1.0
19,joyful,0.03313075378537178,-0.11630448698997498,0.03313075378537178,0.03008720837533474,0.02032577060163021,0.800000011920929
19,remorseful,-0.031535811722278595,0.0056929513812065125,0.031535811722278595,-0.028425157070159912,0.025017263367772102,0.800000011920929
19,amused,0.030334625393152237,-0.09814337641000748,0.030334625393152237,0.026713285595178604,0.027265271171927452,0.800000011920929
19,sleepy,0.030180450528860092,0.14129342138767242,0.030180450528860092,0.031006988137960434,0.027041690424084663,0.800000011920929
19,triumphant,0.02994689904153347,-0.07534488290548325,0.02994689904153347,0.02784878946840763,0.019991936162114143,1.0
19,thankful,-0.029749387875199318,-0.14629198610782623,0.029749387875199318,-0.029741615056991577,0.021549232304096222,0.800000011920929
19,guilty,-0.029605183750391006,0.07381732761859894,0.029605183750391006,-0.028653670102357864,0.014435878954827785,1.0
19,vengeful,-0.029130369424819946,0.07247182726860046,0.029130369424819946,-0.026018714532256126,0.029180951416492462,0.800000011920929
19,mad,-0.02824203111231327,0.0690109133720398,0.02824203111231327,-0.026273012161254883,0.011605228297412395,1.0
19,ashamed,0.027824170887470245,-0.023740723729133606,0.027824170887470245,0.025848131626844406,0.011385759338736534,1.0
19,awestruck,0.025615407153964043,0.15598618984222412,0.025615407153964043,0.02503208816051483,0.016089607030153275,1.0
19,amazed,-0.025602035224437714,-0.0973854809999466,0.025602035224437714,-0.025881808251142502,0.021876290440559387,1.0
19,exasperated,0.024135466665029526,0.1342059224843979,0.024135466665029526,0.023221455514431,0.020724426954984665,1.0
19,disgusted,-0.022107325494289398,0.11094984412193298,0.022107325494289398,-0.02148352935910225,0.018017182126641273,0.800000011920929
19,stubborn,-0.02171323262155056,0.08456967771053314,0.02171323262155056,-0.020379502326250076,0.022003307938575745,0.800000011920929
19,energized,0.020163411274552345,-0.12598192691802979,0.020163411274552345,0.01901720091700554,0.010304722934961319,1.0
19,vibrant,-0.017151473090052605,-0.14257237315177917,0.017151473090052605,-0.017301788553595543,0.022484250366687775,0.800000011920929
19,grief-stricken,0.01574082113802433,0.10624358803033829,0.01574082113802433,0.013452887535095215,0.01948932744562626,0.800000011920929
19,defiant,0.013947006314992905,0.00811644084751606,0.013947006314992905,0.0142147745937109,0.02894533984363079,0.800000011920929
19,uneasy,0.013461715541779995,0.11785943061113358,0.013461715541779995,0.014085439033806324,0.019767440855503082,0.800000011920929
19,eager,-0.013446569442749023,-0.03597342222929001,0.013446569442749023,-0.014084532856941223,0.025559833273291588,0.800000011920929
19,pleased,-0.012763507664203644,-0.13147251307964325,0.012763507664203644,-0.013932036235928535,0.022911395877599716,0.6000000238418579
19,calm,0.012584660202264786,0.006989886052906513,0.012584660202264786,0.010958428494632244,0.02772219479084015,0.6000000238418579
19,desperate,0.01234959252178669,0.12091310322284698,0.01234959252178669,0.012594619765877724,0.018773050978779793,0.800000011920929
19,jealous,0.011755920946598053,0.12223131209611893,0.011755920946598053,0.011845981702208519,0.009587607346475124,0.800000011920929
19,self-critical,0.011374251917004585,-0.1156608983874321,0.011374251917004585,0.0106816990301013,0.007842689752578735,1.0
19,loving,0.011301154270768166,-0.053202852606773376,0.011301154270768166,0.0088576078414917,0.025766916573047638,0.4000000059604645
19,afraid,0.010147594846785069,-0.0016542994417250156,0.010147594846785069,0.009584304876625538,0.012473424896597862,0.6000000238418579
19,overwhelmed,0.010125516913831234,0.1415281593799591,0.010125516913831234,0.010306372307240963,0.020976057276129723,0.6000000238418579
19,brooding,0.009652686305344105,0.13830769062042236,0.009652686305344105,0.010439673438668251,0.01981901377439499,0.6000000238418579
19,unsettled,0.007795612793415785,0.12068350613117218,0.007795612793415785,0.00866679660975933,0.013539961539208889,0.800000011920929
19,irate,0.00706412922590971,0.1237761452794075,0.00706412922590971,0.0074408454820513725,0.015385221689939499,0.6000000238418579
19,vindictive,-0.006930931005626917,0.12311102449893951,0.006930931005626917,-0.007202708162367344,0.01357751153409481,0.6000000238418579
19,vigilant,0.006924310699105263,0.10489879548549652,0.006924310699105263,0.007771153934299946,0.01886412501335144,0.4000000059604645
19,playful,-0.004763534292578697,-0.14211973547935486,0.004763534292578697,-0.005501713138073683,0.01712258718907833,0.800000011920929
19,thrilled,0.003835666924715042,-0.11097092926502228,0.003835666924715042,0.0019226751755923033,0.025532061234116554,0.4000000059604645
19,worried,-0.0036361936945468187,0.11966308206319809,0.0036361936945468187,-0.00256370659917593,0.010759785771369934,0.800000011920929
19,tired,-0.003392931306734681,0.13366617262363434,0.003392931306734681,-0.0025031850673258305,0.013485499657690525,0.6000000238418579
19,indifferent,0.00207007909193635,0.1209656298160553,0.00207007909193635,0.0010869151446968317,0.01429391372948885,0.6000000238418579
19,greedy,-0.0015232331352308393,-0.033497754484415054,0.0015232331352308393,-0.0015338395023718476,0.0082776490598917,0.6000000238418579
19,obstinate,0.001331755076535046,0.13329185545444489,0.001331755076535046,0.0017727657686918974,0.010199335403740406,0.4000000059604645
19,sad,0.001307135564275086,0.087363600730896,0.001307135564275086,0.00022203773551154882,0.01463058777153492,0.4000000059604645
19,self-confident,0.0008277549641206861,-0.14103446900844574,0.0008277549641206861,-0.00066454301122576,0.020363492891192436,0.4000000059604645
19,hurt,0.0007072724984027445,0.12357252836227417,0.0007072724984027445,0.001947212964296341,0.019047200679779053,0.6000000238418579
19,aroused,-0.0006211219006218016,-0.1362026035785675,0.0006211219006218016,0.0002411380410194397,0.012862867675721645,0.6000000238418579
19,tense,-0.0003218236961401999,-0.09517095237970352,0.0003218236961401999,0.0016081593930721283,0.0251317135989666,0.4000000059604645
20,at ease,0.27665820717811584,0.2670402228832245,0.27665820717811584,0.26257094740867615,0.02158389613032341,1.0
20,cheerful,0.2506672441959381,0.19640366733074188,0.2506672441959381,0.23904971778392792,0.019897766411304474,1.0
20,delighted,0.23909598588943481,0.17191079258918762,0.23909598588943481,0.22907690703868866,0.018313640728592873,1.0
20,euphoric,0.2185966521501541,0.22255973517894745,0.2185966521501541,0.20758745074272156,0.010762201622128487,1.0
20,infatuated,0.21497130393981934,0.18027523159980774,0.21497130393981934,0.2044980525970459,0.014135056175291538,1.0
20,grumpy,-0.21011091768741608,-0.226476788520813,0.21011091768741608,-0.19909007847309113,0.020588407292962074,1.0
20,patient,0.2028048187494278,0.23575258255004883,0.2028048187494278,0.19392262399196625,0.013070582412183285,1.0
20,resigned,-0.2027328610420227,-0.22903749346733093,0.2027328610420227,-0.19365409016609192,0.010136581026017666,1.0
20,excited,0.20238837599754333,0.23867695033550262,0.20238837599754333,0.19230735301971436,0.020543908700346947,1.0
20,elated,0.19936607778072357,0.22048160433769226,0.19936607778072357,0.1901574283838272,0.004739016760140657,1.0
20,frustrated,-0.1933593600988388,-0.22376270592212677,0.1933593600988388,-0.18402333557605743,0.013254323042929173,1.0
20,content,0.19302469491958618,0.14225444197654724,0.19302469491958618,0.18418775498867035,0.01773344911634922,1.0
20,heartbroken,-0.18588265776634216,-0.07702354341745377,0.18588265776634216,-0.17587003111839294,0.025316696614027023,1.0
20,inspired,0.18431884050369263,0.18387138843536377,0.18431884050369263,0.1753162145614624,0.014964910224080086,1.0
20,scornful,-0.18102696537971497,-0.2214553952217102,0.18102696537971497,-0.17218764126300812,0.01349998451769352,1.0
20,refreshed,0.17998285591602325,0.1247517466545105,0.17998285591602325,0.17212703824043274,0.010261507704854012,1.0
20,ecstatic,0.17668463289737701,0.14044208824634552,0.17668463289737701,0.16710001230239868,0.021734559908509254,1.0
20,tormented,-0.17481403052806854,-0.12930434942245483,0.17481403052806854,-0.16606388986110687,0.01054744329303503,1.0
20,hope,0.16674385964870453,0.20902492105960846,0.16674385964870453,0.1588650643825531,0.03413008525967598,1.0
20,spiteful,-0.16547644138336182,-0.14656561613082886,0.16547644138336182,-0.15756554901599884,0.029949242249131203,1.0
20,jubilant,0.16285133361816406,0.2128065675497055,0.16285133361816406,0.15475769340991974,0.017223862931132317,1.0
20,skeptical,-0.16075757145881653,-0.19948074221611023,0.16075757145881653,-0.15320038795471191,0.01733984984457493,1.0
20,irritated,-0.15926632285118103,-0.19004258513450623,0.15926632285118103,-0.15162554383277893,0.017514027655124664,1.0
20,hostile,-0.15472668409347534,-0.20202744007110596,0.15472668409347534,-0.1486375778913498,0.02241338975727558,1.0
20,bewildered,-0.15180975198745728,-0.14896441996097565,0.15180975198745728,-0.14480474591255188,0.018295036628842354,1.0
20,weary,-0.14945222437381744,-0.11062108725309372,0.14945222437381744,-0.14302143454551697,0.008896593935787678,1.0
20,compassionate,0.14849765598773956,0.1908184289932251,0.14849765598773956,0.1409199833869934,0.03450287505984306,1.0
20,disturbed,-0.14705432951450348,-0.19129467010498047,0.14705432951450348,-0.13944748044013977,0.03237509727478027,1.0
20,angry,-0.14574630558490753,-0.14157409965991974,0.14574630558490753,-0.1387832760810852,0.027656706050038338,1.0
20,empathetic,0.14561009407043457,0.1507234424352646,0.14561009407043457,0.1397426426410675,0.03165276721119881,1.0
20,annoyed,-0.14552298188209534,-0.19292674958705902,0.14552298188209534,-0.13870282471179962,0.022039275616407394,1.0
20,indignant,-0.1446874439716339,-0.17998291552066803,0.1446874439716339,-0.13882312178611755,0.024649182334542274,1.0
20,puzzled,-0.14420147240161896,-0.19907313585281372,0.14420147240161896,-0.13690464198589325,0.02815883420407772,1.0
20,rejuvenated,0.14399418234825134,0.1972677856683731,0.14399418234825134,0.13822655379772186,0.022939322516322136,1.0
20,melancholy,-0.14270080626010895,-0.17147177457809448,0.14270080626010895,-0.13623134791851044,0.00770232081413269,1.0
20,embarrassed,0.14128878712654114,0.18528439104557037,0.14128878712654114,0.13367947936058044,0.022635357454419136,1.0
20,satisfied,0.14110423624515533,0.1310529261827469,0.14110423624515533,0.1357603520154953,0.01619531214237213,1.0
20,kind,0.14062383770942688,0.18267248570919037,0.14062383770942688,0.13445580005645752,0.02794104628264904,1.0
20,gloomy,-0.139023095369339,-0.18462882936000824,0.139023095369339,-0.13234150409698486,0.013725042343139648,1.0
20,shocked,-0.13883283734321594,-0.2012736052274704,0.13883283734321594,-0.1320265680551529,0.033021848648786545,1.0
20,astonished,-0.1366291344165802,-0.12681178748607635,0.1366291344165802,-0.1287812888622284,0.01911800168454647,1.0
20,unnerved,-0.1357950121164322,-0.10312335193157196,0.1357950121164322,-0.12863464653491974,0.02093616873025894,1.0
20,hopeful,0.13353286683559418,0.026291150599718094,0.13353286683559418,0.12636128067970276,0.02029220014810562,1.0
20,enthusiastic,0.13187888264656067,0.16076263785362244,0.13187888264656067,0.12532465159893036,0.006291879341006279,1.0
20,offended,-0.12943297624588013,-0.1883716583251953,0.12943297624588013,-0.12353423982858658,0.021333642303943634,1.0
20,dumbstruck,-0.12765318155288696,-0.18439121544361115,0.12765318155288696,-0.12292704731225967,0.024326547980308533,1.0
20,stuck,-0.12667541205883026,-0.15021149814128876,0.12667541205883026,-0.12121747434139252,0.008385714143514633,1.0
20,safe,0.1257905662059784,0.11343005299568176,0.1257905662059784,0.1200922280550003,0.014140233397483826,1.0
20,troubled,-0.1239900290966034,-0.1730307787656784,0.1239900290966034,-0.11885865777730942,0.020830580964684486,1.0
20,proud,0.12351565062999725,0.15602165460586548,0.12351565062999725,0.11671154201030731,0.01836344227194786,1.0
20,vulnerable,-0.12252362817525864,-0.1864895522594452,0.12252362817525864,-0.11733046919107437,0.022940343245863914,1.0
20,exuberant,0.12202463299036026,0.08144420385360718,0.12202463299036026,0.1159091368317604,0.006155705079436302,1.0
20,hateful,-0.11884338408708572,-0.05612446367740631,0.11884338408708572,-0.11259309202432632,0.013853252865374088,1.0
20,paranoid,-0.11861512064933777,-0.15134170651435852,0.11861512064933777,-0.11287994682788849,0.016973692923784256,1.0
20,smug,0.11799567937850952,0.15250720083713531,0.11799567937850952,0.11307408660650253,0.012272417545318604,1.0
20,disoriented,-0.11749428510665894,-0.16821639239788055,0.11749428510665894,-0.11186186969280243,0.02316252700984478,1.0
20,serene,0.11612645536661148,0.1644476056098938,0.11612645536661148,0.1117316260933876,0.019961096346378326,1.0
20,grateful,0.11589208245277405,0.17337346076965332,0.11589208245277405,0.1103401780128479,0.023603498935699463,1.0
20,stressed,-0.11547505110502243,-0.17349819839000702,0.11547505110502243,-0.11061183363199234,0.017019154503941536,1.0
20,suspicious,-0.11444305628538132,-0.16383396089076996,0.11444305628538132,-0.10959772765636444,0.021238697692751884,1.0
20,sorry,0.11416570097208023,0.17889881134033203,0.11416570097208023,0.10889486968517303,0.023789871484041214,1.0
20,worn out,0.1131054162979126,0.17143703997135162,0.1131054162979126,0.10750367492437363,0.011700194329023361,1.0
20,sympathetic,0.11090593039989471,0.09063178300857544,0.11090593039989471,0.10415323078632355,0.02302728220820427,1.0
20,perplexed,0.1108325719833374,0.16231845319271088,0.1108325719833374,0.10570168495178223,0.016432397067546844,1.0
20,blissful,0.1085018515586853,0.016100028529763222,0.1085018515586853,0.10168977826833725,0.022874467074871063,1.0
20,peaceful,0.10844850540161133,0.041918255388736725,0.10844850540161133,0.10411308705806732,0.015481261536478996,1.0
20,droopy,-0.1076405718922615,-0.022045008838176727,0.1076405718922615,-0.10307495296001434,0.011935507878661156,1.0
20,trapped,-0.10661191493272781,-0.1661999523639679,0.10661191493272781,-0.10062529891729355,0.013041929341852665,1.0
20,on edge,0.10623233765363693,0.17159490287303925,0.10623233765363693,0.10184422880411148,0.024321479722857475,1.0
20,surprised,-0.10610657930374146,-0.16231733560562134,0.10610657930374146,-0.10047268867492676,0.02632075920701027,1.0
20,mystified,-0.10269557684659958,-0.1657857745885849,0.10269557684659958,-0.0991552323102951,0.02013470232486725,1.0
20,sensitive,0.09919396787881851,0.1369694173336029,0.09919396787881851,0.09556253999471664,0.03517482057213783,1.0
20,panicked,-0.09888742864131927,-0.04293082654476166,0.09888742864131927,-0.09437533468008041,0.011205841787159443,1.0
20,sluggish,-0.09838088601827621,-0.005669103004038334,0.09838088601827621,-0.09407324343919754,0.020314887166023254,1.0
20,contemptuous,-0.09786408394575119,-0.1592637151479721,0.09786408394575119,-0.09293884038925171,0.015584571287035942,1.0
20,terrified,-0.09615714848041534,-0.06621607393026352,0.09615714848041534,-0.09014765918254852,0.019083930179476738,1.0
20,sullen,-0.09570545703172684,-0.16317002475261688,0.09570545703172684,-0.09084266424179077,0.01456341240555048,1.0
20,lonely,-0.09516359120607376,-0.024075567722320557,0.09516359120607376,-0.09073711931705475,0.013830059207975864,1.0
20,enraged,-0.09452848881483078,-0.056637246161699295,0.09452848881483078,-0.08812634646892548,0.023459509015083313,1.0
20,depressed,-0.0935344249010086,-0.04988432675600052,0.0935344249010086,-0.09030497819185257,0.0168493390083313,1.0
20,humiliated,-0.09139597415924072,-0.13152268528938293,0.09139597415924072,-0.08600469678640366,0.02692776918411255,1.0
20,nostalgic,0.09054075181484222,0.15545934438705444,0.09054075181484222,0.08676980435848236,0.015276052989065647,1.0
20,restless,-0.09000033140182495,-0.03517869859933853,0.09000033140182495,-0.08483248203992844,0.019312098622322083,1.0
20,insulted,0.08710676431655884,0.14879833161830902,0.08710676431655884,0.08351825177669525,0.013504649512469769,1.0
20,optimistic,0.08547103404998779,-0.00534237502142787,0.08547103404998779,0.07984213531017303,0.02734239771962166,1.0
20,relieved,0.08532634377479553,0.08462532609701157,0.08532634377479553,0.08116850256919861,0.02866552025079727,1.0
20,impatient,0.08528712391853333,0.12031111121177673,0.08528712391853333,0.08113391697406769,0.021032903343439102,1.0
20,mortified,-0.08449141681194305,-0.08366338163614273,0.08449141681194305,-0.08054785430431366,0.017130399122834206,1.0
20,bitter,0.08076898008584976,0.14994731545448303,0.08076898008584976,0.07776938378810883,0.01785114035010338,1.0
20,happy,0.07843594253063202,-0.03447990119457245,0.07843594253063202,0.07436800748109818,0.017632542178034782,1.0
20,reflective,-0.07772621512413025,-0.13400299847126007,0.07772621512413025,-0.07280824333429337,0.017590932548046112,1.0
20,nervous,-0.0764901265501976,-0.0724906399846077,0.0764901265501976,-0.07316818833351135,0.009359012357890606,1.0
20,alert,-0.07638020068407059,-0.13825954496860504,0.07638020068407059,-0.07249800860881805,0.01514684408903122,1.0
20,invigorated,0.07599038630723953,0.0486324243247509,0.07599038630723953,0.0725661963224411,0.006771298125386238,1.0
20,anxious,-0.07548046112060547,-0.05794479325413704,0.07548046112060547,-0.07092394679784775,0.02207156829535961,1.0
20,disdainful,0.07534720003604889,0.1379861831665039,0.07534720003604889,0.07272855937480927,0.01236674003303051,1.0
20,alarmed,-0.07454453408718109,-0.014515165239572525,0.07454453408718109,-0.07228915393352509,0.024010365828871727,1.0
20,unhappy,-0.06971438229084015,-0.11844810098409653,0.06971438229084015,-0.06692160665988922,0.010800762102007866,1.0
20,dispirited,-0.06733391433954239,0.020124943926930428,0.06733391433954239,-0.06345316022634506,0.02071181870996952,1.0
20,lazy,-0.06669766455888748,0.005325836129486561,0.06669766455888748,-0.06264789402484894,0.015058127231895924,1.0
20,miserable,-0.06572562456130981,0.01565227098762989,0.06572562456130981,-0.061552971601486206,0.023749129846692085,1.0
20,valiant,0.06424523144960403,0.061790529638528824,0.06424523144960403,0.05985189601778984,0.024172291159629822,1.0
20,fulfilled,0.0633796826004982,-0.03505340591073036,0.0633796826004982,0.06014770269393921,0.016573984175920486,1.0
20,bored,0.06280933320522308,0.13620495796203613,0.06280933320522308,0.06052212044596672,0.025912661105394363,1.0
20,scared,-0.061707716435194016,-0.12680992484092712,0.061707716435194016,-0.05946545675396919,0.03734869882464409,1.0
20,resentful,-0.06161024048924446,0.0291763786226511,0.06161024048924446,-0.05889094993472099,0.0049152737483382225,1.0
20,worthless,0.06043805927038193,0.11777729541063309,0.06043805927038193,0.05618082731962204,0.022225307300686836,1.0
20,outraged,-0.05982058867812157,-0.038972169160842896,0.05982058867812157,-0.05671880394220352,0.006253102794289589,1.0
20,rattled,0.05957270413637161,0.058253202587366104,0.05957270413637161,0.057196639478206635,0.007683833595365286,1.0
20,furious,-0.05938345938920975,-0.13211892545223236,0.05938345938920975,-0.05760422348976135,0.022218583151698112,1.0
20,joyful,0.05932804197072983,-0.047049012035131454,0.05932804197072983,0.055340759456157684,0.022813109681010246,1.0
20,stimulated,0.05665387585759163,0.052747078239917755,0.05665387585759163,0.05405813455581665,0.008394230157136917,1.0
20,dependent,0.05648898705840111,0.12258463352918625,0.05648898705840111,0.054845310747623444,0.0207066647708416,1.0
20,mad,-0.05424751713871956,0.0039258538745343685,0.05424751713871956,-0.051330454647541046,0.00912529043853283,1.0
20,energized,0.05362499877810478,-0.05706373229622841,0.05362499877810478,0.05137261003255844,0.013544606044888496,1.0
20,self-conscious,-0.0535174198448658,-0.056542012840509415,0.0535174198448658,-0.04921364784240723,0.03034897707402706,1.0
20,distressed,-0.05188901722431183,0.004163752775639296,0.05188901722431183,-0.04957703500986099,0.017088111490011215,1.0
20,regretful,0.04932079091668129,0.11916109174489975,0.04932079091668129,0.04793037101626396,0.028321651741862297,1.0
20,vengeful,-0.04858885332942009,0.01164685096591711,0.04858885332942009,-0.04461181163787842,0.030275968834757805,0.800000011920929
20,shaken,-0.04714097082614899,-0.042710404843091965,0.04714097082614899,-0.043521054089069366,0.023783652111887932,1.0
20,worried,-0.046189021319150925,0.0431179516017437,0.046189021319150925,-0.04332192614674568,0.009366978891193867,1.0
20,sentimental,0.045960091054439545,0.044527336955070496,0.045960091054439545,0.04317929595708847,0.012066504918038845,1.0
20,frightened,-0.04558780416846275,-0.10306479781866074,0.04558780416846275,-0.04295879229903221,0.020296206697821617,1.0
20,hysterical,0.04392964765429497,0.0882178470492363,0.04392964765429497,0.042229291051626205,0.025444593280553818,1.0
20,guilty,-0.040877584367990494,0.0221211276948452,0.040877584367990494,-0.039044830948114395,0.016349900513887405,1.0
20,self-critical,0.04031016305088997,-0.04549543559551239,0.04031016305088997,0.03850764036178589,0.011118896305561066,1.0
20,envious,-0.038934849202632904,-0.04919159784913063,0.038934849202632904,-0.03641284257173538,0.0096572982147336,1.0
20,amused,0.038822274655103683,-0.04065515100955963,0.038822274655103683,0.034929972141981125,0.027600480243563652,1.0
20,relaxed,0.03780089691281319,-0.007106484845280647,0.03780089691281319,0.033784300088882446,0.02800821326673031,0.800000011920929
20,vindictive,-0.03533385694026947,0.056206002831459045,0.03533385694026947,-0.03422744944691658,0.01871611922979355,1.0
20,horrified,0.03510460630059242,0.11787617951631546,0.03510460630059242,0.03341061249375343,0.0069800433702766895,1.0
20,amazed,-0.03327431529760361,-0.07279211282730103,0.03327431529760361,-0.03324974328279495,0.02229565568268299,1.0
20,triumphant,0.032707784324884415,-0.04046811908483505,0.032707784324884415,0.031065931543707848,0.02301962859928608,1.0
20,listless,0.03268998861312866,0.08998169749975204,0.03268998861312866,0.032352328300476074,0.016136860474944115,1.0
20,tired,-0.03241633251309395,0.06710177659988403,0.03241633251309395,-0.030723553150892258,0.015834778547286987,1.0
20,unsettled,-0.030664663761854172,0.0457545630633831,0.030664663761854172,-0.028164992108941078,0.013127490878105164,1.0
20,remorseful,-0.0301787368953228,-0.016861002892255783,0.0301787368953228,-0.02729535661637783,0.02364075928926468,1.0
20,ashamed,0.029871046543121338,-0.004079039208590984,0.029871046543121338,0.028133828192949295,0.006026029586791992,1.0
20,self-confident,0.027371782809495926,-0.07244676351547241,0.027371782809495926,0.025121325626969337,0.021016500890254974,0.800000011920929
20,disgusted,-0.027040798217058182,0.06489326059818268,0.027040798217058182,-0.026203975081443787,0.022517237812280655,0.800000011920929
20,upset,0.025740481913089752,0.10660793632268906,0.025740481913089752,0.02482033520936966,0.012270626612007618,1.0
20,loving,0.025002583861351013,-0.009332352317869663,0.025002583861351013,0.02202427014708519,0.025150727480649948,0.800000011920929
20,overwhelmed,-0.024984996765851974,0.06827716529369354,0.024984996765851974,-0.02312518283724785,0.02437916398048401,0.800000011920929
20,calm,0.0223934855312109,0.007686513010412455,0.0223934855312109,0.02078123390674591,0.024432644248008728,0.800000011920929
20,eager,-0.021701261401176453,-0.0354451909661293,0.021701261401176453,-0.02184167131781578,0.025583241134881973,0.800000011920929
20,stubborn,-0.021050596609711647,0.044456422328948975,0.021050596609711647,-0.019776660948991776,0.02575564756989479,0.800000011920929
20,aroused,0.020764872431755066,-0.07614807784557343,0.020764872431755066,0.02091766521334648,0.02279009483754635,0.800000011920929
20,docile,0.020264511927962303,0.09788329899311066,0.020264511927962303,0.019275877624750137,0.015246972441673279,1.0
20,indifferent,-0.01590217649936676,0.06094495207071304,0.01590217649936676,-0.01603376492857933,0.01255788467824459,0.800000011920929
20,exasperated,0.014921699650585651,0.08816919475793839,0.014921699650585651,0.014250149950385094,0.02701827883720398,0.6000000238418579
20,playful,0.011691608466207981,-0.08146441727876663,0.011691608466207981,0.01023030560463667,0.019508415833115578,0.800000011920929
20,hurt,-0.010349331423640251,0.0689517930150032,0.010349331423640251,-0.008762742392718792,0.018311401829123497,0.4000000059604645
20,brooding,-0.009667474776506424,0.07727128267288208,0.009667474776506424,-0.008235430344939232,0.020555485039949417,0.6000000238418579
20,sleepy,0.009513655677437782,0.08050867915153503,0.009513655677437782,0.010966263711452484,0.026854587718844414,0.6000000238418579
20,obstinate,-0.008720443584024906,0.07713188230991364,0.008720443584024906,-0.007808866444975138,0.013498175889253616,0.800000011920929
20,grief-stricken,0.007939722388982773,0.06854082643985748,0.007939722388982773,0.006034106481820345,0.022959422320127487,0.800000011920929
20,awestruck,0.007319580763578415,0.09707153588533401,0.007319580763578415,0.007292227353900671,0.01987987384200096,0.6000000238418579
20,thankful,-0.006593119353055954,-0.08781726658344269,0.006593119353055954,-0.007256680633872747,0.018412208184599876,0.6000000238418579
20,uneasy,-0.006002604495733976,0.060303132981061935,0.006002604495733976,-0.004507848992943764,0.02154202200472355,0.800000011920929
20,greedy,0.005792868323624134,-0.020196082070469856,0.005792868323624134,0.005790619645267725,0.005723054055124521,0.800000011920929
20,vigilant,0.005652204621583223,0.059487517923116684,0.005652204621583223,0.006442123092710972,0.022258108481764793,0.4000000059604645
20,defiant,-0.005185410380363464,-0.02156023308634758,0.005185410380363464,-0.003820921527221799,0.03360903263092041,0.6000000238418579
20,afraid,0.004226784221827984,0.003165006171911955,0.004226784221827984,0.003932400140911341,0.010081926360726357,0.6000000238418579
20,thrilled,0.004066787660121918,-0.06758254021406174,0.004066787660121918,0.0022007941734045744,0.026280896738171577,0.4000000059604645
20,pleased,0.0038787382654845715,-0.07013459503650665,0.0038787382654845715,0.0020695447456091642,0.02454541251063347,0.4000000059604645
20,vibrant,-0.001933135325089097,-0.08426886051893234,0.001933135325089097,-0.0027452162466943264,0.025225132703781128,0.6000000238418579
20,sad,-0.0018848832696676254,0.05611312389373779,0.0018848832696676254,-0.002878973726183176,0.014088107272982597,0.6000000238418579
20,desperate,-0.001601740368641913,0.06791148334741592,0.001601740368641913,-0.000784359872341156,0.02255278080701828,0.6000000238418579
20,jealous,0.001224983367137611,0.07186298817396164,0.001224983367137611,0.0017030335729941726,0.012638963758945465,0.4000000059604645
20,irate,0.0006387951434589922,0.07711731642484665,0.0006387951434589922,0.0009544164058752358,0.009627009741961956,0.6000000238418579
20,tense,-9.958463488146663e-05,-0.05538402870297432,9.958463488146663e-05,0.0016090821009129286,0.024372028186917305,0.4000000059604645
21,at ease,0.24694973230361938,0.22973956167697906,0.24694973230361938,0.2342299520969391,0.022640664130449295,1.0
21,resigned,-0.22523266077041626,-0.2505759298801422,0.22523266077041626,-0.21460402011871338,0.014842221513390541,1.0
21,cheerful,0.22135107219219208,0.15661944448947906,0.22135107219219208,0.21104533970355988,0.0198848694562912,1.0
21,delighted,0.21554416418075562,0.16600754857063293,0.21554416418075562,0.20635485649108887,0.017386233434081078,1.0
21,patient,0.20974858105182648,0.23988425731658936,0.20974858105182648,0.20018935203552246,0.017162011936306953,1.0
21,euphoric,0.20448796451091766,0.20138835906982422,0.20448796451091766,0.19399893283843994,0.012658139690756798,1.0
21,excited,0.20266246795654297,0.244125097990036,0.20266246795654297,0.19240041077136993,0.027328629046678543,1.0
21,frustrated,-0.202565535902977,-0.2399948090314865,0.202565535902977,-0.19252178072929382,0.02048158273100853,1.0
21,scornful,-0.1900881677865982,-0.23929481208324432,0.1900881677865982,-0.1804581880569458,0.014234336093068123,1.0
21,hostile,-0.1898190677165985,-0.24991312623023987,0.1898190677165985,-0.1815813183784485,0.028294475749135017,1.0
21,grumpy,-0.18876023590564728,-0.2150920033454895,0.18876023590564728,-0.17869533598423004,0.01859801448881626,1.0
21,elated,0.18540313839912415,0.19182923436164856,0.18540313839912415,0.17661964893341064,0.002622667234390974,1.0
21,infatuated,0.18144047260284424,0.15545354783535004,0.18144047260284424,0.17247274518013,0.011586114764213562,1.0
21,content,0.17943324148654938,0.13182184100151062,0.17943324148654938,0.1711231768131256,0.01930571161210537,1.0
21,inspired,0.1776408553123474,0.15429630875587463,0.1776408553123474,0.16929014027118683,0.012285197153687477,1.0
21,kind,0.17574377357959747,0.22683440148830414,0.17574377357959747,0.16730745136737823,0.03281816840171814,1.0
21,annoyed,-0.1721636801958084,-0.2182619571685791,0.1721636801958084,-0.16379223763942719,0.03013528697192669,1.0
21,jubilant,0.17115606367588043,0.23572112619876862,0.17115606367588043,0.16228654980659485,0.024574020877480507,1.0
21,rejuvenated,0.17037449777126312,0.22575533390045166,0.17037449777126312,0.16297796368598938,0.02916436642408371,1.0
21,hope,0.1699153184890747,0.21200157701969147,0.1699153184890747,0.16139785945415497,0.03314925730228424,1.0
21,skeptical,-0.167698934674263,-0.1861349195241928,0.167698934674263,-0.15969432890415192,0.020242314785718918,1.0
21,melancholy,-0.1662738174200058,-0.18915270268917084,0.1662738174200058,-0.15828564763069153,0.005836075637489557,1.0
21,puzzled,-0.1651822030544281,-0.22552844882011414,0.1651822030544281,-0.15655317902565002,0.03229944035410881,1.0
21,offended,-0.16494213044643402,-0.22815020382404327,0.16494213044643402,-0.15686026215553284,0.029236260801553726,1.0
21,vulnerable,-0.16226546466350555,-0.2345360517501831,0.16226546466350555,-0.15472818911075592,0.031755730509757996,1.0
21,compassionate,0.16169919073581696,0.20856191217899323,0.16169919073581696,0.15293510258197784,0.03667124733328819,1.0
21,empathetic,0.1602058857679367,0.15254588425159454,0.1602058857679367,0.15342828631401062,0.026568766683340073,1.0
21,irritated,-0.16010086238384247,-0.19780802726745605,0.16010086238384247,-0.15211163461208344,0.0220793467015028,1.0
21,bewildered,-0.15937340259552002,-0.13972043991088867,0.15937340259552002,-0.15182779729366302,0.015785887837409973,1.0
21,ecstatic,0.1589193493127823,0.12919625639915466,0.1589193493127823,0.15035279095172882,0.01964624412357807,1.0
21,gloomy,-0.1566806137561798,-0.21234837174415588,0.1566806137561798,-0.14870648086071014,0.017246827483177185,1.0
21,shocked,-0.1564457267522812,-0.22995039820671082,0.1564457267522812,-0.1483096331357956,0.04226807504892349,1.0
21,stressed,-0.15593461692333221,-0.22202269732952118,0.15593461692333221,-0.1485743671655655,0.025469297543168068,1.0
21,embarrassed,0.1556737869977951,0.20135042071342468,0.1556737869977951,0.14711804687976837,0.029494762420654297,1.0
21,tormented,-0.15063095092773438,-0.11094459891319275,0.15063095092773438,-0.14300112426280975,0.012420554645359516,1.0
21,troubled,-0.15045461058616638,-0.1991443634033203,0.15045461058616638,-0.1437588632106781,0.026980511844158173,1.0
21,indignant,-0.15024727582931519,-0.1884527951478958,0.15024727582931519,-0.14382722973823547,0.021789081394672394,1.0
21,perplexed,0.1483643501996994,0.20585554838180542,0.1483643501996994,0.14091292023658752,0.02416379563510418,1.0
21,sorry,0.14590230584144592,0.21767285466194153,0.14590230584144592,0.13888394832611084,0.032631851732730865,1.0
21,dumbstruck,-0.1449003517627716,-0.20957976579666138,0.1449003517627716,-0.13881123065948486,0.02725311927497387,1.0
21,satisfied,0.14463157951831818,0.11670050024986267,0.14463157951831818,0.13880468904972076,0.013409779407083988,1.0
21,disoriented,-0.14339150488376617,-0.18895941972732544,0.14339150488376617,-0.1364476978778839,0.025593029335141182,1.0
21,heartbroken,-0.14247117936611176,-0.06530546396970749,0.14247117936611176,-0.13488559424877167,0.02788197621703148,1.0
21,grateful,0.14170551300048828,0.20173901319503784,0.14170551300048828,0.13438472151756287,0.027819953858852386,1.0
21,stuck,-0.14139625430107117,-0.15765514969825745,0.14139625430107117,-0.13490988314151764,0.010819477960467339,1.0
21,disturbed,-0.1409754604101181,-0.17191743850708008,0.1409754604101181,-0.13352070748806,0.0321650393307209,1.0
21,spiteful,-0.14057853817939758,-0.10858394205570221,0.14057853817939758,-0.13411299884319305,0.023384373635053635,1.0
21,on edge,0.13933135569095612,0.21377091109752655,0.13933135569095612,0.13302019238471985,0.031851883977651596,1.0
21,mystified,-0.1392761915922165,-0.21093906462192535,0.1392761915922165,-0.13353073596954346,0.026809873059391975,1.0
21,weary,-0.1383311003446579,-0.08195564895868301,0.1383311003446579,-0.1324092447757721,0.009018064476549625,1.0
21,refreshed,0.13791553676128387,0.06681262701749802,0.13791553676128387,0.13227330148220062,0.011950165964663029,1.0
21,angry,-0.13763423264026642,-0.12292087078094482,0.13763423264026642,-0.1310611218214035,0.02279491350054741,1.0
21,suspicious,-0.137273907661438,-0.18682754039764404,0.137273907661438,-0.13113047182559967,0.025163667276501656,1.0
21,worn out,0.13476695120334625,0.20256251096725464,0.13476695120334625,0.12772133946418762,0.017550434917211533,1.0
21,smug,0.13308943808078766,0.1588815152645111,0.13308943808078766,0.12703725695610046,0.0054194992408156395,1.0
21,surprised,-0.12644687294960022,-0.19452108442783356,0.12644687294960022,-0.11940781027078629,0.03224777430295944,1.0
21,serene,0.12597015500068665,0.1670541763305664,0.12597015500068665,0.12090113013982773,0.023284850642085075,1.0
21,insulted,0.12372046709060669,0.1904882788658142,0.12372046709060669,0.11783794313669205,0.02083723060786724,1.0
21,bitter,0.12268785387277603,0.1999708116054535,0.12268785387277603,0.11701150238513947,0.023420844227075577,1.0
21,nostalgic,0.12221954762935638,0.19427970051765442,0.12221954762935638,0.11647715419530869,0.02172168530523777,1.0
21,trapped,-0.12040398269891739,-0.18826735019683838,0.12040398269891739,-0.11363448947668076,0.013728455640375614,1.0
21,enthusiastic,0.11864602565765381,0.13105547428131104,0.11864602565765381,0.11281909048557281,0.005097261629998684,1.0
21,unnerved,-0.11747179925441742,-0.09045544266700745,0.11747179925441742,-0.11118879169225693,0.016571469604969025,1.0
21,sensitive,0.1158532202243805,0.14918696880340576,0.1158532202243805,0.11121819168329239,0.03492726758122444,1.0
21,astonished,-0.11570041626691818,-0.1091427206993103,0.11570041626691818,-0.10913064330816269,0.017342636361718178,1.0
21,paranoid,-0.11520277708768845,-0.13232912123203278,0.11520277708768845,-0.1094292551279068,0.015959687530994415,1.0
21,contemptuous,-0.1147008016705513,-0.1866758018732071,0.1147008016705513,-0.10891444981098175,0.02210548333823681,1.0
21,sullen,-0.10885312408208847,-0.1818779557943344,0.10885312408208847,-0.10308853536844254,0.021331261843442917,1.0
21,proud,0.1064130961894989,0.12236757576465607,0.1064130961894989,0.10055987536907196,0.015585516579449177,1.0
21,bored,0.10459823161363602,0.17858923971652985,0.10459823161363602,0.09983436018228531,0.036520812660455704,1.0
21,safe,0.10335181653499603,0.08168745040893555,0.10335181653499603,0.09866932779550552,0.00948447547852993,1.0
21,disdainful,0.10268395394086838,0.1633542776107788,0.10268395394086838,0.09848442673683167,0.011423485353589058,1.0
21,sympathetic,0.1024060770869255,0.08447878807783127,0.1024060770869255,0.09635527431964874,0.023217180743813515,1.0
21,depressed,-0.10052677243947983,-0.06752312928438187,0.10052677243947983,-0.09638364613056183,0.012233085930347443,1.0
21,reflective,-0.10002031922340393,-0.1564873903989792,0.10002031922340393,-0.09372453391551971,0.020771365612745285,1.0
21,dependent,0.09977661073207855,0.16056936979293823,0.09977661073207855,0.09571748226881027,0.024875493720173836,1.0
21,impatient,0.09815463423728943,0.12640425562858582,0.09815463423728943,0.09311671555042267,0.021839989349246025,1.0
21,relieved,0.09797175973653793,0.09232211112976074,0.09797175973653793,0.09294004738330841,0.026780501008033752,1.0
21,droopy,-0.0969758853316307,-0.021403873339295387,0.0969758853316307,-0.09256140142679214,0.009857657365500927,1.0
21,unhappy,-0.09286017715930939,-0.1516716480255127,0.09286017715930939,-0.08823783695697784,0.01419612392783165,1.0
21,hopeful,0.08949704468250275,-0.005938585381954908,0.08949704468250275,0.08490001410245895,0.024749310687184334,1.0
21,hateful,-0.08736560493707657,-0.04510348290205002,0.08736560493707657,-0.0827423483133316,0.012812389060854912,1.0
21,regretful,0.08504198491573334,0.14838437736034393,0.08504198491573334,0.0814620777964592,0.03175630047917366,1.0
21,sluggish,-0.084722600877285,0.005106749944388866,0.084722600877285,-0.08118662983179092,0.026874186471104622,1.0
21,furious,-0.08117303997278214,-0.1571163535118103,0.08117303997278214,-0.07807838916778564,0.029686840251088142,1.0
21,panicked,-0.08023685961961746,-0.019324038177728653,0.08023685961961746,-0.07657185196876526,0.00894852913916111,1.0
21,restless,-0.07962978631258011,-0.018074974417686462,0.07962978631258011,-0.07503414154052734,0.018130267038941383,1.0
21,worthless,0.07886416465044022,0.1344982087612152,0.07886416465044022,0.07376891374588013,0.026410114020109177,1.0
21,humiliated,-0.07792207598686218,-0.13050317764282227,0.07792207598686218,-0.07317139953374863,0.02628612145781517,1.0
21,scared,-0.07573153078556061,-0.13921110332012177,0.07573153078556061,-0.07245345413684845,0.03968594968318939,1.0
21,horrified,0.07360641658306122,0.15710215270519257,0.07360641658306122,0.06973803043365479,0.01583045721054077,1.0
21,rattled,0.0735279768705368,0.06441176682710648,0.0735279768705368,0.07039135694503784,0.013543083332479,1.0
21,exuberant,0.07307633757591248,0.033655572682619095,0.07307633757591248,0.06939397752285004,0.005723764654248953,1.0
21,blissful,0.07218915224075317,-0.012916549108922482,0.07218915224075317,0.06722360849380493,0.02504861354827881,1.0
21,alert,-0.07147245854139328,-0.1318109780550003,0.07147245854139328,-0.0674649029970169,0.020402919501066208,1.0
21,nervous,-0.07070667296648026,-0.051241155713796616,0.07070667296648026,-0.06743846833705902,0.011940615251660347,1.0
21,enraged,-0.06855694949626923,-0.03519342094659805,0.06855694949626923,-0.06364249438047409,0.020715568214654922,1.0
21,invigorated,0.06493057310581207,0.02192586287856102,0.06493057310581207,0.061876870691776276,0.004538557957857847,1.0
21,anxious,-0.06492769718170166,-0.038836199790239334,0.06492769718170166,-0.06102529913187027,0.017110448330640793,1.0
21,peaceful,0.06352031230926514,0.00015499455912504345,0.06352031230926514,0.06149333715438843,0.014322426170110703,1.0
21,mortified,-0.06327906996011734,-0.043622735887765884,0.06327906996011734,-0.060538433492183685,0.011996328830718994,1.0
21,lonely,-0.0628577396273613,-0.013078498654067516,0.0628577396273613,-0.060370199382305145,0.01613643392920494,1.0
21,amazed,-0.061787549406290054,-0.10718795657157898,0.061787549406290054,-0.05984299257397652,0.01966799795627594,1.0
21,stimulated,0.06120653450489044,0.07428259402513504,0.06120653450489044,0.05828462913632393,0.007768763694912195,1.0
21,upset,0.06040937826037407,0.14711201190948486,0.06040937826037407,0.057338155806064606,0.01985105313360691,1.0
21,terrified,-0.05934447422623634,-0.017328530550003052,0.05934447422623634,-0.055541299283504486,0.014977152459323406,1.0
21,frightened,-0.057665567845106125,-0.10638595372438431,0.057665567845106125,-0.05431480333209038,0.026790691539645195,1.0
21,exasperated,0.05730676278471947,0.13040028512477875,0.05730676278471947,0.054141730070114136,0.03175882622599602,1.0
21,distressed,-0.05609462037682533,-0.004153111949563026,0.05609462037682533,-0.0535971038043499,0.016594260931015015,1.0
21,valiant,0.054898206144571304,0.06304653733968735,0.054898206144571304,0.05136236548423767,0.021325331181287766,1.0
21,vigilant,0.05437982454895973,0.10741721093654633,0.05437982454895973,0.05227486416697502,0.02230820804834366,1.0
21,outraged,-0.05432417243719101,-0.024992261081933975,0.05432417243719101,-0.051532912999391556,0.005493484437465668,1.0
21,hysterical,0.05431953817605972,0.08894871175289154,0.05431953817605972,0.0521823987364769,0.022318165749311447,1.0
21,optimistic,0.04943155124783516,-0.02013288252055645,0.04943155124783516,0.045916635543107986,0.029711918905377388,0.800000011920929
21,envious,-0.04727907106280327,-0.04929479584097862,0.04727907106280327,-0.044531967490911484,0.007260318845510483,1.0
21,thankful,-0.04548128694295883,-0.131405770778656,0.04548128694295883,-0.043911393731832504,0.020078333094716072,1.0
21,jealous,0.043357715010643005,0.11321896314620972,0.043357715010643005,0.04113883525133133,0.020259922370314598,1.0
21,vibrant,-0.041146419942379,-0.11729270219802856,0.041146419942379,-0.039928726851940155,0.031647030264139175,1.0
21,guilty,-0.04075838252902031,0.013598301447927952,0.04075838252902031,-0.0388621985912323,0.01735273376107216,1.0
21,miserable,-0.0403418131172657,0.03354435786604881,0.0403418131172657,-0.03759879991412163,0.02764182724058628,0.800000011920929
21,alarmed,-0.039817918092012405,0.017130829393863678,0.039817918092012405,-0.0390433631837368,0.025801988318562508,1.0
21,self-conscious,-0.037773050367832184,-0.03357553854584694,0.037773050367832184,-0.03475331515073776,0.026620937511324883,0.800000011920929
21,irate,0.03730494901537895,0.1172381192445755,0.03730494901537895,0.035448916256427765,0.006424971856176853,1.0
21,sleepy,0.03696279600262642,0.10237829387187958,0.03696279600262642,0.036762140691280365,0.028002513572573662,1.0
21,lazy,-0.03624342381954193,0.01786768063902855,0.03624342381954193,-0.03385636582970619,0.01924244314432144,0.800000011920929
21,awestruck,0.03592349961400032,0.12269585579633713,0.03592349961400032,0.03436556085944176,0.025282777845859528,1.0
21,dispirited,-0.03528294712305069,0.047244928777217865,0.03528294712305069,-0.0331738255918026,0.024545615538954735,0.800000011920929
21,pleased,-0.03404159098863602,-0.1021074503660202,0.03404159098863602,-0.03347267583012581,0.024757103994488716,1.0
21,obstinate,0.033606965094804764,0.11910903453826904,0.033606965094804764,0.03211278095841408,0.021399149671196938,1.0
21,listless,0.03266329690814018,0.08836030215024948,0.03266329690814018,0.03208287060260773,0.01679234579205513,1.0
21,sentimental,0.032104071229696274,0.031113049015402794,0.032104071229696274,0.030109668150544167,0.011676435358822346,1.0
21,fulfilled,0.031983572989702225,-0.0563749261200428,0.031983572989702225,0.030210336670279503,0.02552267163991928,0.800000011920929
21,thrilled,-0.03162478655576706,-0.09171415120363235,0.03162478655576706,-0.031477704644203186,0.02711932174861431,0.800000011920929
21,eager,-0.03026157058775425,-0.03373027220368385,0.03026157058775425,-0.02976902760565281,0.021629510447382927,0.800000011920929
21,shaken,-0.029082655906677246,-0.017931165173649788,0.029082655906677246,-0.02651287615299225,0.022683747112751007,0.800000011920929
21,happy,0.02857249043881893,-0.07611499726772308,0.02857249043881893,0.02714761532843113,0.025442657992243767,0.800000011920929
21,calm,-0.027896100655198097,-0.0599747858941555,0.027896100655198097,-0.026695843786001205,0.019965512678027153,0.800000011920929
21,docile,0.027842193841934204,0.09942404180765152,0.027842193841934204,0.026433950290083885,0.02075757458806038,0.800000011920929
21,self-critical,0.027737127617001534,-0.041647810488939285,0.027737127617001534,0.026314321905374527,0.013986067846417427,1.0
21,mad,-0.02749018557369709,0.02568456158041954,0.02749018557369709,-0.026113290339708328,0.009631851688027382,1.0
21,playful,-0.026970067992806435,-0.11461599171161652,0.026970067992806435,-0.026316827163100243,0.025639723986387253,1.0
21,ashamed,0.025750912725925446,-0.009335543029010296,0.025750912725925446,0.02433622255921364,0.0049585215747356415,1.0
21,sad,0.024516049772500992,0.0875079557299614,0.024516049772500992,0.021913524717092514,0.019188866019248962,0.800000011920929
21,self-confident,-0.023925740271806717,-0.11758394539356232,0.023925740271806717,-0.023301174864172935,0.028206977993249893,0.800000011920929
21,hurt,0.022985586896538734,0.09472576528787613,0.022985586896538734,0.022841358557343483,0.019217966124415398,1.0
21,resentful,-0.022096510976552963,0.06561851501464844,0.022096510976552963,-0.021668506786227226,0.012836843729019165,1.0
21,energized,0.022030198946595192,-0.0894833356142044,0.022030198946595192,0.02163141593337059,0.021655498072504997,0.800000011920929
21,worried,-0.017991838976740837,0.07029658555984497,0.017991838976740837,-0.016619736328721046,0.011024820618331432,0.800000011920929
21,uneasy,0.0165951456874609,0.08170947432518005,0.0165951456874609,0.016831351444125175,0.024997880682349205,0.800000011920929
21,aroused,-0.01620681770145893,-0.10530553013086319,0.01620681770145893,-0.013905826024711132,0.03095102310180664,0.800000011920929
21,desperate,0.013849522918462753,0.08223793655633926,0.013849522918462753,0.013644956052303314,0.025107139721512794,0.6000000238418579
21,brooding,0.013718554750084877,0.09262510389089584,0.013718554750084877,0.013860786333680153,0.02409886009991169,0.800000011920929
21,stubborn,0.011858537793159485,0.06708671152591705,0.011858537793159485,0.011014323681592941,0.02948589250445366,0.6000000238418579
21,disgusted,0.01185182761400938,0.09231597185134888,0.01185182761400938,0.010847100988030434,0.02864886447787285,0.800000011920929
21,overwhelmed,0.01115752849727869,0.10649331659078598,0.01115752849727869,0.010879476554691792,0.030923886224627495,0.6000000238418579
21,grief-stricken,0.009449108503758907,0.062478505074977875,0.009449108503758907,0.0075971586629748344,0.022704441100358963,0.800000011920929
21,relaxed,0.009012486785650253,-0.03846799209713936,0.009012486785650253,0.0069769443944096565,0.022856218740344048,0.6000000238418579
21,defiant,-0.008734356611967087,-0.04277683049440384,0.008734356611967087,-0.007230092771351337,0.02952406369149685,0.6000000238418579
21,afraid,0.007508827373385429,-0.009213078767061234,0.007508827373385429,0.0072281090542674065,0.009096991270780563,0.800000011920929
21,tired,-0.007458661217242479,0.09510661661624908,0.007458661217242479,-0.007329322397708893,0.02464333362877369,0.800000011920929
21,vengeful,-0.007050750777125359,0.039099324494600296,0.007050750777125359,-0.005512665957212448,0.030910469591617584,0.800000011920929
21,unsettled,0.006942784413695335,0.06957497447729111,0.006942784413695335,0.0077956728637218475,0.016859278082847595,0.6000000238418579
21,indifferent,0.005337423644959927,0.09265629947185516,0.005337423644959927,0.0039737955667078495,0.014784757979214191,0.4000000059604645
21,amused,0.0049401698634028435,-0.06427840888500214,0.0049401698634028435,0.0029897161293774843,0.027631692588329315,0.4000000059604645
21,vindictive,0.0048390100710093975,0.08989984542131424,0.0048390100710093975,0.003981816582381725,0.025992432609200478,0.6000000238418579
21,remorseful,-0.004440658260136843,-0.011991036124527454,0.004440658260136843,-0.003247672226279974,0.022069932892918587,0.6000000238418579
21,greedy,-0.003516689408570528,-0.045700423419475555,0.003516689408570528,-0.0029913156758993864,0.0074744331650435925,0.800000011920929
21,joyful,0.001653257175348699,-0.09429702162742615,0.001653257175348699,0.0008358489722013474,0.02954043447971344,0.800000011920929
21,loving,0.0012709391303360462,-0.016719739884138107,0.0012709391303360462,-0.00028133392333984375,0.021771904081106186,0.4000000059604645
21,tense,0.0009062123717740178,-0.037048086524009705,0.0009062123717740178,0.0023984513245522976,0.02227821573615074,0.800000011920929
21,triumphant,0.0008077094098553061,-0.07550807297229767,0.0008077094098553061,0.0011519022518768907,0.027372952550649643,0.4000000059604645
22,at ease,0.23276054859161377,0.20998714864253998,0.23276054859161377,0.21974393725395203,0.02483656443655491,1.0
22,euphoric,0.2187301516532898,0.21447329223155975,0.2187301516532898,0.20646508038043976,0.015141218900680542,1.0
22,resigned,-0.20630495250225067,-0.21825984120368958,0.20630495250225067,-0.19526299834251404,0.016510523855686188,1.0
22,excited,0.205494225025177,0.23552663624286652,0.205494225025177,0.19350118935108185,0.03268272057175636,1.0
22,delighted,0.20436738431453705,0.17200970649719238,0.20436738431453705,0.19490142166614532,0.017027925699949265,1.0
22,cheerful,0.20413810014724731,0.14618302881717682,0.20413810014724731,0.1939431130886078,0.019686616957187653,1.0
22,patient,0.19786913692951202,0.2080189734697342,0.19786913692951202,0.18761023879051208,0.01512724906206131,1.0
22,elated,0.1916487067937851,0.1885138750076294,0.1916487067937851,0.1812134087085724,0.008928533643484116,1.0
22,infatuated,0.18641772866249084,0.1725330799818039,0.18641772866249084,0.17633791267871857,0.01164184045046568,1.0
22,hope,0.18008364737033844,0.20674175024032593,0.18008364737033844,0.1697091907262802,0.031333036720752716,1.0
22,puzzled,-0.17721273005008698,-0.21681079268455505,0.17721273005008698,-0.16667653620243073,0.03302863612771034,1.0
22,inspired,0.17581291496753693,0.14549466967582703,0.17581291496753693,0.16665558516979218,0.013783411122858524,1.0
22,content,0.17475150525569916,0.13319286704063416,0.17475150525569916,0.16585654020309448,0.015636511147022247,1.0
22,hostile,-0.17255842685699463,-0.21830934286117554,0.17255842685699463,-0.16353194415569305,0.028432046994566917,1.0
22,ecstatic,0.17058734595775604,0.15075692534446716,0.17058734595775604,0.16082148253917694,0.01743684709072113,1.0
22,frustrated,-0.17011690139770508,-0.19721829891204834,0.17011690139770508,-0.16048899292945862,0.021957198157906532,1.0
22,scornful,-0.1698785126209259,-0.20096132159233093,0.1698785126209259,-0.1598992943763733,0.019133977591991425,1.0
22,grumpy,-0.16765084862709045,-0.18609432876110077,0.16765084862709045,-0.15782427787780762,0.017573324963450432,1.0
22,skeptical,-0.1630798578262329,-0.17174208164215088,0.1630798578262329,-0.1541777104139328,0.020923379808664322,1.0
22,rejuvenated,0.16177542507648468,0.1962224692106247,0.16177542507648468,0.1535368263721466,0.027969306334853172,1.0
22,shocked,-0.16146361827850342,-0.21857620775699615,0.16146361827850342,-0.1516302078962326,0.04080883413553238,1.0
22,jubilant,0.1611185073852539,0.2093641459941864,0.1611185073852539,0.15141479671001434,0.028180383145809174,1.0
22,annoyed,-0.1603647619485855,-0.1918259859085083,0.1603647619485855,-0.15146256983280182,0.029611187055706978,1.0
22,heartbroken,-0.15987734496593475,-0.11367525905370712,0.15987734496593475,-0.1508602350950241,0.02879994362592697,1.0
22,spiteful,-0.15952330827713013,-0.1365407407283783,0.15952330827713013,-0.15136265754699707,0.024718008935451508,1.0
22,bewildered,-0.1593066155910492,-0.12792688608169556,0.1593066155910492,-0.1511441320180893,0.011289714835584164,1.0
22,vulnerable,-0.1554439812898636,-0.20917648077011108,0.1554439812898636,-0.1466084122657776,0.032402824610471725,1.0
22,offended,-0.15483209490776062,-0.19630949199199677,0.15483209490776062,-0.14578601717948914,0.030831795185804367,1.0
22,kind,0.15390461683273315,0.18765945732593536,0.15390461683273315,0.14544005692005157,0.031199833378195763,1.0
22,refreshed,0.1488228142261505,0.08451621234416962,0.1488228142261505,0.14201922714710236,0.013809345662593842,1.0
22,compassionate,0.1482873409986496,0.17548328638076782,0.1482873409986496,0.13919031620025635,0.035187412053346634,1.0
22,empathetic,0.1473187506198883,0.13073189556598663,0.1473187506198883,0.1404709666967392,0.023836353793740273,1.0
22,gloomy,-0.14632011950016022,-0.19084656238555908,0.14632011950016022,-0.13784492015838623,0.02070324495434761,1.0
22,weary,-0.1438119262456894,-0.08939439058303833,0.1438119262456894,-0.13699965178966522,0.009007124230265617,1.0
22,melancholy,-0.14355410635471344,-0.14874573051929474,0.14355410635471344,-0.13584570586681366,0.007330161985009909,1.0
22,stressed,-0.1432986855506897,-0.19121235609054565,0.1432986855506897,-0.13504916429519653,0.028289569541811943,1.0
22,troubled,-0.1423170566558838,-0.16648370027542114,0.1423170566558838,-0.13475891947746277,0.02669028751552105,1.0
22,tormented,-0.14128343760967255,-0.09821151196956635,0.14128343760967255,-0.13373106718063354,0.012456645257771015,1.0
22,embarrassed,0.14021793007850647,0.1692539006471634,0.14021793007850647,0.1312999129295349,0.033980242908000946,1.0
22,disoriented,-0.1395227164030075,-0.16651588678359985,0.1395227164030075,-0.13166259229183197,0.02354324609041214,1.0
22,disturbed,-0.13949202001094818,-0.16381828486919403,0.13949202001094818,-0.13101664185523987,0.030861930921673775,1.0
22,angry,-0.13845022022724152,-0.11782597750425339,0.13845022022724152,-0.13117608428001404,0.0184816624969244,1.0
22,irritated,-0.136578768491745,-0.16568876802921295,0.136578768491745,-0.12863564491271973,0.023602910339832306,1.0
22,sorry,0.1355058252811432,0.18971794843673706,0.1355058252811432,0.1276627629995346,0.03361088037490845,1.0
22,stuck,-0.13533861935138702,-0.13482150435447693,0.13533861935138702,-0.12819024920463562,0.009359162300825119,1.0
22,grateful,0.13349050283432007,0.17163917422294617,0.13349050283432007,0.1253475695848465,0.029624365270137787,1.0
22,indignant,-0.13154590129852295,-0.15542007982730865,0.13154590129852295,-0.12497913837432861,0.020551437512040138,1.0
22,unnerved,-0.13109254837036133,-0.11023702472448349,0.13109254837036133,-0.12367389351129532,0.011844869703054428,1.0
22,dumbstruck,-0.13032792508602142,-0.17649568617343903,0.13032792508602142,-0.12355910241603851,0.028663132339715958,1.0
22,satisfied,0.12760449945926666,0.0971076637506485,0.12760449945926666,0.1218237429857254,0.012100283987820148,1.0
22,enthusiastic,0.12507735192775726,0.12563256919384003,0.12507735192775726,0.1180797591805458,0.009140406735241413,1.0
22,serene,0.12465313822031021,0.13974174857139587,0.12465313822031021,0.11853990703821182,0.02198631875216961,1.0
22,suspicious,-0.12301469594240189,-0.1529511958360672,0.12301469594240189,-0.11661924421787262,0.021582819521427155,1.0
22,on edge,0.1184065192937851,0.17459671199321747,0.1184065192937851,0.11179371178150177,0.030731959268450737,1.0
22,trapped,-0.11754284054040909,-0.1668376475572586,0.11754284054040909,-0.10978695005178452,0.02216837927699089,1.0
22,worn out,0.11627338826656342,0.17036685347557068,0.11627338826656342,0.10894490778446198,0.023195212706923485,1.0
22,perplexed,0.11532849073410034,0.1522187888622284,0.11532849073410034,0.10850498825311661,0.026491941884160042,1.0
22,surprised,-0.11210630089044571,-0.1661190241575241,0.11210630089044571,-0.10484737157821655,0.03496968001127243,1.0
22,hopeful,0.11191046237945557,0.03915845602750778,0.11191046237945557,0.10608341544866562,0.024882813915610313,1.0
22,contemptuous,-0.11113183945417404,-0.17104633152484894,0.11113183945417404,-0.10388758033514023,0.0306402500718832,1.0
22,safe,0.10992208123207092,0.09386109560728073,0.10992208123207092,0.1043567880988121,0.009595680050551891,1.0
22,mystified,-0.10895955562591553,-0.16671179234981537,0.10895955562591553,-0.10338439047336578,0.02790764905512333,1.0
22,nostalgic,0.10863156616687775,0.16445182263851166,0.10863156616687775,0.10223803669214249,0.024411501362919807,1.0
22,astonished,-0.108525849878788,-0.10886207967996597,0.108525849878788,-0.10198287665843964,0.01905956119298935,1.0
22,proud,0.10780057311058044,0.10861033946275711,0.10780057311058044,0.10126938670873642,0.01529237162321806,1.0
22,sympathetic,0.10727190226316452,0.09234029799699783,0.10727190226316452,0.10070373862981796,0.020825350657105446,1.0
22,sensitive,0.10709452629089355,0.12164459377527237,0.10709452629089355,0.1020173579454422,0.03080432303249836,1.0
22,insulted,0.10663583129644394,0.1572951376438141,0.10663583129644394,0.10054861009120941,0.021010613068938255,1.0
22,paranoid,-0.10626304149627686,-0.10889364778995514,0.10626304149627686,-0.1001364216208458,0.018577851355075836,1.0
22,smug,0.1057010367512703,0.11627118289470673,0.1057010367512703,0.10012911260128021,0.00900461245328188,1.0
22,relieved,0.1049434095621109,0.09398871660232544,0.1049434095621109,0.09925620257854462,0.021756503731012344,1.0
22,anxious,-0.1043691337108612,-0.09221985936164856,0.1043691337108612,-0.09787809103727341,0.01779184676706791,1.0
22,hateful,-0.1028469130396843,-0.07405094057321548,0.1028469130396843,-0.09721024334430695,0.012899956665933132,1.0
22,impatient,0.1027534082531929,0.11989190429449081,0.1027534082531929,0.09658873081207275,0.024663396179676056,1.0
22,reflective,-0.10214083641767502,-0.13743454217910767,0.10214083641767502,-0.0948740616440773,0.026230039075016975,1.0
22,sullen,-0.10203327238559723,-0.14894746243953705,0.10203327238559723,-0.09552299231290817,0.024849487468600273,1.0
22,depressed,-0.09973673522472382,-0.06845217198133469,0.09973673522472382,-0.09526349604129791,0.010864808224141598,1.0
22,bitter,0.09692738950252533,0.15635976195335388,0.09692738950252533,0.09137213230133057,0.023738961666822433,1.0
22,droopy,-0.09495774656534195,-0.03618475794792175,0.09495774656534195,-0.09049095213413239,0.010412774980068207,1.0
22,bored,0.09326529502868652,0.14985615015029907,0.09326529502868652,0.08789878338575363,0.03678654134273529,1.0
22,enraged,-0.09097200632095337,-0.06590140610933304,0.09097200632095337,-0.08482835441827774,0.01996416226029396,1.0
22,restless,-0.08916602283716202,-0.048735883086919785,0.08916602283716202,-0.08411462604999542,0.015730738639831543,1.0
22,panicked,-0.08845219016075134,-0.044278960675001144,0.08845219016075134,-0.08451105654239655,0.007452843245118856,1.0
22,sluggish,-0.08804532140493393,-0.017297804355621338,0.08804532140493393,-0.08464424312114716,0.026642220094799995,1.0
22,humiliated,-0.08708497136831284,-0.13238756358623505,0.08708497136831284,-0.08081868290901184,0.031491901725530624,1.0
22,rattled,0.08706764876842499,0.07776690274477005,0.08706764876842499,0.08274907618761063,0.012866908684372902,1.0
22,optimistic,0.08393136411905289,0.038742028176784515,0.08393136411905289,0.07856734097003937,0.028775913640856743,1.0
22,peaceful,0.08126293122768402,0.03526053950190544,0.08126293122768402,0.07802192121744156,0.01424171682447195,1.0
22,nervous,-0.08095525950193405,-0.07181593030691147,0.08095525950193405,-0.07690594345331192,0.009645271115005016,1.0
22,exuberant,0.0807422399520874,0.0572722963988781,0.0807422399520874,0.07644542306661606,0.0063857403583824635,1.0
22,blissful,0.07988797873258591,0.013560737483203411,0.07988797873258591,0.07459232211112976,0.024407614022493362,1.0
22,scared,-0.0752667710185051,-0.12479269504547119,0.0752667710185051,-0.07088734209537506,0.03627869114279747,1.0
22,dependent,0.07499223947525024,0.11822056025266647,0.07499223947525024,0.07134585082530975,0.0225386880338192,1.0
22,unhappy,-0.07438570261001587,-0.11102815717458725,0.07438570261001587,-0.06986457854509354,0.015854516997933388,1.0
22,terrified,-0.07337582111358643,-0.04799998551607132,0.07337582111358643,-0.06888105720281601,0.01625611074268818,1.0
22,alert,-0.07174614816904068,-0.11115145683288574,0.07174614816904068,-0.06700004637241364,0.02195732668042183,1.0
22,worthless,0.0714443027973175,0.11375119537115097,0.0714443027973175,0.0658838152885437,0.02885092794895172,1.0
22,happy,0.0683649554848671,-0.011484005488455296,0.0683649554848671,0.06540041416883469,0.025609329342842102,1.0
22,regretful,0.06828084588050842,0.106481172144413,0.06828084588050842,0.06464847177267075,0.027830319479107857,1.0
22,lonely,-0.06740222126245499,-0.041282862424850464,0.06740222126245499,-0.06446880102157593,0.015187783166766167,1.0
22,disdainful,0.06525315344333649,0.10170828551054001,0.06525315344333649,0.062342118471860886,0.010334637016057968,1.0
22,mortified,-0.06360436230897903,-0.04473155736923218,0.06360436230897903,-0.060506921261548996,0.010457758791744709,1.0
22,furious,-0.0612669363617897,-0.1170710027217865,0.0612669363617897,-0.05800720304250717,0.029092121869325638,1.0
22,invigorated,0.06111383065581322,0.022921886295080185,0.06111383065581322,0.05806199833750725,0.006349580828100443,1.0
22,outraged,-0.060997236520051956,-0.038087066262960434,0.060997236520051956,-0.05760306119918823,0.008293704129755497,1.0
22,mad,-0.05891898646950722,-0.027869798243045807,0.05891898646950722,-0.056000132113695145,0.008267568424344063,1.0
22,miserable,-0.05556122213602066,0.008144937455654144,0.05556122213602066,-0.05252267047762871,0.0284084752202034,1.0
22,lazy,-0.05542575567960739,-0.023796865716576576,0.05542575567960739,-0.0520203597843647,0.016718918457627296,1.0
22,alarmed,-0.05510547012090683,-0.013179389759898186,0.05510547012090683,-0.053551603108644485,0.026872409507632256,1.0
22,valiant,0.05371158942580223,0.06933118402957916,0.05371158942580223,0.049988746643066406,0.02247162163257599,1.0
22,worried,-0.05297408625483513,0.01705455407500267,0.05297408625483513,-0.050139330327510834,0.0098704993724823,1.0
22,hysterical,0.052225977182388306,0.08360754698514938,0.052225977182388306,0.04980868473649025,0.02294033393263817,1.0
22,resentful,-0.04956897348165512,0.01677451841533184,0.04956897348165512,-0.04802628606557846,0.01684868149459362,1.0
22,dispirited,-0.049475234001874924,0.01571737788617611,0.049475234001874924,-0.046883899718523026,0.023868680000305176,1.0
22,sentimental,0.048416901379823685,0.05832500010728836,0.048416901379823685,0.04520735144615173,0.01412260252982378,1.0
22,horrified,0.048210471868515015,0.11305764317512512,0.048210471868515015,0.04465487226843834,0.021716084331274033,1.0
22,frightened,-0.04687577113509178,-0.07394084334373474,0.04687577113509178,-0.043418146669864655,0.027357349172234535,0.800000011920929
22,fulfilled,0.046270206570625305,-0.022963372990489006,0.046270206570625305,0.04404330998659134,0.023149123415350914,1.0
22,upset,0.04578066244721413,0.11977754533290863,0.04578066244721413,0.04229924827814102,0.0270778089761734,0.800000011920929
22,envious,-0.04489857330918312,-0.049374159425497055,0.04489857330918312,-0.04190991446375847,0.011701877228915691,1.0
22,vigilant,0.04443812370300293,0.07477521896362305,0.04443812370300293,0.04237233102321625,0.02191566675901413,1.0
22,shaken,-0.044211238622665405,-0.0281913410872221,0.044211238622665405,-0.04072463512420654,0.0245691929012537,0.800000011920929
22,amused,0.04099823907017708,-0.0010335879633203149,0.04099823907017708,0.03755678981542587,0.023796647787094116,1.0
22,distressed,-0.03981875255703926,-0.0007255579112097621,0.03981875255703926,-0.0381898358464241,0.01837916485965252,1.0
22,energized,0.038976434618234634,-0.05136500671505928,0.038976434618234634,0.03837097808718681,0.028033046051859856,1.0
22,self-critical,0.0387541726231575,-0.010915923863649368,0.0387541726231575,0.037214495241642,0.01724405586719513,1.0
22,exasperated,0.03771801292896271,0.09785759449005127,0.03771801292896271,0.03491845354437828,0.03282620757818222,0.800000011920929
22,stimulated,0.03532130643725395,0.04140198975801468,0.03532130643725395,0.03360778093338013,0.007589097134768963,1.0
22,listless,0.03518323972821236,0.0756644606590271,0.03518323972821236,0.03347906097769737,0.015527062118053436,1.0
22,ashamed,0.034790441393852234,0.009974979795515537,0.034790441393852234,0.03303428739309311,0.005552133545279503,1.0
22,self-conscious,-0.034282997250556946,-0.04080246388912201,0.034282997250556946,-0.03133503720164299,0.02543455921113491,0.800000011920929
22,joyful,0.03417070209980011,-0.038148753345012665,0.03417070209980011,0.03231295198202133,0.02973095327615738,0.800000011920929
22,amazed,-0.03378789499402046,-0.0580720417201519,0.03378789499402046,-0.032977234572172165,0.015722526237368584,1.0
22,grief-stricken,0.03247879445552826,0.06879890710115433,0.03247879445552826,0.02898263931274414,0.02671155147254467,0.800000011920929
22,tired,-0.029964586719870567,0.05204017460346222,0.029964586719870567,-0.029439497739076614,0.028276899829506874,0.800000011920929
22,guilty,-0.02503455989062786,0.015124933794140816,0.02503455989062786,-0.02409760095179081,0.01690196432173252,0.800000011920929
22,loving,0.024840058758854866,0.012480642646551132,0.024840058758854866,0.022246288135647774,0.022441960871219635,0.800000011920929
22,thankful,-0.024503305554389954,-0.09137442708015442,0.024503305554389954,-0.023250887170433998,0.02310197427868843,0.800000011920929
22,jealous,0.02446569688618183,0.07852727919816971,0.02446569688618183,0.022493643686175346,0.020308881998062134,0.800000011920929
22,tense,-0.022401653230190277,-0.05191151052713394,0.022401653230190277,-0.019389992579817772,0.024535346776247025,0.800000011920929
22,eager,-0.02225726842880249,-0.01524038054049015,0.02225726842880249,-0.02200770564377308,0.01780303381383419,0.800000011920929
22,vengeful,-0.022118359804153442,-0.0012023710878565907,0.022118359804153442,-0.01996012218296528,0.02755308337509632,0.800000011920929
22,relaxed,0.021617505699396133,-0.013825129717588425,0.021617505699396133,0.019030189141631126,0.02168472670018673,0.800000011920929
22,docile,0.02062217891216278,0.06955159455537796,0.02062217891216278,0.018939081579446793,0.021889660507440567,0.800000011920929
22,vibrant,-0.01979159004986286,-0.07451539486646652,0.01979159004986286,-0.018713466823101044,0.030125102028250694,0.800000011920929
22,hurt,-0.019488269463181496,0.031315479427576065,0.019488269463181496,-0.017771486192941666,0.017459357157349586,0.800000011920929
22,awestruck,0.019079966470599174,0.07861216366291046,0.019079966470599174,0.017527900636196136,0.025601468980312347,0.800000011920929
22,defiant,-0.018498994410037994,-0.05224943906068802,0.018498994410037994,-0.016167281195521355,0.030348684638738632,0.6000000238418579
22,aroused,-0.017944928258657455,-0.08193251490592957,0.017944928258657455,-0.01484546810388565,0.03673643618822098,0.800000011920929
22,triumphant,0.016384892165660858,-0.03946049138903618,0.016384892165660858,0.016207918524742126,0.030074112117290497,0.4000000059604645
22,sad,0.01461550872772932,0.0606607049703598,0.01461550872772932,0.012275753542780876,0.021466292440891266,0.800000011920929
22,vindictive,-0.013267897069454193,0.05627163499593735,0.013267897069454193,-0.013876753859221935,0.028816668316721916,0.6000000238418579
22,remorseful,-0.012519687414169312,-0.02975321002304554,0.012519687414169312,-0.010954034514725208,0.023765617981553078,0.6000000238418579
22,disgusted,0.012183424085378647,0.07931085675954819,0.012183424085378647,0.010321131907403469,0.03307813033461571,0.800000011920929
22,obstinate,0.012122688814997673,0.07449404895305634,0.012122688814997673,0.011113181710243225,0.018519531935453415,0.800000011920929
22,unsettled,-0.01070864126086235,0.034583285450935364,0.01070864126086235,-0.009785043075680733,0.013761783950030804,0.800000011920929
22,stubborn,0.009948826394975185,0.03776964545249939,0.009948826394975185,0.008931606076657772,0.027929244562983513,0.6000000238418579
22,sleepy,0.007907790131866932,0.04777517914772034,0.007907790131866932,0.008385058492422104,0.025347013026475906,0.6000000238418579
22,desperate,-0.007608287036418915,0.04213622957468033,0.007608287036418915,-0.0073709264397621155,0.021957123652100563,0.800000011920929
22,playful,-0.0072705443017184734,-0.06956436485052109,0.0072705443017184734,-0.00679220724850893,0.022467030212283134,0.800000011920929
22,thrilled,-0.006926627829670906,-0.04181782901287079,0.006926627829670906,-0.007577122189104557,0.02354973554611206,0.800000011920929
22,afraid,0.006493155378848314,-0.004811406135559082,0.006493155378848314,0.006244546268135309,0.007938282564282417,0.6000000238418579
22,overwhelmed,-0.005474223289638758,0.07033955305814743,0.005474223289638758,-0.005681878887116909,0.032202817499637604,0.6000000238418579
22,irate,0.005471412092447281,0.06422021239995956,0.005471412092447281,0.004921032581478357,0.008412136696279049,0.6000000238418579
22,calm,-0.0047578648664057255,-0.03743584081530571,0.0047578648664057255,-0.004500193055719137,0.02058599516749382,0.4000000059604645
22,indifferent,-0.004695972893387079,0.06856920570135117,0.004695972893387079,-0.006237824913114309,0.02262604422867298,0.6000000238418579
22,greedy,-0.003859166521579027,-0.04022859409451485,0.003859166521579027,-0.0031177897471934557,0.00914485938847065,0.6000000238418579
22,pleased,0.0036085648462176323,-0.04044094681739807,0.0036085648462176323,0.002940546255558729,0.021497197449207306,0.800000011920929
22,self-confident,0.0035056655760854483,-0.06602250039577484,0.0035056655760854483,0.0035720975138247013,0.030441420152783394,0.6000000238418579
22,brooding,-0.0028509434778243303,0.04607519507408142,0.0028509434778243303,-0.002538945060223341,0.022523678839206696,0.6000000238418579
22,uneasy,0.0002705734805203974,0.05441611632704735,0.0002705734805203974,0.0006064753979444504,0.02163330465555191,0.4000000059604645
23,at ease,0.24524132907390594,0.22490184009075165,0.24524132907390594,0.23258265852928162,0.023994559422135353,1.0
23,delighted,0.22548925876617432,0.18386323750019073,0.22548925876617432,0.21534299850463867,0.01096249744296074,1.0
23,euphoric,0.21897196769714355,0.21578674018383026,0.21897196769714355,0.2074962556362152,0.019417231902480125,1.0
23,resigned,-0.2105085551738739,-0.22326932847499847,0.2105085551738739,-0.2005605399608612,0.01219978928565979,1.0
23,cheerful,0.20953068137168884,0.14407040178775787,0.20953068137168884,0.19955125451087952,0.017387330532073975,1.0
23,patient,0.19159521162509918,0.20468658208847046,0.19159521162509918,0.18254874646663666,0.011553098447620869,1.0
23,infatuated,0.19043202698230743,0.1772306114435196,0.19043202698230743,0.18087129294872284,0.014099403284490108,1.0
23,excited,0.19025827944278717,0.22937563061714172,0.19025827944278717,0.18018287420272827,0.026466934010386467,1.0
23,elated,0.18969009816646576,0.1876073181629181,0.18969009816646576,0.18014377355575562,0.0107561144977808,1.0
23,content,0.18672341108322144,0.13886266946792603,0.18672341108322144,0.17816822230815887,0.012040128000080585,1.0
23,hope,0.1859748661518097,0.2144729346036911,0.1859748661518097,0.1763027310371399,0.030221449211239815,1.0
23,puzzled,-0.17945626378059387,-0.22638767957687378,0.17945626378059387,-0.17006906867027283,0.029185237362980843,1.0
23,ecstatic,0.17905062437057495,0.1488715559244156,0.17905062437057495,0.1693086475133896,0.021736828610301018,1.0
23,bewildered,-0.17676092684268951,-0.1412281095981598,0.17676092684268951,-0.1680031716823578,0.011348068714141846,1.0
23,hostile,-0.17659853398799896,-0.23745858669281006,0.17659853398799896,-0.1689537763595581,0.022461235523223877,1.0
23,tormented,-0.17499370872974396,-0.14071157574653625,0.17499370872974396,-0.16624173521995544,0.01144219096750021,1.0
23,grumpy,-0.17375533282756805,-0.20245756208896637,0.17375533282756805,-0.1645812839269638,0.016363168135285378,1.0
23,inspired,0.166270449757576,0.12937213480472565,0.166270449757576,0.15803353488445282,0.01531926728785038,1.0
23,scornful,-0.16319797933101654,-0.2023555040359497,0.16319797933101654,-0.1548105776309967,0.013309037312865257,1.0
23,heartbroken,-0.16240644454956055,-0.11633625626564026,0.16240644454956055,-0.1539105325937271,0.025159765034914017,1.0
23,jubilant,0.15972758829593658,0.21959535777568817,0.15972758829593658,0.15115557610988617,0.022706789895892143,1.0
23,vulnerable,-0.15902309119701385,-0.2261282056570053,0.15902309119701385,-0.15142397582530975,0.0282356608659029,1.0
23,frustrated,-0.1587609052658081,-0.1968187391757965,0.1587609052658081,-0.15097253024578094,0.017140891402959824,1.0
23,refreshed,0.1559271663427353,0.08122236281633377,0.1559271663427353,0.14871665835380554,0.006492652464658022,1.0
23,annoyed,-0.15568359196186066,-0.1952725499868393,0.15568359196186066,-0.14791062474250793,0.022045865654945374,1.0
23,kind,0.15503725409507751,0.2004234492778778,0.15503725409507751,0.14758650958538055,0.02708304114639759,1.0
23,offended,-0.15341871976852417,-0.20095781981945038,0.15341871976852417,-0.14547228813171387,0.02443494088947773,1.0
23,weary,-0.15270045399665833,-0.09113495796918869,0.15270045399665833,-0.14605002105236053,0.006764833815395832,1.0
23,spiteful,-0.1524740606546402,-0.12317853420972824,0.1524740606546402,-0.14513441920280457,0.021750813350081444,1.0
23,angry,-0.15205226838588715,-0.12552382051944733,0.15205226838588715,-0.1441183090209961,0.021817699074745178,1.0
23,shocked,-0.15115344524383545,-0.2224510908126831,0.15115344524383545,-0.14328694343566895,0.03015335649251938,1.0
23,stressed,-0.14939022064208984,-0.21045684814453125,0.14939022064208984,-0.14221470057964325,0.020860500633716583,1.0
23,compassionate,0.1490858942270279,0.18142536282539368,0.1490858942270279,0.141017347574234,0.03386218100786209,1.0
23,troubled,-0.14804811775684357,-0.17775481939315796,0.14804811775684357,-0.1410229653120041,0.021502068266272545,1.0
23,rejuvenated,0.1458512395620346,0.18804319202899933,0.1458512395620346,0.13911907374858856,0.022480694577097893,1.0
23,unnerved,-0.1450270265340805,-0.12935708463191986,0.1450270265340805,-0.13710013031959534,0.017849650233983994,1.0
23,stuck,-0.1446622908115387,-0.14928275346755981,0.1446622908115387,-0.1380504071712494,0.007902807556092739,1.0
23,gloomy,-0.13931652903556824,-0.19538450241088867,0.13931652903556824,-0.13237452507019043,0.015636425465345383,1.0
23,empathetic,0.1380218267440796,0.11903028190135956,0.1380218267440796,0.13212011754512787,0.023443445563316345,1.0
23,irritated,-0.13743522763252258,-0.17467175424098969,0.13743522763252258,-0.1306961476802826,0.021265506744384766,1.0
23,melancholy,-0.13622505962848663,-0.14458884298801422,0.13622505962848663,-0.12980134785175323,0.007985258474946022,1.0
23,sympathetic,0.13463333249092102,0.11104798316955566,0.13463333249092102,0.1272176206111908,0.020673945546150208,1.0
23,sorry,0.13335846364498138,0.19987726211547852,0.13335846364498138,0.12667091190814972,0.025618156418204308,1.0
23,skeptical,-0.13286955654621124,-0.13753937184810638,0.13286955654621124,-0.12603925168514252,0.018895739689469337,1.0
23,hopeful,0.13031676411628723,0.04215983301401138,0.13031676411628723,0.12339244037866592,0.02414180338382721,1.0
23,grateful,0.12903718650341034,0.16944529116153717,0.12903718650341034,0.12202312797307968,0.027075406163930893,1.0
23,disturbed,-0.1274324208498001,-0.14679110050201416,0.1274324208498001,-0.12009111791849136,0.03053663671016693,1.0
23,dumbstruck,-0.12648414075374603,-0.1843002885580063,0.12648414075374603,-0.12090784311294556,0.024896962568163872,1.0
23,embarrassed,0.1255824863910675,0.16593796014785767,0.1255824863910675,0.11848153173923492,0.02735758014023304,1.0
23,enthusiastic,0.12514017522335052,0.12185966223478317,0.12514017522335052,0.11872220039367676,0.009086212143301964,1.0
23,satisfied,0.1243336871266365,0.0841265320777893,0.1243336871266365,0.11915763467550278,0.011042020283639431,1.0
23,disoriented,-0.12413088232278824,-0.1454935073852539,0.12413088232278824,-0.11782791465520859,0.015718813985586166,1.0
23,perplexed,0.12342824041843414,0.17084091901779175,0.12342824041843414,0.11719945818185806,0.023205986246466637,1.0
23,serene,0.12214022874832153,0.14117613434791565,0.12214022874832153,0.11670603603124619,0.018324188888072968,1.0
23,hateful,-0.12196183949708939,-0.09607874602079391,0.12196183949708939,-0.11592717468738556,0.011275633238255978,1.0
23,suspicious,-0.12148372828960419,-0.15535347163677216,0.12148372828960419,-0.11576966941356659,0.020123660564422607,1.0
23,bitter,0.11998151242733002,0.19298799335956573,0.11998151242733002,0.11457125842571259,0.02119803987443447,1.0
23,indignant,-0.11938798427581787,-0.1512393206357956,0.11938798427581787,-0.11424756050109863,0.0179047342389822,1.0
23,sensitive,0.11548846960067749,0.12744547426700592,0.11548846960067749,0.1106051653623581,0.03218071162700653,1.0
23,trapped,-0.11529485136270523,-0.1697481870651245,0.11529485136270523,-0.10862091928720474,0.018685752525925636,1.0
23,anxious,-0.11522042006254196,-0.08899462223052979,0.11522042006254196,-0.10857627540826797,0.022177454084157944,1.0
23,optimistic,0.11507732421159744,0.06221175193786621,0.11507732421159744,0.10822298377752304,0.029345236718654633,1.0
23,worn out,0.11350173503160477,0.18118107318878174,0.11350173503160477,0.10762014240026474,0.016798531636595726,1.0
23,contemptuous,-0.11254966259002686,-0.1868785321712494,0.11254966259002686,-0.10636889934539795,0.025839971378445625,1.0
23,depressed,-0.11245397478342056,-0.07484184205532074,0.11245397478342056,-0.10748159885406494,0.00851510837674141,1.0
23,panicked,-0.11171873658895493,-0.06201266497373581,0.11171873658895493,-0.10655560344457626,0.004311499185860157,1.0
23,reflective,-0.10702130198478699,-0.1535847783088684,0.10702130198478699,-0.10045173019170761,0.02178904600441456,1.0
23,droopy,-0.10651134699583054,-0.040821999311447144,0.10651134699583054,-0.10139652341604233,0.011827589944005013,1.0
23,surprised,-0.10603273659944534,-0.17678043246269226,0.10603273659944534,-0.10013213008642197,0.03184675797820091,1.0
23,nostalgic,0.10556482523679733,0.17824260890483856,0.10556482523679733,0.10049812495708466,0.019805969670414925,1.0
23,impatient,0.10475155711174011,0.12483792006969452,0.10475155711174011,0.09914762526750565,0.022540677338838577,1.0
23,mystified,-0.10412926226854324,-0.1793738603591919,0.10412926226854324,-0.09986760467290878,0.025097807869315147,1.0
23,astonished,-0.1037946566939354,-0.10700640827417374,0.1037946566939354,-0.09798397123813629,0.01888316683471203,1.0
23,proud,0.10329023003578186,0.10926354676485062,0.10329023003578186,0.09735346585512161,0.017424073070287704,1.0
23,sluggish,-0.10309968143701553,-0.019386500120162964,0.10309968143701553,-0.0986231192946434,0.017440980300307274,1.0
23,on edge,0.10107050836086273,0.1735890954732895,0.10107050836086273,0.09647835791110992,0.025033975020051003,1.0
23,safe,0.10061201453208923,0.08088120073080063,0.10061201453208923,0.09565496444702148,0.007770475931465626,1.0
23,paranoid,-0.09668846428394318,-0.0907764807343483,0.09668846428394318,-0.0915156677365303,0.01953817717730999,1.0
23,relieved,0.09431522339582443,0.08489499986171722,0.09431522339582443,0.08944309502840042,0.022461561486124992,1.0
23,insulted,0.09423748403787613,0.16253192722797394,0.09423748403787613,0.09012819826602936,0.014161757193505764,1.0
23,mad,-0.09253830462694168,-0.05125490576028824,0.09253830462694168,-0.0878104418516159,0.009147054515779018,1.0
23,blissful,0.09174983203411102,0.015228288248181343,0.09174983203411102,0.08576400578022003,0.028514040634036064,1.0
23,rattled,0.09151763468980789,0.07808510214090347,0.09151763468980789,0.08763059228658676,0.011677505448460579,1.0
23,smug,0.08947320282459259,0.09978437423706055,0.08947320282459259,0.08537156879901886,0.010232479311525822,1.0
23,sullen,-0.08946200460195541,-0.14695614576339722,0.08946200460195541,-0.08455678075551987,0.01819648966193199,1.0
23,peaceful,0.08839964866638184,0.033596694469451904,0.08839964866638184,0.08437396585941315,0.0126124806702137,1.0
23,unhappy,-0.08716772496700287,-0.13010801374912262,0.08716772496700287,-0.08288776874542236,0.015118672512471676,1.0
23,happy,0.0871020182967186,-0.007528678514063358,0.0871020182967186,0.08281023800373077,0.019554108381271362,1.0
23,humiliated,-0.08494453132152557,-0.1326873004436493,0.08494453132152557,-0.07990191131830215,0.029302148148417473,1.0
23,exuberant,0.08478527516126633,0.0558764822781086,0.08478527516126633,0.08022651076316833,0.009055433794856071,1.0
23,restless,-0.08449719846248627,-0.03301716968417168,0.08449719846248627,-0.07992501556873322,0.017152199521660805,1.0
23,dispirited,-0.0841057077050209,-0.007522118277847767,0.0841057077050209,-0.07946475595235825,0.020403513684868813,1.0
23,enraged,-0.08156795054674149,-0.06255057454109192,0.08156795054674149,-0.07603226602077484,0.023322224617004395,1.0
23,bored,0.07999982684850693,0.15531256794929504,0.07999982684850693,0.07631097733974457,0.029164446517825127,1.0
23,miserable,-0.07987097650766373,-0.0076668341644108295,0.07987097650766373,-0.0754912942647934,0.026598362252116203,1.0
23,lazy,-0.07541346549987793,-0.039730511605739594,0.07541346549987793,-0.07064934819936752,0.020266642794013023,1.0
23,scared,-0.07378686219453812,-0.13081181049346924,0.07378686219453812,-0.07007014751434326,0.03326503187417984,1.0
23,terrified,-0.07104650139808655,-0.040799155831336975,0.07104650139808655,-0.06664751470088959,0.018266310915350914,1.0
23,alert,-0.07040175795555115,-0.12122832983732224,0.07040175795555115,-0.06631069630384445,0.016819540411233902,1.0
23,nervous,-0.06941071152687073,-0.061158437281847,0.06941071152687073,-0.0662621408700943,0.005406918935477734,1.0
23,regretful,0.0693315714597702,0.1154109537601471,0.0693315714597702,0.0663352832198143,0.026381172239780426,1.0
23,fulfilled,0.06896691769361496,-0.008546669967472553,0.06896691769361496,0.06541597098112106,0.019226178526878357,1.0
23,lonely,-0.06876375526189804,-0.03824729844927788,0.06876375526189804,-0.06577903032302856,0.011609861627221107,1.0
23,worried,-0.06869252026081085,0.011226941831409931,0.06869252026081085,-0.06463055312633514,0.013323101215064526,1.0
23,shaken,-0.06812858581542969,-0.0506911538541317,0.06812858581542969,-0.06371793895959854,0.02451131120324135,1.0
23,stimulated,0.06746120005846024,0.07548636943101883,0.06746120005846024,0.06462979316711426,0.008139784447848797,1.0
23,self-critical,0.06482668966054916,0.010730362497270107,0.06482668966054916,0.062085747718811035,0.013926280662417412,1.0
23,amused,0.0647110790014267,0.010357373394072056,0.0647110790014267,0.060110174119472504,0.025770828127861023,1.0
23,hysterical,0.06151022017002106,0.10050815343856812,0.06151022017002106,0.05934420973062515,0.026203151792287827,1.0
23,invigorated,0.0603715144097805,0.02065878175199032,0.0603715144097805,0.05746143311262131,0.005564149469137192,1.0
23,outraged,-0.05835869163274765,-0.03682813420891762,0.05835869163274765,-0.055256880819797516,0.009249553084373474,1.0
23,resentful,-0.057284049689769745,0.02188459411263466,0.057284049689769745,-0.05483316257596016,0.011179325170814991,1.0
23,tired,-0.056833889335393906,0.04481450095772743,0.056833889335393906,-0.054463453590869904,0.02047221176326275,1.0
23,dependent,0.05624992400407791,0.10827990621328354,0.05624992400407791,0.05434833839535713,0.02261168509721756,1.0
23,joyful,0.05619248375296593,-0.03174234554171562,0.05619248375296593,0.05245702341198921,0.028819117695093155,0.800000011920929
23,sentimental,0.05526168271899223,0.058293312788009644,0.05526168271899223,0.051623232662677765,0.016397152096033096,1.0
23,worthless,0.05411143600940704,0.10567902028560638,0.05411143600940704,0.049931325018405914,0.023561876267194748,1.0
23,alarmed,-0.05383516848087311,-0.0015162639319896698,0.05383516848087311,-0.05201910808682442,0.022163324058055878,1.0
23,disdainful,0.052792854607105255,0.08970358222723007,0.052792854607105255,0.05080056190490723,0.0142376609146595,1.0
23,mortified,-0.05226320028305054,-0.02442229725420475,0.05226320028305054,-0.04977785795927048,0.011413486674427986,1.0
23,listless,0.050951242446899414,0.09285110980272293,0.050951242446899414,0.04894305765628815,0.016424722969532013,1.0
23,valiant,0.0493694506585598,0.0619979202747345,0.0493694506585598,0.04609765484929085,0.023470554500818253,1.0
23,loving,0.04674066975712776,0.033447641879320145,0.04674066975712776,0.043008964508771896,0.024458473548293114,1.0
23,distressed,-0.045167889446020126,-0.000393301947042346,0.045167889446020126,-0.04346596077084541,0.01241593062877655,1.0
23,energized,0.045091766864061356,-0.06314554065465927,0.045091766864061356,0.0435766875743866,0.020308244973421097,1.0
23,furious,-0.04356343671679497,-0.11159169673919678,0.04356343671679497,-0.041874419897794724,0.02513069473206997,1.0
23,ashamed,0.042801886796951294,0.016013404354453087,0.042801886796951294,0.04089419171214104,0.006798837799578905,1.0
23,eager,-0.04122767224907875,-0.02885979413986206,0.04122767224907875,-0.03999969735741615,0.01688133180141449,1.0
23,vigilant,0.0385044664144516,0.08008242398500443,0.0385044664144516,0.037308983504772186,0.02080230787396431,1.0
23,hurt,-0.03839917108416557,0.024854158982634544,0.03839917108416557,-0.03523765876889229,0.02318093180656433,1.0
23,upset,0.03534402698278427,0.12964096665382385,0.03534402698278427,0.03340189903974533,0.018759215250611305,1.0
23,guilty,-0.03422963246703148,0.008804203942418098,0.03422963246703148,-0.032842256128787994,0.011307814158499241,1.0
23,defiant,-0.03185487911105156,-0.06960724294185638,0.03185487911105156,-0.02925173006951809,0.02756238356232643,0.6000000238418579
23,relaxed,0.031234243884682655,-0.011715983971953392,0.031234243884682655,0.02820768393576145,0.023894576355814934,1.0
23,uneasy,-0.03108399733901024,0.031307391822338104,0.03108399733901024,-0.02859312854707241,0.022774724289774895,0.800000011920929
23,grief-stricken,0.030030423775315285,0.06690690666437149,0.030030423775315285,0.027130156755447388,0.02087707817554474,0.800000011920929
23,envious,-0.029991481453180313,-0.033340051770210266,0.029991481453180313,-0.02771739289164543,0.013611598871648312,1.0
23,amazed,-0.028133565559983253,-0.05295924097299576,0.028133565559983253,-0.027940327301621437,0.019082868471741676,1.0
23,jealous,0.027865391224622726,0.09657272696495056,0.027865391224622726,0.026551205664873123,0.013633061200380325,1.0
23,horrified,0.027526376768946648,0.11211617290973663,0.027526376768946648,0.025936132296919823,0.013674603775143623,1.0
23,overwhelmed,-0.02737857587635517,0.07299747318029404,0.02737857587635517,-0.02566821500658989,0.02737262099981308,0.800000011920929
23,thankful,-0.027149008587002754,-0.11339437961578369,0.027149008587002754,-0.026424014940857887,0.021974705159664154,0.800000011920929
23,unsettled,-0.025604523718357086,0.01954282820224762,0.025604523718357086,-0.02342965267598629,0.015304047614336014,0.800000011920929
23,brooding,-0.025320908054709435,0.03262987360358238,0.025320908054709435,-0.02350238896906376,0.01852414384484291,0.800000011920929
23,vindictive,-0.02501797489821911,0.05661628022789955,0.02501797489821911,-0.02463405951857567,0.0213927049189806,0.800000011920929
23,exasperated,0.024350758641958237,0.09498962759971619,0.024350758641958237,0.02300826646387577,0.030031293630599976,0.800000011920929
23,self-confident,0.024130476638674736,-0.06655248999595642,0.024130476638674736,0.02241794764995575,0.027496499940752983,0.800000011920929
23,frightened,-0.023905158042907715,-0.05843079835176468,0.023905158042907715,-0.022128310054540634,0.023857515305280685,0.800000011920929
23,desperate,-0.023337623104453087,0.03925216570496559,0.023337623104453087,-0.022208143025636673,0.01894492469727993,0.800000011920929
23,vengeful,-0.021580178290605545,0.005911204963922501,0.021580178290605545,-0.019221192225813866,0.02577182836830616,0.800000011920929
23,pleased,0.020545421168208122,-0.02787909097969532,0.020545421168208122,0.018385393545031548,0.024222753942012787,0.800000011920929
23,sad,0.020260488614439964,0.07561036944389343,0.020260488614439964,0.01864555850625038,0.011371957138180733,0.800000011920929
23,calm,-0.016197070479393005,-0.05164024978876114,0.016197070479393005,-0.015995901077985764,0.022538216784596443,0.800000011920929
23,irate,0.015079628676176071,0.08328524231910706,0.015079628676176071,0.014989363960921764,0.011819512583315372,0.800000011920929
23,aroused,-0.013707980513572693,-0.09260035306215286,0.013707980513572693,-0.011517830193042755,0.027624236419796944,0.800000011920929
23,remorseful,-0.011885508894920349,-0.025748277083039284,0.011885508894920349,-0.010351059027016163,0.02245618775486946,0.6000000238418579
23,playful,0.011211251839995384,-0.06211286783218384,0.011211251839995384,0.010077317245304585,0.0206758975982666,0.800000011920929
23,indifferent,-0.011117037385702133,0.08273547142744064,0.011117037385702133,-0.01129697822034359,0.01583016850054264,0.6000000238418579
23,stubborn,0.008578932844102383,0.04011132940649986,0.008578932844102383,0.007999909110367298,0.02222275547683239,0.6000000238418579
23,obstinate,-0.008094212971627712,0.07467444241046906,0.008094212971627712,-0.007533720228821039,0.012926698662340641,0.800000011920929
23,awestruck,-0.006519848480820656,0.06272043287754059,0.006519848480820656,-0.006241302005946636,0.02034629136323929,0.800000011920929
23,docile,-0.00599216902628541,0.05484096333384514,0.00599216902628541,-0.00615913700312376,0.015398587100207806,0.800000011920929
23,disgusted,-0.004992518108338118,0.06700138002634048,0.004992518108338118,-0.005382872652262449,0.023530488833785057,0.6000000238418579
23,greedy,-0.004739562980830669,-0.0466679111123085,0.004739562980830669,-0.004530860111117363,0.009043334983289242,0.800000011920929
23,thrilled,0.004257642198354006,-0.03403356671333313,0.004257642198354006,0.0028359019197523594,0.02436397597193718,0.4000000059604645
23,triumphant,0.004087837412953377,-0.06488123536109924,0.004087837412953377,0.004186456557363272,0.02487672120332718,0.4000000059604645
23,self-conscious,-0.0027386550791561604,-0.011352610774338245,0.0027386550791561604,-0.0014258839655667543,0.02374258264899254,0.4000000059604645
23,vibrant,0.0026820760685950518,-0.06564048677682877,0.0026820760685950518,0.0020191390067338943,0.025515621528029442,0.800000011920929
23,sleepy,-0.000999008072540164,0.05318799614906311,0.000999008072540164,0.00024786294670775533,0.02424340695142746,0.4000000059604645
23,afraid,0.000653614872135222,-0.021015817299485207,0.000653614872135222,0.0007809486123733222,0.009970027953386307,0.6000000238418579
23,tense,-0.00036487827310338616,-0.035189446061849594,0.00036487827310338616,0.0012732390314340591,0.023937063291668892,0.20000000298023224
24,at ease,0.23469719290733337,0.20419590175151825,0.23469719290733337,0.22242006659507751,0.023374436423182487,1.0
24,delighted,0.22493310272693634,0.19114813208580017,0.22493310272693634,0.21459169685840607,0.01187278050929308,1.0
24,euphoric,0.2088039070367813,0.19896738231182098,0.2088039070367813,0.19777248799800873,0.017834339290857315,1.0
24,cheerful,0.20819903910160065,0.1474522054195404,0.20819903910160065,0.1982581466436386,0.016672994941473007,1.0
24,ecstatic,0.19020412862300873,0.16724559664726257,0.19020412862300873,0.1797219067811966,0.022167405113577843,1.0
24,resigned,-0.18523316085338593,-0.1864785999059677,0.18523316085338593,-0.17627063393592834,0.01151062548160553,1.0
24,elated,0.18231447041034698,0.17522062361240387,0.18231447041034698,0.17295773327350616,0.011031566187739372,1.0
24,infatuated,0.17391067743301392,0.1655946522951126,0.17391067743301392,0.1649225950241089,0.015734579414129257,1.0
24,heartbroken,-0.17377080023288727,-0.14043764770030975,0.17377080023288727,-0.1645331233739853,0.025265304371714592,1.0
24,hope,0.17205597460269928,0.1887601613998413,0.17205597460269928,0.16268013417720795,0.028557337820529938,1.0
24,patient,0.16984164714813232,0.17003482580184937,0.16984164714813232,0.16206571459770203,0.010190723463892937,1.0
24,excited,0.1684601604938507,0.2004123330116272,0.1684601604938507,0.15919961035251617,0.026350894942879677,1.0
24,tormented,-0.16642121970653534,-0.12661731243133545,0.16642121970653534,-0.1577751487493515,0.012922425754368305,1.0
24,bewildered,-0.16476884484291077,-0.11985863000154495,0.16476884484291077,-0.1564948558807373,0.010881757363677025,1.0
24,puzzled,-0.16424259543418884,-0.1967909336090088,0.16424259543418884,-0.15565428137779236,0.024675769731402397,1.0
24,weary,-0.1634654700756073,-0.10622578859329224,0.1634654700756073,-0.15614482760429382,0.006742669735103846,1.0
24,inspired,0.1625005453824997,0.12748628854751587,0.1625005453824997,0.15452051162719727,0.01421573106199503,1.0
24,grumpy,-0.16139426827430725,-0.17987273633480072,0.16139426827430725,-0.15300525724887848,0.012459542602300644,1.0
24,spiteful,-0.160653755068779,-0.13459499180316925,0.160653755068779,-0.15281012654304504,0.018793480470776558,1.0
24,angry,-0.1601792871952057,-0.13796213269233704,0.1601792871952057,-0.15170802175998688,0.020826539024710655,1.0
24,content,0.1587803065776825,0.11201797425746918,0.1587803065776825,0.15167009830474854,0.010419824160635471,1.0
24,refreshed,0.15810087323188782,0.08667364716529846,0.15810087323188782,0.1507813036441803,0.007282308768481016,1.0
24,hopeful,0.15180575847625732,0.07723530381917953,0.15180575847625732,0.14362332224845886,0.025717012584209442,1.0
24,hostile,-0.1517779529094696,-0.2010466456413269,0.1517779529094696,-0.1452825367450714,0.02340986207127571,1.0
24,annoyed,-0.1410263478755951,-0.1683911681175232,0.1410263478755951,-0.13388243317604065,0.020904215052723885,1.0
24,troubled,-0.1402260810136795,-0.15017086267471313,0.1402260810136795,-0.1334628164768219,0.021245937794446945,1.0
24,jubilant,0.13983552157878876,0.18600107729434967,0.13983552157878876,0.13204891979694366,0.021122898906469345,1.0
24,optimistic,0.13853447139263153,0.10230698436498642,0.13853447139263153,0.13032346963882446,0.0305811557918787,1.0
24,unnerved,-0.13777919113636017,-0.12086603045463562,0.13777919113636017,-0.130208358168602,0.01568886823952198,1.0
24,vulnerable,-0.13553957641124725,-0.18617527186870575,0.13553957641124725,-0.12911657989025116,0.025847112759947777,1.0
24,frustrated,-0.1354905664920807,-0.16642224788665771,0.1354905664920807,-0.12879642844200134,0.015044950880110264,1.0
24,kind,0.13537682592868805,0.16739614307880402,0.13537682592868805,0.1288440227508545,0.024373240768909454,1.0
24,scornful,-0.13462938368320465,-0.15803967416286469,0.13462938368320465,-0.12768177688121796,0.012688293121755123,1.0
24,shocked,-0.13434290885925293,-0.19383713603019714,0.13434290885925293,-0.12742272019386292,0.027304118499159813,1.0
24,empathetic,0.13341887295246124,0.10920219123363495,0.13341887295246124,0.1277487576007843,0.021755065768957138,1.0
24,enthusiastic,0.13215333223342896,0.12754444777965546,0.13215333223342896,0.12538301944732666,0.008555588312447071,1.0
24,disturbed,-0.13163986802101135,-0.14451119303703308,0.13163986802101135,-0.1239943653345108,0.028135793283581734,1.0
24,sympathetic,0.1315220445394516,0.10496731102466583,0.1315220445394516,0.12412206828594208,0.0215024184435606,1.0
24,skeptical,-0.13105662167072296,-0.13414031267166138,0.13105662167072296,-0.12444894015789032,0.01583326794207096,1.0
24,offended,-0.1308879256248474,-0.16657738387584686,0.1308879256248474,-0.12393055111169815,0.022051438689231873,1.0
24,stressed,-0.12844184041023254,-0.17222009599208832,0.12844184041023254,-0.12226716428995132,0.020987294614315033,1.0
24,compassionate,0.1283334195613861,0.1454833298921585,0.1283334195613861,0.12126660346984863,0.030106034129858017,1.0
24,sorry,0.12706886231899261,0.17894208431243896,0.12706886231899261,0.12068299204111099,0.022491425275802612,1.0
24,rejuvenated,0.1270010620355606,0.15577703714370728,0.1270010620355606,0.12122895568609238,0.02185024321079254,1.0
24,proud,0.12587831914424896,0.12183421850204468,0.12587831914424896,0.11890646070241928,0.0180499404668808,1.0
24,anxious,-0.1254929006099701,-0.10525453835725784,0.1254929006099701,-0.11809074878692627,0.022764284163713455,1.0
24,stuck,-0.12366015464067459,-0.11593836545944214,0.12366015464067459,-0.11795351654291153,0.006755776237696409,1.0
24,satisfied,0.12013263255357742,0.0788709744811058,0.12013263255357742,0.11511318385601044,0.012049156241118908,1.0
24,disoriented,-0.11891257762908936,-0.13631902635097504,0.11891257762908936,-0.11278890073299408,0.012795154936611652,1.0
24,melancholy,-0.11876557767391205,-0.10750933736562729,0.11876557767391205,-0.11326227337121964,0.0063669923692941666,1.0
24,panicked,-0.11786957830190659,-0.072431281208992,0.11786957830190659,-0.11240532249212265,0.003067739075049758,1.0
24,happy,0.11781138926744461,0.03609967604279518,0.11781138926744461,0.11196650564670563,0.017879946157336235,1.0
24,mad,-0.11703947186470032,-0.09594428539276123,0.11703947186470032,-0.11077956110239029,0.01308361068367958,1.0
24,grateful,0.11490757018327713,0.14021579921245575,0.11490757018327713,0.10846419632434845,0.024454651400446892,1.0
24,suspicious,-0.11473022401332855,-0.13015255331993103,0.11473022401332855,-0.10931813716888428,0.019452296197414398,1.0
24,blissful,0.11421596258878708,0.05230696499347687,0.11421596258878708,0.1069699302315712,0.030513202771544456,1.0
24,contemptuous,-0.11317674070596695,-0.17626135051250458,0.11317674070596695,-0.10683657974004745,0.02252381108701229,1.0
24,serene,0.11278149485588074,0.12084202468395233,0.11278149485588074,0.10779068619012833,0.017815548926591873,1.0
24,irritated,-0.11216438561677933,-0.1387695074081421,0.11216438561677933,-0.10651934146881104,0.020071612671017647,1.0
24,hateful,-0.10903918743133545,-0.08461599051952362,0.10903918743133545,-0.10368342697620392,0.006701648235321045,1.0
24,droopy,-0.10831525176763535,-0.05278617516160011,0.10831525176763535,-0.10292252153158188,0.012338163331151009,1.0
24,gloomy,-0.10813216120004654,-0.15188634395599365,0.10813216120004654,-0.10266901552677155,0.014283652417361736,1.0
24,embarrassed,0.10487693548202515,0.13564541935920715,0.10487693548202515,0.09885497391223907,0.02558193914592266,1.0
24,sensitive,0.10277614742517471,0.10071543604135513,0.10277614742517471,0.09842200577259064,0.03168714419007301,1.0
24,indignant,-0.10259292274713516,-0.12587492167949677,0.10259292274713516,-0.09833706170320511,0.019945785403251648,1.0
24,sluggish,-0.10213765501976013,-0.029983554035425186,0.10213765501976013,-0.09755110740661621,0.014961542561650276,1.0
24,peaceful,0.10162366926670074,0.0585155226290226,0.10162366926670074,0.0967443585395813,0.014682347886264324,1.0
24,dispirited,-0.10066569596529007,-0.03426632285118103,0.10066569596529007,-0.09498746693134308,0.020972277969121933,1.0
24,exuberant,0.09981049597263336,0.08036849647760391,0.09981049597263336,0.09452519565820694,0.010989767499268055,1.0
24,astonished,-0.09909319132566452,-0.10132485628128052,0.09909319132566452,-0.09348496049642563,0.019554531201720238,1.0
24,safe,0.09823280572891235,0.08751029521226883,0.09823280572891235,0.0933845043182373,0.006421989295631647,1.0
24,depressed,-0.09821578115224838,-0.06876716762781143,0.09821578115224838,-0.09370847046375275,0.009976256638765335,1.0
24,perplexed,0.09662532061338425,0.12424220144748688,0.09662532061338425,0.09164400398731232,0.019839249551296234,1.0
24,restless,-0.0966067910194397,-0.06282205134630203,0.0966067910194397,-0.09138469398021698,0.017264138907194138,1.0
24,lazy,-0.09649541974067688,-0.07483548671007156,0.09649541974067688,-0.09065864235162735,0.020264150574803352,1.0
24,paranoid,-0.09183347970247269,-0.08779626339673996,0.09183347970247269,-0.08690284192562103,0.01909846067428589,1.0
24,impatient,0.09181079268455505,0.1080733984708786,0.09181079268455505,0.08664590120315552,0.022639326751232147,1.0
24,bitter,0.09178555756807327,0.14480669796466827,0.09178555756807327,0.08789463341236115,0.023331068456172943,1.0
24,amused,0.09137009084224701,0.05523495376110077,0.09137009084224701,0.08521836996078491,0.028356267139315605,1.0
24,worried,-0.08922577649354935,-0.0208970308303833,0.08922577649354935,-0.08386258780956268,0.016543030738830566,1.0
24,rattled,0.08893965929746628,0.07226888090372086,0.08893965929746628,0.08495422452688217,0.012131615541875362,1.0
24,joyful,0.08815321326255798,0.015592784620821476,0.08815321326255798,0.08265609294176102,0.029126085340976715,1.0
24,tired,-0.08761923015117645,0.005256026051938534,0.08761923015117645,-0.08368901163339615,0.018420981243252754,1.0
24,dumbstruck,-0.08752158284187317,-0.13301315903663635,0.08752158284187317,-0.08373137563467026,0.02432406134903431,1.0
24,relieved,0.0867084488272667,0.0677795484662056,0.0867084488272667,0.08237059414386749,0.02061442844569683,1.0
24,resentful,-0.0854748860001564,-0.01863674633204937,0.0854748860001564,-0.08156931400299072,0.008029292337596416,1.0
24,trapped,-0.08493548631668091,-0.12913143634796143,0.08493548631668091,-0.07977370917797089,0.01688205450773239,1.0
24,surprised,-0.08442316949367523,-0.1433836966753006,0.08442316949367523,-0.07966648042201996,0.027201490476727486,1.0
24,terrified,-0.0821438729763031,-0.061733804643154144,0.0821438729763031,-0.07736612856388092,0.01902560330927372,1.0
24,enraged,-0.0810089036822319,-0.0681796595454216,0.0810089036822319,-0.07550036907196045,0.023583190515637398,1.0
24,miserable,-0.08043475449085236,-0.013043558225035667,0.08043475449085236,-0.07613177597522736,0.024814855307340622,1.0
24,mystified,-0.080093152821064,-0.14111213386058807,0.080093152821064,-0.07704819738864899,0.02492626942694187,1.0
24,fulfilled,0.0799327865242958,0.012627555057406425,0.0799327865242958,0.07590308785438538,0.01706099510192871,1.0
24,energized,0.07936594635248184,-0.011742929928004742,0.07936594635248184,0.07597993314266205,0.018914004787802696,1.0
24,reflective,-0.07907488197088242,-0.107454314827919,0.07907488197088242,-0.07401281595230103,0.017502985894680023,1.0
24,scared,-0.07845573127269745,-0.12657548487186432,0.07845573127269745,-0.07441900670528412,0.027668656781315804,1.0
24,worn out,0.07840630412101746,0.1348283737897873,0.07840630412101746,0.07427027821540833,0.014972271397709846,1.0
24,nostalgic,0.07665769010782242,0.1384034901857376,0.07665769010782242,0.0729905292391777,0.017120109871029854,1.0
24,self-critical,0.07605203241109848,0.02835243009030819,0.07605203241109848,0.07274682819843292,0.012071841396391392,1.0
24,lonely,-0.07289533317089081,-0.054811157286167145,0.07289533317089081,-0.06955253332853317,0.009301390498876572,1.0
24,insulted,0.07265323400497437,0.1232868954539299,0.07265323400497437,0.06983768939971924,0.015051999129354954,1.0
24,humiliated,-0.06772944331169128,-0.1060120090842247,0.06772944331169128,-0.06346410512924194,0.02857154794037342,1.0
24,shaken,-0.06746238470077515,-0.052144184708595276,0.06746238470077515,-0.06299788504838943,0.025908594951033592,1.0
24,self-confident,0.06661215424537659,-0.009548481553792953,0.06661215424537659,0.06276554614305496,0.0290293600410223,1.0
24,worthless,0.06471488624811172,0.09936004132032394,0.06471488624811172,0.059953026473522186,0.02330273948609829,1.0
24,valiant,0.06457828730344772,0.08260615170001984,0.06457828730344772,0.06053207069635391,0.023032838478684425,1.0
24,hysterical,0.06348555535078049,0.09299533814191818,0.06348555535078049,0.06139426305890083,0.02781229093670845,1.0
24,on edge,0.06344737857580185,0.12007629126310349,0.06344737857580185,0.0608040913939476,0.021318459883332253,1.0
24,smug,0.06325933337211609,0.06799285858869553,0.06325933337211609,0.060534458607435226,0.012131043709814548,1.0
24,mortified,-0.06263940781354904,-0.03742597997188568,0.06263940781354904,-0.059795547276735306,0.011932236142456532,1.0
24,stimulated,0.06226344034075737,0.0639975517988205,0.06226344034075737,0.05951010063290596,0.008037577383220196,1.0
24,nervous,-0.06178303062915802,-0.05961412563920021,0.06178303062915802,-0.059002894908189774,0.007062654476612806,1.0
24,outraged,-0.06153299659490585,-0.04552402347326279,0.06153299659490585,-0.05823258310556412,0.01016435120254755,1.0
24,alarmed,-0.05976518988609314,-0.017013853415846825,0.05976518988609314,-0.057750117033720016,0.022008556872606277,1.0
24,alert,-0.05870018154382706,-0.09304582327604294,0.05870018154382706,-0.055160146206617355,0.01514255627989769,1.0
24,hurt,-0.05768856778740883,-0.0097905732691288,0.05768856778740883,-0.05331919342279434,0.02712480165064335,1.0
24,sentimental,0.05686616525053978,0.06965941935777664,0.05686616525053978,0.05299506336450577,0.016368551179766655,1.0
24,sullen,-0.05684756115078926,-0.09922806173563004,0.05684756115078926,-0.05362413078546524,0.014094913378357887,1.0
24,overwhelmed,-0.05596542730927467,0.0282133761793375,0.05596542730927467,-0.05275994539260864,0.026708297431468964,1.0
24,invigorated,0.05375875532627106,0.02404819428920746,0.05375875532627106,0.0511028878390789,0.005883645266294479,1.0
24,unhappy,-0.053488992154598236,-0.07796558737754822,0.053488992154598236,-0.05080974102020264,0.014811534434556961,1.0
24,loving,0.052568014711141586,0.03809041157364845,0.052568014711141586,0.04839764162898064,0.025519561022520065,1.0
24,defiant,-0.04962385073304176,-0.08137025684118271,0.04962385073304176,-0.04606621712446213,0.026801062747836113,1.0
24,bored,0.04823775216937065,0.10945290327072144,0.04823775216937065,0.0461362823843956,0.0278641227632761,1.0
24,relaxed,0.0479285903275013,0.024456750601530075,0.0479285903275013,0.04404284805059433,0.025326186791062355,1.0
24,obstinate,-0.0469428226351738,0.01480727456510067,0.0469428226351738,-0.04429713636636734,0.010289113968610764,1.0
24,pleased,0.04571603983640671,0.012626656331121922,0.04571603983640671,0.042239055037498474,0.024967385455965996,0.800000011920929
24,brooding,-0.04531456157565117,-0.0037820683792233467,0.04531456157565117,-0.042244844138622284,0.0203761775046587,1.0
24,regretful,0.04489205777645111,0.07232047617435455,0.04489205777645111,0.043096475303173065,0.024181131273508072,1.0
24,desperate,-0.04355957359075546,0.0019041550112888217,0.04355957359075546,-0.041393592953681946,0.015025004744529724,1.0
24,uneasy,-0.043203651905059814,0.012281873263418674,0.043203651905059814,-0.040043752640485764,0.023214269429445267,0.800000011920929
24,grief-stricken,0.040696900337934494,0.06866370886564255,0.040696900337934494,0.037222713232040405,0.020738305523991585,0.800000011920929
24,distressed,-0.040420711040496826,-0.0014171863440424204,0.040420711040496826,-0.03885432705283165,0.010757654905319214,1.0
24,vengeful,-0.039900150150060654,-0.027391711249947548,0.039900150150060654,-0.03654877096414566,0.027233410626649857,0.800000011920929
24,dependent,0.03782035782933235,0.07205222547054291,0.03782035782933235,0.037002913653850555,0.024839192628860474,1.0
24,unsettled,-0.03775886073708534,0.002096059499308467,0.03775886073708534,-0.03500101715326309,0.015601440332829952,1.0
24,indifferent,-0.03728310391306877,0.043824173510074615,0.03728310391306877,-0.03602289408445358,0.0128917982801795,1.0
24,envious,-0.03654702007770538,-0.03981710225343704,0.03654702007770538,-0.033755213022232056,0.015181530267000198,1.0
24,awestruck,-0.03617195785045624,0.016030248254537582,0.03617195785045624,-0.034300483763217926,0.019601760432124138,0.800000011920929
24,eager,-0.035328399389982224,-0.021891482174396515,0.035328399389982224,-0.034289028495550156,0.017398642376065254,1.0
24,listless,0.03430287539958954,0.06784717738628387,0.03430287539958954,0.03298445791006088,0.017529767006635666,1.0
24,vindictive,-0.03313426673412323,0.03301547095179558,0.03313426673412323,-0.032543402165174484,0.01950250193476677,1.0
24,disdainful,0.031786493957042694,0.055492788553237915,0.031786493957042694,0.03088986873626709,0.013662924990057945,1.0
24,furious,-0.028772102668881416,-0.08270992338657379,0.028772102668881416,-0.027777710929512978,0.02249460108578205,1.0
24,ashamed,0.027400264516472816,-0.002021965803578496,0.027400264516472816,0.02614358440041542,0.010310597717761993,1.0
24,playful,0.02155766636133194,-0.03697383031249046,0.02155766636133194,0.01967439614236355,0.019388319924473763,0.800000011920929
24,guilty,-0.020126616582274437,0.012222633697092533,0.020126616582274437,-0.019406549632549286,0.012673319317400455,0.800000011920929
24,sleepy,-0.020042747259140015,0.023620136082172394,0.020042747259140015,-0.017885643988847733,0.02531486190855503,0.800000011920929
24,tense,-0.019207840785384178,-0.046143971383571625,0.019207840785384178,-0.01677822694182396,0.023159921169281006,0.800000011920929
24,vibrant,0.018863745033740997,-0.03211243823170662,0.018863745033740997,0.017279034480452538,0.023285312578082085,0.800000011920929
24,docile,-0.017968136817216873,0.031355153769254684,0.017968136817216873,-0.017398841679096222,0.01366465538740158,0.800000011920929
24,triumphant,0.017745863646268845,-0.028902683407068253,0.017745863646268845,0.01727263815701008,0.025088686496019363,0.6000000238418579
24,thrilled,0.01757660135626793,-0.0015556109137833118,0.01757660135626793,0.015372547321021557,0.026586463674902916,0.800000011920929
24,remorseful,-0.015540185384452343,-0.038200315088033676,0.015540185384452343,-0.01386299915611744,0.023783301934599876,0.6000000238418579
24,vigilant,0.014546153135597706,0.04097908362746239,0.014546153135597706,0.014509588479995728,0.02042975090444088,0.800000011920929
24,jealous,0.013712138868868351,0.06624014675617218,0.013712138868868351,0.013027280569076538,0.014154450036585331,0.800000011920929
24,irate,-0.012956835329532623,0.03357429429888725,0.012956835329532623,-0.011510441079735756,0.015032571740448475,0.800000011920929
24,afraid,0.009600046090781689,-0.008572099730372429,0.009600046090781689,0.009273964911699295,0.008182779885828495,0.800000011920929
24,sad,0.007915501482784748,0.05378599092364311,0.007915501482784748,0.006930738687515259,0.010219037532806396,0.800000011920929
24,calm,-0.007857589982450008,-0.04084254056215286,0.007857589982450008,-0.007940933108329773,0.020637711510062218,0.800000011920929
24,exasperated,0.006322863511741161,0.06541857868432999,0.006322863511741161,0.005835018120706081,0.029969504103064537,0.4000000059604645
24,frightened,-0.0062676104716956615,-0.030175842344760895,0.0062676104716956615,-0.005356027279049158,0.021340999752283096,0.6000000238418579
24,horrified,-0.005080634728074074,0.06429019570350647,0.005080634728074074,-0.004880023188889027,0.013703328557312489,0.4000000059604645
24,disgusted,-0.004935682285577059,0.05218566209077835,0.004935682285577059,-0.005517652723938227,0.019732655957341194,0.6000000238418579
24,aroused,-0.0036766796838492155,-0.05924040824174881,0.0036766796838492155,-0.0019793533720076084,0.025597142055630684,0.800000011920929
24,upset,0.0036709161940962076,0.08834417164325714,0.0036709161940962076,0.003345115575939417,0.020451974123716354,0.6000000238418579
24,stubborn,-0.00220737187191844,0.012424241751432419,0.00220737187191844,-0.0023245890624821186,0.021189851686358452,0.6000000238418579
24,greedy,-0.0020186416804790497,-0.03736487776041031,0.0020186416804790497,-0.0021070833317935467,0.008256065659224987,0.6000000238418579
24,thankful,-0.0018624152289703488,-0.07207337021827698,0.0018624152289703488,-0.00236078561283648,0.02416878566145897,0.4000000059604645
24,amazed,-0.0016876846784725785,-0.011982478201389313,0.0016876846784725785,-0.002697682473808527,0.018447890877723694,0.4000000059604645
24,self-conscious,-0.0007924424717202783,-0.018681269139051437,0.0007924424717202783,0.0003666691482067108,0.02481849119067192,0.4000000059604645
25,at ease,0.2300349771976471,0.21282348036766052,0.2300349771976471,0.2179679125547409,0.02229912392795086,1.0
25,delighted,0.22055532038211823,0.20059598982334137,0.22055532038211823,0.2100958526134491,0.011991528794169426,1.0
25,cheerful,0.19363154470920563,0.15356014668941498,0.19363154470920563,0.18449562788009644,0.016815580427646637,1.0
25,euphoric,0.19247031211853027,0.18770501017570496,0.19247031211853027,0.1821223646402359,0.01650644652545452,1.0
25,ecstatic,0.1736765205860138,0.1587131917476654,0.1736765205860138,0.16407963633537292,0.019999409094452858,1.0
25,elated,0.1733933538198471,0.17338968813419342,0.1733933538198471,0.16431066393852234,0.011707523837685585,1.0
25,resigned,-0.1665472686290741,-0.1649809330701828,0.1665472686290741,-0.15845701098442078,0.009473571553826332,1.0
25,tormented,-0.16447442770004272,-0.14286454021930695,0.16447442770004272,-0.15589654445648193,0.012489909306168556,1.0
25,inspired,0.16383641958236694,0.1430847942829132,0.16383641958236694,0.15581844747066498,0.012746691703796387,1.0
25,heartbroken,-0.16200239956378937,-0.14357727766036987,0.16200239956378937,-0.15341559052467346,0.023702416568994522,1.0
25,patient,0.1592509150505066,0.15770310163497925,0.1592509150505066,0.15192489326000214,0.00866446178406477,1.0
25,hope,0.15896473824977875,0.17079006135463715,0.15896473824977875,0.15015262365341187,0.02624661847949028,1.0
25,bewildered,-0.1576918214559555,-0.1320459544658661,0.1576918214559555,-0.1497804969549179,0.00842580758035183,1.0
25,content,0.15606430172920227,0.123682901263237,0.15606430172920227,0.14906877279281616,0.008376468904316425,1.0
25,weary,-0.1543288379907608,-0.12399253249168396,0.1543288379907608,-0.14749595522880554,0.009174404665827751,1.0
25,angry,-0.1526118665933609,-0.1459980607032776,0.1526118665933609,-0.14456427097320557,0.016805868595838547,1.0
25,refreshed,0.14944462478160858,0.1076628789305687,0.14944462478160858,0.1426936686038971,0.009440259076654911,1.0
25,grumpy,-0.14812971651554108,-0.16052287817001343,0.14812971651554108,-0.14033758640289307,0.01114596426486969,1.0
25,infatuated,0.1474265605211258,0.14088937640190125,0.1474265605211258,0.1396770477294922,0.014917616732418537,1.0
25,hostile,-0.14616943895816803,-0.17443333566188812,0.14616943895816803,-0.13972118496894836,0.02324681729078293,1.0
25,puzzled,-0.14489971101284027,-0.16775061190128326,0.14489971101284027,-0.1372378170490265,0.022207440808415413,1.0
25,excited,0.14347432553768158,0.16476963460445404,0.14347432553768158,0.13528765738010406,0.02431650273501873,1.0
25,hopeful,0.14142891764640808,0.09668376296758652,0.14142891764640808,0.13392585515975952,0.023011965677142143,1.0
25,spiteful,-0.14028237760066986,-0.1272096186876297,0.14028237760066986,-0.1334022730588913,0.018046477809548378,1.0
25,annoyed,-0.13591542840003967,-0.15266336500644684,0.13591542840003967,-0.12880758941173553,0.018390564247965813,1.0
25,empathetic,0.1343214511871338,0.1159524992108345,0.1343214511871338,0.1285809576511383,0.020490670576691628,1.0
25,optimistic,0.1318538337945938,0.11277563869953156,0.1318538337945938,0.12399560213088989,0.028848499059677124,1.0
25,jubilant,0.1307400017976761,0.15910066664218903,0.1307400017976761,0.1229124516248703,0.02387326955795288,1.0
25,kind,0.129582479596138,0.14644275605678558,0.129582479596138,0.12320413440465927,0.02097703330218792,1.0
25,sympathetic,0.12815551459789276,0.11185712367296219,0.12815551459789276,0.12105806916952133,0.019541488960385323,1.0
25,unnerved,-0.1261274665594101,-0.11857262998819351,0.1261274665594101,-0.11916341632604599,0.014286980032920837,1.0
25,vulnerable,-0.1255798488855362,-0.15500803291797638,0.1255798488855362,-0.11954689025878906,0.022163748741149902,1.0
25,happy,0.12156706303358078,0.07291676849126816,0.12156706303358078,0.1155305877327919,0.01855846680700779,1.0
25,compassionate,0.1212296187877655,0.1291188895702362,0.1212296187877655,0.11430464684963226,0.030005812644958496,1.0
25,troubled,-0.12014076113700867,-0.12475740909576416,0.12014076113700867,-0.11435072124004364,0.0195151437073946,1.0
25,satisfied,0.11988792568445206,0.0923154428601265,0.11988792568445206,0.11482797563076019,0.013063344173133373,1.0
25,proud,0.11945396661758423,0.11967556178569794,0.11945396661758423,0.11276091635227203,0.01781580038368702,1.0
25,rejuvenated,0.11927720159292221,0.13740606606006622,0.11927720159292221,0.11360839754343033,0.016860904172062874,1.0
25,enthusiastic,0.11858776211738586,0.1174304187297821,0.11858776211738586,0.11258429288864136,0.007887715473771095,1.0
25,frustrated,-0.11856786161661148,-0.13347305357456207,0.11856786161661148,-0.11249709129333496,0.015188117511570454,1.0
25,scornful,-0.11806325614452362,-0.13083912432193756,0.11806325614452362,-0.11189327389001846,0.010894425213336945,1.0
25,sorry,0.11714582145214081,0.14921264350414276,0.11714582145214081,0.11114728450775146,0.020047137513756752,1.0
25,shocked,-0.1167154610157013,-0.15329788625240326,0.1167154610157013,-0.11044023931026459,0.024777906015515327,1.0
25,blissful,0.11641944944858551,0.07717125117778778,0.11641944944858551,0.10911177098751068,0.029083898290991783,1.0
25,stressed,-0.11559011787176132,-0.14006972312927246,0.11559011787176132,-0.10988559573888779,0.020412424579262733,1.0
25,mad,-0.11465121060609818,-0.10726233571767807,0.11465121060609818,-0.1084345355629921,0.011793622747063637,1.0
25,skeptical,-0.11360196769237518,-0.11320725083351135,0.11360196769237518,-0.10782717168331146,0.012329218909144402,1.0
25,disturbed,-0.11271249502897263,-0.12224074453115463,0.11271249502897263,-0.10608337074518204,0.02229578234255314,1.0
25,panicked,-0.11116849631071091,-0.08580407500267029,0.11116849631071091,-0.10601570457220078,0.002343053463846445,1.0
25,grateful,0.10960502922534943,0.1216563954949379,0.10960502922534943,0.10318942368030548,0.023930838331580162,1.0
25,serene,0.10949217528104782,0.1153864860534668,0.10949217528104782,0.10440752655267715,0.017274362966418266,1.0
25,offended,-0.10889463871717453,-0.128981351852417,0.10889463871717453,-0.10286420583724976,0.019711578264832497,1.0
25,suspicious,-0.10877277702093124,-0.11680595576763153,0.10877277702093124,-0.10348585993051529,0.013956142589449883,1.0
25,melancholy,-0.10735293477773666,-0.09775590151548386,0.10735293477773666,-0.10227279365062714,0.005340000614523888,1.0
25,stuck,-0.1071414053440094,-0.10197707265615463,0.1071414053440094,-0.1020386666059494,0.0065622879192233086,1.0
25,irritated,-0.10572818666696548,-0.1187654510140419,0.10572818666696548,-0.10018521547317505,0.02119654044508934,1.0
25,hateful,-0.10550667345523834,-0.09080283343791962,0.10550667345523834,-0.10030831396579742,0.0062238057143986225,1.0
25,sluggish,-0.10359138995409012,-0.05995428189635277,0.10359138995409012,-0.09886948019266129,0.016397736966609955,1.0
25,anxious,-0.10353587567806244,-0.09164939075708389,0.10353587567806244,-0.09750314056873322,0.016220342367887497,1.0
25,indignant,-0.10231401771306992,-0.11662757396697998,0.10231401771306992,-0.09788099676370621,0.017997875809669495,1.0
25,sensitive,0.10009942948818207,0.09861353039741516,0.10009942948818207,0.09572155028581619,0.028026515617966652,1.0
25,contemptuous,-0.09957072138786316,-0.13792262971401215,0.09957072138786316,-0.09368515014648438,0.02179795317351818,1.0
25,peaceful,0.09788370132446289,0.07668085396289825,0.09788370132446289,0.09311249107122421,0.010860167443752289,1.0
25,bitter,0.09644942730665207,0.12780295312404633,0.09644942730665207,0.09213502705097198,0.02307680994272232,1.0
25,astonished,-0.0959290936589241,-0.10096566379070282,0.0959290936589241,-0.0905316099524498,0.01843394711613655,1.0
25,tired,-0.09544400870800018,-0.03712259232997894,0.09544400870800018,-0.09138897806406021,0.019257977604866028,1.0
25,worried,-0.09432537108659744,-0.05582433193922043,0.09432537108659744,-0.08891554921865463,0.014838778413832188,1.0
25,exuberant,0.0938970148563385,0.082561194896698,0.0938970148563385,0.08902452141046524,0.010774155147373676,1.0
25,lazy,-0.09314758330583572,-0.0872921496629715,0.09314758330583572,-0.08751817792654037,0.02011946588754654,1.0
25,droopy,-0.09238895028829575,-0.057836730033159256,0.09238895028829575,-0.0876910537481308,0.012850779108703136,1.0
25,disoriented,-0.09017524868249893,-0.09753170609474182,0.09017524868249893,-0.08550909161567688,0.008350317366421223,1.0
25,dispirited,-0.09002869576215744,-0.05261818319559097,0.09002869576215744,-0.08515258133411407,0.01753791607916355,1.0
25,gloomy,-0.08967577666044235,-0.1139296442270279,0.08967577666044235,-0.08493135124444962,0.012948153540492058,1.0
25,safe,0.08858346194028854,0.0845111533999443,0.08858346194028854,0.0840950757265091,0.005356015637516975,1.0
25,resentful,-0.08820575475692749,-0.05294710397720337,0.08820575475692749,-0.08414077758789062,0.006708682980388403,1.0
25,embarrassed,0.08786144852638245,0.10501622408628464,0.08786144852638245,0.08267781883478165,0.026116829365491867,1.0
25,perplexed,0.08575036376714706,0.09764155745506287,0.08575036376714706,0.08122782409191132,0.01962485909461975,1.0
25,restless,-0.08534617722034454,-0.06213434040546417,0.08534617722034454,-0.08067262917757034,0.014485730789601803,1.0
25,depressed,-0.08532299101352692,-0.06442216783761978,0.08532299101352692,-0.0813768059015274,0.007352305576205254,1.0
25,self-critical,0.08419466018676758,0.05691124498844147,0.08419466018676758,0.08049417287111282,0.011423046700656414,1.0
25,energized,0.08397118002176285,0.029907837510108948,0.08397118002176285,0.08045963943004608,0.01967332512140274,1.0
25,joyful,0.083243228495121,0.04446498677134514,0.083243228495121,0.07811186462640762,0.028850877657532692,1.0
25,mystified,-0.08185052126646042,-0.11663594096899033,0.08185052126646042,-0.07833430916070938,0.022511139512062073,1.0
25,fulfilled,0.07922326773405075,0.03750104829668999,0.07922326773405075,0.0750853568315506,0.017290836200118065,1.0
25,miserable,-0.07921109348535538,-0.04100702702999115,0.07921109348535538,-0.07520564645528793,0.02313782274723053,1.0
25,paranoid,-0.07918767631053925,-0.07267159223556519,0.07918767631053925,-0.07487010955810547,0.015377962961792946,1.0
25,impatient,0.07759087532758713,0.08893265575170517,0.07759087532758713,0.07300348579883575,0.021182812750339508,1.0
25,terrified,-0.07592600584030151,-0.06292624026536942,0.07592600584030151,-0.0716279000043869,0.0179281048476696,1.0
25,reflective,-0.07460208982229233,-0.09282334893941879,0.07460208982229233,-0.06972777843475342,0.01708468608558178,1.0
25,relieved,0.07431672513484955,0.06539220362901688,0.07431672513484955,0.07067231833934784,0.016275083646178246,1.0
25,amused,0.07299359142780304,0.0540035106241703,0.07299359142780304,0.06791100651025772,0.024328095838427544,1.0
25,scared,-0.0727420225739479,-0.10385042428970337,0.0727420225739479,-0.0687439888715744,0.02429915964603424,1.0
25,enraged,-0.07268308103084564,-0.06739402562379837,0.07268308103084564,-0.06763945519924164,0.021066250279545784,1.0
25,nostalgic,0.07231298089027405,0.10915978997945786,0.07231298089027405,0.06873496621847153,0.019919395446777344,1.0
25,dumbstruck,-0.07223895937204361,-0.09833647310733795,0.07223895937204361,-0.06900449097156525,0.022226085886359215,1.0
25,surprised,-0.07062618434429169,-0.1055796891450882,0.07062618434429169,-0.06637963652610779,0.028456533327698708,1.0
25,self-confident,0.06954872608184814,0.025571787729859352,0.06954872608184814,0.06571710109710693,0.029963187873363495,1.0
25,lonely,-0.06791061908006668,-0.0601094588637352,0.06791061908006668,-0.06484107673168182,0.009451684542000294,1.0
25,worn out,0.06777115911245346,0.09995116293430328,0.06777115911245346,0.06403276324272156,0.016212305054068565,1.0
25,insulted,0.06731273978948593,0.09511762857437134,0.06731273978948593,0.06453727185726166,0.014218533411622047,1.0
25,rattled,0.06651680171489716,0.054750796407461166,0.06651680171489716,0.06368624418973923,0.012413267977535725,1.0
25,trapped,-0.06648481637239456,-0.09591540694236755,0.06648481637239456,-0.06213095039129257,0.01675349473953247,1.0
25,hysterical,0.06312745064496994,0.08004600554704666,0.06312745064496994,0.061010848730802536,0.026252323761582375,1.0
25,alarmed,-0.06129207834601402,-0.034527331590652466,0.06129207834601402,-0.05903550237417221,0.021573729813098907,1.0
25,shaken,-0.061025429517030716,-0.052697956562042236,0.061025429517030716,-0.05698554590344429,0.02131163328886032,1.0
25,hurt,-0.05972687527537346,-0.03237654268741608,0.05972687527537346,-0.05534972995519638,0.024538325145840645,1.0
25,outraged,-0.05958598852157593,-0.05275198072195053,0.05958598852157593,-0.056390803307294846,0.007920777425169945,1.0
25,smug,0.05944361537694931,0.059343695640563965,0.05944361537694931,0.05684928968548775,0.013894403353333473,1.0
25,humiliated,-0.05778413265943527,-0.08064530789852142,0.05778413265943527,-0.05381698161363602,0.028129827231168747,1.0
25,mortified,-0.05729290097951889,-0.04452727735042572,0.05729290097951889,-0.05468328669667244,0.011692563071846962,1.0
25,loving,0.056024666875600815,0.04970109835267067,0.056024666875600815,0.0519290566444397,0.02296469360589981,1.0
25,valiant,0.05529365688562393,0.06425965577363968,0.05529365688562393,0.05193299055099487,0.018881533294916153,1.0
25,worthless,0.05516919866204262,0.07768403738737106,0.05516919866204262,0.05085832625627518,0.022003181278705597,1.0
25,sentimental,0.05458640307188034,0.06365131586790085,0.05458640307188034,0.05089765042066574,0.014744793064892292,1.0
25,defiant,-0.05348262935876846,-0.07360483705997467,0.05348262935876846,-0.04966415837407112,0.02612757682800293,1.0
25,stimulated,0.05345120280981064,0.05028205364942551,0.05345120280981064,0.05116276815533638,0.008683797903358936,1.0
25,alert,-0.053316880017519,-0.07803194224834442,0.053316880017519,-0.04987388104200363,0.01585805043578148,1.0
25,overwhelmed,-0.05257762596011162,5.066886660642922e-05,0.05257762596011162,-0.04979157820343971,0.028658347204327583,1.0
25,sullen,-0.050825491547584534,-0.07649601250886917,0.050825491547584534,-0.047711052000522614,0.016571659594774246,1.0
25,nervous,-0.050559937953948975,-0.051971785724163055,0.050559937953948975,-0.04834325239062309,0.0060022310353815556,1.0
25,invigorated,0.050476327538490295,0.028485065326094627,0.050476327538490295,0.04799172654747963,0.005238823592662811,1.0
25,unhappy,-0.04899749532341957,-0.056820064783096313,0.04899749532341957,-0.04647797718644142,0.010680782608687878,1.0
25,indifferent,-0.04708594083786011,0.004903414286673069,0.04708594083786011,-0.04529969394207001,0.010816678404808044,1.0
25,vindictive,-0.046513695269823074,-0.0067838155664503574,0.046513695269823074,-0.04520890861749649,0.01876935549080372,1.0
25,unsettled,-0.04569124057888985,-0.020351262763142586,0.04569124057888985,-0.04264888912439346,0.014250771142542362,1.0
25,eager,-0.045600567013025284,-0.04477836191654205,0.045600567013025284,-0.044093918055295944,0.01574164442718029,1.0
25,on edge,0.04524669796228409,0.08001226931810379,0.04524669796228409,0.04327820986509323,0.021488919854164124,1.0
25,pleased,0.04295502230525017,0.030025476589798927,0.04295502230525017,0.039643142372369766,0.024419669061899185,0.800000011920929
25,obstinate,-0.04195442050695419,-0.006269719451665878,0.04195442050695419,-0.03966508060693741,0.006502692122012377,1.0
25,brooding,-0.04075653851032257,-0.01398266851902008,0.04075653851032257,-0.038049668073654175,0.01956157572567463,1.0
25,uneasy,-0.04041367396712303,-0.006352671887725592,0.04041367396712303,-0.03763733059167862,0.021467966958880424,0.800000011920929
25,bored,0.03971496969461441,0.07602071762084961,0.03971496969461441,0.03767387568950653,0.029360337182879448,1.0
25,regretful,0.03912951424717903,0.056829262524843216,0.03912951424717903,0.0373929962515831,0.02464163675904274,1.0
25,distressed,-0.03905510529875755,-0.010421044193208218,0.03905510529875755,-0.037643302232027054,0.011411454528570175,1.0
25,envious,-0.03655744716525078,-0.03669828549027443,0.03655744716525078,-0.033770851790905,0.014502554200589657,1.0
25,dependent,0.03302686661481857,0.05101567134261131,0.03302686661481857,0.03237505257129669,0.024688180536031723,0.800000011920929
25,grief-stricken,0.03240989148616791,0.04989878088235855,0.03240989148616791,0.029475873336195946,0.018622983247041702,0.800000011920929
25,disdainful,0.03200312331318855,0.04471601918339729,0.03200312331318855,0.031074460595846176,0.011608675122261047,1.0
25,furious,-0.029585523530840874,-0.06196288764476776,0.029585523530840874,-0.02827095426619053,0.02110934816300869,1.0
25,relaxed,0.029105857014656067,0.010798027738928795,0.029105857014656067,0.026352280750870705,0.020247722044587135,1.0
25,awestruck,-0.028930170461535454,0.0030785014387220144,0.028930170461535454,-0.027482187375426292,0.018087131902575493,0.800000011920929
25,desperate,-0.027010014280676842,0.00245884177275002,0.027010014280676842,-0.025794729590415955,0.014086789451539516,1.0
25,vengeful,-0.026583677157759666,-0.015085333026945591,0.026583677157759666,-0.024112919345498085,0.02321372926235199,0.800000011920929
25,docile,-0.025328222662210464,0.008261162787675858,0.025328222662210464,-0.02448977902531624,0.012089377269148827,1.0
25,sleepy,-0.02398509718477726,-2.5890389224514365e-05,0.02398509718477726,-0.022010471671819687,0.023261575028300285,0.800000011920929
25,playful,0.021779945120215416,-0.013274842873215675,0.021779945120215416,0.019959717988967896,0.016620589420199394,0.800000011920929
25,disgusted,-0.021721117198467255,0.01292447093874216,0.021721117198467255,-0.021567653864622116,0.01941787265241146,0.800000011920929
25,tense,-0.019533982500433922,-0.038592420518398285,0.019533982500433922,-0.0170056764036417,0.022787760943174362,0.800000011920929
25,listless,0.019135136157274246,0.034629128873348236,0.019135136157274246,0.018485883250832558,0.01750057190656662,0.800000011920929
25,guilty,-0.01709616743028164,0.004506807308644056,0.01709616743028164,-0.01637478545308113,0.01116893719881773,1.0
25,triumphant,0.016271712258458138,-0.010144471190869808,0.016271712258458138,0.0160667784512043,0.023683959618210793,0.6000000238418579
25,remorseful,-0.015732482075691223,-0.02969829924404621,0.015732482075691223,-0.013971892185509205,0.02346722036600113,0.6000000238418579
25,vigilant,0.015465132892131805,0.02909812331199646,0.015465132892131805,0.015263873152434826,0.0197836235165596,0.800000011920929
25,vibrant,0.015265156514942646,-0.01611666940152645,0.015265156514942646,0.014114158228039742,0.021706299856305122,0.800000011920929
25,irate,-0.014054607599973679,0.008654754608869553,0.014054607599973679,-0.012599159963428974,0.012307128868997097,1.0
25,jealous,0.013818345032632351,0.041501786559820175,0.013818345032632351,0.012997356243431568,0.015604551881551743,0.800000011920929
25,horrified,-0.01336290780454874,0.02784503437578678,0.01336290780454874,-0.012781249359250069,0.012510661035776138,0.800000011920929
25,stubborn,-0.01275622472167015,-0.0037625895347446203,0.01275622472167015,-0.012415279634296894,0.02195054665207863,0.800000011920929
25,thrilled,0.01216424535959959,0.00010018385364674032,0.01216424535959959,0.01030351035296917,0.0226135216653347,0.4000000059604645
25,frightened,0.011493208818137646,-0.005218798294663429,0.011493208818137646,0.011693129315972328,0.021651633083820343,0.6000000238418579
25,upset,-0.009082016535103321,0.043293677270412445,0.009082016535103321,-0.009150911122560501,0.02127898670732975,0.6000000238418579
25,amazed,-0.007692229002714157,-0.010588034056127071,0.007692229002714157,-0.0082975123077631,0.016179170459508896,0.6000000238418579
25,sad,-0.007286572828888893,0.015560587868094444,0.007286572828888893,-0.0075990064069628716,0.013906211592257023,0.800000011920929
25,ashamed,0.006404314190149307,-0.013069100677967072,0.006404314190149307,0.006227121688425541,0.010971606709063053,0.6000000238418579
25,thankful,0.006277361419051886,-0.037511762231588364,0.006277361419051886,0.005651065148413181,0.022545700892806053,0.6000000238418579
25,calm,-0.004077535588294268,-0.018985774368047714,0.004077535588294268,-0.004238444846123457,0.016516143456101418,0.800000011920929
25,exasperated,0.0034367600455880165,0.03348936885595322,0.0034367600455880165,0.0029913957696408033,0.0286960918456316,0.4000000059604645
25,aroused,0.003094953019171953,-0.028752636164426804,0.003094953019171953,0.004306173883378506,0.024571076035499573,0.4000000059604645
25,greedy,-0.0030380026437342167,-0.022391628473997116,0.0030380026437342167,-0.003121488494798541,0.009189749136567116,0.6000000238418579
25,afraid,0.0030025094747543335,-0.007242698222398758,0.0030025094747543335,0.0033770170994102955,0.01144309900701046,0.6000000238418579
25,self-conscious,-0.0017396570183336735,-0.010719913989305496,0.0017396570183336735,-0.0005647409707307816,0.022871294990181923,0.4000000059604645
26,delighted,0.21134959161281586,0.19671086966991425,0.21134959161281586,0.19995489716529846,0.01307163666933775,1.0
26,at ease,0.2067834883928299,0.18386678397655487,0.2067834883928299,0.19497498869895935,0.024492505937814713,1.0
26,euphoric,0.17976370453834534,0.1695389598608017,0.17976370453834534,0.16905637085437775,0.01666267402470112,1.0
26,cheerful,0.17772647738456726,0.14540985226631165,0.17772647738456726,0.16852006316184998,0.019731100648641586,1.0
26,ecstatic,0.16892915964126587,0.15440528094768524,0.16892915964126587,0.15865489840507507,0.019080573692917824,1.0
26,elated,0.1673872172832489,0.16334915161132812,0.1673872172832489,0.1578921377658844,0.010616143234074116,1.0
26,inspired,0.16332046687602997,0.1456356793642044,0.16332046687602997,0.15455371141433716,0.015449685044586658,1.0
26,tormented,-0.15948835015296936,-0.13512787222862244,0.15948835015296936,-0.15019704401493073,0.016856081783771515,1.0
26,angry,-0.15846090018749237,-0.1542884111404419,0.15846090018749237,-0.14938139915466309,0.015775516629219055,1.0
26,patient,0.15674683451652527,0.13964059948921204,0.15674683451652527,0.14891394972801208,0.007156552746891975,1.0
26,bewildered,-0.15311802923679352,-0.1284685581922531,0.15311802923679352,-0.14487990736961365,0.007849350571632385,1.0
26,hostile,-0.15277203917503357,-0.1565917581319809,0.15277203917503357,-0.14521858096122742,0.013455845415592194,1.0
26,heartbroken,-0.15116272866725922,-0.1489270180463791,0.15116272866725922,-0.14223487675189972,0.023534735664725304,1.0
26,excited,0.14857083559036255,0.15333954989910126,0.14857083559036255,0.13943679630756378,0.019602645188570023,1.0
26,happy,0.14802618324756622,0.13196982443332672,0.14802618324756622,0.13939730823040009,0.016385141760110855,1.0
26,puzzled,-0.1477477252483368,-0.15364408493041992,0.1477477252483368,-0.1397194266319275,0.009779381565749645,1.0
26,content,0.14475971460342407,0.12276460230350494,0.14475971460342407,0.13758359849452972,0.005574521608650684,1.0
26,hope,0.14256666600704193,0.14112095534801483,0.14256666600704193,0.1339818835258484,0.01592373661696911,1.0
26,grumpy,-0.14186285436153412,-0.14264290034770966,0.14186285436153412,-0.13346512615680695,0.012957961298525333,1.0
26,refreshed,0.13894815742969513,0.10836111009120941,0.13894815742969513,0.13243567943572998,0.011189242824912071,1.0
26,annoyed,-0.13718794286251068,-0.13743121922016144,0.13718794286251068,-0.12940695881843567,0.009649710729718208,1.0
26,vulnerable,-0.13699555397033691,-0.13320256769657135,0.13699555397033691,-0.13029667735099792,0.01122811995446682,1.0
26,hopeful,0.1365841031074524,0.11317732185125351,0.1365841031074524,0.12875773012638092,0.019104376435279846,1.0
26,spiteful,-0.13466021418571472,-0.12435924261808395,0.13466021418571472,-0.1276722550392151,0.015864895656704903,1.0
26,blissful,0.1329811066389084,0.11024799197912216,0.1329811066389084,0.12394436448812485,0.029560506343841553,1.0
26,rejuvenated,0.13154809176921844,0.13275708258152008,0.13154809176921844,0.12476173788309097,0.007416188716888428,1.0
26,optimistic,0.13153626024723053,0.1296713948249817,0.13153626024723053,0.12304754555225372,0.025235764682292938,1.0
26,jubilant,0.1306591033935547,0.13735957443714142,0.1306591033935547,0.12189146131277084,0.022604219615459442,1.0
26,empathetic,0.12925681471824646,0.10436128079891205,0.12925681471824646,0.12319419533014297,0.01876741088926792,1.0
26,weary,-0.12915655970573425,-0.1049405187368393,0.12915655970573425,-0.12337268888950348,0.013405057601630688,1.0
26,kind,0.12717413902282715,0.11661942303180695,0.12717413902282715,0.12043511867523193,0.013293289579451084,1.0
26,infatuated,0.12548993527889252,0.11687228828668594,0.12548993527889252,0.11791710555553436,0.012781987898051739,1.0
26,resigned,-0.12461772561073303,-0.10872840136289597,0.12461772561073303,-0.11837712675333023,0.005260363686829805,1.0
26,scornful,-0.1240105926990509,-0.1215694472193718,0.1240105926990509,-0.11698496341705322,0.013214183039963245,1.0
26,proud,0.12399090826511383,0.11772585660219193,0.12399090826511383,0.11680053174495697,0.019483551383018494,1.0
26,stressed,-0.12068969011306763,-0.10924804210662842,0.12068969011306763,-0.11471104621887207,0.011469275690615177,1.0
26,serene,0.11977314203977585,0.11067204922437668,0.11977314203977585,0.11337117850780487,0.011502834036946297,1.0
26,shocked,-0.11730184406042099,-0.1346094012260437,0.11730184406042099,-0.11041035503149033,0.014514322392642498,1.0
26,lazy,-0.11729282140731812,-0.1264304518699646,0.11729282140731812,-0.10965053737163544,0.019724100828170776,1.0
26,offended,-0.1165996566414833,-0.105428546667099,0.1165996566414833,-0.1099945679306984,0.01135215349495411,1.0
26,sympathetic,0.11587074398994446,0.10165514051914215,0.11587074398994446,0.10928292572498322,0.01771513745188713,1.0
26,satisfied,0.11410234868526459,0.08589418232440948,0.11410234868526459,0.10912580788135529,0.015676839277148247,1.0
26,sorry,0.11361831426620483,0.11960044503211975,0.11361831426620483,0.10793481022119522,0.012100557796657085,1.0
26,mad,-0.11184302717447281,-0.11595966666936874,0.11184302717447281,-0.10542032867670059,0.007909032516181469,1.0
26,frustrated,-0.11117925494909286,-0.10505712777376175,0.11117925494909286,-0.10502161830663681,0.008197136223316193,1.0
26,skeptical,-0.10860750079154968,-0.10185465961694717,0.10860750079154968,-0.10289180278778076,0.007257902063429356,1.0
26,grateful,0.10809459537267685,0.09374014288187027,0.10809459537267685,0.1015094742178917,0.01669405587017536,1.0
26,compassionate,0.10708318650722504,0.09521522372961044,0.10708318650722504,0.10040242969989777,0.02299392595887184,1.0
26,worried,-0.10681872069835663,-0.08900577574968338,0.10681872069835663,-0.10001156479120255,0.015058519318699837,1.0
26,peaceful,0.10600563138723373,0.09463973343372345,0.10600563138723373,0.10007703304290771,0.011893092654645443,1.0
26,troubled,-0.10444146394729614,-0.08174110949039459,0.10444146394729614,-0.09907181560993195,0.00824445579200983,1.0
26,unnerved,-0.10390486568212509,-0.0995904803276062,0.10390486568212509,-0.09749838709831238,0.013458705507218838,1.0
26,suspicious,-0.10390409082174301,-0.0935295820236206,0.10390409082174301,-0.09869582951068878,0.007028237916529179,1.0
26,enthusiastic,0.10378377139568329,0.09637024998664856,0.10378377139568329,0.09811537712812424,0.008414206095039845,1.0
26,irritated,-0.10327702760696411,-0.09149684756994247,0.10327702760696411,-0.0967777669429779,0.020094120875000954,1.0
26,sluggish,-0.10283226519823074,-0.0734696164727211,0.10283226519823074,-0.09754954278469086,0.015507134608924389,1.0
26,contemptuous,-0.1019974872469902,-0.11611384898424149,0.1019974872469902,-0.09546835720539093,0.014364502392709255,1.0
26,stuck,-0.10123895853757858,-0.08044275641441345,0.10123895853757858,-0.0959678366780281,0.00742384186014533,1.0
26,sensitive,0.10013525187969208,0.08600442856550217,0.10013525187969208,0.09569750726222992,0.024197671562433243,1.0
26,indignant,-0.09945719689130783,-0.1037324070930481,0.09945719689130783,-0.09457461535930634,0.012691697105765343,1.0
26,joyful,0.0989532396197319,0.08936716616153717,0.0989532396197319,0.09218709170818329,0.025398176163434982,1.0
26,bitter,0.09804443269968033,0.09771563857793808,0.09804443269968033,0.09367893636226654,0.01669800840318203,1.0
26,anxious,-0.09687353670597076,-0.09058400243520737,0.09687353670597076,-0.0910262018442154,0.009847619570791721,1.0
26,exuberant,0.09678614884614944,0.09684191644191742,0.09678614884614944,0.09129403531551361,0.010754737071692944,1.0
26,astonished,-0.09207475930452347,-0.1014346182346344,0.09207475930452347,-0.0864882692694664,0.01952756568789482,1.0
26,melancholy,-0.09164350479841232,-0.06827197968959808,0.09164350479841232,-0.08721619844436646,0.008388610556721687,1.0
26,resentful,-0.09124001115560532,-0.07896432280540466,0.09124001115560532,-0.08642193675041199,0.003514124546200037,1.0
26,disturbed,-0.09076647460460663,-0.09387863427400589,0.09076647460460663,-0.08533778786659241,0.011171825230121613,1.0
26,mystified,-0.08978433161973953,-0.09749948978424072,0.08978433161973953,-0.08562718331813812,0.01329097431153059,1.0
26,safe,0.08861944079399109,0.0923311859369278,0.08861944079399109,0.0837099626660347,0.0053975810296833515,1.0
26,tired,-0.08797689527273178,-0.05051586031913757,0.08797689527273178,-0.08436885476112366,0.01704539731144905,1.0
26,paranoid,-0.08709774911403656,-0.08350274711847305,0.08709774911403656,-0.0817168802022934,0.012794490903615952,1.0
26,reflective,-0.0853828564286232,-0.08891882747411728,0.0853828564286232,-0.07993380725383759,0.012591269798576832,1.0
26,panicked,-0.08525577932596207,-0.067392997443676,0.08525577932596207,-0.08117832243442535,0.004103562794625759,1.0
26,hateful,-0.08340299129486084,-0.0669993907213211,0.08340299129486084,-0.07891479879617691,0.008749335072934628,1.0
26,embarrassed,0.08266954123973846,0.08437183499336243,0.08266954123973846,0.07713992893695831,0.02161521278321743,1.0
26,self-confident,0.08211038261651993,0.06733865290880203,0.08211038261651993,0.0772557333111763,0.02591157704591751,1.0
26,fulfilled,0.08173214644193649,0.05493753030896187,0.08173214644193649,0.0765146017074585,0.01862809807062149,1.0
26,disoriented,-0.0815974697470665,-0.08491326123476028,0.0815974697470665,-0.07745764404535294,0.006693841889500618,1.0
26,droopy,-0.0813099667429924,-0.05910437926650047,0.0813099667429924,-0.07637687772512436,0.015158596448600292,1.0
26,gloomy,-0.08128997683525085,-0.0875203013420105,0.08128997683525085,-0.0765627920627594,0.011931619606912136,1.0
26,energized,0.08083387464284897,0.05118342861533165,0.08083387464284897,0.07697314023971558,0.01573921926319599,1.0
26,dumbstruck,-0.08036424219608307,-0.08922785520553589,0.08036424219608307,-0.07643157243728638,0.015179704874753952,1.0
26,dispirited,-0.08016020059585571,-0.057315319776535034,0.08016020059585571,-0.07563494890928268,0.014296188950538635,1.0
26,depressed,-0.07994497567415237,-0.059119947254657745,0.07994497567415237,-0.07589773833751678,0.0066746920347213745,1.0
26,restless,-0.07964218407869339,-0.06882936507463455,0.07964218407869339,-0.07494206726551056,0.009147976525127888,1.0
26,enraged,-0.07760588824748993,-0.07775090634822845,0.07760588824748993,-0.0715918317437172,0.023380598053336143,1.0
26,trapped,-0.07637584209442139,-0.09430454671382904,0.07637584209442139,-0.07112004607915878,0.017830584198236465,1.0
26,terrified,-0.07535430043935776,-0.07356766611337662,0.07535430043935776,-0.07090813666582108,0.016870614141225815,1.0
26,miserable,-0.07509778439998627,-0.04928218945860863,0.07509778439998627,-0.07120519876480103,0.01903085969388485,1.0
26,surprised,-0.07390362024307251,-0.08766931295394897,0.07390362024307251,-0.06903381645679474,0.021779565140604973,1.0
26,defiant,-0.07363926619291306,-0.0836351215839386,0.07363926619291306,-0.06810440123081207,0.026838820427656174,1.0
26,hurt,-0.07186070829629898,-0.0726018100976944,0.07186070829629898,-0.06593774259090424,0.02676410786807537,1.0
26,relieved,0.07014555484056473,0.05404696241021156,0.07014555484056473,0.06664606183767319,0.014495236799120903,1.0
26,perplexed,0.06992998719215393,0.05662690848112106,0.06992998719215393,0.0661708265542984,0.009022701531648636,1.0
26,nostalgic,0.06961268931627274,0.08202297240495682,0.06961268931627274,0.06629083305597305,0.016270015388727188,1.0
26,impatient,0.06927994638681412,0.06906948238611221,0.06927994638681412,0.0646987184882164,0.01714435964822769,1.0
26,overwhelmed,-0.06918767839670181,-0.046638935804367065,0.06918767839670181,-0.06500634551048279,0.024151545017957687,1.0
26,amused,0.066614530980587,0.06705412268638611,0.066614530980587,0.061357282102108,0.02198007144033909,1.0
26,self-critical,0.06658917665481567,0.05956310033798218,0.06658917665481567,0.0631546825170517,0.007295777089893818,1.0
26,sentimental,0.06567281484603882,0.08474098891019821,0.06567281484603882,0.0613628625869751,0.014131237752735615,1.0
26,alarmed,-0.06561142206192017,-0.0615822859108448,0.06561142206192017,-0.062431782484054565,0.016842754557728767,1.0
26,scared,-0.06555341929197311,-0.08068199455738068,0.06555341929197311,-0.06167774274945259,0.012146458961069584,1.0
26,humiliated,-0.06530512124300003,-0.07274404913187027,0.06530512124300003,-0.060670994222164154,0.02334844134747982,1.0
26,envious,-0.06454446166753769,-0.06909549236297607,0.06454446166753769,-0.05955291911959648,0.018444271758198738,1.0
26,insulted,0.0623205192387104,0.06216563656926155,0.0623205192387104,0.059859879314899445,0.013159624300897121,1.0
26,unsettled,-0.06138119474053383,-0.052800484001636505,0.06138119474053383,-0.05673141032457352,0.020740007981657982,1.0
26,pleased,0.06108211725950241,0.06997302919626236,0.06108211725950241,0.05649702996015549,0.020326361060142517,1.0
26,valiant,0.05965263396501541,0.07064729183912277,0.05965263396501541,0.05591646581888199,0.01386234350502491,1.0
26,grief-stricken,0.059245992451906204,0.07112310081720352,0.059245992451906204,0.0545634925365448,0.01905996724963188,1.0
26,bored,0.057139571756124496,0.06932700425386429,0.057139571756124496,0.05355982109904289,0.024485550820827484,1.0
26,worn out,0.05667950212955475,0.07045367360115051,0.05667950212955475,0.05344377085566521,0.012332665733993053,1.0
26,lonely,-0.05576375126838684,-0.053515251725912094,0.05576375126838684,-0.053026892244815826,0.010284185409545898,1.0
26,uneasy,-0.05546862632036209,-0.034929029643535614,0.05546862632036209,-0.051474738866090775,0.019133813679218292,1.0
26,vindictive,-0.05488929897546768,-0.0432090125977993,0.05488929897546768,-0.05249880626797676,0.013383855111896992,1.0
26,shaken,-0.05452802777290344,-0.050492990761995316,0.05452802777290344,-0.05077803134918213,0.018489737063646317,1.0
26,on edge,0.05342229828238487,0.06548172980546951,0.05342229828238487,0.05113567039370537,0.011689429171383381,1.0
26,alert,-0.051306746900081635,-0.05974879860877991,0.051306746900081635,-0.047978151589632034,0.009630715474486351,1.0
26,rattled,0.05126519128680229,0.03552462160587311,0.05126519128680229,0.04918414354324341,0.010110405273735523,1.0
26,sullen,-0.049955449998378754,-0.0603133849799633,0.049955449998378754,-0.04654137045145035,0.0105927474796772,1.0
26,loving,0.04921847954392433,0.045328058302402496,0.04921847954392433,0.045320793986320496,0.021390628069639206,1.0
26,obstinate,-0.04745274782180786,-0.04072650894522667,0.04745274782180786,-0.044278256595134735,0.009622108191251755,1.0
26,stimulated,0.04727144166827202,0.03004423901438713,0.04727144166827202,0.0448450967669487,0.002115517156198621,1.0
26,nervous,-0.0472261868417263,-0.04843158647418022,0.0472261868417263,-0.0448758602142334,0.006854772102087736,1.0
26,invigorated,0.04719963297247887,0.033621300011873245,0.04719963297247887,0.044286083430051804,0.0058884164318442345,1.0
26,mortified,-0.04662087932229042,-0.03815743327140808,0.04662087932229042,-0.044690631330013275,0.014157725498080254,1.0
26,awestruck,-0.044303204864263535,-0.03990955650806427,0.044303204864263535,-0.041712235659360886,0.011741933412849903,1.0
26,brooding,-0.04287797957658768,-0.03565586730837822,0.04287797957658768,-0.039729006588459015,0.017516382038593292,1.0
26,worthless,0.042371053248643875,0.04791175574064255,0.042371053248643875,0.03842565417289734,0.02125723846256733,1.0
26,smug,0.042190030217170715,0.03310582414269447,0.042190030217170715,0.04064321145415306,0.02022472769021988,1.0
26,vengeful,-0.04172549024224281,-0.04546302556991577,0.04172549024224281,-0.03808917477726936,0.020815875381231308,1.0
26,regretful,0.041384633630514145,0.04228905215859413,0.041384633630514145,0.03952576592564583,0.017299432307481766,1.0
26,furious,-0.03980895131826401,-0.049204424023628235,0.03980895131826401,-0.037827715277671814,0.015296432189643383,1.0
26,hysterical,0.038824740797281265,0.05238685756921768,0.038824740797281265,0.0382259376347065,0.02876001037657261,0.800000011920929
26,tense,-0.037381358444690704,-0.04931621626019478,0.037381358444690704,-0.033544205129146576,0.023772500455379486,1.0
26,eager,-0.03545089811086655,-0.03393222391605377,0.03545089811086655,-0.03472272306680679,0.01668483577668667,1.0
26,unhappy,-0.03479813039302826,-0.022822730243206024,0.03479813039302826,-0.033305905759334564,0.009155753999948502,1.0
26,outraged,-0.03299320861697197,-0.02738424390554428,0.03299320861697197,-0.031048184260725975,0.004505106247961521,1.0
26,relaxed,0.03221644088625908,0.026652049273252487,0.03221644088625908,0.02927049621939659,0.01649460569024086,1.0
26,sleepy,-0.02519798092544079,-0.019087212160229683,0.02519798092544079,-0.02351318672299385,0.017278339713811874,0.800000011920929
26,irate,-0.024752933531999588,-0.02680014632642269,0.024752933531999588,-0.022372327744960785,0.012241927906870842,0.800000011920929
26,calm,0.024422088637948036,0.012928718701004982,0.024422088637948036,0.02296098694205284,0.015401478856801987,1.0
26,vibrant,0.022229833528399467,0.015799351036548615,0.022229833528399467,0.020004358142614365,0.017193064093589783,0.800000011920929
26,listless,0.021728500723838806,0.02888505905866623,0.021728500723838806,0.020817676559090614,0.015081786550581455,1.0
26,playful,0.021440541371703148,0.007420106790959835,0.021440541371703148,0.01908278837800026,0.016237689182162285,1.0
26,indifferent,-0.019143912941217422,0.018018949776887894,0.019143912941217422,-0.018825426697731018,0.015041692182421684,1.0
26,self-conscious,-0.0188674945384264,-0.03484247997403145,0.0188674945384264,-0.0166388638317585,0.018823331221938133,0.800000011920929
26,disgusted,-0.018391195684671402,0.000665524392388761,0.018391195684671402,-0.01772727631032467,0.010682792402803898,1.0
26,dependent,0.017591891810297966,0.01407475396990776,0.017591891810297966,0.01828400418162346,0.02598053216934204,0.6000000238418579
26,desperate,-0.017501594498753548,-0.0050664921291172504,0.017501594498753548,-0.016822976991534233,0.010414854623377323,0.800000011920929
26,docile,-0.016947519034147263,0.0021397359669208527,0.016947519034147263,-0.016686715185642242,0.007686968892812729,1.0
26,remorseful,-0.016566574573516846,-0.033719584345817566,0.016566574573516846,-0.014556275680661201,0.02039552666246891,0.6000000238418579
26,thrilled,0.013667317107319832,0.017258886247873306,0.013667317107319832,0.011165523901581764,0.021968930959701538,0.800000011920929
26,guilty,-0.012303426861763,-0.0033068174961954355,0.012303426861763,-0.011627543717622757,0.010649045929312706,0.800000011920929
26,disdainful,0.012250328436493874,0.011590003967285156,0.012250328436493874,0.012814168818295002,0.014560648240149021,0.800000011920929
26,horrified,-0.012071430683135986,0.004902965389192104,0.012071430683135986,-0.011168839409947395,0.01034517865628004,0.800000011920929
26,distressed,-0.011272866278886795,0.017119232565164566,0.011272866278886795,-0.011112837120890617,0.009329612366855145,0.800000011920929
26,exasperated,-0.011244715191423893,-0.0005867445725016296,0.011244715191423893,-0.01123925019055605,0.022495727986097336,0.800000011920929
26,thankful,0.011015156283974648,-0.011641379445791245,0.011015156283974648,0.010286741890013218,0.017682496458292007,0.6000000238418579
26,aroused,0.010202202945947647,0.005164747592061758,0.010202202945947647,0.010801674798130989,0.019075723364949226,0.6000000238418579
26,frightened,0.009314212016761303,0.006114274729043245,0.009314212016761303,0.009593414142727852,0.015366348437964916,0.6000000238418579
26,greedy,-0.008747478015720844,-0.01921989768743515,0.008747478015720844,-0.008496728725731373,0.012847493402659893,0.6000000238418579
26,vigilant,0.008591139689087868,0.0023531897459179163,0.008591139689087868,0.008697321638464928,0.014214940369129181,0.6000000238418579
26,afraid,-0.007213487755507231,-0.012157098390161991,0.007213487755507231,-0.005829613655805588,0.01732075959444046,0.6000000238418579
26,sad,0.006871214602142572,0.016826855018734932,0.006871214602142572,0.0054169995710253716,0.015618650242686272,0.800000011920929
26,stubborn,-0.005547800101339817,-0.01768960803747177,0.005547800101339817,-0.00552350003272295,0.016372185200452805,0.6000000238418579
26,triumphant,0.003957696724683046,-0.0021807143930345774,0.003957696724683046,0.004768447019159794,0.01757451333105564,0.6000000238418579
26,jealous,-0.0030483503360301256,0.0029203523881733418,0.0030483503360301256,-0.003181715728715062,0.009461487643420696,0.6000000238418579
26,amazed,-0.002869629068300128,0.0051973732188344,0.002869629068300128,-0.0037037513684481382,0.014076207764446735,0.4000000059604645
26,upset,0.0020124686416238546,0.030341489240527153,0.0020124686416238546,0.0011469792807474732,0.016236038878560066,0.6000000238418579
26,ashamed,-0.0018800748512148857,-0.018221300095319748,0.0018800748512148857,-0.0015699714422225952,0.010582362301647663,0.800000011920929
27,jubilant,0.4309409558773041,0.45523571968078613,0.4309409558773041,0.4060147702693939,0.04652279615402222,1.0
27,inspired,0.4052431583404541,0.381679892539978,0.4052431583404541,0.38403159379959106,0.03141968324780464,1.0
27,euphoric,0.3961489200592041,0.29867905378341675,0.3961489200592041,0.37574338912963867,0.026422791182994843,1.0
27,delighted,0.3717256784439087,0.345814049243927,0.3717256784439087,0.3544226586818695,0.013777743093669415,1.0
27,ecstatic,0.3657001256942749,0.2962833642959595,0.3657001256942749,0.34731996059417725,0.03685833513736725,1.0
27,heartbroken,-0.3654417097568512,-0.35309797525405884,0.3654417097568512,-0.3479951024055481,0.029371874406933784,1.0
27,excited,0.3587583601474762,0.3078753650188446,0.3587583601474762,0.3399266302585602,0.027638940140604973,1.0
27,patient,0.3506946563720703,0.30310627818107605,0.3506946563720703,0.33334606885910034,0.02364223822951317,1.0
27,elated,0.3447357416152954,0.25034651160240173,0.3447357416152954,0.3287915885448456,0.014741840772330761,1.0
27,proud,0.3442383110523224,0.3280613422393799,0.3442383110523224,0.3264801502227783,0.035387877374887466,1.0
27,at ease,0.33506321907043457,0.2344885766506195,0.33506321907043457,0.3221762776374817,0.04955914616584778,1.0
27,hostile,-0.3342706859111786,-0.32332783937454224,0.3342706859111786,-0.3170877695083618,0.024862617254257202,1.0
27,happy,0.3325622081756592,0.2951928675174713,0.3325622081756592,0.3152719736099243,0.03398659825325012,1.0
27,tormented,-0.32889315485954285,-0.24832789599895477,0.32889315485954285,-0.31535035371780396,0.0395575687289238,1.0
27,annoyed,-0.3283708393573761,-0.36641985177993774,0.3283708393573761,-0.31343144178390503,0.01599637046456337,1.0
27,angry,-0.3199054002761841,-0.2517765760421753,0.3199054002761841,-0.30064624547958374,0.042503517121076584,1.0
27,rejuvenated,0.3158559501171112,0.24749872088432312,0.3158559501171112,0.2979138493537903,0.03295730799436569,1.0
27,refreshed,0.3144456744194031,0.15896616876125336,0.3144456744194031,0.3006927967071533,0.015165083110332489,1.0
27,joyful,0.3083023726940155,0.22085225582122803,0.3083023726940155,0.2947361171245575,0.029046203941106796,1.0
27,serene,0.3064539134502411,0.2816535234451294,0.3064539134502411,0.28808605670928955,0.03742250055074692,1.0
27,peaceful,0.3038753569126129,0.15143729746341705,0.3038753569126129,0.28876155614852905,0.026876764371991158,1.0
27,grief-stricken,0.2967371642589569,0.3838435709476471,0.2967371642589569,0.27847686409950256,0.04031629115343094,1.0
27,blissful,0.2913619577884674,0.2688049376010895,0.2913619577884674,0.2766726613044739,0.030003022402524948,1.0
27,puzzled,-0.2913278043270111,-0.16459055244922638,0.2913278043270111,-0.278870165348053,0.01799285225570202,1.0
27,shocked,-0.2897435426712036,-0.28774186968803406,0.2897435426712036,-0.27447494864463806,0.027828389778733253,1.0
27,spiteful,-0.287403404712677,-0.11567787081003189,0.287403404712677,-0.27291470766067505,0.032941948622465134,1.0
27,offended,-0.28720787167549133,-0.18786321580410004,0.28720787167549133,-0.27160805463790894,0.030273551121354103,1.0
27,enthusiastic,0.28267186880111694,0.19279161095619202,0.28267186880111694,0.26988834142684937,0.020698346197605133,1.0
27,envious,-0.2798705995082855,-0.3005236089229584,0.2798705995082855,-0.26276788115501404,0.03732167184352875,1.0
27,bewildered,-0.2765676975250244,-0.2625049948692322,0.2765676975250244,-0.26419633626937866,0.037809476256370544,1.0
27,infatuated,0.27553871273994446,0.1391097605228424,0.27553871273994446,0.2636416554450989,0.01142103224992752,1.0
27,hopeful,0.2695200741291046,0.13200095295906067,0.2695200741291046,0.25860872864723206,0.034203410148620605,1.0
27,paranoid,-0.2653232216835022,-0.196735218167305,0.2653232216835022,-0.2506212294101715,0.030145199969410896,1.0
27,lazy,-0.2644217014312744,-0.269083708524704,0.2644217014312744,-0.24962005019187927,0.03914736956357956,1.0
27,contemptuous,-0.25975996255874634,-0.20246624946594238,0.25975996255874634,-0.24516670405864716,0.02584906667470932,1.0
27,cheerful,0.25936686992645264,0.0842859297990799,0.25936686992645264,0.2485765516757965,0.03537105768918991,1.0
27,mad,-0.25704050064086914,-0.1333124041557312,0.25704050064086914,-0.24780674278736115,0.025472553446888924,1.0
27,irritated,-0.25378870964050293,-0.2304302304983139,0.25378870964050293,-0.23682193458080292,0.04802657663822174,1.0
27,indignant,-0.2519363760948181,-0.2433634251356125,0.2519363760948181,-0.23933088779449463,0.016190962865948677,1.0
27,safe,0.25030964612960815,0.1962285041809082,0.25030964612960815,0.23666353523731232,0.02879306487739086,1.0
27,unnerved,-0.24740590155124664,-0.13478855788707733,0.24740590155124664,-0.2337137758731842,0.023340124636888504,1.0
27,humiliated,-0.2468687891960144,-0.2050582766532898,0.2468687891960144,-0.23246531188488007,0.03374560549855232,1.0
27,embarrassed,0.2419871836900711,0.24048469960689545,0.2419871836900711,0.22779306769371033,0.03364289179444313,1.0
27,amused,0.24166537821292877,0.15600630640983582,0.24166537821292877,0.2297370731830597,0.011586283333599567,1.0
27,surprised,-0.23833030462265015,-0.3110883831977844,0.23833030462265015,-0.21993479132652283,0.06480181962251663,1.0
27,worried,-0.23720450699329376,-0.2087089866399765,0.23720450699329376,-0.22870679199695587,0.025273101404309273,1.0
27,sorry,0.23686151206493378,0.22315333783626556,0.23686151206493378,0.22647631168365479,0.0116346450522542,1.0
27,hurt,-0.23626692593097687,-0.19487927854061127,0.23626692593097687,-0.22059544920921326,0.041774533689022064,1.0
27,weary,-0.23472431302070618,-0.05861976370215416,0.23472431302070618,-0.22601687908172607,0.024276964366436005,1.0
27,skeptical,-0.23263928294181824,-0.13661333918571472,0.23263928294181824,-0.2205621898174286,0.028796112164855003,1.0
27,pleased,0.22841449081897736,0.22632338106632233,0.22841449081897736,0.2147400826215744,0.030216621235013008,1.0
27,optimistic,0.22708599269390106,0.16317178308963776,0.22708599269390106,0.21483910083770752,0.02773456834256649,1.0
27,resentful,-0.2253001183271408,-0.08385975658893585,0.2253001183271408,-0.2162986695766449,0.01203463040292263,1.0
27,sentimental,0.22477605938911438,0.19745926558971405,0.22477605938911438,0.2124902904033661,0.028991574421525,1.0
27,impatient,0.2177227884531021,0.14103397727012634,0.2177227884531021,0.20277979969978333,0.04325630143284798,1.0
27,self-conscious,-0.21450984477996826,-0.33250847458839417,0.21450984477996826,-0.198819100856781,0.04618613049387932,1.0
27,grumpy,-0.21329982578754425,-0.19446852803230286,0.21329982578754425,-0.20192892849445343,0.054864197969436646,1.0
27,vindictive,-0.2121020406484604,-0.28405478596687317,0.2121020406484604,-0.19922785460948944,0.03143323212862015,1.0
27,scornful,-0.20940718054771423,-0.2008848488330841,0.20940718054771423,-0.20019161701202393,0.03446846455335617,1.0
27,vulnerable,-0.20501582324504852,-0.19232061505317688,0.20501582324504852,-0.19577667117118835,0.020474689081311226,1.0
27,grateful,0.20485515892505646,0.1931985765695572,0.20485515892505646,0.19293873012065887,0.025614550337195396,1.0
27,dumbstruck,-0.2046920508146286,-0.240877166390419,0.2046920508146286,-0.19112132489681244,0.041884735226631165,1.0
27,obstinate,-0.20394323766231537,-0.047942161560058594,0.20394323766231537,-0.1958746314048767,0.013953602872788906,1.0
27,furious,-0.20184680819511414,-0.22935324907302856,0.20184680819511414,-0.18797482550144196,0.04191996157169342,1.0
27,defiant,-0.20050770044326782,-0.2527097761631012,0.20050770044326782,-0.18516282737255096,0.0495910681784153,1.0
27,suspicious,-0.20021578669548035,-0.14327473938465118,0.20021578669548035,-0.19125354290008545,0.01766185462474823,1.0
27,uneasy,-0.19744229316711426,-0.21656131744384766,0.19744229316711426,-0.18960130214691162,0.02992231212556362,1.0
27,exuberant,0.19460956752300262,0.17167331278324127,0.19460956752300262,0.18780434131622314,0.02334665320813656,1.0
27,anxious,-0.19356288015842438,-0.030971499159932137,0.19356288015842438,-0.18374021351337433,0.01692872866988182,1.0
27,stuck,-0.19185903668403625,-0.1151081919670105,0.19185903668403625,-0.18103250861167908,0.033054057508707047,1.0
27,hope,0.18774192035198212,0.0698925107717514,0.18774192035198212,0.18191716074943542,0.0177469402551651,1.0
27,self-confident,0.18742109835147858,0.07032108306884766,0.18742109835147858,0.18171724677085876,0.030248168855905533,1.0
27,afraid,-0.18538834154605865,-0.24968813359737396,0.18538834154605865,-0.17074470221996307,0.052881281822919846,1.0
27,content,0.18331065773963928,0.05886729434132576,0.18331065773963928,0.1762758493423462,0.007924250327050686,1.0
27,horrified,-0.18265759944915771,-0.013586223125457764,0.18265759944915771,-0.17461273074150085,0.014011153019964695,1.0
27,bored,0.1815348118543625,0.24766525626182556,0.1815348118543625,0.1659812033176422,0.06130438670516014,1.0
27,sympathetic,0.18025019764900208,0.16839918494224548,0.18025019764900208,0.17349722981452942,0.01757924072444439,1.0
27,troubled,-0.17905819416046143,-0.04839010164141655,0.17905819416046143,-0.17428778111934662,0.022284476086497307,1.0
27,tense,-0.17656458914279938,-0.2787828743457794,0.17656458914279938,-0.16340869665145874,0.040045831352472305,1.0
27,disoriented,-0.17477861046791077,-0.057847123593091965,0.17477861046791077,-0.16373232007026672,0.03155827149748802,1.0
27,enraged,-0.17423641681671143,-0.19252349436283112,0.17423641681671143,-0.16266489028930664,0.03182927519083023,1.0
27,calm,0.1642526090145111,-0.0076558333821594715,0.1642526090145111,0.1545422375202179,0.019077429547905922,1.0
27,irate,-0.16169334948062897,-0.10700413584709167,0.16169334948062897,-0.14958757162094116,0.03977852687239647,1.0
27,reflective,-0.16047251224517822,-0.22653509676456451,0.16047251224517822,-0.15296927094459534,0.0385865680873394,1.0
27,trapped,-0.16002865135669708,-0.1473403424024582,0.16002865135669708,-0.14861471951007843,0.05001700669527054,1.0
27,nervous,-0.15952135622501373,-0.1393129676580429,0.15952135622501373,-0.14942486584186554,0.026825936511158943,1.0
27,disdainful,-0.15893137454986572,-0.1929633617401123,0.15893137454986572,-0.14640989899635315,0.042329102754592896,1.0
27,empathetic,0.15864866971969604,0.04621432349085808,0.15864866971969604,0.1501878798007965,0.02194925583899021,1.0
27,playful,0.1502159982919693,0.0976099967956543,0.1502159982919693,0.14401783049106598,0.036722373217344284,1.0
27,frustrated,-0.1499394029378891,-0.036272406578063965,0.1499394029378891,-0.14140823483467102,0.017674321308732033,1.0
27,energized,0.14966408908367157,0.05944904312491417,0.14966408908367157,0.14439472556114197,0.018817104399204254,1.0
27,sullen,-0.14616447687149048,-0.09887971729040146,0.14616447687149048,-0.13734564185142517,0.0186164490878582,1.0
27,invigorated,0.1454252004623413,0.11604275554418564,0.1454252004623413,0.1362314522266388,0.029650239273905754,1.0
27,frightened,-0.14156146347522736,-0.011344301514327526,0.14156146347522736,-0.1331808865070343,0.03602747619152069,1.0
27,worthless,0.14008857309818268,0.15572509169578552,0.14008857309818268,0.1315029412508011,0.030279988422989845,1.0
27,hysterical,0.13944697380065918,0.18821145594120026,0.13944697380065918,0.13782653212547302,0.03916360065340996,1.0
27,sensitive,0.13589975237846375,0.09293734282255173,0.13589975237846375,0.12782135605812073,0.033871930092573166,1.0
27,sluggish,-0.13450057804584503,-0.1686241626739502,0.13450057804584503,-0.12817862629890442,0.036801014095544815,1.0
27,restless,-0.1341215819120407,-0.017563005909323692,0.1341215819120407,-0.12694939970970154,0.01625700853765011,1.0
27,overwhelmed,-0.13297505676746368,-0.10707859694957733,0.13297505676746368,-0.12707307934761047,0.03576270490884781,1.0
27,hateful,-0.131914883852005,0.01660303585231304,0.131914883852005,-0.13006481528282166,0.041551485657691956,1.0
27,miserable,-0.13068029284477234,-0.05875026807188988,0.13068029284477234,-0.127004474401474,0.043027862906455994,1.0
27,worn out,0.12889838218688965,0.18395909667015076,0.12889838218688965,0.1184026226401329,0.0390867181122303,1.0
27,outraged,-0.12861812114715576,0.004001036752015352,0.12861812114715576,-0.12175621837377548,0.01235925778746605,1.0
27,droopy,-0.1280066817998886,-0.06414394825696945,0.1280066817998886,-0.12258531898260117,0.022295361384749413,1.0
27,rattled,0.1264699250459671,-0.0525173544883728,0.1264699250459671,0.12157170474529266,0.012869982048869133,1.0
27,shaken,-0.12634974718093872,-0.09599538892507553,0.12634974718093872,-0.12361794710159302,0.0418478362262249,1.0
27,mystified,-0.12523111701011658,-0.21587689220905304,0.12523111701011658,-0.1174202412366867,0.02460438571870327,1.0
27,listless,0.12482301890850067,0.13364337384700775,0.12482301890850067,0.11977273225784302,0.02270154096186161,1.0
27,unsettled,-0.123368039727211,-0.22412067651748657,0.123368039727211,-0.11714084446430206,0.03033294714987278,1.0
27,disturbed,-0.12143857777118683,-0.03228983283042908,0.12143857777118683,-0.11642656475305557,0.00629788963124156,1.0
27,exasperated,-0.12045971304178238,-0.06517737358808517,0.12045971304178238,-0.11405841261148453,0.030028972774744034,1.0
27,astonished,-0.12029566615819931,-0.15085335075855255,0.12029566615819931,-0.11721386760473251,0.03401973471045494,1.0
27,stressed,-0.11902482062578201,0.09051502496004105,0.11902482062578201,-0.11488674581050873,0.01281204167753458,1.0
27,thrilled,0.1173790916800499,0.043145447969436646,0.1173790916800499,0.10985983908176422,0.02015373297035694,1.0
27,terrified,-0.11231555044651031,-0.1366366595029831,0.11231555044651031,-0.10784109681844711,0.015618397854268551,1.0
27,amazed,0.1064382791519165,0.08991797268390656,0.1064382791519165,0.09700144827365875,0.035100847482681274,1.0
27,lonely,-0.10609954595565796,-0.0571133978664875,0.10609954595565796,-0.10590127855539322,0.03710683062672615,1.0
27,thankful,-0.10523372888565063,-0.1696183681488037,0.10523372888565063,-0.10266566276550293,0.018446573987603188,1.0
27,distressed,0.10343694686889648,0.20265990495681763,0.10343694686889648,0.09616150707006454,0.02280285395681858,1.0
27,resigned,-0.10278656333684921,0.011576573364436626,0.10278656333684921,-0.10017864406108856,0.013028046116232872,1.0
27,melancholy,-0.10259842127561569,-0.03437288478016853,0.10259842127561569,-0.09889020770788193,0.02789735421538353,1.0
27,vigilant,-0.10058759897947311,-0.07848112285137177,0.10058759897947311,-0.09926380962133408,0.029619576409459114,1.0
27,compassionate,0.09904005378484726,0.05273530259728432,0.09904005378484726,0.09316646307706833,0.017966696992516518,1.0
27,dependent,-0.0949847474694252,-0.18153460323810577,0.0949847474694252,-0.08597750216722488,0.042020466178655624,1.0
27,kind,0.0912020206451416,0.04601363092660904,0.0912020206451416,0.08526500314474106,0.026862269267439842,1.0
27,alert,-0.0894325003027916,-0.1440320760011673,0.0894325003027916,-0.08706579357385635,0.023722730576992035,1.0
27,ashamed,-0.08923879265785217,-0.2506255805492401,0.08923879265785217,-0.0829823687672615,0.017935996875166893,1.0
27,fulfilled,0.08834366500377655,-0.07842352986335754,0.08834366500377655,0.08519649505615234,0.02227519452571869,1.0
27,greedy,0.08776990324258804,0.127996027469635,0.08776990324258804,0.08196498453617096,0.016004232689738274,1.0
27,vibrant,0.08723726868629456,0.16167302429676056,0.08723726868629456,0.08651275932788849,0.044286128133535385,1.0
27,vengeful,-0.08553263545036316,-0.13220570981502533,0.08553263545036316,-0.0824657529592514,0.02623514086008072,1.0
27,self-critical,0.08357790857553482,0.07429668307304382,0.08357790857553482,0.08431051671504974,0.03451372683048248,1.0
27,docile,0.07377153635025024,0.11566106230020523,0.07377153635025024,0.06469079107046127,0.04325151443481445,0.800000011920929
27,mortified,-0.0723167359828949,0.08689796924591064,0.0723167359828949,-0.0712168738245964,0.02416648343205452,1.0
27,jealous,-0.0719786062836647,-0.020053211599588394,0.0719786062836647,-0.06882857531309128,0.006108840461820364,1.0
27,panicked,-0.06926535069942474,0.09584924578666687,0.06926535069942474,-0.06673501431941986,0.00694489199668169,1.0
27,remorseful,-0.06889857351779938,-0.06943480670452118,0.06889857351779938,-0.06669936329126358,0.007742397021502256,1.0
27,gloomy,-0.06650740653276443,-0.05682782828807831,0.06650740653276443,-0.06262880563735962,0.022743653506040573,1.0
27,relaxed,0.06525103002786636,0.020535238087177277,0.06525103002786636,0.059888891875743866,0.01883595436811447,1.0
27,indifferent,-0.06455351412296295,-0.05009642243385315,0.06455351412296295,-0.06065542623400688,0.0301622673869133,1.0
27,sleepy,0.06031500920653343,0.07754895091056824,0.06031500920653343,0.053689323365688324,0.04069848731160164,0.800000011920929
27,scared,-0.05984468758106232,-0.04691283032298088,0.05984468758106232,-0.05554421991109848,0.036876749247312546,1.0
27,disgusted,-0.05636280030012131,-0.03997300937771797,0.05636280030012131,-0.05453672260046005,0.01930755004286766,1.0
27,bitter,0.05424412339925766,0.0331888347864151,0.05424412339925766,0.05594092607498169,0.0283611249178648,1.0
27,nostalgic,0.04863860085606575,0.04675142094492912,0.04863860085606575,0.04606611281633377,0.0065540410578250885,1.0
27,on edge,0.048359718173742294,0.021487196907401085,0.048359718173742294,0.04637607932090759,0.00971783697605133,1.0
27,insulted,-0.03992012143135071,0.009758945554494858,0.03992012143135071,-0.037487130612134933,0.009655355475842953,1.0
27,depressed,-0.03729305416345596,0.04847307130694389,0.03729305416345596,-0.038018591701984406,0.01864263042807579,1.0
27,loving,0.0316663421690464,0.009307926520705223,0.0316663421690464,0.031104331836104393,0.02058069407939911,0.800000011920929
27,tired,-0.0283342394977808,0.1559833288192749,0.0283342394977808,-0.0329706035554409,0.04144875705242157,0.800000011920929
27,smug,-0.027975985780358315,-0.09347265958786011,0.027975985780358315,-0.02401789464056492,0.02633322961628437,0.6000000238418579
27,stimulated,0.02728859893977642,0.028396908193826675,0.02728859893977642,0.02901572920382023,0.03655748441815376,0.800000011920929
27,eager,0.025043776258826256,0.11560624837875366,0.025043776258826256,0.021113550290465355,0.03424586355686188,0.800000011920929
27,desperate,0.02433064579963684,0.16972768306732178,0.02433064579963684,0.02126200869679451,0.021834397688508034,0.800000011920929
27,alarmed,-0.023840369656682014,-0.028360087424516678,0.023840369656682014,-0.022881831973791122,0.005524053238332272,1.0
27,regretful,0.023632731288671494,0.05907916650176048,0.023632731288671494,0.021498646587133408,0.021844878792762756,0.800000011920929
27,satisfied,-0.02065766043961048,-0.16647829115390778,0.02065766043961048,-0.015957286581397057,0.02883037179708481,0.800000011920929
27,relieved,0.020567214116454124,0.002975560026243329,0.020567214116454124,0.019523542374372482,0.020106233656406403,0.800000011920929
27,stubborn,-0.018624532967805862,0.039410728961229324,0.018624532967805862,-0.020653894171118736,0.023936394602060318,0.6000000238418579
27,sad,0.01710721291601658,0.1869972050189972,0.01710721291601658,0.011221450753509998,0.04321334511041641,0.6000000238418579
27,guilty,0.016532784327864647,0.0515417717397213,0.016532784327864647,0.016014980152249336,0.0154890650883317,0.800000011920929
27,aroused,0.015827175229787827,0.03450102359056473,0.015827175229787827,0.019562730565667152,0.03280156850814819,0.6000000238418579
27,unhappy,-0.011535152792930603,-0.00032355377334170043,0.011535152792930603,-0.011719509959220886,0.02364705502986908,0.6000000238418579
27,upset,0.005555746145546436,0.15294334292411804,0.005555746145546436,0.004020272754132748,0.013004179112613201,0.6000000238418579
27,dispirited,0.003795842407271266,0.16221489012241364,0.003795842407271266,-0.0020942254923284054,0.058621153235435486,0.6000000238418579
27,brooding,-0.003686614567413926,0.004558357875794172,0.003686614567413926,-0.0037801892030984163,0.02710476517677307,0.6000000238418579
27,triumphant,-0.003342899028211832,-0.10486111044883728,0.003342899028211832,-0.0020525245927274227,0.017932487651705742,0.4000000059604645
27,perplexed,-0.002974278759211302,-0.00937668327242136,0.002974278759211302,-0.0032291985116899014,0.02695709653198719,0.6000000238418579
27,awestruck,0.002790680155158043,-0.01777816191315651,0.002790680155158043,0.0012740448582917452,0.02982962876558304,0.4000000059604645
27,valiant,0.0018005305901169777,-0.007294927258044481,0.0018005305901169777,0.0029831379652023315,0.025524349883198738,0.6000000238418579
