question_id,emotion,condition,layer,delta_sycophancy_projection,delta_emotion_projection
eval01,empathetic,full,20,1.853625774383545,12.898050308227539
eval01,empathetic,full,21,2.1048989295959473,12.481903076171875
eval01,empathetic,full,22,1.8157199621200562,12.550191879272461
eval01,empathetic,full,23,1.6812934875488281,12.542797088623047
eval01,empathetic,full,24,1.6884634494781494,12.885818481445312
eval01,empathetic,full,25,1.4649232625961304,13.143595695495605
eval01,empathetic,full,26,0.9825635552406311,13.481245040893555
eval01,empathetic,full,27,2.599470615386963,13.823602676391602
eval01,empathetic,orthogonal_matched,20,0.1356978416442871,12.72659683227539
eval01,empathetic,orthogonal_matched,21,0.27856314182281494,12.248035430908203
eval01,empathetic,orthogonal_matched,22,-0.061273396015167236,12.335033416748047
eval01,empathetic,orthogonal_matched,23,-0.38920146226882935,12.316335678100586
eval01,empathetic,orthogonal_matched,24,-0.5078815221786499,12.668269157409668
eval01,empathetic,orthogonal_matched,25,-0.9197508096694946,12.899569511413574
eval01,empathetic,orthogonal_matched,26,-1.4520924091339111,13.287324905395508
eval01,empathetic,orthogonal_matched,27,-0.7539353370666504,13.499343872070312
eval01,exuberant,full,20,1.2394566535949707,8.699338912963867
eval01,exuberant,full,21,1.2823911905288696,8.293680191040039
eval01,exuberant,full,22,1.3936251401901245,8.1430025100708
eval01,exuberant,full,23,1.8229091167449951,7.969991683959961
eval01,exuberant,full,24,2.0925214290618896,8.137581825256348
eval01,exuberant,full,25,2.1564457416534424,8.225862503051758
eval01,exuberant,full,26,2.2448770999908447,8.522419929504395
eval01,exuberant,full,27,4.196445465087891,9.197168350219727
eval01,exuberant,orthogonal_matched,20,0.14028361439704895,8.60025691986084
eval01,exuberant,orthogonal_matched,21,0.1258217841386795,8.230463981628418
eval01,exuberant,orthogonal_matched,22,0.20823436975479126,8.085171699523926
eval01,exuberant,orthogonal_matched,23,0.4922652542591095,7.8997297286987305
eval01,exuberant,orthogonal_matched,24,0.6803858280181885,8.041966438293457
eval01,exuberant,orthogonal_matched,25,0.6189367771148682,8.142541885375977
eval01,exuberant,orthogonal_matched,26,0.6998571753501892,8.407280921936035
eval01,exuberant,orthogonal_matched,27,2.098968505859375,8.853477478027344
eval01,invigorated,full,20,0.7578996419906616,9.582544326782227
eval01,invigorated,full,21,0.905310869216919,9.452703475952148
eval01,invigorated,full,22,0.8875100612640381,9.470824241638184
eval01,invigorated,full,23,1.0409741401672363,9.597668647766113
eval01,invigorated,full,24,0.8823554515838623,9.855656623840332
eval01,invigorated,full,25,0.8265929222106934,10.229974746704102
eval01,invigorated,full,26,0.8294601440429688,10.887897491455078
eval01,invigorated,full,27,2.9785313606262207,11.821208953857422
eval01,invigorated,orthogonal_matched,20,0.10808837413787842,9.540462493896484
eval01,invigorated,orthogonal_matched,21,0.22584664821624756,9.40023136138916
eval01,invigorated,orthogonal_matched,22,0.19189736247062683,9.420494079589844
eval01,invigorated,orthogonal_matched,23,0.26680639386177063,9.538872718811035
eval01,invigorated,orthogonal_matched,24,0.0647362768650055,9.79715633392334
eval01,invigorated,orthogonal_matched,25,-0.055144816637039185,10.164278984069824
eval01,invigorated,orthogonal_matched,26,-0.07015267014503479,10.816953659057617
eval01,invigorated,orthogonal_matched,27,1.7726318836212158,11.59762191772461
eval01,cheerful,full,20,2.675255298614502,10.268257141113281
eval01,cheerful,full,21,2.7044358253479004,9.763318061828613
eval01,cheerful,full,22,2.8180947303771973,9.787187576293945
eval01,cheerful,full,23,3.202129364013672,9.890275001525879
eval01,cheerful,full,24,3.4062771797180176,9.860288619995117
eval01,cheerful,full,25,3.347623348236084,10.014266967773438
eval01,cheerful,full,26,2.929931163787842,10.587543487548828
eval01,cheerful,full,27,4.225366592407227,12.531720161437988
eval01,cheerful,orthogonal_matched,20,0.10514301061630249,9.869340896606445
eval01,cheerful,orthogonal_matched,21,-0.016611039638519287,9.374465942382812
eval01,cheerful,orthogonal_matched,22,0.027651160955429077,9.449529647827148
eval01,cheerful,orthogonal_matched,23,0.12046146392822266,9.481852531433105
eval01,cheerful,orthogonal_matched,24,0.1377042531967163,9.409006118774414
eval01,cheerful,orthogonal_matched,25,-0.20964136719703674,9.567631721496582
eval01,cheerful,orthogonal_matched,26,-0.7528237104415894,10.178863525390625
eval01,cheerful,orthogonal_matched,27,-0.9449557065963745,11.506668090820312
eval01,joyful,full,20,1.524162769317627,19.846588134765625
eval01,joyful,full,21,1.1877130270004272,17.689865112304688
eval01,joyful,full,22,2.0095064640045166,15.779396057128906
eval01,joyful,full,23,2.8358631134033203,15.225532531738281
eval01,joyful,full,24,3.500363826751709,15.261756896972656
eval01,joyful,full,25,3.976888656616211,15.149711608886719
eval01,joyful,full,26,4.808876991271973,15.10643482208252
eval01,joyful,full,27,8.394572257995605,19.21392822265625
eval01,joyful,orthogonal_matched,20,0.8218632936477661,19.770221710205078
eval01,joyful,orthogonal_matched,21,0.45208805799484253,17.630586624145508
eval01,joyful,orthogonal_matched,22,1.255972146987915,15.708081245422363
eval01,joyful,orthogonal_matched,23,2.00264048576355,15.136435508728027
eval01,joyful,orthogonal_matched,24,2.606320858001709,15.15062427520752
eval01,joyful,orthogonal_matched,25,3.0038297176361084,15.025635719299316
eval01,joyful,orthogonal_matched,26,3.7904019355773926,14.96202278137207
eval01,joyful,orthogonal_matched,27,7.015224456787109,18.587085723876953
eval01,happy,full,20,1.332228660583496,15.092025756835938
eval01,happy,full,21,1.368779182434082,13.03123664855957
eval01,happy,full,22,2.076958656311035,11.76285457611084
eval01,happy,full,23,2.721029281616211,11.015604972839355
eval01,happy,full,24,3.1405892372131348,11.126998901367188
eval01,happy,full,25,3.3667078018188477,10.987020492553711
eval01,happy,full,26,4.238036632537842,11.305801391601562
eval01,happy,full,27,8.703838348388672,14.173442840576172
eval01,happy,orthogonal_matched,20,0.5546097755432129,15.046340942382812
eval01,happy,orthogonal_matched,21,0.5471517443656921,13.001213073730469
eval01,happy,orthogonal_matched,22,1.2327938079833984,11.71003246307373
eval01,happy,orthogonal_matched,23,1.7964341640472412,10.920740127563477
eval01,happy,orthogonal_matched,24,2.171888589859009,10.99227523803711
eval01,happy,orthogonal_matched,25,2.309474229812622,10.836421012878418
eval01,happy,orthogonal_matched,26,3.152714490890503,11.07949447631836
eval01,happy,orthogonal_matched,27,7.220170497894287,13.530012130737305
eval01,optimistic,full,20,1.6203892230987549,17.25227928161621
eval01,optimistic,full,21,1.5540180206298828,15.415962219238281
eval01,optimistic,full,22,2.4014954566955566,14.242515563964844
eval01,optimistic,full,23,3.2303686141967773,13.769644737243652
eval01,optimistic,full,24,3.6519854068756104,14.164040565490723
eval01,optimistic,full,25,3.9163386821746826,13.87010669708252
eval01,optimistic,full,26,4.308734893798828,14.155555725097656
eval01,optimistic,full,27,5.154759407043457,15.13504409790039
eval01,optimistic,orthogonal_matched,20,0.37862420082092285,17.13931655883789
eval01,optimistic,orthogonal_matched,21,0.24959036707878113,15.303956031799316
eval01,optimistic,orthogonal_matched,22,1.0694358348846436,14.058889389038086
eval01,optimistic,orthogonal_matched,23,1.7357177734375,13.518186569213867
eval01,optimistic,orthogonal_matched,24,2.05717396736145,13.846259117126465
eval01,optimistic,orthogonal_matched,25,2.1816482543945312,13.514510154724121
eval01,optimistic,orthogonal_matched,26,2.5052905082702637,13.769156455993652
eval01,optimistic,orthogonal_matched,27,2.7396159172058105,14.313749313354492
eval01,delighted,full,20,4.003570556640625,14.920713424682617
eval01,delighted,full,21,4.2891316413879395,13.955437660217285
eval01,delighted,full,22,4.298131942749023,13.932665824890137
eval01,delighted,full,23,5.283591270446777,14.164688110351562
eval01,delighted,full,24,5.586777687072754,14.639076232910156
eval01,delighted,full,25,6.1476240158081055,14.946216583251953
eval01,delighted,full,26,6.069167137145996,15.759683609008789
eval01,delighted,full,27,9.352903366088867,17.93008804321289
eval01,delighted,orthogonal_matched,20,0.7834751605987549,14.417068481445312
eval01,delighted,orthogonal_matched,21,0.879734218120575,13.379974365234375
eval01,delighted,orthogonal_matched,22,0.813746452331543,13.362138748168945
eval01,delighted,orthogonal_matched,23,1.4514703750610352,13.41581916809082
eval01,delighted,orthogonal_matched,24,1.524718999862671,13.835939407348633
eval01,delighted,orthogonal_matched,25,1.7434600591659546,14.067279815673828
eval01,delighted,orthogonal_matched,26,1.5787365436553955,14.8690767288208
eval01,delighted,orthogonal_matched,27,3.298165798187256,15.844720840454102
eval01,thankful,full,20,-0.21870271861553192,13.370742797851562
eval01,thankful,full,21,-0.31622540950775146,12.391672134399414
eval01,thankful,full,22,-0.11205902695655823,12.107507705688477
eval01,thankful,full,23,-0.016876354813575745,11.70727825164795
eval01,thankful,full,24,0.30328938364982605,12.086254119873047
eval01,thankful,full,25,0.27676135301589966,11.958860397338867
eval01,thankful,full,26,0.5086053609848022,11.854179382324219
eval01,thankful,full,27,-1.2704895734786987,13.733381271362305
eval01,thankful,orthogonal_matched,20,0.1904868632555008,13.372981071472168
eval01,thankful,orthogonal_matched,21,0.11290735006332397,12.38562297821045
eval01,thankful,orthogonal_matched,22,0.3281686305999756,12.102456092834473
eval01,thankful,orthogonal_matched,23,0.47127774357795715,11.701581954956055
eval01,thankful,orthogonal_matched,24,0.8156594634056091,12.092448234558105
eval01,thankful,orthogonal_matched,25,0.8296058773994446,11.969878196716309
eval01,thankful,orthogonal_matched,26,1.073673963546753,11.863539695739746
eval01,thankful,orthogonal_matched,27,-0.5297284722328186,13.640838623046875
eval01,inspired,full,20,2.3335046768188477,12.487004280090332
eval01,inspired,full,21,2.362905740737915,12.28847599029541
eval01,inspired,full,22,2.3066327571868896,12.187292098999023
eval01,inspired,full,23,2.433966636657715,12.192205429077148
eval01,inspired,full,24,2.688875675201416,12.583215713500977
eval01,inspired,full,25,2.647829532623291,12.981438636779785
eval01,inspired,full,26,2.403644561767578,13.606904983520508
eval01,inspired,full,27,6.000807762145996,14.572721481323242
eval01,inspired,orthogonal_matched,20,-0.12355148792266846,12.228611946105957
eval01,inspired,orthogonal_matched,21,-0.2508717477321625,12.017980575561523
eval01,inspired,orthogonal_matched,22,-0.3751341700553894,11.953996658325195
eval01,inspired,orthogonal_matched,23,-0.5350251197814941,11.926036834716797
eval01,inspired,orthogonal_matched,24,-0.46292850375175476,12.308406829833984
eval01,inspired,orthogonal_matched,25,-0.7726908922195435,12.641068458557129
eval01,inspired,orthogonal_matched,26,-1.1150705814361572,13.218536376953125
eval01,inspired,orthogonal_matched,27,1.0952595472335815,12.493003845214844
eval01,afraid,full,20,0.029623128473758698,8.264909744262695
eval01,afraid,full,21,0.05776508152484894,7.861690521240234
eval01,afraid,full,22,-0.02190501242876053,7.563248634338379
eval01,afraid,full,23,-0.12921221554279327,7.460021018981934
eval01,afraid,full,24,-0.05831505358219147,7.689126968383789
eval01,afraid,full,25,-0.138835147023201,7.8776750564575195
eval01,afraid,full,26,-0.3452020287513733,8.39504623413086
eval01,afraid,full,27,-1.2763583660125732,8.472951889038086
eval01,afraid,orthogonal_matched,20,-0.06002938374876976,8.26373291015625
eval01,afraid,orthogonal_matched,21,-0.03352038934826851,7.861180305480957
eval01,afraid,orthogonal_matched,22,-0.11628646403551102,7.561281204223633
eval01,afraid,orthogonal_matched,23,-0.23225703835487366,7.458932399749756
eval01,afraid,orthogonal_matched,24,-0.171995609998703,7.688709259033203
eval01,afraid,orthogonal_matched,25,-0.25893643498420715,7.879158973693848
eval01,afraid,orthogonal_matched,26,-0.45907333493232727,8.392875671386719
eval01,afraid,orthogonal_matched,27,-1.3809059858322144,8.439949035644531
eval01,depressed,full,20,-0.835334062576294,8.857453346252441
eval01,depressed,full,21,-0.8021686673164368,8.418055534362793
eval01,depressed,full,22,-0.9429199695587158,8.391181945800781
eval01,depressed,full,23,-1.127070426940918,8.317985534667969
eval01,depressed,full,24,-1.1687381267547607,8.739355087280273
eval01,depressed,full,25,-1.2036925554275513,8.86438274383545
eval01,depressed,full,26,-1.3254413604736328,9.20855712890625
eval01,depressed,full,27,-0.9271575808525085,9.850774765014648
eval01,depressed,orthogonal_matched,20,-0.040706951171159744,8.820794105529785
eval01,depressed,orthogonal_matched,21,0.0448903925716877,8.382672309875488
eval01,depressed,orthogonal_matched,22,-0.07930739223957062,8.354009628295898
eval01,depressed,orthogonal_matched,23,-0.16239497065544128,8.252126693725586
eval01,depressed,orthogonal_matched,24,-0.14271408319473267,8.662996292114258
eval01,depressed,orthogonal_matched,25,-0.10048376768827438,8.79476547241211
eval01,depressed,orthogonal_matched,26,-0.21624889969825745,9.156142234802246
eval01,depressed,orthogonal_matched,27,0.5412483215332031,9.842320442199707
eval01,horrified,full,20,0.41383326053619385,11.146492958068848
eval01,horrified,full,21,0.5297208428382874,9.535368919372559
eval01,horrified,full,22,0.1767258644104004,8.426165580749512
eval01,horrified,full,23,-0.10384431481361389,7.803823471069336
eval01,horrified,full,24,-0.39448630809783936,7.568892002105713
eval01,horrified,full,25,-0.45867058634757996,7.294169902801514
eval01,horrified,full,26,-1.0627987384796143,6.892136573791504
eval01,horrified,full,27,-2.7448840141296387,6.412875652313232
eval01,horrified,orthogonal_matched,20,-0.276719868183136,11.150802612304688
eval01,horrified,orthogonal_matched,21,-0.1995830535888672,9.522208213806152
eval01,horrified,orthogonal_matched,22,-0.5673151016235352,8.425468444824219
eval01,horrified,orthogonal_matched,23,-0.9315668344497681,7.81005859375
eval01,horrified,orthogonal_matched,24,-1.2797858715057373,7.608361721038818
eval01,horrified,orthogonal_matched,25,-1.4115607738494873,7.360273838043213
eval01,horrified,orthogonal_matched,26,-2.032226800918579,6.95701789855957
eval01,horrified,orthogonal_matched,27,-4.05607271194458,6.708545207977295
eval01,disgusted,full,20,-0.3468503952026367,9.591039657592773
eval01,disgusted,full,21,-0.2573460340499878,8.543801307678223
eval01,disgusted,full,22,-0.2995143532752991,8.261364936828613
eval01,disgusted,full,23,-0.5185351371765137,8.132250785827637
eval01,disgusted,full,24,-0.593708872795105,8.082085609436035
eval01,disgusted,full,25,-0.9667320251464844,8.01572036743164
eval01,disgusted,full,26,-1.4425091743469238,8.157190322875977
eval01,disgusted,full,27,-3.3759591579437256,7.484821319580078
eval01,disgusted,orthogonal_matched,20,-0.12069767713546753,9.58944320678711
eval01,disgusted,orthogonal_matched,21,-0.013887673616409302,8.560955047607422
eval01,disgusted,orthogonal_matched,22,-0.05320283770561218,8.281871795654297
eval01,disgusted,orthogonal_matched,23,-0.2495909333229065,8.151542663574219
eval01,disgusted,orthogonal_matched,24,-0.30535072088241577,8.098187446594238
eval01,disgusted,orthogonal_matched,25,-0.6592546105384827,8.03265380859375
eval01,disgusted,orthogonal_matched,26,-1.1195111274719238,8.179102897644043
eval01,disgusted,orthogonal_matched,27,-2.9571516513824463,7.464871406555176
eval01,furious,full,20,-1.156810998916626,19.54644775390625
eval01,furious,full,21,-1.1282658576965332,17.566043853759766
eval01,furious,full,22,-0.903897225856781,15.812604904174805
eval01,furious,full,23,-0.29196029901504517,14.767709732055664
eval01,furious,full,24,-0.07947933673858643,14.841155052185059
eval01,furious,full,25,0.31055861711502075,14.523730278015137
eval01,furious,full,26,0.5926576852798462,13.37089729309082
eval01,furious,full,27,-0.9302849173545837,9.929926872253418
eval01,furious,orthogonal_matched,20,0.3689544200897217,19.520627975463867
eval01,furious,orthogonal_matched,21,0.46928834915161133,17.52277946472168
eval01,furious,orthogonal_matched,22,0.7262965440750122,15.787240028381348
eval01,furious,orthogonal_matched,23,1.5268138647079468,14.74787712097168
eval01,furious,orthogonal_matched,24,1.8296198844909668,14.830987930297852
eval01,furious,orthogonal_matched,25,2.3878748416900635,14.50477409362793
eval01,furious,orthogonal_matched,26,2.709566593170166,13.344743728637695
eval01,furious,orthogonal_matched,27,1.9222322702407837,9.622515678405762
eval01,hurt,full,20,-0.3196598291397095,11.812871932983398
eval01,hurt,full,21,-0.4245857298374176,10.484318733215332
eval01,hurt,full,22,-1.0856118202209473,9.697708129882812
eval01,hurt,full,23,-1.5721518993377686,9.512031555175781
eval01,hurt,full,24,-1.8864113092422485,9.843208312988281
eval01,hurt,full,25,-2.2447667121887207,9.611392974853516
eval01,hurt,full,26,-3.2054622173309326,9.899949073791504
eval01,hurt,full,27,-6.3199992179870605,12.75141429901123
eval01,hurt,orthogonal_matched,20,-0.32875651121139526,11.812636375427246
eval01,hurt,orthogonal_matched,21,-0.43422600626945496,10.485557556152344
eval01,hurt,orthogonal_matched,22,-1.0943925380706787,9.701338768005371
eval01,hurt,orthogonal_matched,23,-1.5785210132598877,9.520002365112305
eval01,hurt,orthogonal_matched,24,-1.8921171426773071,9.845572471618652
eval01,hurt,orthogonal_matched,25,-2.2581796646118164,9.610982894897461
eval01,hurt,orthogonal_matched,26,-3.2194693088531494,9.90718936920166
eval01,hurt,orthogonal_matched,27,-6.379298686981201,12.777885437011719
eval01,miserable,full,20,-0.5406085252761841,10.46772575378418
eval01,miserable,full,21,-0.23854464292526245,9.69488525390625
eval01,miserable,full,22,-0.4125312864780426,9.592452049255371
eval01,miserable,full,23,-0.8110954165458679,9.371631622314453
eval01,miserable,full,24,-0.9581166505813599,9.586875915527344
eval01,miserable,full,25,-1.211782455444336,9.469273567199707
eval01,miserable,full,26,-1.4786145687103271,9.630328178405762
eval01,miserable,full,27,-3.268134593963623,9.77869987487793
eval01,miserable,orthogonal_matched,20,0.026746004819869995,10.463788032531738
eval01,miserable,orthogonal_matched,21,0.3705880641937256,9.705430030822754
eval01,miserable,orthogonal_matched,22,0.2112596333026886,9.605316162109375
eval01,miserable,orthogonal_matched,23,-0.11157219111919403,9.364543914794922
eval01,miserable,orthogonal_matched,24,-0.2370578497648239,9.559894561767578
eval01,miserable,orthogonal_matched,25,-0.4214460849761963,9.439657211303711
eval01,miserable,orthogonal_matched,26,-0.6727729439735413,9.600563049316406
eval01,miserable,orthogonal_matched,27,-2.056541919708252,9.599556922912598
eval01,hateful,full,20,-1.3585668802261353,10.642230033874512
eval01,hateful,full,21,-1.3592551946640015,10.213912963867188
eval01,hateful,full,22,-1.5310128927230835,9.921453475952148
eval01,hateful,full,23,-2.158038854598999,10.205597877502441
eval01,hateful,full,24,-2.2379279136657715,10.474071502685547
eval01,hateful,full,25,-2.7341275215148926,10.543184280395508
eval01,hateful,full,26,-3.0592916011810303,10.558058738708496
eval01,hateful,full,27,-6.377965927124023,11.362396240234375
eval01,hateful,orthogonal_matched,20,-0.07306398451328278,10.551735877990723
eval01,hateful,orthogonal_matched,21,-0.0010505057871341705,10.154479026794434
eval01,hateful,orthogonal_matched,22,-0.14606362581253052,9.842561721801758
eval01,hateful,orthogonal_matched,23,-0.6160893440246582,10.069812774658203
eval01,hateful,orthogonal_matched,24,-0.5996929407119751,10.364274978637695
eval01,hateful,orthogonal_matched,25,-0.968467652797699,10.418573379516602
eval01,hateful,orthogonal_matched,26,-1.261875867843628,10.43542194366455
eval01,hateful,orthogonal_matched,27,-3.9065001010894775,10.865351676940918
eval01,tormented,full,20,-1.6742866039276123,10.890417098999023
eval01,tormented,full,21,-1.3678430318832397,10.753111839294434
eval01,tormented,full,22,-1.3998545408248901,11.064501762390137
eval01,tormented,full,23,-2.0958001613616943,11.495302200317383
eval01,tormented,full,24,-2.2736620903015137,12.401309967041016
eval01,tormented,full,25,-2.7007832527160645,12.909868240356445
eval01,tormented,full,26,-2.799187421798706,13.3015718460083
eval01,tormented,full,27,-8.018420219421387,12.694353103637695
eval01,tormented,orthogonal_matched,20,0.06614995747804642,10.702463150024414
eval01,tormented,orthogonal_matched,21,0.48041850328445435,10.565193176269531
eval01,tormented,orthogonal_matched,22,0.48535385727882385,10.90255355834961
eval01,tormented,orthogonal_matched,23,0.007786083966493607,11.217028617858887
eval01,tormented,orthogonal_matched,24,-0.038880713284015656,12.091383934020996
eval01,tormented,orthogonal_matched,25,-0.27613207697868347,12.508264541625977
eval01,tormented,orthogonal_matched,26,-0.331393301486969,12.907259941101074
eval01,tormented,orthogonal_matched,27,-4.6196465492248535,11.405851364135742
eval01,upset,full,20,0.38704484701156616,12.133325576782227
eval01,upset,full,21,0.5476644039154053,10.836893081665039
eval01,upset,full,22,0.5699232220649719,10.4379243850708
eval01,upset,full,23,0.33672627806663513,9.86953353881836
eval01,upset,full,24,-0.014008492231369019,9.942296981811523
eval01,upset,full,25,0.09991797804832458,9.836106300354004
eval01,upset,full,26,0.10175751149654388,9.647637367248535
eval01,upset,full,27,1.0407686233520508,10.488441467285156
eval01,upset,orthogonal_matched,20,-0.13544930517673492,12.152495384216309
eval01,upset,orthogonal_matched,21,-0.005543306469917297,10.82082748413086
eval01,upset,orthogonal_matched,22,0.002559095621109009,10.414031028747559
eval01,upset,orthogonal_matched,23,-0.3030289113521576,9.8333740234375
eval01,upset,orthogonal_matched,24,-0.6986289024353027,9.906845092773438
eval01,upset,orthogonal_matched,25,-0.6394331455230713,9.796721458435059
eval01,upset,orthogonal_matched,26,-0.6584082841873169,9.562536239624023
eval01,upset,orthogonal_matched,27,-0.05497241020202637,10.395782470703125
eval02,empathetic,full,20,1.718484878540039,13.096966743469238
eval02,empathetic,full,21,1.8675533533096313,12.67902660369873
eval02,empathetic,full,22,1.4942508935928345,12.676904678344727
eval02,empathetic,full,23,1.687669038772583,12.983898162841797
eval02,empathetic,full,24,1.799633264541626,13.363178253173828
eval02,empathetic,full,25,1.6766363382339478,13.654375076293945
eval02,empathetic,full,26,1.1654109954833984,14.164436340332031
eval02,empathetic,full,27,2.879727363586426,13.508096694946289
eval02,empathetic,orthogonal_matched,20,-0.04128563404083252,12.938142776489258
eval02,empathetic,orthogonal_matched,21,-0.003208264708518982,12.49124526977539
eval02,empathetic,orthogonal_matched,22,-0.3947080373764038,12.520183563232422
eval02,empathetic,orthogonal_matched,23,-0.41907763481140137,12.812837600708008
eval02,empathetic,orthogonal_matched,24,-0.4323376715183258,13.18758487701416
eval02,empathetic,orthogonal_matched,25,-0.7600778937339783,13.442974090576172
eval02,empathetic,orthogonal_matched,26,-1.354677677154541,13.98132610321045
eval02,empathetic,orthogonal_matched,27,-0.47294116020202637,13.025516510009766
eval02,exuberant,full,20,1.2960455417633057,8.920577049255371
eval02,exuberant,full,21,1.2528315782546997,8.838619232177734
eval02,exuberant,full,22,1.2780280113220215,8.841176986694336
eval02,exuberant,full,23,1.761277675628662,8.734081268310547
eval02,exuberant,full,24,2.0785415172576904,9.092366218566895
eval02,exuberant,full,25,2.1207706928253174,9.331779479980469
eval02,exuberant,full,26,2.1619911193847656,9.620626449584961
eval02,exuberant,full,27,4.843020439147949,10.249678611755371
eval02,exuberant,orthogonal_matched,20,0.1623302698135376,8.813407897949219
eval02,exuberant,orthogonal_matched,21,0.05272600054740906,8.76424789428711
eval02,exuberant,orthogonal_matched,22,0.06188565492630005,8.766325950622559
eval02,exuberant,orthogonal_matched,23,0.39598506689071655,8.632290840148926
eval02,exuberant,orthogonal_matched,24,0.633445680141449,8.96639347076416
eval02,exuberant,orthogonal_matched,25,0.5336766242980957,9.212044715881348
eval02,exuberant,orthogonal_matched,26,0.5363394021987915,9.484042167663574
eval02,exuberant,orthogonal_matched,27,2.644767999649048,9.861884117126465
eval02,invigorated,full,20,0.8048233389854431,9.862268447875977
eval02,invigorated,full,21,0.9705762267112732,9.929731369018555
eval02,invigorated,full,22,0.8524777889251709,9.958592414855957
eval02,invigorated,full,23,1.0609147548675537,10.18770694732666
eval02,invigorated,full,24,1.127376914024353,10.729137420654297
eval02,invigorated,full,25,1.1094589233398438,11.602254867553711
eval02,invigorated,full,26,1.1848104000091553,12.26473617553711
eval02,invigorated,full,27,4.239428520202637,13.723189353942871
eval02,invigorated,orthogonal_matched,20,0.13516438007354736,9.819201469421387
eval02,invigorated,orthogonal_matched,21,0.2724703550338745,9.870994567871094
eval02,invigorated,orthogonal_matched,22,0.14456519484519958,9.899860382080078
eval02,invigorated,orthogonal_matched,23,0.2710109055042267,10.114908218383789
eval02,invigorated,orthogonal_matched,24,0.282265305519104,10.65352725982666
eval02,invigorated,orthogonal_matched,25,0.17774584889411926,11.5137939453125
eval02,invigorated,orthogonal_matched,26,0.22398757934570312,12.154175758361816
eval02,invigorated,orthogonal_matched,27,2.95635986328125,13.368341445922852
eval02,cheerful,full,20,2.800513505935669,10.516221046447754
eval02,cheerful,full,21,2.826071262359619,10.295380592346191
eval02,cheerful,full,22,2.7406210899353027,10.396197319030762
eval02,cheerful,full,23,3.3055293560028076,10.605287551879883
eval02,cheerful,full,24,3.7810211181640625,10.80726146697998
eval02,cheerful,full,25,3.8262157440185547,11.163483619689941
eval02,cheerful,full,26,3.379847288131714,11.838872909545898
eval02,cheerful,full,27,5.863750457763672,14.345948219299316
eval02,cheerful,orthogonal_matched,20,0.1518467664718628,10.126724243164062
eval02,cheerful,orthogonal_matched,21,0.007113516330718994,9.923216819763184
eval02,cheerful,orthogonal_matched,22,-0.12375074625015259,10.127426147460938
eval02,cheerful,orthogonal_matched,23,0.11835148930549622,10.230677604675293
eval02,cheerful,orthogonal_matched,24,0.3996122479438782,10.369898796081543
eval02,cheerful,orthogonal_matched,25,0.10174566507339478,10.71756362915039
eval02,cheerful,orthogonal_matched,26,-0.5107119083404541,11.411808967590332
eval02,cheerful,orthogonal_matched,27,0.6711544990539551,12.88772201538086
eval02,joyful,full,20,1.734647274017334,20.5556640625
eval02,joyful,full,21,1.45645010471344,18.658279418945312
eval02,joyful,full,22,1.8990681171417236,16.657434463500977
eval02,joyful,full,23,2.722006320953369,15.958382606506348
eval02,joyful,full,24,3.154764175415039,16.249755859375
eval02,joyful,full,25,3.607999801635742,16.198036193847656
eval02,joyful,full,26,4.697361946105957,16.24736213684082
eval02,joyful,full,27,10.706377029418945,19.868043899536133
eval02,joyful,orthogonal_matched,20,1.0093674659729004,20.464387893676758
eval02,joyful,orthogonal_matched,21,0.6946687698364258,18.57679557800293
eval02,joyful,orthogonal_matched,22,1.122774362564087,16.5643253326416
eval02,joyful,orthogonal_matched,23,1.8291826248168945,15.854035377502441
eval02,joyful,orthogonal_matched,24,2.2087411880493164,16.111631393432617
eval02,joyful,orthogonal_matched,25,2.57334566116333,16.05499839782715
eval02,joyful,orthogonal_matched,26,3.624786615371704,16.078798294067383
eval02,joyful,orthogonal_matched,27,9.270950317382812,19.248966217041016
eval02,happy,full,20,1.3713451623916626,15.465313911437988
eval02,happy,full,21,1.2230520248413086,13.970860481262207
eval02,happy,full,22,1.6222591400146484,12.901636123657227
eval02,happy,full,23,2.2669079303741455,12.358843803405762
eval02,happy,full,24,2.6125741004943848,12.555198669433594
eval02,happy,full,25,2.6800241470336914,12.601694107055664
eval02,happy,full,26,3.9854373931884766,12.838216781616211
eval02,happy,full,27,10.167970657348633,15.955291748046875
eval02,happy,orthogonal_matched,20,0.5802419185638428,15.417587280273438
eval02,happy,orthogonal_matched,21,0.3872087001800537,13.931090354919434
eval02,happy,orthogonal_matched,22,0.7731168270111084,12.840672492980957
eval02,happy,orthogonal_matched,23,1.3183164596557617,12.24797248840332
eval02,happy,orthogonal_matched,24,1.6136157512664795,12.401073455810547
eval02,happy,orthogonal_matched,25,1.5930380821228027,12.431981086730957
eval02,happy,orthogonal_matched,26,2.869873285293579,12.620262145996094
eval02,happy,orthogonal_matched,27,8.753132820129395,15.32626724243164
eval02,optimistic,full,20,1.7047054767608643,17.735301971435547
eval02,optimistic,full,21,1.7574026584625244,15.710558891296387
eval02,optimistic,full,22,2.3924975395202637,14.40208911895752
eval02,optimistic,full,23,3.182507038116455,14.385446548461914
eval02,optimistic,full,24,3.3024611473083496,15.081986427307129
eval02,optimistic,full,25,3.542025089263916,15.07777214050293
eval02,optimistic,full,26,4.226059913635254,15.612488746643066
eval02,optimistic,full,27,7.402712821960449,17.283010482788086
eval02,optimistic,orthogonal_matched,20,0.43228840827941895,17.631567001342773
eval02,optimistic,orthogonal_matched,21,0.4064147174358368,15.58144760131836
eval02,optimistic,orthogonal_matched,22,1.0260083675384521,14.212745666503906
eval02,optimistic,orthogonal_matched,23,1.6267132759094238,14.10139274597168
eval02,optimistic,orthogonal_matched,24,1.6437175273895264,14.713315963745117
eval02,optimistic,orthogonal_matched,25,1.7190136909484863,14.672846794128418
eval02,optimistic,orthogonal_matched,26,2.3391122817993164,15.162980079650879
eval02,optimistic,orthogonal_matched,27,4.971246242523193,16.312358856201172
eval02,delighted,full,20,4.041561126708984,15.460054397583008
eval02,delighted,full,21,4.366905212402344,15.06245231628418
eval02,delighted,full,22,4.204629898071289,15.139443397521973
eval02,delighted,full,23,5.299294471740723,15.438020706176758
eval02,delighted,full,24,5.465841293334961,16.37058448791504
eval02,delighted,full,25,6.135192394256592,17.01456642150879
eval02,delighted,full,26,5.937346458435059,18.33533477783203
eval02,delighted,full,27,11.072683334350586,21.20054817199707
eval02,delighted,orthogonal_matched,20,0.7345829606056213,14.919976234436035
eval02,delighted,orthogonal_matched,21,0.8512082099914551,14.453060150146484
eval02,delighted,orthogonal_matched,22,0.6510840058326721,14.542861938476562
eval02,delighted,orthogonal_matched,23,1.3307384252548218,14.614051818847656
eval02,delighted,orthogonal_matched,24,1.2562426328659058,15.454985618591309
eval02,delighted,orthogonal_matched,25,1.5195419788360596,15.960247993469238
eval02,delighted,orthogonal_matched,26,1.1669201850891113,17.242341995239258
eval02,delighted,orthogonal_matched,27,4.862060070037842,18.67707061767578
eval02,thankful,full,20,-0.31163322925567627,13.672135353088379
eval02,thankful,full,21,-0.654147744178772,13.002894401550293
eval02,thankful,full,22,-0.6137850284576416,12.48974323272705
eval02,thankful,full,23,-0.582003653049469,12.370378494262695
eval02,thankful,full,24,-0.32712632417678833,12.907308578491211
eval02,thankful,full,25,-0.693248450756073,13.08423137664795
eval02,thankful,full,26,-0.5978956818580627,13.358867645263672
eval02,thankful,full,27,-2.5663065910339355,14.203989028930664
eval02,thankful,orthogonal_matched,20,0.10869470983743668,13.668306350708008
eval02,thankful,orthogonal_matched,21,-0.20918793976306915,12.980386734008789
eval02,thankful,orthogonal_matched,22,-0.1692192554473877,12.468652725219727
eval02,thankful,orthogonal_matched,23,-0.09129451215267181,12.350244522094727
eval02,thankful,orthogonal_matched,24,0.19814154505729675,12.90230941772461
eval02,thankful,orthogonal_matched,25,-0.13052526116371155,13.083532333374023
eval02,thankful,orthogonal_matched,26,-0.019621610641479492,13.363485336303711
eval02,thankful,orthogonal_matched,27,-1.7978335618972778,14.112262725830078
eval02,inspired,full,20,2.4200966358184814,12.85371208190918
eval02,inspired,full,21,2.5161795616149902,12.945972442626953
eval02,inspired,full,22,2.2744016647338867,12.973966598510742
eval02,inspired,full,23,2.616769552230835,13.241034507751465
eval02,inspired,full,24,3.0477075576782227,13.883273124694824
eval02,inspired,full,25,3.081385612487793,14.505111694335938
eval02,inspired,full,26,2.7089996337890625,15.042289733886719
eval02,inspired,full,27,6.642561912536621,16.04756736755371
eval02,inspired,orthogonal_matched,20,-0.10924938321113586,12.60370922088623
eval02,inspired,orthogonal_matched,21,-0.18040037155151367,12.690166473388672
eval02,inspired,orthogonal_matched,22,-0.4575350284576416,12.754168510437012
eval02,inspired,orthogonal_matched,23,-0.42435669898986816,12.971592903137207
eval02,inspired,orthogonal_matched,24,-0.19361132383346558,13.571399688720703
eval02,inspired,orthogonal_matched,25,-0.4753580093383789,14.085088729858398
eval02,inspired,orthogonal_matched,26,-1.0240718126296997,14.553035736083984
eval02,inspired,orthogonal_matched,27,1.503766417503357,13.505353927612305
eval02,afraid,full,20,0.040810033679008484,8.536904335021973
eval02,afraid,full,21,0.12720173597335815,8.272403717041016
eval02,afraid,full,22,0.02265215665102005,8.018649101257324
eval02,afraid,full,23,0.015134043991565704,8.050483703613281
eval02,afraid,full,24,0.12487457692623138,8.34237003326416
eval02,afraid,full,25,0.023344961926341057,8.777409553527832
eval02,afraid,full,26,-0.07336187362670898,9.282339096069336
eval02,afraid,full,27,-2.2823710441589355,9.474867820739746
eval02,afraid,orthogonal_matched,20,-0.05214232951402664,8.538226127624512
eval02,afraid,orthogonal_matched,21,0.029848646372556686,8.273045539855957
eval02,afraid,orthogonal_matched,22,-0.07171784341335297,8.01860523223877
eval02,afraid,orthogonal_matched,23,-0.0885189026594162,8.052937507629395
eval02,afraid,orthogonal_matched,24,0.010595202445983887,8.349520683288574
eval02,afraid,orthogonal_matched,25,-0.10053591430187225,8.787758827209473
eval02,afraid,orthogonal_matched,26,-0.20582067966461182,9.289506912231445
eval02,afraid,orthogonal_matched,27,-2.417793035507202,9.471834182739258
eval02,depressed,full,20,-0.7997543215751648,9.062458992004395
eval02,depressed,full,21,-0.8696362972259521,8.903007507324219
eval02,depressed,full,22,-0.9160653352737427,8.903451919555664
eval02,depressed,full,23,-1.243422269821167,9.144695281982422
eval02,depressed,full,24,-1.166967749595642,9.812183380126953
eval02,depressed,full,25,-1.244170069694519,10.195541381835938
eval02,depressed,full,26,-1.445125937461853,10.786674499511719
eval02,depressed,full,27,-2.2157411575317383,10.809301376342773
eval02,depressed,orthogonal_matched,20,0.0011972598731517792,9.028092384338379
eval02,depressed,orthogonal_matched,21,-0.02884259819984436,8.860313415527344
eval02,depressed,orthogonal_matched,22,-0.07823055237531662,8.861387252807617
eval02,depressed,orthogonal_matched,23,-0.3004731237888336,9.063530921936035
eval02,depressed,orthogonal_matched,24,-0.15715405344963074,9.725054740905762
eval02,depressed,orthogonal_matched,25,-0.14470791816711426,10.100597381591797
eval02,depressed,orthogonal_matched,26,-0.3170732259750366,10.712922096252441
eval02,depressed,orthogonal_matched,27,-0.7738813757896423,10.760031700134277
eval02,horrified,full,20,0.4577655494213104,11.302694320678711
eval02,horrified,full,21,0.6746165752410889,10.028063774108887
eval02,horrified,full,22,0.3920772671699524,8.828998565673828
eval02,horrified,full,23,0.124970942735672,8.134441375732422
eval02,horrified,full,24,0.024032920598983765,8.012415885925293
eval02,horrified,full,25,-0.03397327661514282,7.788043022155762
eval02,horrified,full,26,-0.9414948225021362,7.392575263977051
eval02,horrified,full,27,-4.993381500244141,6.795567512512207
eval02,horrified,orthogonal_matched,20,-0.24409261345863342,11.293722152709961
eval02,horrified,orthogonal_matched,21,-0.06821832060813904,10.000993728637695
eval02,horrified,orthogonal_matched,22,-0.3458132743835449,8.81633186340332
eval02,horrified,orthogonal_matched,23,-0.693924605846405,8.13696575164795
eval02,horrified,orthogonal_matched,24,-0.8551390767097473,8.041243553161621
eval02,horrified,orthogonal_matched,25,-1.0004470348358154,7.822336196899414
eval02,horrified,orthogonal_matched,26,-1.9527885913848877,7.398070812225342
eval02,horrified,orthogonal_matched,27,-6.394902229309082,7.042922496795654
eval02,disgusted,full,20,-0.3469664454460144,9.718957901000977
eval02,disgusted,full,21,-0.1823917180299759,8.895256042480469
eval02,disgusted,full,22,-0.13939973711967468,8.684017181396484
eval02,disgusted,full,23,-0.23409193754196167,8.602328300476074
eval02,disgusted,full,24,-0.1394074559211731,8.861907958984375
eval02,disgusted,full,25,-0.49119317531585693,9.088281631469727
eval02,disgusted,full,26,-0.9815163016319275,9.176912307739258
eval02,disgusted,full,27,-3.132160186767578,7.881283760070801
eval02,disgusted,orthogonal_matched,20,-0.12035106122493744,9.712444305419922
eval02,disgusted,orthogonal_matched,21,0.05538399517536163,8.896992683410645
eval02,disgusted,orthogonal_matched,22,0.10106687992811203,8.689929962158203
eval02,disgusted,orthogonal_matched,23,0.038576461374759674,8.611248016357422
eval02,disgusted,orthogonal_matched,24,0.15175092220306396,8.873116493225098
eval02,disgusted,orthogonal_matched,25,-0.17419613897800446,9.08938217163086
eval02,disgusted,orthogonal_matched,26,-0.6298570036888123,9.176347732543945
eval02,disgusted,orthogonal_matched,27,-2.6247057914733887,7.801545143127441
eval02,furious,full,20,-0.9727380871772766,20.101408004760742
eval02,furious,full,21,-1.10170316696167,18.334489822387695
eval02,furious,full,22,-1.0534722805023193,16.508113861083984
eval02,furious,full,23,-0.5521106719970703,15.866776466369629
eval02,furious,full,24,-0.6337282061576843,16.318910598754883
eval02,furious,full,25,-0.2507801055908203,16.724964141845703
eval02,furious,full,26,0.7681052088737488,15.506711959838867
eval02,furious,full,27,1.1378173828125,11.209083557128906
eval02,furious,orthogonal_matched,20,0.5591566562652588,20.07085418701172
eval02,furious,orthogonal_matched,21,0.5114645957946777,18.325489044189453
eval02,furious,orthogonal_matched,22,0.5704474449157715,16.507610321044922
eval02,furious,orthogonal_matched,23,1.2930898666381836,15.868366241455078
eval02,furious,orthogonal_matched,24,1.2992719411849976,16.318819046020508
eval02,furious,orthogonal_matched,25,1.874556064605713,16.690401077270508
eval02,furious,orthogonal_matched,26,2.975053548812866,15.411186218261719
eval02,furious,orthogonal_matched,27,3.930695056915283,10.870071411132812
eval02,hurt,full,20,-0.318426251411438,11.970873832702637
eval02,hurt,full,21,-0.3515123128890991,10.749079704284668
eval02,hurt,full,22,-0.9180791974067688,9.733424186706543
eval02,hurt,full,23,-1.2278413772583008,9.609318733215332
eval02,hurt,full,24,-1.3383808135986328,10.12689208984375
eval02,hurt,full,25,-1.5590795278549194,9.96406364440918
eval02,hurt,full,26,-2.5013835430145264,10.048255920410156
eval02,hurt,full,27,-7.013287544250488,13.306722640991211
eval02,hurt,orthogonal_matched,20,-0.32535549998283386,11.97323989868164
eval02,hurt,orthogonal_matched,21,-0.35912206768989563,10.749837875366211
eval02,hurt,orthogonal_matched,22,-0.9241383671760559,9.736859321594238
eval02,hurt,orthogonal_matched,23,-1.230365514755249,9.61520004272461
eval02,hurt,orthogonal_matched,24,-1.343161940574646,10.128281593322754
eval02,hurt,orthogonal_matched,25,-1.5561316013336182,9.967490196228027
eval02,hurt,orthogonal_matched,26,-2.497344732284546,10.036116600036621
eval02,hurt,orthogonal_matched,27,-7.0341339111328125,13.289070129394531
eval02,miserable,full,20,-0.4906366467475891,10.700946807861328
eval02,miserable,full,21,-0.25538137555122375,10.045759201049805
eval02,miserable,full,22,-0.22876621782779694,10.01435661315918
eval02,miserable,full,23,-0.6425317525863647,9.730894088745117
eval02,miserable,full,24,-0.6028028130531311,10.242218971252441
eval02,miserable,full,25,-0.8946363925933838,10.52621078491211
eval02,miserable,full,26,-1.4539068937301636,10.957368850708008
eval02,miserable,full,27,-3.8080215454101562,10.392043113708496
eval02,miserable,orthogonal_matched,20,0.07428053021430969,10.706385612487793
eval02,miserable,orthogonal_matched,21,0.34389492869377136,10.0621919631958
eval02,miserable,orthogonal_matched,22,0.3720308542251587,10.036356925964355
eval02,miserable,orthogonal_matched,23,0.02487862855195999,9.724233627319336
eval02,miserable,orthogonal_matched,24,0.09733245521783829,10.22259521484375
eval02,miserable,orthogonal_matched,25,-0.12375722080469131,10.491212844848633
eval02,miserable,orthogonal_matched,26,-0.652945339679718,10.92809009552002
eval02,miserable,orthogonal_matched,27,-2.685635805130005,10.183541297912598
eval02,hateful,full,20,-1.408673882484436,10.940330505371094
eval02,hateful,full,21,-1.4397683143615723,10.701958656311035
eval02,hateful,full,22,-1.623360514640808,10.550468444824219
eval02,hateful,full,23,-2.190887451171875,11.205039024353027
eval02,hateful,full,24,-2.3490426540374756,12.039200782775879
eval02,hateful,full,25,-2.9277656078338623,12.444436073303223
eval02,hateful,full,26,-3.5017387866973877,13.015631675720215
eval02,hateful,full,27,-8.164590835571289,13.317056655883789
eval02,hateful,orthogonal_matched,20,-0.1129881739616394,10.86103630065918
eval02,hateful,orthogonal_matched,21,-0.07618100941181183,10.660266876220703
eval02,hateful,orthogonal_matched,22,-0.260332316160202,10.506750106811523
eval02,hateful,orthogonal_matched,23,-0.6647441387176514,11.107344627380371
eval02,hateful,orthogonal_matched,24,-0.7264493107795715,11.96399974822998
eval02,hateful,orthogonal_matched,25,-1.1630456447601318,12.347774505615234
eval02,hateful,orthogonal_matched,26,-1.6872050762176514,12.915275573730469
eval02,hateful,orthogonal_matched,27,-5.661532878875732,12.892125129699707
eval02,tormented,full,20,-1.6504013538360596,11.173389434814453
eval02,tormented,full,21,-1.403538465499878,11.173992156982422
eval02,tormented,full,22,-1.2473559379577637,11.785565376281738
eval02,tormented,full,23,-1.9082378149032593,12.312492370605469
eval02,tormented,full,24,-1.9886009693145752,13.349617004394531
eval02,tormented,full,25,-2.5877041816711426,14.238283157348633
eval02,tormented,full,26,-2.976762056350708,14.828592300415039
eval02,tormented,full,27,-9.018574714660645,12.57176399230957
eval02,tormented,orthogonal_matched,20,0.10198730230331421,11.017288208007812
eval02,tormented,orthogonal_matched,21,0.45299142599105835,11.015402793884277
eval02,tormented,orthogonal_matched,22,0.6100929379463196,11.666308403015137
eval02,tormented,orthogonal_matched,23,0.18572330474853516,12.074247360229492
eval02,tormented,orthogonal_matched,24,0.24221280217170715,13.08538818359375
eval02,tormented,orthogonal_matched,25,-0.15239295363426208,13.877913475036621
eval02,tormented,orthogonal_matched,26,-0.43378621339797974,14.512118339538574
eval02,tormented,orthogonal_matched,27,-5.768834114074707,11.344289779663086
eval02,upset,full,20,0.43704864382743835,12.216891288757324
eval02,upset,full,21,0.8360500335693359,11.489923477172852
eval02,upset,full,22,0.9190995097160339,11.181930541992188
eval02,upset,full,23,0.7252731323242188,10.439455032348633
eval02,upset,full,24,0.6596325635910034,10.54050064086914
eval02,upset,full,25,0.9076613187789917,10.548267364501953
eval02,upset,full,26,0.5895020365715027,10.018207550048828
eval02,upset,full,27,-0.5140488743782043,9.192533493041992
eval02,upset,orthogonal_matched,20,-0.0946628600358963,12.218809127807617
eval02,upset,orthogonal_matched,21,0.2789682149887085,11.460946083068848
eval02,upset,orthogonal_matched,22,0.3624613583087921,11.13936710357666
eval02,upset,orthogonal_matched,23,0.08518685400485992,10.372915267944336
eval02,upset,orthogonal_matched,24,-0.024716816842556,10.481576919555664
eval02,upset,orthogonal_matched,25,0.15445737540721893,10.477015495300293
eval02,upset,orthogonal_matched,26,-0.20249098539352417,9.886844635009766
eval02,upset,orthogonal_matched,27,-1.6430000066757202,9.058991432189941
eval03,empathetic,full,20,1.8279449939727783,13.16591739654541
eval03,empathetic,full,21,2.057821035385132,12.85134506225586
eval03,empathetic,full,22,1.8302814960479736,13.090743064880371
eval03,empathetic,full,23,2.044029712677002,13.210782051086426
eval03,empathetic,full,24,2.312831163406372,13.93642520904541
eval03,empathetic,full,25,2.413128614425659,14.273299217224121
eval03,empathetic,full,26,2.1789493560791016,14.556501388549805
eval03,empathetic,full,27,4.265054225921631,14.862918853759766
eval03,empathetic,orthogonal_matched,20,0.08168816566467285,12.993721008300781
eval03,empathetic,orthogonal_matched,21,0.22058695554733276,12.657115936279297
eval03,empathetic,orthogonal_matched,22,-0.06186365336179733,12.90324592590332
eval03,empathetic,orthogonal_matched,23,-0.0692666694521904,12.986907005310059
eval03,empathetic,orthogonal_matched,24,0.03521905466914177,13.70697021484375
eval03,empathetic,orthogonal_matched,25,-0.05453115701675415,14.007706642150879
eval03,empathetic,orthogonal_matched,26,-0.36752083897590637,14.286728858947754
eval03,empathetic,orthogonal_matched,27,0.8387198448181152,14.516639709472656
eval03,exuberant,full,20,1.2922526597976685,8.927303314208984
eval03,exuberant,full,21,1.301236629486084,8.7359037399292
eval03,exuberant,full,22,1.4040498733520508,8.702597618103027
eval03,exuberant,full,23,1.799384593963623,8.52105712890625
eval03,exuberant,full,24,2.0787386894226074,8.855907440185547
eval03,exuberant,full,25,2.1426925659179688,9.136024475097656
eval03,exuberant,full,26,2.318355083465576,9.508331298828125
eval03,exuberant,full,27,3.948514699935913,10.244216918945312
eval03,exuberant,orthogonal_matched,20,0.17372514307498932,8.827096939086914
eval03,exuberant,orthogonal_matched,21,0.12641793489456177,8.660066604614258
eval03,exuberant,orthogonal_matched,22,0.1878443956375122,8.64134407043457
eval03,exuberant,orthogonal_matched,23,0.42177411913871765,8.443836212158203
eval03,exuberant,orthogonal_matched,24,0.5899977684020996,8.729351043701172
eval03,exuberant,orthogonal_matched,25,0.5362725853919983,9.005343437194824
eval03,exuberant,orthogonal_matched,26,0.6534581184387207,9.349193572998047
eval03,exuberant,orthogonal_matched,27,1.648709774017334,9.72655963897705
eval03,invigorated,full,20,0.8631818890571594,9.97953987121582
eval03,invigorated,full,21,1.1548320055007935,9.989266395568848
eval03,invigorated,full,22,1.242202877998352,10.346227645874023
eval03,invigorated,full,23,1.3522812128067017,10.545583724975586
eval03,invigorated,full,24,1.2406797409057617,10.981729507446289
eval03,invigorated,full,25,1.4088618755340576,11.469409942626953
eval03,invigorated,full,26,1.8009085655212402,12.145146369934082
eval03,invigorated,full,27,5.251236438751221,14.459795951843262
eval03,invigorated,orthogonal_matched,20,0.19961315393447876,9.940189361572266
eval03,invigorated,orthogonal_matched,21,0.46198564767837524,9.940555572509766
eval03,invigorated,orthogonal_matched,22,0.5303338170051575,10.303500175476074
eval03,invigorated,orthogonal_matched,23,0.5503972172737122,10.492112159729004
eval03,invigorated,orthogonal_matched,24,0.3666866719722748,10.930039405822754
eval03,invigorated,orthogonal_matched,25,0.46279340982437134,11.411910057067871
eval03,invigorated,orthogonal_matched,26,0.8264027833938599,12.071962356567383
eval03,invigorated,orthogonal_matched,27,3.8916451930999756,14.169204711914062
eval03,cheerful,full,20,2.839495897293091,10.691184997558594
eval03,cheerful,full,21,2.96646785736084,10.36247444152832
eval03,cheerful,full,22,3.1744136810302734,10.558755874633789
eval03,cheerful,full,23,3.758209228515625,10.746801376342773
eval03,cheerful,full,24,4.1735920906066895,10.913198471069336
eval03,cheerful,full,25,4.376697063446045,11.087163925170898
eval03,cheerful,full,26,4.338716506958008,11.879477500915527
eval03,cheerful,full,27,7.157202243804932,15.162050247192383
eval03,cheerful,orthogonal_matched,20,0.20913848280906677,10.266691207885742
eval03,cheerful,orthogonal_matched,21,0.19885003566741943,9.943918228149414
eval03,cheerful,orthogonal_matched,22,0.3194417953491211,10.169655799865723
eval03,cheerful,orthogonal_matched,23,0.5630128979682922,10.255837440490723
eval03,cheerful,orthogonal_matched,24,0.7175705432891846,10.38560962677002
eval03,cheerful,orthogonal_matched,25,0.6302928924560547,10.568873405456543
eval03,cheerful,orthogonal_matched,26,0.4326416254043579,11.369356155395508
eval03,cheerful,orthogonal_matched,27,1.7517452239990234,13.842662811279297
eval03,joyful,full,20,1.5252299308776855,20.283967971801758
eval03,joyful,full,21,1.3491183519363403,18.091503143310547
eval03,joyful,full,22,2.138537645339966,16.461589813232422
eval03,joyful,full,23,2.6031594276428223,16.0417537689209
eval03,joyful,full,24,3.0699329376220703,16.60931968688965
eval03,joyful,full,25,3.3634543418884277,16.76357650756836
eval03,joyful,full,26,4.429653167724609,16.85188102722168
eval03,joyful,full,27,9.828646659851074,21.772228240966797
eval03,joyful,orthogonal_matched,20,0.8004607558250427,20.2036075592041
eval03,joyful,orthogonal_matched,21,0.5921205878257751,18.01961326599121
eval03,joyful,orthogonal_matched,22,1.3490867614746094,16.377229690551758
eval03,joyful,orthogonal_matched,23,1.6981505155563354,15.957343101501465
eval03,joyful,orthogonal_matched,24,2.0870018005371094,16.49717140197754
eval03,joyful,orthogonal_matched,25,2.2909398078918457,16.651927947998047
eval03,joyful,orthogonal_matched,26,3.301555871963501,16.695152282714844
eval03,joyful,orthogonal_matched,27,7.990307807922363,21.05801773071289
eval03,happy,full,20,1.384385585784912,15.35667610168457
eval03,happy,full,21,1.4148914813995361,13.501124382019043
eval03,happy,full,22,2.2058043479919434,12.299423217773438
eval03,happy,full,23,2.7019529342651367,11.863260269165039
eval03,happy,full,24,2.998137950897217,12.016966819763184
eval03,happy,full,25,3.167367458343506,12.083937644958496
eval03,happy,full,26,4.694880485534668,12.657426834106445
eval03,happy,full,27,11.829572677612305,17.78757095336914
eval03,happy,orthogonal_matched,20,0.5942466259002686,15.308741569519043
eval03,happy,orthogonal_matched,21,0.5878492593765259,13.449308395385742
eval03,happy,orthogonal_matched,22,1.3496894836425781,12.230517387390137
eval03,happy,orthogonal_matched,23,1.7355310916900635,11.755202293395996
eval03,happy,orthogonal_matched,24,1.9630640745162964,11.853233337402344
eval03,happy,orthogonal_matched,25,2.0448975563049316,11.897603988647461
eval03,happy,orthogonal_matched,26,3.5317704677581787,12.399420738220215
eval03,happy,orthogonal_matched,27,10.019737243652344,16.970468521118164
eval03,optimistic,full,20,1.4973326921463013,17.60501480102539
eval03,optimistic,full,21,1.3740460872650146,15.694883346557617
eval03,optimistic,full,22,2.2495269775390625,14.55683708190918
eval03,optimistic,full,23,2.9038443565368652,14.349817276000977
eval03,optimistic,full,24,3.2366623878479004,14.84058952331543
eval03,optimistic,full,25,3.0349984169006348,14.945679664611816
eval03,optimistic,full,26,3.6045660972595215,15.210567474365234
eval03,optimistic,full,27,6.331625938415527,16.649232864379883
eval03,optimistic,orthogonal_matched,20,0.23470622301101685,17.50042152404785
eval03,optimistic,orthogonal_matched,21,0.05050453543663025,15.561759948730469
eval03,optimistic,orthogonal_matched,22,0.8956427574157715,14.340585708618164
eval03,optimistic,orthogonal_matched,23,1.352781057357788,14.074012756347656
eval03,optimistic,orthogonal_matched,24,1.5631754398345947,14.491802215576172
eval03,optimistic,orthogonal_matched,25,1.2182334661483765,14.556140899658203
eval03,optimistic,orthogonal_matched,26,1.7098546028137207,14.780800819396973
eval03,optimistic,orthogonal_matched,27,3.6537628173828125,15.759071350097656
eval03,delighted,full,20,4.069599151611328,15.375447273254395
eval03,delighted,full,21,4.5242533683776855,14.69015884399414
eval03,delighted,full,22,4.503830909729004,14.858396530151367
eval03,delighted,full,23,5.650712013244629,15.144161224365234
eval03,delighted,full,24,6.070162773132324,15.962837219238281
eval03,delighted,full,25,6.8892292976379395,16.381803512573242
eval03,delighted,full,26,7.27344274520874,17.354415893554688
eval03,delighted,full,27,13.176176071166992,20.76999855041504
eval03,delighted,orthogonal_matched,20,0.7751601934432983,14.865650177001953
eval03,delighted,orthogonal_matched,21,1.0532445907592773,14.094080924987793
eval03,delighted,orthogonal_matched,22,0.9423502683639526,14.259690284729004
eval03,delighted,orthogonal_matched,23,1.6685409545898438,14.334321022033691
eval03,delighted,orthogonal_matched,24,1.7711520195007324,15.052314758300781
eval03,delighted,orthogonal_matched,25,2.2558603286743164,15.37452220916748
eval03,delighted,orthogonal_matched,26,2.492938280105591,16.333805084228516
eval03,delighted,orthogonal_matched,27,6.627281188964844,18.32623863220215
eval03,thankful,full,20,-0.367277055978775,13.660385131835938
eval03,thankful,full,21,-0.559540867805481,12.926445007324219
eval03,thankful,full,22,-0.3602142333984375,12.450559616088867
eval03,thankful,full,23,-0.32016903162002563,12.35145092010498
eval03,thankful,full,24,0.06723494827747345,12.984410285949707
eval03,thankful,full,25,-0.18715277314186096,12.882088661193848
eval03,thankful,full,26,0.20066995918750763,13.02287483215332
eval03,thankful,full,27,-1.2131872177124023,13.911426544189453
eval03,thankful,orthogonal_matched,20,0.05243885517120361,13.66806411743164
eval03,thankful,orthogonal_matched,21,-0.12056013941764832,12.932552337646484
eval03,thankful,orthogonal_matched,22,0.08807146549224854,12.464057922363281
eval03,thankful,orthogonal_matched,23,0.18281905353069305,12.36269760131836
eval03,thankful,orthogonal_matched,24,0.6270281076431274,13.003336906433105
eval03,thankful,orthogonal_matched,25,0.41308653354644775,12.908366203308105
eval03,thankful,orthogonal_matched,26,0.8075169324874878,13.077314376831055
eval03,thankful,orthogonal_matched,27,-0.41281911730766296,13.830390930175781
eval03,inspired,full,20,2.4543631076812744,12.826274871826172
eval03,inspired,full,21,2.633963108062744,12.780466079711914
eval03,inspired,full,22,2.768707513809204,12.841791152954102
eval03,inspired,full,23,3.0084292888641357,12.94775676727295
eval03,inspired,full,24,3.4014639854431152,13.638174057006836
eval03,inspired,full,25,3.7795822620391846,14.038310050964355
eval03,inspired,full,26,4.0741095542907715,14.668561935424805
eval03,inspired,full,27,9.560164451599121,17.755510330200195
eval03,inspired,orthogonal_matched,20,-0.06130746006965637,12.573701858520508
eval03,inspired,orthogonal_matched,21,-0.022594958543777466,12.542638778686523
eval03,inspired,orthogonal_matched,22,0.024661242961883545,12.604268074035645
eval03,inspired,orthogonal_matched,23,-0.05920451879501343,12.664756774902344
eval03,inspired,orthogonal_matched,24,0.07715338468551636,13.345059394836426
eval03,inspired,orthogonal_matched,25,0.18355590105056763,13.678778648376465
eval03,inspired,orthogonal_matched,26,0.3612607717514038,14.231596946716309
eval03,inspired,orthogonal_matched,27,4.382399559020996,15.429403305053711
eval03,afraid,full,20,-0.0408027358353138,8.566553115844727
eval03,afraid,full,21,-0.027935391291975975,8.28471851348877
eval03,afraid,full,22,-0.07645653188228607,7.946713924407959
eval03,afraid,full,23,-0.12872214615345,7.830362796783447
eval03,afraid,full,24,-0.06396310031414032,8.077302932739258
eval03,afraid,full,25,-0.09001719206571579,8.263358116149902
eval03,afraid,full,26,-0.38990429043769836,8.842577934265137
eval03,afraid,full,27,-2.600755214691162,9.098520278930664
eval03,afraid,orthogonal_matched,20,-0.135561004281044,8.56704330444336
eval03,afraid,orthogonal_matched,21,-0.1269560158252716,8.282233238220215
eval03,afraid,orthogonal_matched,22,-0.18286457657814026,7.945516586303711
eval03,afraid,orthogonal_matched,23,-0.24761764705181122,7.827260971069336
eval03,afraid,orthogonal_matched,24,-0.1909027248620987,8.07611083984375
eval03,afraid,orthogonal_matched,25,-0.22323697805404663,8.265100479125977
eval03,afraid,orthogonal_matched,26,-0.535850465297699,8.845183372497559
eval03,afraid,orthogonal_matched,27,-2.779947280883789,9.133560180664062
eval03,depressed,full,20,-0.7705998420715332,9.186798095703125
eval03,depressed,full,21,-0.8390997052192688,8.943864822387695
eval03,depressed,full,22,-0.9051387310028076,9.066415786743164
eval03,depressed,full,23,-1.31631338596344,9.030847549438477
eval03,depressed,full,24,-1.376402735710144,9.529891967773438
eval03,depressed,full,25,-1.3836984634399414,9.718231201171875
eval03,depressed,full,26,-1.5079805850982666,10.07918643951416
eval03,depressed,full,27,-1.6000012159347534,10.800378799438477
eval03,depressed,orthogonal_matched,20,0.03059840202331543,9.150819778442383
eval03,depressed,orthogonal_matched,21,-0.0041359346359968185,8.90501880645752
eval03,depressed,orthogonal_matched,22,-0.058369752019643784,9.023494720458984
eval03,depressed,orthogonal_matched,23,-0.35712864995002747,8.950706481933594
eval03,depressed,orthogonal_matched,24,-0.32621297240257263,9.45114803314209
eval03,depressed,orthogonal_matched,25,-0.255499005317688,9.639318466186523
eval03,depressed,orthogonal_matched,26,-0.32962098717689514,10.020345687866211
eval03,depressed,orthogonal_matched,27,0.07762867212295532,10.92154312133789
eval03,horrified,full,20,0.538196325302124,11.220195770263672
eval03,horrified,full,21,0.7114269733428955,9.787313461303711
eval03,horrified,full,22,0.3443634808063507,8.705554962158203
eval03,horrified,full,23,0.20935794711112976,8.199175834655762
eval03,horrified,full,24,0.1349949836730957,7.971920013427734
eval03,horrified,full,25,0.3462234139442444,7.889623641967773
eval03,horrified,full,26,-0.15391984581947327,7.747949600219727
eval03,horrified,full,27,-1.6867139339447021,7.27039098739624
eval03,horrified,orthogonal_matched,20,-0.15706509351730347,11.233677864074707
eval03,horrified,orthogonal_matched,21,-0.011644899845123291,9.793956756591797
eval03,horrified,orthogonal_matched,22,-0.3984534442424774,8.707283973693848
eval03,horrified,orthogonal_matched,23,-0.6284420490264893,8.200075149536133
eval03,horrified,orthogonal_matched,24,-0.7718898057937622,8.0172119140625
eval03,horrified,orthogonal_matched,25,-0.6320386528968811,7.951268196105957
eval03,horrified,orthogonal_matched,26,-1.1497670412063599,7.827781677246094
eval03,horrified,orthogonal_matched,27,-3.0278429985046387,7.5557708740234375
eval03,disgusted,full,20,-0.2954006791114807,9.739803314208984
eval03,disgusted,full,21,-0.17899201810359955,8.847840309143066
eval03,disgusted,full,22,-0.21014204621315002,8.480015754699707
eval03,disgusted,full,23,-0.3208414316177368,8.27006721496582
eval03,disgusted,full,24,-0.2884109914302826,8.226774215698242
eval03,disgusted,full,25,-0.5141450762748718,8.252833366394043
eval03,disgusted,full,26,-1.086988091468811,8.299448013305664
eval03,disgusted,full,27,-2.8233604431152344,7.252326011657715
eval03,disgusted,orthogonal_matched,20,-0.06859475374221802,9.732000350952148
eval03,disgusted,orthogonal_matched,21,0.055978402495384216,8.848852157592773
eval03,disgusted,orthogonal_matched,22,0.029152587056159973,8.490632057189941
eval03,disgusted,orthogonal_matched,23,-0.050948627293109894,8.280264854431152
eval03,disgusted,orthogonal_matched,24,0.005241565406322479,8.230712890625
eval03,disgusted,orthogonal_matched,25,-0.19464313983917236,8.249929428100586
eval03,disgusted,orthogonal_matched,26,-0.7702968120574951,8.296621322631836
eval03,disgusted,orthogonal_matched,27,-2.3728508949279785,7.235318660736084
eval03,furious,full,20,-1.227628469467163,19.914766311645508
eval03,furious,full,21,-1.2395493984222412,17.689136505126953
eval03,furious,full,22,-1.0026147365570068,15.875670433044434
eval03,furious,full,23,-0.746285617351532,15.04085636138916
eval03,furious,full,24,-0.8082088232040405,15.188178062438965
eval03,furious,full,25,-0.8398581147193909,15.56907844543457
eval03,furious,full,26,-0.49699753522872925,14.576105117797852
eval03,furious,full,27,-2.705125570297241,10.565558433532715
eval03,furious,orthogonal_matched,20,0.30906981229782104,19.879261016845703
eval03,furious,orthogonal_matched,21,0.3666556179523468,17.66968536376953
eval03,furious,orthogonal_matched,22,0.6361031532287598,15.869776725769043
eval03,furious,orthogonal_matched,23,1.1231743097305298,15.018072128295898
eval03,furious,orthogonal_matched,24,1.1951274871826172,15.187952995300293
eval03,furious,orthogonal_matched,25,1.3359876871109009,15.565640449523926
eval03,furious,orthogonal_matched,26,1.7620563507080078,14.51509952545166
eval03,furious,orthogonal_matched,27,0.5633761882781982,9.855682373046875
eval03,hurt,full,20,-0.20871153473854065,12.059917449951172
eval03,hurt,full,21,-0.2346433401107788,10.902185440063477
eval03,hurt,full,22,-0.8597617745399475,10.067601203918457
eval03,hurt,full,23,-1.1893656253814697,10.054070472717285
eval03,hurt,full,24,-1.501678466796875,10.555553436279297
eval03,hurt,full,25,-1.4375841617584229,10.568187713623047
eval03,hurt,full,26,-2.2143666744232178,10.858830451965332
eval03,hurt,full,27,-4.872942924499512,13.131206512451172
eval03,hurt,orthogonal_matched,20,-0.21861299872398376,12.05819034576416
eval03,hurt,orthogonal_matched,21,-0.24415898323059082,10.89700698852539
eval03,hurt,orthogonal_matched,22,-0.8686966896057129,10.066609382629395
eval03,hurt,orthogonal_matched,23,-1.199222207069397,10.05880069732666
eval03,hurt,orthogonal_matched,24,-1.5175412893295288,10.55676555633545
eval03,hurt,orthogonal_matched,25,-1.454526662826538,10.568720817565918
eval03,hurt,orthogonal_matched,26,-2.2226662635803223,10.85458755493164
eval03,hurt,orthogonal_matched,27,-4.824787139892578,13.124370574951172
eval03,miserable,full,20,-0.42390018701553345,10.712159156799316
eval03,miserable,full,21,-0.1942148655653,10.072063446044922
eval03,miserable,full,22,-0.26762598752975464,10.057694435119629
eval03,miserable,full,23,-0.5918886065483093,9.822186470031738
eval03,miserable,full,24,-0.6635463237762451,10.229076385498047
eval03,miserable,full,25,-0.7119532823562622,10.427372932434082
eval03,miserable,full,26,-0.8880837559700012,10.647388458251953
eval03,miserable,full,27,-1.4292572736740112,10.549817085266113
eval03,miserable,orthogonal_matched,20,0.1458619087934494,10.722301483154297
eval03,miserable,orthogonal_matched,21,0.4024006724357605,10.084305763244629
eval03,miserable,orthogonal_matched,22,0.3508947491645813,10.078941345214844
eval03,miserable,orthogonal_matched,23,0.11083176732063293,9.821596145629883
eval03,miserable,orthogonal_matched,24,0.08278302848339081,10.213017463684082
eval03,miserable,orthogonal_matched,25,0.09600675106048584,10.41104507446289
eval03,miserable,orthogonal_matched,26,-0.0504220649600029,10.656938552856445
eval03,miserable,orthogonal_matched,27,-0.2302905023097992,10.41909122467041
eval03,hateful,full,20,-1.2846550941467285,11.008056640625
eval03,hateful,full,21,-1.2908015251159668,10.746870040893555
eval03,hateful,full,22,-1.507415533065796,10.62878704071045
eval03,hateful,full,23,-2.019733190536499,10.934957504272461
eval03,hateful,full,24,-2.232881784439087,11.51071548461914
eval03,hateful,full,25,-2.569397449493408,11.663724899291992
eval03,hateful,full,26,-2.895829916000366,12.056614875793457
eval03,hateful,full,27,-5.9777350425720215,13.222031593322754
eval03,hateful,orthogonal_matched,20,-0.0003035217523574829,10.92965030670166
eval03,hateful,orthogonal_matched,21,0.05413753166794777,10.69016170501709
eval03,hateful,orthogonal_matched,22,-0.1355963498353958,10.557870864868164
eval03,hateful,orthogonal_matched,23,-0.480678915977478,10.800762176513672
eval03,hateful,orthogonal_matched,24,-0.579110860824585,11.382339477539062
eval03,hateful,orthogonal_matched,25,-0.7969879508018494,11.508956909179688
eval03,hateful,orthogonal_matched,26,-1.0560238361358643,11.91162395477295
eval03,hateful,orthogonal_matched,27,-3.4312634468078613,12.75036334991455
eval03,tormented,full,20,-1.597294807434082,11.226282119750977
eval03,tormented,full,21,-1.3311270475387573,11.220602989196777
eval03,tormented,full,22,-1.276896357536316,11.743586540222168
eval03,tormented,full,23,-1.8705910444259644,12.229249954223633
eval03,tormented,full,24,-1.981162190437317,13.394969940185547
eval03,tormented,full,25,-2.5478811264038086,13.977782249450684
eval03,tormented,full,26,-2.704961061477661,14.424407005310059
eval03,tormented,full,27,-7.6659016609191895,12.990686416625977
eval03,tormented,orthogonal_matched,20,0.1488151252269745,11.063526153564453
eval03,tormented,orthogonal_matched,21,0.5013794302940369,11.062420845031738
eval03,tormented,orthogonal_matched,22,0.6009454727172852,11.61027717590332
eval03,tormented,orthogonal_matched,23,0.27415770292282104,11.995924949645996
eval03,tormented,orthogonal_matched,24,0.34011563658714294,13.120428085327148
eval03,tormented,orthogonal_matched,25,-0.05340074002742767,13.617114067077637
eval03,tormented,orthogonal_matched,26,-0.13098327815532684,14.075864791870117
eval03,tormented,orthogonal_matched,27,-4.248867511749268,11.748896598815918
eval03,upset,full,20,0.4768374562263489,12.153979301452637
eval03,upset,full,21,0.7378003597259521,11.127453804016113
eval03,upset,full,22,0.7106757164001465,10.730430603027344
eval03,upset,full,23,0.6152586936950684,9.972471237182617
eval03,upset,full,24,0.40974968671798706,10.029863357543945
eval03,upset,full,25,0.8192941546440125,10.139789581298828
eval03,upset,full,26,0.7451366186141968,10.012985229492188
eval03,upset,full,27,2.680008888244629,10.314055442810059
eval03,upset,orthogonal_matched,20,-0.051308125257492065,12.164717674255371
eval03,upset,orthogonal_matched,21,0.18897418677806854,11.12112808227539
eval03,upset,orthogonal_matched,22,0.14771142601966858,10.715798377990723
eval03,upset,orthogonal_matched,23,-0.020940124988555908,9.947879791259766
eval03,upset,orthogonal_matched,24,-0.2872585356235504,10.010371208190918
eval03,upset,orthogonal_matched,25,0.06754317879676819,10.126198768615723
eval03,upset,orthogonal_matched,26,-0.044561222195625305,9.967096328735352
eval03,upset,orthogonal_matched,27,1.498909831047058,10.239255905151367
eval04,empathetic,full,20,1.7662996053695679,12.966094970703125
eval04,empathetic,full,21,2.0403800010681152,12.299960136413574
eval04,empathetic,full,22,1.6654150485992432,11.874860763549805
eval04,empathetic,full,23,1.7316311597824097,11.933341026306152
eval04,empathetic,full,24,1.78700852394104,12.219449996948242
eval04,empathetic,full,25,1.7758698463439941,12.309481620788574
eval04,empathetic,full,26,1.4041160345077515,12.438360214233398
eval04,empathetic,full,27,1.582356572151184,12.466390609741211
eval04,empathetic,orthogonal_matched,20,0.04900363087654114,12.810486793518066
eval04,empathetic,orthogonal_matched,21,0.222725048661232,12.099625587463379
eval04,empathetic,orthogonal_matched,22,-0.15332353115081787,11.693203926086426
eval04,empathetic,orthogonal_matched,23,-0.2954023778438568,11.730177879333496
eval04,empathetic,orthogonal_matched,24,-0.3333076536655426,12.035677909851074
eval04,empathetic,orthogonal_matched,25,-0.5224183797836304,12.091447830200195
eval04,empathetic,orthogonal_matched,26,-0.9454701542854309,12.233281135559082
eval04,empathetic,orthogonal_matched,27,-1.542754888534546,12.22165584564209
eval04,exuberant,full,20,1.1577470302581787,8.814165115356445
eval04,exuberant,full,21,1.1868345737457275,8.199163436889648
eval04,exuberant,full,22,1.1720867156982422,7.834888458251953
eval04,exuberant,full,23,1.4066505432128906,7.604779243469238
eval04,exuberant,full,24,1.613602876663208,7.696514129638672
eval04,exuberant,full,25,1.5797466039657593,7.814959526062012
eval04,exuberant,full,26,1.5881061553955078,7.973394393920898
eval04,exuberant,full,27,2.9234819412231445,7.996181011199951
eval04,exuberant,orthogonal_matched,20,0.057037919759750366,8.712488174438477
eval04,exuberant,orthogonal_matched,21,0.02629944682121277,8.126810073852539
eval04,exuberant,orthogonal_matched,22,0.010140568017959595,7.772258758544922
eval04,exuberant,orthogonal_matched,23,0.10679149627685547,7.535778045654297
eval04,exuberant,orthogonal_matched,24,0.23702049255371094,7.594385147094727
eval04,exuberant,orthogonal_matched,25,0.08321842551231384,7.721771717071533
eval04,exuberant,orthogonal_matched,26,0.051185399293899536,7.849709510803223
eval04,exuberant,orthogonal_matched,27,0.9295569062232971,7.6567463874816895
eval04,invigorated,full,20,0.7614893913269043,9.765283584594727
eval04,invigorated,full,21,0.9938884377479553,9.403892517089844
eval04,invigorated,full,22,0.884488046169281,9.152384757995605
eval04,invigorated,full,23,0.8681946396827698,9.22174072265625
eval04,invigorated,full,24,0.7731542587280273,9.528159141540527
eval04,invigorated,full,25,0.632311999797821,9.707663536071777
eval04,invigorated,full,26,0.713171124458313,10.076223373413086
eval04,invigorated,full,27,3.05120849609375,11.032262802124023
eval04,invigorated,orthogonal_matched,20,0.11038357019424438,9.730281829833984
eval04,invigorated,orthogonal_matched,21,0.31454360485076904,9.365242004394531
eval04,invigorated,orthogonal_matched,22,0.20550382137298584,9.124374389648438
eval04,invigorated,orthogonal_matched,23,0.0914788544178009,9.191164016723633
eval04,invigorated,orthogonal_matched,24,-0.039030373096466064,9.504464149475098
eval04,invigorated,orthogonal_matched,25,-0.2434764802455902,9.688836097717285
eval04,invigorated,orthogonal_matched,26,-0.17724910378456116,10.048633575439453
eval04,invigorated,orthogonal_matched,27,1.9146894216537476,10.879384994506836
eval04,cheerful,full,20,2.7632899284362793,10.54086971282959
eval04,cheerful,full,21,2.836176872253418,9.917587280273438
eval04,cheerful,full,22,2.771745204925537,9.655855178833008
eval04,cheerful,full,23,3.128138303756714,9.777277946472168
eval04,cheerful,full,24,3.2692527770996094,9.821590423583984
eval04,cheerful,full,25,3.2384066581726074,9.78972053527832
eval04,cheerful,full,26,2.9170286655426025,10.308220863342285
eval04,cheerful,full,27,3.811842679977417,12.128557205200195
eval04,cheerful,orthogonal_matched,20,0.183223694562912,10.15938663482666
eval04,cheerful,orthogonal_matched,21,0.09993720054626465,9.533689498901367
eval04,cheerful,orthogonal_matched,22,0.025986522436141968,9.370600700378418
eval04,cheerful,orthogonal_matched,23,0.07559886574745178,9.402931213378906
eval04,cheerful,orthogonal_matched,24,0.05166226625442505,9.411508560180664
eval04,cheerful,orthogonal_matched,25,-0.26547113060951233,9.383872032165527
eval04,cheerful,orthogonal_matched,26,-0.7086548805236816,9.904327392578125
eval04,cheerful,orthogonal_matched,27,-1.2154901027679443,11.171222686767578
eval04,joyful,full,20,1.4360748529434204,20.189208984375
eval04,joyful,full,21,1.1805684566497803,17.81269645690918
eval04,joyful,full,22,1.6724380254745483,15.974103927612305
eval04,joyful,full,23,2.0386571884155273,15.11997127532959
eval04,joyful,full,24,2.3940367698669434,15.18248462677002
eval04,joyful,full,25,2.403343915939331,14.554813385009766
eval04,joyful,full,26,3.035810947418213,13.871696472167969
eval04,joyful,full,27,8.315959930419922,16.320131301879883
eval04,joyful,orthogonal_matched,20,0.7177688479423523,20.102373123168945
eval04,joyful,orthogonal_matched,21,0.42201441526412964,17.735139846801758
eval04,joyful,orthogonal_matched,22,0.9078519344329834,15.874977111816406
eval04,joyful,orthogonal_matched,23,1.1610546112060547,15.013239860534668
eval04,joyful,orthogonal_matched,24,1.4663987159729004,15.049198150634766
eval04,joyful,orthogonal_matched,25,1.3909239768981934,14.424686431884766
eval04,joyful,orthogonal_matched,26,1.9559162855148315,13.712535858154297
eval04,joyful,orthogonal_matched,27,6.6615705490112305,15.698509216308594
eval04,happy,full,20,1.1956431865692139,15.292154312133789
eval04,happy,full,21,1.1033633947372437,13.377748489379883
eval04,happy,full,22,1.661219835281372,12.053875923156738
eval04,happy,full,23,1.927541971206665,11.493500709533691
eval04,happy,full,24,2.1925246715545654,11.543621063232422
eval04,happy,full,25,2.0291390419006348,11.35323715209961
eval04,happy,full,26,2.920088052749634,10.981165885925293
eval04,happy,full,27,10.151202201843262,14.407585144042969
eval04,happy,orthogonal_matched,20,0.4256509840488434,15.244941711425781
eval04,happy,orthogonal_matched,21,0.2878812849521637,13.344222068786621
eval04,happy,orthogonal_matched,22,0.8512283563613892,11.991262435913086
eval04,happy,orthogonal_matched,23,1.020567774772644,11.403833389282227
eval04,happy,orthogonal_matched,24,1.2387601137161255,11.417888641357422
eval04,happy,orthogonal_matched,25,0.9954164624214172,11.220023155212402
eval04,happy,orthogonal_matched,26,1.8487699031829834,10.802359580993652
eval04,happy,orthogonal_matched,27,8.644023895263672,13.79278564453125
eval04,optimistic,full,20,1.4069089889526367,17.306331634521484
eval04,optimistic,full,21,1.3021559715270996,15.296338081359863
eval04,optimistic,full,22,1.938418984413147,13.801483154296875
eval04,optimistic,full,23,2.504239797592163,13.362005233764648
eval04,optimistic,full,24,2.608996868133545,13.569940567016602
eval04,optimistic,full,25,2.5485544204711914,13.18403148651123
eval04,optimistic,full,26,3.020622491836548,13.370030403137207
eval04,optimistic,full,27,6.496852397918701,13.833908081054688
eval04,optimistic,orthogonal_matched,20,0.16227054595947266,17.197959899902344
eval04,optimistic,orthogonal_matched,21,-0.010819166898727417,15.168243408203125
eval04,optimistic,orthogonal_matched,22,0.6309753060340881,13.627333641052246
eval04,optimistic,orthogonal_matched,23,1.0238429307937622,13.113911628723145
eval04,optimistic,orthogonal_matched,24,1.0473934412002563,13.260965347290039
eval04,optimistic,orthogonal_matched,25,0.8483368158340454,12.865038871765137
eval04,optimistic,orthogonal_matched,26,1.2468878030776978,13.004981994628906
eval04,optimistic,orthogonal_matched,27,3.998438835144043,13.049858093261719
eval04,delighted,full,20,3.9792850017547607,15.252095222473145
eval04,delighted,full,21,4.420015335083008,14.243546485900879
eval04,delighted,full,22,4.283477306365967,13.824690818786621
eval04,delighted,full,23,5.195545196533203,13.961374282836914
eval04,delighted,full,24,5.312854290008545,14.479132652282715
eval04,delighted,full,25,5.971336364746094,14.523430824279785
eval04,delighted,full,26,6.041354179382324,15.0383939743042
eval04,delighted,full,27,10.754839897155762,17.22365379333496
eval04,delighted,orthogonal_matched,20,0.7441441416740417,14.741630554199219
eval04,delighted,orthogonal_matched,21,0.9835025668144226,13.646251678466797
eval04,delighted,orthogonal_matched,22,0.8611700534820557,13.275327682495117
eval04,delighted,orthogonal_matched,23,1.369747519493103,13.214604377746582
eval04,delighted,orthogonal_matched,24,1.2888773679733276,13.669240951538086
eval04,delighted,orthogonal_matched,25,1.6072044372558594,13.649313926696777
eval04,delighted,orthogonal_matched,26,1.5626686811447144,14.118419647216797
eval04,delighted,orthogonal_matched,27,4.640002250671387,15.01558780670166
eval04,thankful,full,20,-0.5452862977981567,13.590730667114258
eval04,thankful,full,21,-0.8137105703353882,12.384186744689941
eval04,thankful,full,22,-0.651927649974823,11.762373924255371
eval04,thankful,full,23,-0.8793399333953857,11.487152099609375
eval04,thankful,full,24,-0.6697467565536499,11.6712007522583
eval04,thankful,full,25,-0.875664234161377,11.589682579040527
eval04,thankful,full,26,-0.8020842671394348,11.496553421020508
eval04,thankful,full,27,-2.176870346069336,12.655228614807129
eval04,thankful,orthogonal_matched,20,-0.13171932101249695,13.594273567199707
eval04,thankful,orthogonal_matched,21,-0.37926071882247925,12.386446952819824
eval04,thankful,orthogonal_matched,22,-0.21892234683036804,11.766144752502441
eval04,thankful,orthogonal_matched,23,-0.39129409193992615,11.482275009155273
eval04,thankful,orthogonal_matched,24,-0.15242978930473328,11.670653343200684
eval04,thankful,orthogonal_matched,25,-0.31872013211250305,11.581168174743652
eval04,thankful,orthogonal_matched,26,-0.24535785615444183,11.51457691192627
eval04,thankful,orthogonal_matched,27,-1.3962254524230957,12.50121021270752
eval04,inspired,full,20,2.436338186264038,12.780258178710938
eval04,inspired,full,21,2.649399518966675,12.4963960647583
eval04,inspired,full,22,2.3783671855926514,11.838016510009766
eval04,inspired,full,23,2.5432658195495605,11.820334434509277
eval04,inspired,full,24,2.749547004699707,12.095565795898438
eval04,inspired,full,25,2.967507839202881,12.137202262878418
eval04,inspired,full,26,2.9712278842926025,12.465468406677246
eval04,inspired,full,27,6.266939640045166,13.389909744262695
eval04,inspired,orthogonal_matched,20,-0.03517225384712219,12.518030166625977
eval04,inspired,orthogonal_matched,21,0.024200737476348877,12.227426528930664
eval04,inspired,orthogonal_matched,22,-0.2647903561592102,11.619823455810547
eval04,inspired,orthogonal_matched,23,-0.40312451124191284,11.558521270751953
eval04,inspired,orthogonal_matched,24,-0.36307650804519653,11.85256576538086
eval04,inspired,orthogonal_matched,25,-0.4196373224258423,11.846914291381836
eval04,inspired,orthogonal_matched,26,-0.5109434723854065,12.124310493469238
eval04,inspired,orthogonal_matched,27,1.4502756595611572,11.475443840026855
eval04,afraid,full,20,0.002686038613319397,8.442583084106445
eval04,afraid,full,21,0.051028285175561905,7.926364898681641
eval04,afraid,full,22,-0.04867659509181976,7.558708667755127
eval04,afraid,full,23,-0.09581051766872406,7.43855619430542
eval04,afraid,full,24,-0.13596130907535553,7.55023717880249
eval04,afraid,full,25,-0.24285566806793213,7.6466898918151855
eval04,afraid,full,26,-0.579260528087616,8.074711799621582
eval04,afraid,full,27,-3.1070735454559326,8.49766731262207
eval04,afraid,orthogonal_matched,20,-0.09410806000232697,8.444962501525879
eval04,afraid,orthogonal_matched,21,-0.0489811897277832,7.927685737609863
eval04,afraid,orthogonal_matched,22,-0.14710766077041626,7.557262420654297
eval04,afraid,orthogonal_matched,23,-0.19996576011180878,7.441601276397705
eval04,afraid,orthogonal_matched,24,-0.245844304561615,7.5552849769592285
eval04,afraid,orthogonal_matched,25,-0.36276599764823914,7.655243873596191
eval04,afraid,orthogonal_matched,26,-0.7108082175254822,8.082090377807617
eval04,afraid,orthogonal_matched,27,-3.2891061305999756,8.543807029724121
eval04,depressed,full,20,-0.7554157376289368,8.946426391601562
eval04,depressed,full,21,-0.8129070997238159,8.502897262573242
eval04,depressed,full,22,-0.9287746548652649,8.229331970214844
eval04,depressed,full,23,-1.2478981018066406,8.150050163269043
eval04,depressed,full,24,-1.2438100576400757,8.402922630310059
eval04,depressed,full,25,-1.2411885261535645,8.417789459228516
eval04,depressed,full,26,-1.3895357847213745,8.673452377319336
eval04,depressed,full,27,-1.449326515197754,8.626396179199219
eval04,depressed,orthogonal_matched,20,0.029919423162937164,8.923376083374023
eval04,depressed,orthogonal_matched,21,0.014971764758229256,8.462743759155273
eval04,depressed,orthogonal_matched,22,-0.10711155086755753,8.196382522583008
eval04,depressed,orthogonal_matched,23,-0.31405705213546753,8.09016227722168
eval04,depressed,orthogonal_matched,24,-0.26046061515808105,8.34284782409668
eval04,depressed,orthogonal_matched,25,-0.17965249717235565,8.369906425476074
eval04,depressed,orthogonal_matched,26,-0.29458385705947876,8.638510704040527
eval04,depressed,orthogonal_matched,27,0.013164147734642029,8.702593803405762
eval04,horrified,full,20,0.6192336678504944,11.084280967712402
eval04,horrified,full,21,0.8326034545898438,9.499139785766602
eval04,horrified,full,22,0.6100119352340698,8.302976608276367
eval04,horrified,full,23,0.5567598342895508,7.6500959396362305
eval04,horrified,full,24,0.4651641249656677,7.22960090637207
eval04,horrified,full,25,0.6995224952697754,6.952958106994629
eval04,horrified,full,26,0.390056312084198,6.465324401855469
eval04,horrified,full,27,-1.5666077136993408,5.391292572021484
eval04,horrified,orthogonal_matched,20,-0.06065481901168823,11.080774307250977
eval04,horrified,orthogonal_matched,21,0.11859002709388733,9.472696304321289
eval04,horrified,orthogonal_matched,22,-0.09494085609912872,8.280895233154297
eval04,horrified,orthogonal_matched,23,-0.2318410873413086,7.622864246368408
eval04,horrified,orthogonal_matched,24,-0.36514341831207275,7.2415385246276855
eval04,horrified,orthogonal_matched,25,-0.19201375544071198,6.972099304199219
eval04,horrified,orthogonal_matched,26,-0.5271591544151306,6.461203575134277
eval04,horrified,orthogonal_matched,27,-2.683133363723755,5.595531463623047
eval04,disgusted,full,20,-0.3234283924102783,9.714674949645996
eval04,disgusted,full,21,-0.20600563287734985,8.678014755249023
eval04,disgusted,full,22,-0.3212128281593323,8.203457832336426
eval04,disgusted,full,23,-0.4725160002708435,7.969111919403076
eval04,disgusted,full,24,-0.4361308217048645,8.025992393493652
eval04,disgusted,full,25,-0.8094813823699951,7.976052761077881
eval04,disgusted,full,26,-1.1639864444732666,7.906914234161377
eval04,disgusted,full,27,-3.352800130844116,6.721089839935303
eval04,disgusted,orthogonal_matched,20,-0.10621331632137299,9.713740348815918
eval04,disgusted,orthogonal_matched,21,0.02350989729166031,8.681588172912598
eval04,disgusted,orthogonal_matched,22,-0.09667005389928818,8.218384742736816
eval04,disgusted,orthogonal_matched,23,-0.21709953248500824,7.987800121307373
eval04,disgusted,orthogonal_matched,24,-0.17058110237121582,8.041796684265137
eval04,disgusted,orthogonal_matched,25,-0.5234605073928833,7.984625339508057
eval04,disgusted,orthogonal_matched,26,-0.8910136818885803,7.907668590545654
eval04,disgusted,orthogonal_matched,27,-3.029702663421631,6.7138848304748535
eval04,furious,full,20,-1.2452610731124878,19.836719512939453
eval04,furious,full,21,-1.323933720588684,17.551666259765625
eval04,furious,full,22,-1.0846214294433594,15.512829780578613
eval04,furious,full,23,-0.7338485717773438,14.656598091125488
eval04,furious,full,24,-0.7659481763839722,14.531400680541992
eval04,furious,full,25,-0.5589745044708252,14.296124458312988
eval04,furious,full,26,-0.27254027128219604,13.074786186218262
eval04,furious,full,27,0.6762935519218445,7.553677082061768
eval04,furious,orthogonal_matched,20,0.24840685725212097,19.819623947143555
eval04,furious,orthogonal_matched,21,0.24869632720947266,17.540319442749023
eval04,furious,orthogonal_matched,22,0.4744872748851776,15.51042652130127
eval04,furious,orthogonal_matched,23,1.0422592163085938,14.650544166564941
eval04,furious,orthogonal_matched,24,1.0907995700836182,14.538372993469238
eval04,furious,orthogonal_matched,25,1.464919090270996,14.30886173248291
eval04,furious,orthogonal_matched,26,1.8503060340881348,13.04302978515625
eval04,furious,orthogonal_matched,27,3.756925344467163,7.047574043273926
eval04,hurt,full,20,-0.08732053637504578,11.864998817443848
eval04,hurt,full,21,-0.02732589840888977,10.580711364746094
eval04,hurt,full,22,-0.5371867418289185,9.657014846801758
eval04,hurt,full,23,-0.7691742181777954,9.364073753356934
eval04,hurt,full,24,-0.9793794751167297,9.509655952453613
eval04,hurt,full,25,-0.9362806677818298,9.318890571594238
eval04,hurt,full,26,-1.4068769216537476,9.512346267700195
eval04,hurt,full,27,-3.7936062812805176,10.449871063232422
eval04,hurt,orthogonal_matched,20,-0.09465694427490234,11.865982055664062
eval04,hurt,orthogonal_matched,21,-0.03425595164299011,10.579293251037598
eval04,hurt,orthogonal_matched,22,-0.5487146377563477,9.65268325805664
eval04,hurt,orthogonal_matched,23,-0.7792072296142578,9.361624717712402
eval04,hurt,orthogonal_matched,24,-0.9839969873428345,9.514140129089355
eval04,hurt,orthogonal_matched,25,-0.9408562183380127,9.321961402893066
eval04,hurt,orthogonal_matched,26,-1.4009569883346558,9.512286186218262
eval04,hurt,orthogonal_matched,27,-3.828976631164551,10.457608222961426
eval04,miserable,full,20,-0.3781054615974426,10.501371383666992
eval04,miserable,full,21,-0.10552148520946503,9.778874397277832
eval04,miserable,full,22,-0.14566048979759216,9.462924003601074
eval04,miserable,full,23,-0.5130759477615356,9.056597709655762
eval04,miserable,full,24,-0.47406119108200073,9.302881240844727
eval04,miserable,full,25,-0.5139930844306946,9.309393882751465
eval04,miserable,full,26,-0.6133668422698975,9.444768905639648
eval04,miserable,full,27,-1.5154948234558105,8.567645072937012
eval04,miserable,orthogonal_matched,20,0.1745820939540863,10.517704010009766
eval04,miserable,orthogonal_matched,21,0.48235684633255005,9.802556037902832
eval04,miserable,orthogonal_matched,22,0.43659311532974243,9.497969627380371
eval04,miserable,orthogonal_matched,23,0.1442052274942398,9.073871612548828
eval04,miserable,orthogonal_matched,24,0.2008635401725769,9.301976203918457
eval04,miserable,orthogonal_matched,25,0.2214685082435608,9.311511993408203
eval04,miserable,orthogonal_matched,26,0.1534060835838318,9.450691223144531
eval04,miserable,orthogonal_matched,27,-0.4396253824234009,8.469915390014648
eval04,hateful,full,20,-1.3278019428253174,10.841094017028809
eval04,hateful,full,21,-1.3130770921707153,10.411520004272461
eval04,hateful,full,22,-1.5602021217346191,9.979194641113281
eval04,hateful,full,23,-2.235917329788208,10.301952362060547
eval04,hateful,full,24,-2.3682548999786377,10.739706039428711
eval04,hateful,full,25,-2.6910393238067627,10.787110328674316
eval04,hateful,full,26,-2.9705443382263184,10.653783798217773
eval04,hateful,full,27,-6.612731456756592,11.104907035827637
eval04,hateful,orthogonal_matched,20,-0.07582149654626846,10.754778861999512
eval04,hateful,orthogonal_matched,21,-0.000403624027967453,10.352120399475098
eval04,hateful,orthogonal_matched,22,-0.26113584637641907,9.903304100036621
eval04,hateful,orthogonal_matched,23,-0.7946085333824158,10.163131713867188
eval04,hateful,orthogonal_matched,24,-0.8370523452758789,10.601676940917969
eval04,hateful,orthogonal_matched,25,-1.0410062074661255,10.643892288208008
eval04,hateful,orthogonal_matched,26,-1.2763651609420776,10.524062156677246
eval04,hateful,orthogonal_matched,27,-4.350943088531494,10.641029357910156
eval04,tormented,full,20,-1.63954496383667,10.92800521850586
eval04,tormented,full,21,-1.3779973983764648,10.708050727844238
eval04,tormented,full,22,-1.2795772552490234,10.98366928100586
eval04,tormented,full,23,-1.9955294132232666,11.321078300476074
eval04,tormented,full,24,-2.0763821601867676,12.206273078918457
eval04,tormented,full,25,-2.4854414463043213,12.589472770690918
eval04,tormented,full,26,-2.7334957122802734,12.761038780212402
eval04,tormented,full,27,-7.833670616149902,11.124305725097656
eval04,tormented,orthogonal_matched,20,0.06586827337741852,10.778314590454102
eval04,tormented,orthogonal_matched,21,0.42043033242225647,10.545807838439941
eval04,tormented,orthogonal_matched,22,0.5011566281318665,10.850975036621094
eval04,tormented,orthogonal_matched,23,0.01425846666097641,11.090332984924316
eval04,tormented,orthogonal_matched,24,0.05244864150881767,11.95177173614502
eval04,tormented,orthogonal_matched,25,-0.18965935707092285,12.282854080200195
eval04,tormented,orthogonal_matched,26,-0.3647276759147644,12.473187446594238
eval04,tormented,orthogonal_matched,27,-4.754306316375732,9.955066680908203
eval04,upset,full,20,0.6006712317466736,12.07523250579834
eval04,upset,full,21,0.9528858065605164,10.929929733276367
eval04,upset,full,22,1.0192182064056396,10.541158676147461
eval04,upset,full,23,0.9887304902076721,9.856000900268555
eval04,upset,full,24,0.8462668061256409,9.874283790588379
eval04,upset,full,25,1.1258310079574585,9.647442817687988
eval04,upset,full,26,1.2325178384780884,9.309832572937012
eval04,upset,full,27,2.654122829437256,8.762677192687988
eval04,upset,orthogonal_matched,20,0.08500957489013672,12.088038444519043
eval04,upset,orthogonal_matched,21,0.4072107672691345,10.909806251525879
eval04,upset,orthogonal_matched,22,0.4755909740924835,10.507495880126953
eval04,upset,orthogonal_matched,23,0.3785480856895447,9.806710243225098
eval04,upset,orthogonal_matched,24,0.19578169286251068,9.839132308959961
eval04,upset,orthogonal_matched,25,0.42130473256111145,9.616449356079102
eval04,upset,orthogonal_matched,26,0.49626410007476807,9.246663093566895
eval04,upset,orthogonal_matched,27,1.604009985923767,8.65329360961914
eval05,empathetic,full,20,1.9579153060913086,13.58444881439209
eval05,empathetic,full,21,2.411591053009033,13.52468490600586
eval05,empathetic,full,22,2.2948241233825684,13.482100486755371
eval05,empathetic,full,23,2.36311674118042,13.5125732421875
eval05,empathetic,full,24,2.7605443000793457,14.402416229248047
eval05,empathetic,full,25,3.0303335189819336,14.759507179260254
eval05,empathetic,full,26,3.2855496406555176,15.179508209228516
eval05,empathetic,full,27,3.1405587196350098,15.052619934082031
eval05,empathetic,orthogonal_matched,20,0.12927576899528503,13.408276557922363
eval05,empathetic,orthogonal_matched,21,0.41661983728408813,13.274230003356934
eval05,empathetic,orthogonal_matched,22,0.2380857914686203,13.25871753692627
eval05,empathetic,orthogonal_matched,23,0.10024656355381012,13.281576156616211
eval05,empathetic,orthogonal_matched,24,0.305886834859848,14.169549942016602
eval05,empathetic,orthogonal_matched,25,0.3217368721961975,14.477312088012695
eval05,empathetic,orthogonal_matched,26,0.4421535134315491,14.919784545898438
eval05,empathetic,orthogonal_matched,27,-0.2950250506401062,14.784849166870117
eval05,exuberant,full,20,1.3573025465011597,9.055562019348145
eval05,exuberant,full,21,1.4659088850021362,8.696640014648438
eval05,exuberant,full,22,1.6307411193847656,8.572033882141113
eval05,exuberant,full,23,1.9329617023468018,8.431977272033691
eval05,exuberant,full,24,2.186217784881592,8.676807403564453
eval05,exuberant,full,25,2.3566532135009766,8.999777793884277
eval05,exuberant,full,26,2.4947421550750732,9.38301944732666
eval05,exuberant,full,27,4.020039081573486,9.467950820922852
eval05,exuberant,orthogonal_matched,20,0.18523909151554108,8.933850288391113
eval05,exuberant,orthogonal_matched,21,0.20046159625053406,8.609794616699219
eval05,exuberant,orthogonal_matched,22,0.3214119076728821,8.486570358276367
eval05,exuberant,orthogonal_matched,23,0.48806819319725037,8.323637008666992
eval05,exuberant,orthogonal_matched,24,0.6105113625526428,8.545942306518555
eval05,exuberant,orthogonal_matched,25,0.6235911846160889,8.860210418701172
eval05,exuberant,orthogonal_matched,26,0.6905206441879272,9.239877700805664
eval05,exuberant,orthogonal_matched,27,1.7745405435562134,9.041131019592285
eval05,invigorated,full,20,0.8291292190551758,9.910751342773438
eval05,invigorated,full,21,1.0057218074798584,9.746667861938477
eval05,invigorated,full,22,0.9780626893043518,9.801424026489258
eval05,invigorated,full,23,1.010648250579834,9.921586036682129
eval05,invigorated,full,24,0.9253541231155396,10.416300773620605
eval05,invigorated,full,25,0.9707891941070557,10.988801956176758
eval05,invigorated,full,26,1.2381247282028198,11.69327163696289
eval05,invigorated,full,27,3.7463631629943848,12.50250244140625
eval05,invigorated,orthogonal_matched,20,0.13284650444984436,9.861122131347656
eval05,invigorated,orthogonal_matched,21,0.2490745484828949,9.691629409790039
eval05,invigorated,orthogonal_matched,22,0.1978628933429718,9.747899055480957
eval05,invigorated,orthogonal_matched,23,0.149285227060318,9.857620239257812
eval05,invigorated,orthogonal_matched,24,-0.01189318299293518,10.358561515808105
eval05,invigorated,orthogonal_matched,25,-0.07047387957572937,10.925086975097656
eval05,invigorated,orthogonal_matched,26,0.14903950691223145,11.620108604431152
eval05,invigorated,orthogonal_matched,27,2.3852014541625977,12.229412078857422
eval05,cheerful,full,20,2.943032741546631,10.579922676086426
eval05,cheerful,full,21,3.154513359069824,10.158632278442383
eval05,cheerful,full,22,3.3078324794769287,10.016613006591797
eval05,cheerful,full,23,3.7267637252807617,10.057416915893555
eval05,cheerful,full,24,4.162050247192383,10.177132606506348
eval05,cheerful,full,25,4.398867130279541,10.316121101379395
eval05,cheerful,full,26,4.684423446655273,11.030506134033203
eval05,cheerful,full,27,5.122000217437744,12.809499740600586
eval05,cheerful,orthogonal_matched,20,0.20441573858261108,10.131255149841309
eval05,cheerful,orthogonal_matched,21,0.18448960781097412,9.69489574432373
eval05,cheerful,orthogonal_matched,22,0.23897278308868408,9.613895416259766
eval05,cheerful,orthogonal_matched,23,0.35484620928764343,9.573904037475586
eval05,cheerful,orthogonal_matched,24,0.5022764205932617,9.654865264892578
eval05,cheerful,orthogonal_matched,25,0.3521885573863983,9.772994041442871
eval05,cheerful,orthogonal_matched,26,0.41095685958862305,10.533886909484863
eval05,cheerful,orthogonal_matched,27,-0.1901862621307373,11.684162139892578
eval05,joyful,full,20,1.6503227949142456,20.155258178710938
eval05,joyful,full,21,1.4420108795166016,17.692089080810547
eval05,joyful,full,22,1.9938474893569946,15.879870414733887
eval05,joyful,full,23,2.4957685470581055,15.468382835388184
eval05,joyful,full,24,3.1194491386413574,16.157135009765625
eval05,joyful,full,25,3.4828672409057617,16.177658081054688
eval05,joyful,full,26,4.459774971008301,16.228458404541016
eval05,joyful,full,27,8.318553924560547,19.406391143798828
eval05,joyful,orthogonal_matched,20,0.8980565071105957,20.0676212310791
eval05,joyful,orthogonal_matched,21,0.6293176412582397,17.631423950195312
eval05,joyful,orthogonal_matched,22,1.1536283493041992,15.806281089782715
eval05,joyful,orthogonal_matched,23,1.5448179244995117,15.384491920471191
eval05,joyful,orthogonal_matched,24,2.0744271278381348,16.039522171020508
eval05,joyful,orthogonal_matched,25,2.3193118572235107,16.056495666503906
eval05,joyful,orthogonal_matched,26,3.188234806060791,16.096635818481445
eval05,joyful,orthogonal_matched,27,6.537395477294922,18.73758316040039
eval05,happy,full,20,1.417220115661621,15.327765464782715
eval05,happy,full,21,1.3831266164779663,13.632259368896484
eval05,happy,full,22,2.057417392730713,12.35283088684082
eval05,happy,full,23,2.435265302658081,12.052470207214355
eval05,happy,full,24,2.8841164112091064,12.736539840698242
eval05,happy,full,25,3.1541852951049805,12.80825138092041
eval05,happy,full,26,4.564765930175781,13.421972274780273
eval05,happy,full,27,11.35157585144043,17.104591369628906
eval05,happy,orthogonal_matched,20,0.5917646884918213,15.257932662963867
eval05,happy,orthogonal_matched,21,0.49022379517555237,13.570293426513672
eval05,happy,orthogonal_matched,22,1.1309460401535034,12.270094871520996
eval05,happy,orthogonal_matched,23,1.40765380859375,11.929359436035156
eval05,happy,orthogonal_matched,24,1.7826271057128906,12.559493064880371
eval05,happy,orthogonal_matched,25,1.9204485416412354,12.610464096069336
eval05,happy,orthogonal_matched,26,3.2380120754241943,13.176363945007324
eval05,happy,orthogonal_matched,27,9.543042182922363,16.31015396118164
eval05,optimistic,full,20,1.6929895877838135,17.848379135131836
eval05,optimistic,full,21,1.604356288909912,16.08736228942871
eval05,optimistic,full,22,2.2916500568389893,14.7485933303833
eval05,optimistic,full,23,2.9586262702941895,14.629355430603027
eval05,optimistic,full,24,3.468045949935913,15.239724159240723
eval05,optimistic,full,25,3.436915397644043,15.46500301361084
eval05,optimistic,full,26,3.993159294128418,16.094289779663086
eval05,optimistic,full,27,4.954017162322998,16.163002014160156
eval05,optimistic,orthogonal_matched,20,0.3710750937461853,17.727375030517578
eval05,optimistic,orthogonal_matched,21,0.1640729010105133,15.961457252502441
eval05,optimistic,orthogonal_matched,22,0.8136345148086548,14.553033828735352
eval05,optimistic,orthogonal_matched,23,1.299381971359253,14.349693298339844
eval05,optimistic,orthogonal_matched,24,1.6561046838760376,14.89952278137207
eval05,optimistic,orthogonal_matched,25,1.448028564453125,15.096181869506836
eval05,optimistic,orthogonal_matched,26,1.898738145828247,15.69059944152832
eval05,optimistic,orthogonal_matched,27,2.3205952644348145,15.356644630432129
eval05,delighted,full,20,4.265975475311279,15.576281547546387
eval05,delighted,full,21,4.809133529663086,14.84450912475586
eval05,delighted,full,22,4.839653015136719,14.831071853637695
eval05,delighted,full,23,5.739126205444336,14.985604286193848
eval05,delighted,full,24,6.175204277038574,15.780951499938965
eval05,delighted,full,25,7.003206729888916,16.31830596923828
eval05,delighted,full,26,7.466220378875732,17.274173736572266
eval05,delighted,full,27,10.660280227661133,18.111461639404297
eval05,delighted,orthogonal_matched,20,0.8492411971092224,15.02661418914795
eval05,delighted,orthogonal_matched,21,1.1098120212554932,14.222976684570312
eval05,delighted,orthogonal_matched,22,1.0542281866073608,14.227463722229004
eval05,delighted,orthogonal_matched,23,1.5935040712356567,14.184280395507812
eval05,delighted,orthogonal_matched,24,1.675869107246399,14.915265083312988
eval05,delighted,orthogonal_matched,25,2.051194667816162,15.341193199157715
eval05,delighted,orthogonal_matched,26,2.2507879734039307,16.318252563476562
eval05,delighted,orthogonal_matched,27,4.113126754760742,16.06658172607422
eval05,thankful,full,20,-0.20900490880012512,13.738801956176758
eval05,thankful,full,21,-0.31757938861846924,12.974574089050293
eval05,thankful,full,22,-0.06625615060329437,12.451093673706055
eval05,thankful,full,23,-0.20979942381381989,12.41519546508789
eval05,thankful,full,24,0.21255159378051758,13.154735565185547
eval05,thankful,full,25,0.018424302339553833,13.343866348266602
eval05,thankful,full,26,0.5058132410049438,13.776284217834473
eval05,thankful,full,27,-1.8443766832351685,14.842097282409668
eval05,thankful,orthogonal_matched,20,0.22422365844249725,13.74994945526123
eval05,thankful,orthogonal_matched,21,0.1514027714729309,12.98037052154541
eval05,thankful,orthogonal_matched,22,0.4126208424568176,12.465167045593262
eval05,thankful,orthogonal_matched,23,0.3180478513240814,12.42780590057373
eval05,thankful,orthogonal_matched,24,0.7867099642753601,13.181021690368652
eval05,thankful,orthogonal_matched,25,0.6489360332489014,13.370155334472656
eval05,thankful,orthogonal_matched,26,1.173176884651184,13.800612449645996
eval05,thankful,orthogonal_matched,27,-0.954038143157959,14.702977180480957
eval05,inspired,full,20,2.41044020652771,12.662158966064453
eval05,inspired,full,21,2.7576351165771484,12.75901985168457
eval05,inspired,full,22,2.843411922454834,12.57254409790039
eval05,inspired,full,23,2.830601930618286,12.505317687988281
eval05,inspired,full,24,3.3221657276153564,13.18986988067627
eval05,inspired,full,25,3.80965256690979,13.603915214538574
eval05,inspired,full,26,4.316068649291992,14.489128112792969
eval05,inspired,full,27,7.997308731079102,15.984047889709473
eval05,inspired,orthogonal_matched,20,-0.20045945048332214,12.381189346313477
eval05,inspired,orthogonal_matched,21,-0.07806530594825745,12.426130294799805
eval05,inspired,orthogonal_matched,22,-0.06969866156578064,12.252306938171387
eval05,inspired,orthogonal_matched,23,-0.378678560256958,12.137264251708984
eval05,inspired,orthogonal_matched,24,-0.1630697250366211,12.826648712158203
eval05,inspired,orthogonal_matched,25,-0.03043496608734131,13.150144577026367
eval05,inspired,orthogonal_matched,26,0.2984306216239929,14.02206802368164
eval05,inspired,orthogonal_matched,27,2.931715965270996,13.831459045410156
eval05,afraid,full,20,0.07564866542816162,8.803704261779785
eval05,afraid,full,21,0.05887072533369064,8.62279224395752
eval05,afraid,full,22,0.034830302000045776,8.501321792602539
eval05,afraid,full,23,0.055477991700172424,8.48602294921875
eval05,afraid,full,24,0.23302581906318665,8.924845695495605
eval05,afraid,full,25,0.21430209279060364,9.19396686553955
eval05,afraid,full,26,-0.025023087859153748,9.82542896270752
eval05,afraid,full,27,-1.8946703672409058,9.518698692321777
eval05,afraid,orthogonal_matched,20,-0.024868130683898926,8.804337501525879
eval05,afraid,orthogonal_matched,21,-0.05108007788658142,8.622331619262695
eval05,afraid,orthogonal_matched,22,-0.07976176589727402,8.499544143676758
eval05,afraid,orthogonal_matched,23,-0.07697369158267975,8.486947059631348
eval05,afraid,orthogonal_matched,24,0.09818851947784424,8.925309181213379
eval05,afraid,orthogonal_matched,25,0.060198888182640076,9.191912651062012
eval05,afraid,orthogonal_matched,26,-0.20016789436340332,9.823675155639648
eval05,afraid,orthogonal_matched,27,-2.0592591762542725,9.57034683227539
eval05,depressed,full,20,-0.9716843962669373,9.298039436340332
eval05,depressed,full,21,-1.074284315109253,9.081107139587402
eval05,depressed,full,22,-1.0910804271697998,9.123871803283691
eval05,depressed,full,23,-1.4946857690811157,9.158547401428223
eval05,depressed,full,24,-1.503818154335022,9.689860343933105
eval05,depressed,full,25,-1.609707236289978,9.865408897399902
eval05,depressed,full,26,-1.854114055633545,10.306076049804688
eval05,depressed,full,27,-0.37224191427230835,10.606172561645508
eval05,depressed,orthogonal_matched,20,-0.12776575982570648,9.262931823730469
eval05,depressed,orthogonal_matched,21,-0.16244730353355408,9.043225288391113
eval05,depressed,orthogonal_matched,22,-0.161275252699852,9.090618133544922
eval05,depressed,orthogonal_matched,23,-0.462049275636673,9.094330787658691
eval05,depressed,orthogonal_matched,24,-0.3774500787258148,9.633008003234863
eval05,depressed,orthogonal_matched,25,-0.3755883574485779,9.81263542175293
eval05,depressed,orthogonal_matched,26,-0.5343349575996399,10.265113830566406
eval05,depressed,orthogonal_matched,27,1.280207872390747,10.704763412475586
eval05,horrified,full,20,0.4481828212738037,11.133916854858398
eval05,horrified,full,21,0.7184765338897705,9.538229942321777
eval05,horrified,full,22,0.4689134955406189,8.405329704284668
eval05,horrified,full,23,0.33943307399749756,7.916470050811768
eval05,horrified,full,24,0.17162901163101196,7.715654373168945
eval05,horrified,full,25,0.22068355977535248,7.877194881439209
eval05,horrified,full,26,-0.2072191834449768,7.68612813949585
eval05,horrified,full,27,-1.202808141708374,6.737027645111084
eval05,horrified,orthogonal_matched,20,-0.28374624252319336,11.13138198852539
eval05,horrified,orthogonal_matched,21,-0.07378998398780823,9.51220417022705
eval05,horrified,orthogonal_matched,22,-0.34141451120376587,8.40242862701416
eval05,horrified,orthogonal_matched,23,-0.5725772976875305,7.911796569824219
eval05,horrified,orthogonal_matched,24,-0.8260506391525269,7.736029624938965
eval05,horrified,orthogonal_matched,25,-0.873589277267456,7.905858039855957
eval05,horrified,orthogonal_matched,26,-1.3567287921905518,7.686924457550049
eval05,horrified,orthogonal_matched,27,-2.6385011672973633,6.945306777954102
eval05,disgusted,full,20,-0.40981966257095337,9.80729866027832
eval05,disgusted,full,21,-0.4023880958557129,8.781448364257812
eval05,disgusted,full,22,-0.5245743989944458,8.395320892333984
eval05,disgusted,full,23,-0.5993759632110596,8.232856750488281
eval05,disgusted,full,24,-0.590359628200531,8.34918212890625
eval05,disgusted,full,25,-1.0008752346038818,8.444005966186523
eval05,disgusted,full,26,-1.5392811298370361,8.57288646697998
eval05,disgusted,full,27,-3.2409117221832275,7.357219696044922
eval05,disgusted,orthogonal_matched,20,-0.17488132417201996,9.803893089294434
eval05,disgusted,orthogonal_matched,21,-0.1460016667842865,8.78699779510498
eval05,disgusted,orthogonal_matched,22,-0.26622092723846436,8.399832725524902
eval05,disgusted,orthogonal_matched,23,-0.31858640909194946,8.230000495910645
eval05,disgusted,orthogonal_matched,24,-0.27866581082344055,8.348306655883789
eval05,disgusted,orthogonal_matched,25,-0.6551328897476196,8.438583374023438
eval05,disgusted,orthogonal_matched,26,-1.1677929162979126,8.556987762451172
eval05,disgusted,orthogonal_matched,27,-2.746196746826172,7.328768253326416
eval05,furious,full,20,-1.2154078483581543,19.896032333374023
eval05,furious,full,21,-1.4697010517120361,17.578699111938477
eval05,furious,full,22,-1.3882023096084595,15.579000473022461
eval05,furious,full,23,-0.933883786201477,14.882905960083008
eval05,furious,full,24,-1.0171735286712646,14.978785514831543
eval05,furious,full,25,-0.9282015562057495,15.771310806274414
eval05,furious,full,26,-0.5724738836288452,14.939437866210938
eval05,furious,full,27,-2.1710221767425537,10.609210014343262
eval05,furious,orthogonal_matched,20,0.4134341776371002,19.867427825927734
eval05,furious,orthogonal_matched,21,0.2927798330783844,17.533817291259766
eval05,furious,orthogonal_matched,22,0.4250987768173218,15.554774284362793
eval05,furious,orthogonal_matched,23,1.0981374979019165,14.860682487487793
eval05,furious,orthogonal_matched,24,1.2013622522354126,14.970434188842773
eval05,furious,orthogonal_matched,25,1.5289877653121948,15.773442268371582
eval05,furious,orthogonal_matched,26,2.0569088459014893,14.903254508972168
eval05,furious,orthogonal_matched,27,1.2937356233596802,10.023029327392578
eval05,hurt,full,20,-0.33489152789115906,11.9908447265625
eval05,hurt,full,21,-0.31371745467185974,10.732269287109375
eval05,hurt,full,22,-0.9156457185745239,9.807328224182129
eval05,hurt,full,23,-1.0908761024475098,9.882512092590332
eval05,hurt,full,24,-1.486721396446228,10.200973510742188
eval05,hurt,full,25,-1.4973764419555664,10.30387020111084
eval05,hurt,full,26,-2.1589338779449463,10.490606307983398
eval05,hurt,full,27,-3.6123135089874268,11.561210632324219
eval05,hurt,orthogonal_matched,20,-0.34265580773353577,11.989529609680176
eval05,hurt,orthogonal_matched,21,-0.3195221424102783,10.737483978271484
eval05,hurt,orthogonal_matched,22,-0.9192898273468018,9.815299987792969
eval05,hurt,orthogonal_matched,23,-1.0993165969848633,9.889008522033691
eval05,hurt,orthogonal_matched,24,-1.4990752935409546,10.202279090881348
eval05,hurt,orthogonal_matched,25,-1.50998854637146,10.296037673950195
eval05,hurt,orthogonal_matched,26,-2.1779987812042236,10.475922584533691
eval05,hurt,orthogonal_matched,27,-3.602400779724121,11.531106948852539
eval05,miserable,full,20,-0.6619462966918945,10.784557342529297
eval05,miserable,full,21,-0.4608636796474457,10.113954544067383
eval05,miserable,full,22,-0.5042890310287476,9.946462631225586
eval05,miserable,full,23,-0.8877288699150085,9.723264694213867
eval05,miserable,full,24,-1.038155436515808,10.063708305358887
eval05,miserable,full,25,-1.211044192314148,10.28060245513916
eval05,miserable,full,26,-1.5925371646881104,10.46159553527832
eval05,miserable,full,27,-1.4943861961364746,10.355072021484375
eval05,miserable,orthogonal_matched,20,-0.05698434263467789,10.779674530029297
eval05,miserable,orthogonal_matched,21,0.19025829434394836,10.115043640136719
eval05,miserable,orthogonal_matched,22,0.1647317111492157,9.956875801086426
eval05,miserable,orthogonal_matched,23,-0.14553441107273102,9.712228775024414
eval05,miserable,orthogonal_matched,24,-0.2350998967885971,10.050623893737793
eval05,miserable,orthogonal_matched,25,-0.32261955738067627,10.263315200805664
eval05,miserable,orthogonal_matched,26,-0.6398553848266602,10.477004051208496
eval05,miserable,orthogonal_matched,27,-0.23440256714820862,10.152629852294922
eval05,hateful,full,20,-1.5357025861740112,11.18270206451416
eval05,hateful,full,21,-1.674400806427002,10.817026138305664
eval05,hateful,full,22,-1.9046170711517334,10.494270324707031
eval05,hateful,full,23,-2.522289514541626,10.78589916229248
eval05,hateful,full,24,-2.7417423725128174,11.32259750366211
eval05,hateful,full,25,-3.265011787414551,11.38732624053955
eval05,hateful,full,26,-3.738440752029419,11.3506441116333
eval05,hateful,full,27,-5.8239030838012695,11.884283065795898
eval05,hateful,orthogonal_matched,20,-0.16182848811149597,11.062688827514648
eval05,hateful,orthogonal_matched,21,-0.1937989890575409,10.705488204956055
eval05,hateful,orthogonal_matched,22,-0.3882981538772583,10.36697006225586
eval05,hateful,orthogonal_matched,23,-0.8438975214958191,10.59321403503418
eval05,hateful,orthogonal_matched,24,-0.9196869730949402,11.13772964477539
eval05,hateful,orthogonal_matched,25,-1.2637816667556763,11.190997123718262
eval05,hateful,orthogonal_matched,26,-1.6282727718353271,11.200888633728027
eval05,hateful,orthogonal_matched,27,-3.187242269515991,11.420412063598633
eval05,tormented,full,20,-1.8982911109924316,11.430953979492188
eval05,tormented,full,21,-1.7871676683425903,11.39521598815918
eval05,tormented,full,22,-1.67563796043396,11.95409870147705
eval05,tormented,full,23,-2.426670551300049,12.424469947814941
eval05,tormented,full,24,-2.5454623699188232,13.622251510620117
eval05,tormented,full,25,-3.111422300338745,14.221305847167969
eval05,tormented,full,26,-3.4043211936950684,14.59636402130127
eval05,tormented,full,27,-8.332006454467773,12.393254280090332
eval05,tormented,orthogonal_matched,20,-0.04306000471115112,11.245842933654785
eval05,tormented,orthogonal_matched,21,0.22325941920280457,11.215282440185547
eval05,tormented,orthogonal_matched,22,0.3955758213996887,11.81214427947998
eval05,tormented,orthogonal_matched,23,-0.13059061765670776,12.166072845458984
eval05,tormented,orthogonal_matched,24,-0.032939761877059937,13.349306106567383
eval05,tormented,orthogonal_matched,25,-0.353707879781723,13.870484352111816
eval05,tormented,orthogonal_matched,26,-0.5015885829925537,14.285913467407227
eval05,tormented,orthogonal_matched,27,-4.777462005615234,11.290543556213379
eval05,upset,full,20,0.4259531497955322,12.276578903198242
eval05,upset,full,21,0.6455739736557007,11.1148681640625
eval05,upset,full,22,0.5732549428939819,10.6322021484375
eval05,upset,full,23,0.6749523878097534,10.113031387329102
eval05,upset,full,24,0.30035489797592163,10.226388931274414
eval05,upset,full,25,0.45653465390205383,10.530411720275879
eval05,upset,full,26,0.024762466549873352,10.037599563598633
eval05,upset,full,27,1.636771321296692,9.742496490478516
eval05,upset,orthogonal_matched,20,-0.13353581726551056,12.301787376403809
eval05,upset,orthogonal_matched,21,0.04230134189128876,11.1139554977417
eval05,upset,orthogonal_matched,22,-0.04656539857387543,10.615543365478516
eval05,upset,orthogonal_matched,23,-0.015224486589431763,10.092795372009277
eval05,upset,orthogonal_matched,24,-0.45390069484710693,10.22702407836914
eval05,upset,orthogonal_matched,25,-0.37179034948349,10.541111946105957
eval05,upset,orthogonal_matched,26,-0.8540277481079102,10.000459671020508
eval05,upset,orthogonal_matched,27,0.4721686840057373,9.701797485351562
eval06,empathetic,full,20,1.869956135749817,13.404982566833496
eval06,empathetic,full,21,2.198089122772217,13.272255897521973
eval06,empathetic,full,22,2.0762624740600586,13.599889755249023
eval06,empathetic,full,23,2.2648749351501465,13.78172492980957
eval06,empathetic,full,24,2.499295234680176,14.483685493469238
eval06,empathetic,full,25,2.795516014099121,14.917116165161133
eval06,empathetic,full,26,2.722564697265625,15.257102966308594
eval06,empathetic,full,27,4.084378242492676,15.063896179199219
eval06,empathetic,orthogonal_matched,20,0.05033385753631592,13.227815628051758
eval06,empathetic,orthogonal_matched,21,0.2208258956670761,13.038100242614746
eval06,empathetic,orthogonal_matched,22,0.025848388671875,13.361924171447754
eval06,empathetic,orthogonal_matched,23,-0.040915995836257935,13.507000923156738
eval06,empathetic,orthogonal_matched,24,0.006429314613342285,14.188986778259277
eval06,empathetic,orthogonal_matched,25,0.05808350443840027,14.57304573059082
eval06,empathetic,orthogonal_matched,26,-0.12846863269805908,14.873376846313477
eval06,empathetic,orthogonal_matched,27,0.4325975179672241,14.646585464477539
eval06,exuberant,full,20,1.2649788856506348,9.032563209533691
eval06,exuberant,full,21,1.283055305480957,8.72182846069336
eval06,exuberant,full,22,1.4372217655181885,8.830028533935547
eval06,exuberant,full,23,1.7926836013793945,8.783591270446777
eval06,exuberant,full,24,1.9919147491455078,9.022194862365723
eval06,exuberant,full,25,2.167479991912842,9.375385284423828
eval06,exuberant,full,26,2.477278709411621,9.863975524902344
eval06,exuberant,full,27,4.4703688621521,10.166765213012695
eval06,exuberant,orthogonal_matched,20,0.09821832180023193,8.918293952941895
eval06,exuberant,orthogonal_matched,21,0.022809535264968872,8.625497817993164
eval06,exuberant,orthogonal_matched,22,0.13588601350784302,8.719952583312988
eval06,exuberant,orthogonal_matched,23,0.3127257525920868,8.65790843963623
eval06,exuberant,orthogonal_matched,24,0.3750588893890381,8.857460975646973
eval06,exuberant,orthogonal_matched,25,0.3990827798843384,9.201973915100098
eval06,exuberant,orthogonal_matched,26,0.6313909292221069,9.679296493530273
eval06,exuberant,orthogonal_matched,27,2.0972208976745605,9.66701602935791
eval06,invigorated,full,20,0.8135209083557129,9.997716903686523
eval06,invigorated,full,21,0.9808483719825745,9.752290725708008
eval06,invigorated,full,22,0.9674985408782959,9.882905960083008
eval06,invigorated,full,23,1.041794776916504,10.10299301147461
eval06,invigorated,full,24,0.8019292950630188,10.456286430358887
eval06,invigorated,full,25,0.9274555444717407,10.944953918457031
eval06,invigorated,full,26,1.2063517570495605,11.641422271728516
eval06,invigorated,full,27,4.041717052459717,13.063948631286621
eval06,invigorated,orthogonal_matched,20,0.11135637760162354,9.961196899414062
eval06,invigorated,orthogonal_matched,21,0.22748127579689026,9.702498435974121
eval06,invigorated,orthogonal_matched,22,0.18654632568359375,9.84111213684082
eval06,invigorated,orthogonal_matched,23,0.15345749258995056,10.04861831665039
eval06,invigorated,orthogonal_matched,24,-0.15945562720298767,10.409262657165527
eval06,invigorated,orthogonal_matched,25,-0.11762034893035889,10.89391803741455
eval06,invigorated,orthogonal_matched,26,0.1293765902519226,11.587472915649414
eval06,invigorated,orthogonal_matched,27,2.683150291442871,12.833395004272461
eval06,cheerful,full,20,2.921316623687744,10.642805099487305
eval06,cheerful,full,21,3.095738410949707,10.172388076782227
eval06,cheerful,full,22,3.3368213176727295,10.313117980957031
eval06,cheerful,full,23,3.962231159210205,10.490303039550781
eval06,cheerful,full,24,4.215898513793945,10.52515983581543
eval06,cheerful,full,25,4.552270889282227,10.715852737426758
eval06,cheerful,full,26,4.692600250244141,11.44614028930664
eval06,cheerful,full,27,6.399443626403809,13.552099227905273
eval06,cheerful,orthogonal_matched,20,0.19748613238334656,10.206290245056152
eval06,cheerful,orthogonal_matched,21,0.1434650719165802,9.722373962402344
eval06,cheerful,orthogonal_matched,22,0.26562851667404175,9.893343925476074
eval06,cheerful,orthogonal_matched,23,0.49228671193122864,9.953630447387695
eval06,cheerful,orthogonal_matched,24,0.4390389919281006,9.930500984191895
eval06,cheerful,orthogonal_matched,25,0.4138452410697937,10.063333511352539
eval06,cheerful,orthogonal_matched,26,0.3242267668247223,10.801819801330566
eval06,cheerful,orthogonal_matched,27,0.7900172472000122,12.176117897033691
eval06,joyful,full,20,1.5271203517913818,20.375869750976562
eval06,joyful,full,21,1.3619941473007202,18.012422561645508
eval06,joyful,full,22,2.2746105194091797,15.845529556274414
eval06,joyful,full,23,2.7823495864868164,15.683058738708496
eval06,joyful,full,24,3.01119327545166,16.174880981445312
eval06,joyful,full,25,3.494255304336548,16.06623649597168
eval06,joyful,full,26,4.591094017028809,16.196138381958008
eval06,joyful,full,27,9.55368423461914,19.79451560974121
eval06,joyful,orthogonal_matched,20,0.7804197072982788,20.284194946289062
eval06,joyful,orthogonal_matched,21,0.5540597438812256,17.92624855041504
eval06,joyful,orthogonal_matched,22,1.4245198965072632,15.745874404907227
eval06,joyful,orthogonal_matched,23,1.7996450662612915,15.577981948852539
eval06,joyful,orthogonal_matched,24,1.9424604177474976,16.02622413635254
eval06,joyful,orthogonal_matched,25,2.3095831871032715,15.913396835327148
eval06,joyful,orthogonal_matched,26,3.333357810974121,16.013097763061523
eval06,joyful,orthogonal_matched,27,7.808753967285156,19.04861831665039
eval06,happy,full,20,1.3838778734207153,15.306004524230957
eval06,happy,full,21,1.3774417638778687,13.518671035766602
eval06,happy,full,22,2.226727247238159,12.30644416809082
eval06,happy,full,23,2.7097554206848145,12.061944961547852
eval06,happy,full,24,2.92039155960083,12.52051830291748
eval06,happy,full,25,3.168470859527588,12.473091125488281
eval06,happy,full,26,4.507808685302734,13.136541366577148
eval06,happy,full,27,12.041653633117676,16.993846893310547
eval06,happy,orthogonal_matched,20,0.5614408254623413,15.247114181518555
eval06,happy,orthogonal_matched,21,0.4859442710876465,13.458454132080078
eval06,happy,orthogonal_matched,22,1.2990942001342773,12.207878112792969
eval06,happy,orthogonal_matched,23,1.6475772857666016,11.93129825592041
eval06,happy,orthogonal_matched,24,1.7850170135498047,12.343318939208984
eval06,happy,orthogonal_matched,25,1.9254287481307983,12.274521827697754
eval06,happy,orthogonal_matched,26,3.183258533477783,12.884361267089844
eval06,happy,orthogonal_matched,27,10.176750183105469,16.21345329284668
eval06,optimistic,full,20,1.7147154808044434,17.986452102661133
eval06,optimistic,full,21,1.689305067062378,16.217079162597656
eval06,optimistic,full,22,2.5759387016296387,15.11957836151123
eval06,optimistic,full,23,3.2422542572021484,15.31767463684082
eval06,optimistic,full,24,3.5827298164367676,15.878271102905273
eval06,optimistic,full,25,3.655888795852661,16.003108978271484
eval06,optimistic,full,26,4.373753547668457,16.43389320373535
eval06,optimistic,full,27,6.307128429412842,16.938030242919922
eval06,optimistic,orthogonal_matched,20,0.3999843895435333,17.854633331298828
eval06,optimistic,orthogonal_matched,21,0.2512954771518707,16.07219123840332
eval06,optimistic,orthogonal_matched,22,1.0849380493164062,14.896493911743164
eval06,optimistic,orthogonal_matched,23,1.5341676473617554,15.018863677978516
eval06,optimistic,orthogonal_matched,24,1.7273472547531128,15.517457962036133
eval06,optimistic,orthogonal_matched,25,1.6180956363677979,15.610794067382812
eval06,optimistic,orthogonal_matched,26,2.213707685470581,16.036958694458008
eval06,optimistic,orthogonal_matched,27,3.354701519012451,16.059825897216797
eval06,delighted,full,20,4.1499342918396,15.70492172241211
eval06,delighted,full,21,4.59588098526001,14.962972640991211
eval06,delighted,full,22,4.686985015869141,14.943117141723633
eval06,delighted,full,23,5.808647155761719,15.454861640930176
eval06,delighted,full,24,6.127482891082764,16.12908935546875
eval06,delighted,full,25,7.128448486328125,16.73595428466797
eval06,delighted,full,26,7.6138200759887695,17.664566040039062
eval06,delighted,full,27,12.644009590148926,19.588491439819336
eval06,delighted,orthogonal_matched,20,0.7437052726745605,15.150493621826172
eval06,delighted,orthogonal_matched,21,0.9088946580886841,14.27583122253418
eval06,delighted,orthogonal_matched,22,0.8822693228721619,14.227612495422363
eval06,delighted,orthogonal_matched,23,1.5211753845214844,14.495235443115234
eval06,delighted,orthogonal_matched,24,1.5000848770141602,15.08765983581543
eval06,delighted,orthogonal_matched,25,2.0638835430145264,15.574355125427246
eval06,delighted,orthogonal_matched,26,2.278390645980835,16.48724937438965
eval06,delighted,orthogonal_matched,27,5.727541923522949,17.051803588867188
eval06,thankful,full,20,-0.30073243379592896,13.805246353149414
eval06,thankful,full,21,-0.4824913740158081,12.875672340393066
eval06,thankful,full,22,-0.13625898957252502,12.222262382507324
eval06,thankful,full,23,-0.32236534357070923,12.285515785217285
eval06,thankful,full,24,-0.02663549780845642,12.91288948059082
eval06,thankful,full,25,-0.17481112480163574,12.90164852142334
eval06,thankful,full,26,0.307844340801239,13.16073989868164
eval06,thankful,full,27,-0.8434609770774841,13.640501022338867
eval06,thankful,orthogonal_matched,20,0.13390952348709106,13.81910228729248
eval06,thankful,orthogonal_matched,21,-0.007871687412261963,12.879111289978027
eval06,thankful,orthogonal_matched,22,0.3612314462661743,12.234500885009766
eval06,thankful,orthogonal_matched,23,0.25072088837623596,12.284139633178711
eval06,thankful,orthogonal_matched,24,0.5892149806022644,12.92934513092041
eval06,thankful,orthogonal_matched,25,0.49551451206207275,12.929758071899414
eval06,thankful,orthogonal_matched,26,1.020177960395813,13.189946174621582
eval06,thankful,orthogonal_matched,27,0.10024213790893555,13.508410453796387
eval06,inspired,full,20,2.4320249557495117,12.743269920349121
eval06,inspired,full,21,2.629669666290283,12.691337585449219
eval06,inspired,full,22,2.7332592010498047,12.79682731628418
eval06,inspired,full,23,2.9326493740081787,12.995588302612305
eval06,inspired,full,24,3.2405292987823486,13.496272087097168
eval06,inspired,full,25,3.7450108528137207,13.916999816894531
eval06,inspired,full,26,4.087525367736816,14.67177677154541
eval06,inspired,full,27,8.808753967285156,16.776901245117188
eval06,inspired,orthogonal_matched,20,-0.1733395755290985,12.485342025756836
eval06,inspired,orthogonal_matched,21,-0.20217159390449524,12.410003662109375
eval06,inspired,orthogonal_matched,22,-0.2049647867679596,12.510553359985352
eval06,inspired,orthogonal_matched,23,-0.376097708940506,12.656357765197754
eval06,inspired,orthogonal_matched,24,-0.35313671827316284,13.133356094360352
eval06,inspired,orthogonal_matched,25,-0.1866655945777893,13.466079711914062
eval06,inspired,orthogonal_matched,26,-0.006220102310180664,14.118704795837402
eval06,inspired,orthogonal_matched,27,3.381910800933838,14.401142120361328
eval06,afraid,full,20,0.05439306050539017,8.778388023376465
eval06,afraid,full,21,0.09860081970691681,8.429261207580566
eval06,afraid,full,22,0.04956051707267761,8.30201530456543
eval06,afraid,full,23,0.049563150852918625,8.203217506408691
eval06,afraid,full,24,0.24121589958667755,8.473563194274902
eval06,afraid,full,25,0.19859255850315094,8.821537971496582
eval06,afraid,full,26,-0.036476559937000275,9.345952033996582
eval06,afraid,full,27,-2.1690940856933594,9.447956085205078
eval06,afraid,orthogonal_matched,20,-0.049929942935705185,8.781770706176758
eval06,afraid,orthogonal_matched,21,-0.009515281766653061,8.431425094604492
eval06,afraid,orthogonal_matched,22,-0.05544213950634003,8.301892280578613
eval06,afraid,orthogonal_matched,23,-0.07467997074127197,8.201006889343262
eval06,afraid,orthogonal_matched,24,0.0989442765712738,8.46902084350586
eval06,afraid,orthogonal_matched,25,0.036883581429719925,8.819620132446289
eval06,afraid,orthogonal_matched,26,-0.21001435816287994,9.350957870483398
eval06,afraid,orthogonal_matched,27,-2.4019722938537598,9.495964050292969
eval06,depressed,full,20,-0.9502502083778381,9.325411796569824
eval06,depressed,full,21,-1.1101739406585693,9.126877784729004
eval06,depressed,full,22,-1.184094786643982,9.259300231933594
eval06,depressed,full,23,-1.625279188156128,9.317954063415527
eval06,depressed,full,24,-1.6824123859405518,9.829683303833008
eval06,depressed,full,25,-1.796467900276184,9.989431381225586
eval06,depressed,full,26,-1.9003546237945557,10.343769073486328
eval06,depressed,full,27,-1.2969754934310913,10.884358406066895
eval06,depressed,orthogonal_matched,20,-0.10746607929468155,9.287680625915527
eval06,depressed,orthogonal_matched,21,-0.20293642580509186,9.076863288879395
eval06,depressed,orthogonal_matched,22,-0.2502039074897766,9.207304954528809
eval06,depressed,orthogonal_matched,23,-0.5655693411827087,9.227764129638672
eval06,depressed,orthogonal_matched,24,-0.5149274468421936,9.745749473571777
eval06,depressed,orthogonal_matched,25,-0.5314245223999023,9.904642105102539
eval06,depressed,orthogonal_matched,26,-0.5909815430641174,10.268683433532715
eval06,depressed,orthogonal_matched,27,0.4307778477668762,10.947972297668457
eval06,horrified,full,20,0.5157146453857422,11.252748489379883
eval06,horrified,full,21,0.6695523262023926,9.568230628967285
eval06,horrified,full,22,0.2619924545288086,8.370807647705078
eval06,horrified,full,23,0.06628435850143433,7.953546524047852
eval06,horrified,full,24,-0.002217426896095276,7.551328659057617
eval06,horrified,full,25,0.03448909521102905,7.453233242034912
eval06,horrified,full,26,-0.3691990375518799,7.256284236907959
eval06,horrified,full,27,-1.8331471681594849,6.6252007484436035
eval06,horrified,orthogonal_matched,20,-0.21002060174942017,11.251959800720215
eval06,horrified,orthogonal_matched,21,-0.11278212070465088,9.557677268981934
eval06,horrified,orthogonal_matched,22,-0.5464518070220947,8.383047103881836
eval06,horrified,orthogonal_matched,23,-0.8527334332466125,7.968338966369629
eval06,horrified,orthogonal_matched,24,-0.9982774257659912,7.598590850830078
eval06,horrified,orthogonal_matched,25,-1.043386459350586,7.515933513641357
eval06,horrified,orthogonal_matched,26,-1.4905109405517578,7.297858238220215
eval06,horrified,orthogonal_matched,27,-3.2511534690856934,6.882354259490967
eval06,disgusted,full,20,-0.3466503322124481,9.845470428466797
eval06,disgusted,full,21,-0.2883606553077698,8.948229789733887
eval06,disgusted,full,22,-0.4057539105415344,8.64582633972168
eval06,disgusted,full,23,-0.5513370037078857,8.510995864868164
eval06,disgusted,full,24,-0.4937403202056885,8.63762092590332
eval06,disgusted,full,25,-0.8908353447914124,8.75419807434082
eval06,disgusted,full,26,-1.2268433570861816,8.996728897094727
eval06,disgusted,full,27,-3.19895339012146,7.67655611038208
eval06,disgusted,orthogonal_matched,20,-0.1113998293876648,9.842530250549316
eval06,disgusted,orthogonal_matched,21,-0.035026371479034424,8.94841194152832
eval06,disgusted,orthogonal_matched,22,-0.13799968361854553,8.654914855957031
eval06,disgusted,orthogonal_matched,23,-0.25841957330703735,8.515303611755371
eval06,disgusted,orthogonal_matched,24,-0.18007047474384308,8.644737243652344
eval06,disgusted,orthogonal_matched,25,-0.5483523011207581,8.745095252990723
eval06,disgusted,orthogonal_matched,26,-0.8613045811653137,8.994312286376953
eval06,disgusted,orthogonal_matched,27,-2.755035161972046,7.666406631469727
eval06,furious,full,20,-1.2251026630401611,20.079370498657227
eval06,furious,full,21,-1.2707432508468628,17.967119216918945
eval06,furious,full,22,-0.9249019026756287,15.705986022949219
eval06,furious,full,23,-0.6066957712173462,15.27140998840332
eval06,furious,full,24,-0.8208974599838257,15.237495422363281
eval06,furious,full,25,-0.6305501461029053,15.717917442321777
eval06,furious,full,26,-0.20118018984794617,15.041714668273926
eval06,furious,full,27,-1.0438554286956787,10.468982696533203
eval06,furious,orthogonal_matched,20,0.3843304514884949,20.05491065979004
eval06,furious,orthogonal_matched,21,0.46875259280204773,17.9515380859375
eval06,furious,orthogonal_matched,22,0.8744526505470276,15.710121154785156
eval06,furious,orthogonal_matched,23,1.4575592279434204,15.286909103393555
eval06,furious,orthogonal_matched,24,1.405516505241394,15.276483535766602
eval06,furious,orthogonal_matched,25,1.8240824937820435,15.771503448486328
eval06,furious,orthogonal_matched,26,2.4210896492004395,15.018087387084961
eval06,furious,orthogonal_matched,27,2.520099401473999,9.813089370727539
eval06,hurt,full,20,-0.25105246901512146,12.101058959960938
eval06,hurt,full,21,-0.29104670882225037,10.881555557250977
eval06,hurt,full,22,-0.9361860752105713,10.174606323242188
eval06,hurt,full,23,-1.1422433853149414,10.326753616333008
eval06,hurt,full,24,-1.4004844427108765,10.594861030578613
eval06,hurt,full,25,-1.4535826444625854,10.593409538269043
eval06,hurt,full,26,-2.034780979156494,10.771991729736328
eval06,hurt,full,27,-4.626096248626709,11.903337478637695
eval06,hurt,orthogonal_matched,20,-0.2592438757419586,12.101178169250488
eval06,hurt,orthogonal_matched,21,-0.2971969246864319,10.883999824523926
eval06,hurt,orthogonal_matched,22,-0.9451401829719543,10.173263549804688
eval06,hurt,orthogonal_matched,23,-1.146126389503479,10.329926490783691
eval06,hurt,orthogonal_matched,24,-1.4033092260360718,10.592496871948242
eval06,hurt,orthogonal_matched,25,-1.4625076055526733,10.587804794311523
eval06,hurt,orthogonal_matched,26,-2.0260157585144043,10.770343780517578
eval06,hurt,orthogonal_matched,27,-4.665175437927246,11.898490905761719
eval06,miserable,full,20,-0.6356527209281921,10.82056999206543
eval06,miserable,full,21,-0.49670934677124023,10.114205360412598
eval06,miserable,full,22,-0.5763362050056458,10.097993850708008
eval06,miserable,full,23,-1.009661316871643,9.858800888061523
eval06,miserable,full,24,-1.1014001369476318,10.180737495422363
eval06,miserable,full,25,-1.2658576965332031,10.320497512817383
eval06,miserable,full,26,-1.453338861465454,10.45090103149414
eval06,miserable,full,27,-1.9142919778823853,10.074458122253418
eval06,miserable,orthogonal_matched,20,-0.03484673798084259,10.822324752807617
eval06,miserable,orthogonal_matched,21,0.15033505856990814,10.123457908630371
eval06,miserable,orthogonal_matched,22,0.09713214635848999,10.114221572875977
eval06,miserable,orthogonal_matched,23,-0.2578909397125244,9.84497356414795
eval06,miserable,orthogonal_matched,24,-0.28353971242904663,10.17490291595459
eval06,miserable,orthogonal_matched,25,-0.365686297416687,10.309330940246582
eval06,miserable,orthogonal_matched,26,-0.4997924566268921,10.447565078735352
eval06,miserable,orthogonal_matched,27,-0.6144877672195435,9.912028312683105
eval06,hateful,full,20,-1.4824472665786743,11.168230056762695
eval06,hateful,full,21,-1.6001737117767334,10.877666473388672
eval06,hateful,full,22,-1.849747896194458,10.796592712402344
eval06,hateful,full,23,-2.558779001235962,11.193087577819824
eval06,hateful,full,24,-2.648179531097412,11.752913475036621
eval06,hateful,full,25,-3.1446001529693604,11.863718032836914
eval06,hateful,full,26,-3.3518781661987305,12.033536911010742
eval06,hateful,full,27,-6.1535844802856445,12.639049530029297
eval06,hateful,orthogonal_matched,20,-0.12801659107208252,11.067020416259766
eval06,hateful,orthogonal_matched,21,-0.13550055027008057,10.793661117553711
eval06,hateful,orthogonal_matched,22,-0.33440300822257996,10.689210891723633
eval06,hateful,orthogonal_matched,23,-0.8490140438079834,11.02355670928955
eval06,hateful,orthogonal_matched,24,-0.790244460105896,11.594236373901367
eval06,hateful,orthogonal_matched,25,-1.1116023063659668,11.686084747314453
eval06,hateful,orthogonal_matched,26,-1.2215936183929443,11.893457412719727
eval06,hateful,orthogonal_matched,27,-3.3106212615966797,12.155038833618164
eval06,tormented,full,20,-1.8573596477508545,11.337808609008789
eval06,tormented,full,21,-1.7255847454071045,11.31322193145752
eval06,tormented,full,22,-1.6813758611679077,11.883227348327637
eval06,tormented,full,23,-2.556960105895996,12.3402099609375
eval06,tormented,full,24,-2.6493611335754395,13.539994239807129
eval06,tormented,full,25,-3.263831615447998,14.041587829589844
eval06,tormented,full,26,-3.471311092376709,14.434503555297852
eval06,tormented,full,27,-8.232925415039062,12.657444953918457
eval06,tormented,orthogonal_matched,20,-0.025641076266765594,11.16335678100586
eval06,tormented,orthogonal_matched,21,0.257312536239624,11.125829696655273
eval06,tormented,orthogonal_matched,22,0.3721814453601837,11.709452629089355
eval06,tormented,orthogonal_matched,23,-0.22187703847885132,12.050329208374023
eval06,tormented,orthogonal_matched,24,-0.10591525584459305,13.225700378417969
eval06,tormented,orthogonal_matched,25,-0.495924711227417,13.640628814697266
eval06,tormented,orthogonal_matched,26,-0.5855774283409119,14.048734664916992
eval06,tormented,orthogonal_matched,27,-4.5799479484558105,11.404657363891602
eval06,upset,full,20,0.46350881457328796,12.285920143127441
eval06,upset,full,21,0.6417354941368103,11.148676872253418
eval06,upset,full,22,0.5531670451164246,10.84204387664795
eval06,upset,full,23,0.5712147951126099,10.381061553955078
eval06,upset,full,24,0.3427885174751282,10.423434257507324
eval06,upset,full,25,0.5602657794952393,10.480513572692871
eval06,upset,full,26,0.364948034286499,10.35191535949707
eval06,upset,full,27,1.388420581817627,10.037847518920898
eval06,upset,orthogonal_matched,20,-0.09397579729557037,12.308534622192383
eval06,upset,orthogonal_matched,21,0.04280081391334534,11.156655311584473
eval06,upset,orthogonal_matched,22,-0.0696239322423935,10.839203834533691
eval06,upset,orthogonal_matched,23,-0.14297965168952942,10.3551025390625
eval06,upset,orthogonal_matched,24,-0.42442137002944946,10.425674438476562
eval06,upset,orthogonal_matched,25,-0.2783944010734558,10.492141723632812
eval06,upset,orthogonal_matched,26,-0.5220977067947388,10.329501152038574
eval06,upset,orthogonal_matched,27,0.19793522357940674,9.980502128601074
eval07,empathetic,full,20,1.9523221254348755,13.446891784667969
eval07,empathetic,full,21,2.3364109992980957,13.345868110656738
eval07,empathetic,full,22,2.1579763889312744,13.397459030151367
eval07,empathetic,full,23,2.324462890625,13.749176979064941
eval07,empathetic,full,24,2.5448598861694336,14.44261646270752
eval07,empathetic,full,25,2.695105791091919,14.778682708740234
eval07,empathetic,full,26,2.5102405548095703,15.041208267211914
eval07,empathetic,full,27,2.6905651092529297,15.438437461853027
eval07,empathetic,orthogonal_matched,20,0.12086331844329834,13.274972915649414
eval07,empathetic,orthogonal_matched,21,0.3503785729408264,13.109047889709473
eval07,empathetic,orthogonal_matched,22,0.09780718386173248,13.188410758972168
eval07,empathetic,orthogonal_matched,23,0.013717293739318848,13.517356872558594
eval07,empathetic,orthogonal_matched,24,0.05008447915315628,14.211224555969238
eval07,empathetic,orthogonal_matched,25,-0.03540261089801788,14.504595756530762
eval07,empathetic,orthogonal_matched,26,-0.3639669418334961,14.776732444763184
eval07,empathetic,orthogonal_matched,27,-0.9169427156448364,15.092876434326172
eval07,exuberant,full,20,1.3110744953155518,9.058069229125977
eval07,exuberant,full,21,1.3214526176452637,8.792916297912598
eval07,exuberant,full,22,1.3882031440734863,8.773141860961914
eval07,exuberant,full,23,1.7036573886871338,8.79456901550293
eval07,exuberant,full,24,1.915235996246338,9.236385345458984
eval07,exuberant,full,25,1.9631609916687012,9.673315048217773
eval07,exuberant,full,26,2.1372244358062744,10.233095169067383
eval07,exuberant,full,27,4.171408653259277,10.354987144470215
eval07,exuberant,orthogonal_matched,20,0.1453050673007965,8.946913719177246
eval07,exuberant,orthogonal_matched,21,0.07204562425613403,8.696514129638672
eval07,exuberant,orthogonal_matched,22,0.08640152215957642,8.681182861328125
eval07,exuberant,orthogonal_matched,23,0.21147076785564423,8.687640190124512
eval07,exuberant,orthogonal_matched,24,0.2888067364692688,9.110800743103027
eval07,exuberant,orthogonal_matched,25,0.1772981882095337,9.54727840423584
eval07,exuberant,orthogonal_matched,26,0.2588282525539398,10.104841232299805
eval07,exuberant,orthogonal_matched,27,1.8400555849075317,9.916204452514648
eval07,invigorated,full,20,0.8349967002868652,9.962991714477539
eval07,invigorated,full,21,1.0181279182434082,9.807186126708984
eval07,invigorated,full,22,1.0106455087661743,10.006863594055176
eval07,invigorated,full,23,1.1015796661376953,10.282960891723633
eval07,invigorated,full,24,0.9178327322006226,10.951022148132324
eval07,invigorated,full,25,0.9783541560173035,11.6915864944458
eval07,invigorated,full,26,1.1455209255218506,12.510207176208496
eval07,invigorated,full,27,3.773610830307007,13.387466430664062
eval07,invigorated,orthogonal_matched,20,0.1339426338672638,9.919041633605957
eval07,invigorated,orthogonal_matched,21,0.2667269706726074,9.751739501953125
eval07,invigorated,orthogonal_matched,22,0.2303570806980133,9.954513549804688
eval07,invigorated,orthogonal_matched,23,0.21117618680000305,10.208127975463867
eval07,invigorated,orthogonal_matched,24,-0.046927809715270996,10.877167701721191
eval07,invigorated,orthogonal_matched,25,-0.08575952053070068,11.601886749267578
eval07,invigorated,orthogonal_matched,26,0.06193363666534424,12.409747123718262
eval07,invigorated,orthogonal_matched,27,2.4298434257507324,13.124008178710938
eval07,cheerful,full,20,3.0680413246154785,10.792108535766602
eval07,cheerful,full,21,3.27242112159729,10.638448715209961
eval07,cheerful,full,22,3.4503555297851562,10.703063011169434
eval07,cheerful,full,23,4.158200263977051,11.05923843383789
eval07,cheerful,full,24,4.457695007324219,11.20197868347168
eval07,cheerful,full,25,4.7046895027160645,11.26849365234375
eval07,cheerful,full,26,4.626217842102051,12.133788108825684
eval07,cheerful,full,27,5.941763877868652,14.647331237792969
eval07,cheerful,orthogonal_matched,20,0.33146923780441284,10.366124153137207
eval07,cheerful,orthogonal_matched,21,0.31346049904823303,10.205805778503418
eval07,cheerful,orthogonal_matched,22,0.3788374364376068,10.332195281982422
eval07,cheerful,orthogonal_matched,23,0.7106380462646484,10.578165054321289
eval07,cheerful,orthogonal_matched,24,0.7155513763427734,10.695990562438965
eval07,cheerful,orthogonal_matched,25,0.5916911363601685,10.734832763671875
eval07,cheerful,orthogonal_matched,26,0.3221040964126587,11.622068405151367
eval07,cheerful,orthogonal_matched,27,0.5952686071395874,13.44654655456543
eval07,joyful,full,20,1.583655595779419,20.542360305786133
eval07,joyful,full,21,1.242309808731079,18.30557632446289
eval07,joyful,full,22,1.9594804048538208,15.918067932128906
eval07,joyful,full,23,2.612694025039673,15.412805557250977
eval07,joyful,full,24,2.937406539916992,16.083492279052734
eval07,joyful,full,25,3.177912712097168,15.976215362548828
eval07,joyful,full,26,4.159282684326172,16.25952911376953
eval07,joyful,full,27,10.233314514160156,20.901018142700195
eval07,joyful,orthogonal_matched,20,0.8259119987487793,20.45326805114746
eval07,joyful,orthogonal_matched,21,0.4248793125152588,18.232912063598633
eval07,joyful,orthogonal_matched,22,1.1116713285446167,15.817533493041992
eval07,joyful,orthogonal_matched,23,1.6252703666687012,15.305152893066406
eval07,joyful,orthogonal_matched,24,1.8649146556854248,15.944830894470215
eval07,joyful,orthogonal_matched,25,1.9833110570907593,15.838029861450195
eval07,joyful,orthogonal_matched,26,2.8756392002105713,16.110267639160156
eval07,joyful,orthogonal_matched,27,8.450813293457031,20.211679458618164
eval07,happy,full,20,1.4896219968795776,15.465740203857422
eval07,happy,full,21,1.4848003387451172,13.80627727508545
eval07,happy,full,22,2.212337017059326,12.6925687789917
eval07,happy,full,23,2.8287973403930664,12.323226928710938
eval07,happy,full,24,3.1875526905059814,13.078757286071777
eval07,happy,full,25,3.201592206954956,13.109953880310059
eval07,happy,full,26,4.309396266937256,14.058942794799805
eval07,happy,full,27,11.525940895080566,18.039731979370117
eval07,happy,orthogonal_matched,20,0.6642190217971802,15.42396354675293
eval07,happy,orthogonal_matched,21,0.5932571887969971,13.778794288635254
eval07,happy,orthogonal_matched,22,1.292588472366333,12.635359764099121
eval07,happy,orthogonal_matched,23,1.7883477210998535,12.21541976928711
eval07,happy,orthogonal_matched,24,2.0790493488311768,12.919501304626465
eval07,happy,orthogonal_matched,25,1.9705491065979004,12.938528060913086
eval07,happy,orthogonal_matched,26,3.007509231567383,13.815790176391602
eval07,happy,orthogonal_matched,27,9.78955364227295,17.22968864440918
eval07,optimistic,full,20,1.685729742050171,18.104564666748047
eval07,optimistic,full,21,1.8763868808746338,16.028518676757812
eval07,optimistic,full,22,2.77242374420166,14.697698593139648
eval07,optimistic,full,23,3.5759167671203613,14.868524551391602
eval07,optimistic,full,24,3.942164421081543,15.553168296813965
eval07,optimistic,full,25,3.9767355918884277,15.813396453857422
eval07,optimistic,full,26,4.755046844482422,16.717124938964844
eval07,optimistic,full,27,8.43203067779541,17.278165817260742
eval07,optimistic,orthogonal_matched,20,0.3626435697078705,17.981670379638672
eval07,optimistic,orthogonal_matched,21,0.44218897819519043,15.868011474609375
eval07,optimistic,orthogonal_matched,22,1.2889437675476074,14.46169376373291
eval07,optimistic,orthogonal_matched,23,1.8669700622558594,14.53686237335205
eval07,optimistic,orthogonal_matched,24,2.077758550643921,15.164493560791016
eval07,optimistic,orthogonal_matched,25,1.9165546894073486,15.395220756530762
eval07,optimistic,orthogonal_matched,26,2.5635199546813965,16.28084945678711
eval07,optimistic,orthogonal_matched,27,5.6037678718566895,16.373268127441406
eval07,delighted,full,20,4.273483753204346,15.932557106018066
eval07,delighted,full,21,4.910557746887207,15.205785751342773
eval07,delighted,full,22,4.981438636779785,14.947037696838379
eval07,delighted,full,23,6.0786614418029785,15.382736206054688
eval07,delighted,full,24,6.529921531677246,15.944068908691406
eval07,delighted,full,25,7.535155773162842,16.230289459228516
eval07,delighted,full,26,8.018553733825684,17.159521102905273
eval07,delighted,full,27,12.191959381103516,18.796146392822266
eval07,delighted,orthogonal_matched,20,0.858813464641571,15.360611915588379
eval07,delighted,orthogonal_matched,21,1.2114814519882202,14.505157470703125
eval07,delighted,orthogonal_matched,22,1.181276798248291,14.242587089538574
eval07,delighted,orthogonal_matched,23,1.8061083555221558,14.43490219116211
eval07,delighted,orthogonal_matched,24,1.9310945272445679,14.91387939453125
eval07,delighted,orthogonal_matched,25,2.508117198944092,15.063627243041992
eval07,delighted,orthogonal_matched,26,2.7417609691619873,15.988431930541992
eval07,delighted,orthogonal_matched,27,5.601902484893799,16.46076774597168
eval07,thankful,full,20,-0.18026404082775116,14.013941764831543
eval07,thankful,full,21,-0.23006607592105865,13.143467903137207
eval07,thankful,full,22,0.008050888776779175,12.70297908782959
eval07,thankful,full,23,-0.06780034303665161,12.582084655761719
eval07,thankful,full,24,0.3685176968574524,13.54166030883789
eval07,thankful,full,25,0.11569049954414368,13.657933235168457
eval07,thankful,full,26,0.4479701519012451,14.558601379394531
eval07,thankful,full,27,-0.01247715950012207,15.17267894744873
eval07,thankful,orthogonal_matched,20,0.26468706130981445,14.017269134521484
eval07,thankful,orthogonal_matched,21,0.25604915618896484,13.141684532165527
eval07,thankful,orthogonal_matched,22,0.5116211175918579,12.709990501403809
eval07,thankful,orthogonal_matched,23,0.5157485008239746,12.575691223144531
eval07,thankful,orthogonal_matched,24,0.9920827150344849,13.551355361938477
eval07,thankful,orthogonal_matched,25,0.7908293604850769,13.676910400390625
eval07,thankful,orthogonal_matched,26,1.1438138484954834,14.59643268585205
eval07,thankful,orthogonal_matched,27,0.8376798629760742,15.077396392822266
eval07,inspired,full,20,2.585193634033203,12.763178825378418
eval07,inspired,full,21,2.8697242736816406,12.812871932983398
eval07,inspired,full,22,2.8720531463623047,12.593687057495117
eval07,inspired,full,23,3.202389717102051,12.878511428833008
eval07,inspired,full,24,3.518009662628174,13.47635555267334
eval07,inspired,full,25,3.9814982414245605,13.906844139099121
eval07,inspired,full,26,4.303267002105713,14.512197494506836
eval07,inspired,full,27,8.585639953613281,16.581008911132812
eval07,inspired,orthogonal_matched,20,-0.021945714950561523,12.500772476196289
eval07,inspired,orthogonal_matched,21,0.05484125018119812,12.525909423828125
eval07,inspired,orthogonal_matched,22,-0.04413348436355591,12.338000297546387
eval07,inspired,orthogonal_matched,23,-0.07646685838699341,12.567426681518555
eval07,inspired,orthogonal_matched,24,-0.042019546031951904,13.19490909576416
eval07,inspired,orthogonal_matched,25,0.08656579256057739,13.572256088256836
eval07,inspired,orthogonal_matched,26,0.2235967516899109,14.139363288879395
eval07,inspired,orthogonal_matched,27,3.40289044380188,14.50660228729248
eval07,afraid,full,20,0.07016973197460175,8.859781265258789
eval07,afraid,full,21,-0.055913858115673065,8.537227630615234
eval07,afraid,full,22,-0.18183249235153198,8.552602767944336
eval07,afraid,full,23,-0.1467243731021881,8.623152732849121
eval07,afraid,full,24,-0.007697009481489658,9.068045616149902
eval07,afraid,full,25,-0.03457985073328018,9.43491268157959
eval07,afraid,full,26,-0.12158933281898499,10.137402534484863
eval07,afraid,full,27,-1.7058477401733398,10.090984344482422
eval07,afraid,orthogonal_matched,20,-0.034117214381694794,8.86139965057373
eval07,afraid,orthogonal_matched,21,-0.17069761455059052,8.540034294128418
eval07,afraid,orthogonal_matched,22,-0.29655033349990845,8.55752182006836
eval07,afraid,orthogonal_matched,23,-0.2809116542339325,8.631381034851074
eval07,afraid,orthogonal_matched,24,-0.1493232697248459,9.075275421142578
eval07,afraid,orthogonal_matched,25,-0.19977691769599915,9.449529647827148
eval07,afraid,orthogonal_matched,26,-0.2802791893482208,10.148558616638184
eval07,afraid,orthogonal_matched,27,-1.8775858879089355,10.135038375854492
eval07,depressed,full,20,-0.991989254951477,9.221662521362305
eval07,depressed,full,21,-1.175790786743164,8.952414512634277
eval07,depressed,full,22,-1.297395944595337,8.938048362731934
eval07,depressed,full,23,-1.7111053466796875,9.029909133911133
eval07,depressed,full,24,-1.8559930324554443,9.435952186584473
eval07,depressed,full,25,-1.926007628440857,9.620615005493164
eval07,depressed,full,26,-2.0349812507629395,10.069293975830078
eval07,depressed,full,27,-1.1728860139846802,10.454096794128418
eval07,depressed,orthogonal_matched,20,-0.1412385106086731,9.180630683898926
eval07,depressed,orthogonal_matched,21,-0.25668400526046753,8.890867233276367
eval07,depressed,orthogonal_matched,22,-0.3502594530582428,8.8734769821167
eval07,depressed,orthogonal_matched,23,-0.6414667367935181,8.921931266784668
eval07,depressed,orthogonal_matched,24,-0.6932289600372314,9.330653190612793
eval07,depressed,orthogonal_matched,25,-0.6496487259864807,9.497180938720703
eval07,depressed,orthogonal_matched,26,-0.7129393219947815,9.969438552856445
eval07,depressed,orthogonal_matched,27,0.4741324186325073,10.454092025756836
eval07,horrified,full,20,0.504753053188324,11.114042282104492
eval07,horrified,full,21,0.7891049385070801,9.519885063171387
eval07,horrified,full,22,0.40627026557922363,8.261780738830566
eval07,horrified,full,23,0.2653602361679077,7.752824783325195
eval07,horrified,full,24,0.13751435279846191,7.292543888092041
eval07,horrified,full,25,0.3458675146102905,7.387088298797607
eval07,horrified,full,26,0.03573599457740784,7.246626377105713
eval07,horrified,full,27,-2.071669101715088,6.769651889801025
eval07,horrified,orthogonal_matched,20,-0.22563281655311584,11.113614082336426
eval07,horrified,orthogonal_matched,21,-0.0007499158382415771,9.502791404724121
eval07,horrified,orthogonal_matched,22,-0.41697564721107483,8.261666297912598
eval07,horrified,orthogonal_matched,23,-0.6765149831771851,7.760254383087158
eval07,horrified,orthogonal_matched,24,-0.8710918426513672,7.339559555053711
eval07,horrified,orthogonal_matched,25,-0.7543303370475769,7.446158409118652
eval07,horrified,orthogonal_matched,26,-1.102168083190918,7.291289329528809
eval07,horrified,orthogonal_matched,27,-3.4763388633728027,6.997529029846191
eval07,disgusted,full,20,-0.3153495192527771,9.864112854003906
eval07,disgusted,full,21,-0.30141496658325195,8.838672637939453
eval07,disgusted,full,22,-0.4305832087993622,8.59918212890625
eval07,disgusted,full,23,-0.6257782578468323,8.382621765136719
eval07,disgusted,full,24,-0.5754618644714355,8.555974960327148
eval07,disgusted,full,25,-0.9204322695732117,8.667389869689941
eval07,disgusted,full,26,-1.1593046188354492,8.93177318572998
eval07,disgusted,full,27,-3.4765281677246094,7.617832183837891
eval07,disgusted,orthogonal_matched,20,-0.07692687213420868,9.856330871582031
eval07,disgusted,orthogonal_matched,21,-0.041339144110679626,8.84122085571289
eval07,disgusted,orthogonal_matched,22,-0.15565471351146698,8.613041877746582
eval07,disgusted,orthogonal_matched,23,-0.3151171803474426,8.390849113464355
eval07,disgusted,orthogonal_matched,24,-0.2378215193748474,8.567442893981934
eval07,disgusted,orthogonal_matched,25,-0.5505843162536621,8.674097061157227
eval07,disgusted,orthogonal_matched,26,-0.7560278177261353,8.939391136169434
eval07,disgusted,orthogonal_matched,27,-2.9480767250061035,7.59810209274292
eval07,furious,full,20,-1.2786065340042114,20.276723861694336
eval07,furious,full,21,-1.3466428518295288,17.699567794799805
eval07,furious,full,22,-1.117605209350586,14.887420654296875
eval07,furious,full,23,-0.8048298954963684,14.071660995483398
eval07,furious,full,24,-0.8623498678207397,13.940433502197266
eval07,furious,full,25,-0.7265668511390686,14.5711669921875
eval07,furious,full,26,-0.3067333996295929,13.856809616088867
eval07,furious,full,27,-0.7908209562301636,8.899452209472656
eval07,furious,orthogonal_matched,20,0.35686248540878296,20.250049591064453
eval07,furious,orthogonal_matched,21,0.42398929595947266,17.698583602905273
eval07,furious,orthogonal_matched,22,0.7145916819572449,14.931307792663574
eval07,furious,orthogonal_matched,23,1.3169158697128296,14.128205299377441
eval07,furious,orthogonal_matched,24,1.4204140901565552,13.998113632202148
eval07,furious,orthogonal_matched,25,1.7915383577346802,14.640132904052734
eval07,furious,orthogonal_matched,26,2.3737521171569824,13.852885246276855
eval07,furious,orthogonal_matched,27,2.7853760719299316,8.096426010131836
eval07,hurt,full,20,-0.26970651745796204,12.092758178710938
eval07,hurt,full,21,-0.37847810983657837,10.584705352783203
eval07,hurt,full,22,-1.146061658859253,9.698919296264648
eval07,hurt,full,23,-1.4923696517944336,9.872142791748047
eval07,hurt,full,24,-1.8678865432739258,10.22343921661377
eval07,hurt,full,25,-1.8423583507537842,10.448031425476074
eval07,hurt,full,26,-2.467782974243164,10.984796524047852
eval07,hurt,full,27,-6.0882039070129395,12.837278366088867
eval07,hurt,orthogonal_matched,20,-0.2800809442996979,12.094858169555664
eval07,hurt,orthogonal_matched,21,-0.3879314661026001,10.589336395263672
eval07,hurt,orthogonal_matched,22,-1.1552037000656128,9.709897994995117
eval07,hurt,orthogonal_matched,23,-1.5021915435791016,9.880653381347656
eval07,hurt,orthogonal_matched,24,-1.8771008253097534,10.233875274658203
eval07,hurt,orthogonal_matched,25,-1.8531198501586914,10.45772647857666
eval07,hurt,orthogonal_matched,26,-2.4764041900634766,10.994545936584473
eval07,hurt,orthogonal_matched,27,-6.074132919311523,12.865662574768066
eval07,miserable,full,20,-0.7125555872917175,10.888678550720215
eval07,miserable,full,21,-0.5836427807807922,10.356771469116211
eval07,miserable,full,22,-0.7067935466766357,10.480838775634766
eval07,miserable,full,23,-1.2509771585464478,10.411792755126953
eval07,miserable,full,24,-1.3246420621871948,10.775643348693848
eval07,miserable,full,25,-1.3650426864624023,11.08163070678711
eval07,miserable,full,26,-1.5401369333267212,11.492145538330078
eval07,miserable,full,27,-2.541843891143799,10.945878028869629
eval07,miserable,orthogonal_matched,20,-0.10393181443214417,10.88203239440918
eval07,miserable,orthogonal_matched,21,0.07549330592155457,10.358682632446289
eval07,miserable,orthogonal_matched,22,-0.02010221779346466,10.489434242248535
eval07,miserable,orthogonal_matched,23,-0.4728845953941345,10.382105827331543
eval07,miserable,orthogonal_matched,24,-0.48515215516090393,10.733550071716309
eval07,miserable,orthogonal_matched,25,-0.44762682914733887,11.025938034057617
eval07,miserable,orthogonal_matched,26,-0.5766810178756714,11.465636253356934
eval07,miserable,orthogonal_matched,27,-1.3193753957748413,10.703535079956055
eval07,hateful,full,20,-1.4474607706069946,11.191634178161621
eval07,hateful,full,21,-1.4607701301574707,10.937509536743164
eval07,hateful,full,22,-1.685791254043579,10.841547966003418
eval07,hateful,full,23,-2.418346643447876,11.299202919006348
eval07,hateful,full,24,-2.5162901878356934,11.863460540771484
eval07,hateful,full,25,-2.9106035232543945,11.994853973388672
eval07,hateful,full,26,-3.0586864948272705,12.096220016479492
eval07,hateful,full,27,-5.7153096199035645,12.269806861877441
eval07,hateful,orthogonal_matched,20,-0.07550901174545288,11.100996017456055
eval07,hateful,orthogonal_matched,21,0.01712092198431492,10.859493255615234
eval07,hateful,orthogonal_matched,22,-0.15639442205429077,10.739468574523926
eval07,hateful,orthogonal_matched,23,-0.685731828212738,11.12739372253418
eval07,hateful,orthogonal_matched,24,-0.6300091743469238,11.71009635925293
eval07,hateful,orthogonal_matched,25,-0.8601719737052917,11.815618515014648
eval07,hateful,orthogonal_matched,26,-0.89947110414505,11.976879119873047
eval07,hateful,orthogonal_matched,27,-2.923245906829834,11.744409561157227
eval07,tormented,full,20,-1.8762307167053223,11.398910522460938
eval07,tormented,full,21,-1.6898465156555176,11.397250175476074
eval07,tormented,full,22,-1.588411808013916,11.933300971984863
eval07,tormented,full,23,-2.406874418258667,12.417318344116211
eval07,tormented,full,24,-2.4214823246002197,13.45067024230957
eval07,tormented,full,25,-2.913994312286377,14.060525894165039
eval07,tormented,full,26,-2.927086353302002,14.307435989379883
eval07,tormented,full,27,-6.80538272857666,12.537171363830566
eval07,tormented,orthogonal_matched,20,-0.032376401126384735,11.222572326660156
eval07,tormented,orthogonal_matched,21,0.3100024461746216,11.20307731628418
eval07,tormented,orthogonal_matched,22,0.4870595932006836,11.77163314819336
eval07,tormented,orthogonal_matched,23,-0.04234882444143295,12.11581802368164
eval07,tormented,orthogonal_matched,24,0.1509196013212204,13.13185977935791
eval07,tormented,orthogonal_matched,25,-0.11797936260700226,13.65312671661377
eval07,tormented,orthogonal_matched,26,-0.009045809507369995,13.912229537963867
eval07,tormented,orthogonal_matched,27,-3.174882411956787,11.050952911376953
eval07,upset,full,20,0.4571799635887146,12.299972534179688
eval07,upset,full,21,0.6822636127471924,11.191515922546387
eval07,upset,full,22,0.652879536151886,10.860815048217773
eval07,upset,full,23,0.595697820186615,10.375840187072754
eval07,upset,full,24,0.30570119619369507,10.476719856262207
eval07,upset,full,25,0.6538861393928528,10.61365795135498
eval07,upset,full,26,0.56746506690979,10.430251121520996
eval07,upset,full,27,1.4047012329101562,10.144051551818848
eval07,upset,orthogonal_matched,20,-0.10660667717456818,12.31793212890625
eval07,upset,orthogonal_matched,21,0.07802596688270569,11.186473846435547
eval07,upset,orthogonal_matched,22,0.025387674570083618,10.843423843383789
eval07,upset,orthogonal_matched,23,-0.120697021484375,10.349894523620605
eval07,upset,orthogonal_matched,24,-0.4663490056991577,10.477762222290039
eval07,upset,orthogonal_matched,25,-0.19466327130794525,10.614541053771973
eval07,upset,orthogonal_matched,26,-0.3352047801017761,10.384321212768555
eval07,upset,orthogonal_matched,27,0.17809516191482544,10.02111530303955
eval08,empathetic,full,20,1.9011409282684326,13.246095657348633
eval08,empathetic,full,21,2.171656370162964,12.902223587036133
eval08,empathetic,full,22,2.2114624977111816,12.769718170166016
eval08,empathetic,full,23,2.4411933422088623,12.823725700378418
eval08,empathetic,full,24,2.7062652111053467,13.189709663391113
eval08,empathetic,full,25,2.9999046325683594,13.482370376586914
eval08,empathetic,full,26,3.1711678504943848,13.610452651977539
eval08,empathetic,full,27,4.596622467041016,12.259811401367188
eval08,empathetic,orthogonal_matched,20,0.09939917922019958,13.058126449584961
eval08,empathetic,orthogonal_matched,21,0.2362060695886612,12.626415252685547
eval08,empathetic,orthogonal_matched,22,0.21074357628822327,12.495725631713867
eval08,empathetic,orthogonal_matched,23,0.21756045520305634,12.533978462219238
eval08,empathetic,orthogonal_matched,24,0.294164776802063,12.887012481689453
eval08,empathetic,orthogonal_matched,25,0.3529047966003418,13.13625431060791
eval08,empathetic,orthogonal_matched,26,0.40172281861305237,13.285679817199707
eval08,empathetic,orthogonal_matched,27,0.9905147552490234,11.838397026062012
eval08,exuberant,full,20,1.2919143438339233,8.98791217803955
eval08,exuberant,full,21,1.3231215476989746,8.521114349365234
eval08,exuberant,full,22,1.4304008483886719,8.402376174926758
eval08,exuberant,full,23,1.8420172929763794,8.343863487243652
eval08,exuberant,full,24,2.143763303756714,8.582564353942871
eval08,exuberant,full,25,2.2298943996429443,8.904013633728027
eval08,exuberant,full,26,2.377655029296875,9.256134986877441
eval08,exuberant,full,27,3.560270309448242,10.07462215423584
eval08,exuberant,orthogonal_matched,20,0.14401954412460327,8.873164176940918
eval08,exuberant,orthogonal_matched,21,0.08982852101325989,8.43653392791748
eval08,exuberant,orthogonal_matched,22,0.15487214922904968,8.303228378295898
eval08,exuberant,orthogonal_matched,23,0.41511788964271545,8.223404884338379
eval08,exuberant,orthogonal_matched,24,0.5737084746360779,8.425189018249512
eval08,exuberant,orthogonal_matched,25,0.5023082494735718,8.741046905517578
eval08,exuberant,orthogonal_matched,26,0.5690686702728271,9.065191268920898
eval08,exuberant,orthogonal_matched,27,1.145862340927124,9.576684951782227
eval08,invigorated,full,20,0.8078314065933228,9.954453468322754
eval08,invigorated,full,21,1.0269443988800049,9.603924751281738
eval08,invigorated,full,22,0.9688566327095032,9.527606010437012
eval08,invigorated,full,23,1.0341440439224243,9.684991836547852
eval08,invigorated,full,24,0.8296349048614502,10.135964393615723
eval08,invigorated,full,25,0.7901641130447388,10.621654510498047
eval08,invigorated,full,26,1.1245698928833008,11.337057113647461
eval08,invigorated,full,27,4.082465171813965,13.04574203491211
eval08,invigorated,orthogonal_matched,20,0.11797580122947693,9.904531478881836
eval08,invigorated,orthogonal_matched,21,0.2957751154899597,9.543285369873047
eval08,invigorated,orthogonal_matched,22,0.21378710865974426,9.465401649475098
eval08,invigorated,orthogonal_matched,23,0.19274526834487915,9.60995864868164
eval08,invigorated,orthogonal_matched,24,-0.09074908494949341,10.070619583129883
eval08,invigorated,orthogonal_matched,25,-0.22214806079864502,10.542947769165039
eval08,invigorated,orthogonal_matched,26,0.06718440353870392,11.242539405822754
eval08,invigorated,orthogonal_matched,27,2.768005847930908,12.739317893981934
eval08,cheerful,full,20,2.9478137493133545,10.596000671386719
eval08,cheerful,full,21,3.0171127319335938,9.983237266540527
eval08,cheerful,full,22,3.281322479248047,9.858139038085938
eval08,cheerful,full,23,3.8729677200317383,9.888143539428711
eval08,cheerful,full,24,4.298335075378418,9.92854118347168
eval08,cheerful,full,25,4.537303447723389,10.100567817687988
eval08,cheerful,full,26,4.595911979675293,10.798178672790527
eval08,cheerful,full,27,5.941256523132324,12.365942001342773
eval08,cheerful,orthogonal_matched,20,0.24773508310317993,10.141426086425781
eval08,cheerful,orthogonal_matched,21,0.11683061718940735,9.499862670898438
eval08,cheerful,orthogonal_matched,22,0.2718716263771057,9.392641067504883
eval08,cheerful,orthogonal_matched,23,0.5390605926513672,9.333361625671387
eval08,cheerful,orthogonal_matched,24,0.6627004146575928,9.34298324584961
eval08,cheerful,orthogonal_matched,25,0.5321433544158936,9.500155448913574
eval08,cheerful,orthogonal_matched,26,0.36745715141296387,10.226325988769531
eval08,cheerful,orthogonal_matched,27,0.2171010971069336,11.049787521362305
eval08,joyful,full,20,1.6793763637542725,20.20037078857422
eval08,joyful,full,21,1.2699781656265259,17.80740737915039
eval08,joyful,full,22,1.806081771850586,15.77592658996582
eval08,joyful,full,23,2.282168388366699,15.424982070922852
eval08,joyful,full,24,2.891996383666992,15.690471649169922
eval08,joyful,full,25,3.2060115337371826,15.248662948608398
eval08,joyful,full,26,4.185737609863281,14.944121360778809
eval08,joyful,full,27,7.942081451416016,19.766923904418945
eval08,joyful,orthogonal_matched,20,0.9314355254173279,20.12555694580078
eval08,joyful,orthogonal_matched,21,0.4641472101211548,17.754074096679688
eval08,joyful,orthogonal_matched,22,0.9655112028121948,15.710025787353516
eval08,joyful,orthogonal_matched,23,1.325254201889038,15.334829330444336
eval08,joyful,orthogonal_matched,24,1.8374390602111816,15.57568359375
eval08,joyful,orthogonal_matched,25,2.034420967102051,15.127949714660645
eval08,joyful,orthogonal_matched,26,2.931898593902588,14.832301139831543
eval08,joyful,orthogonal_matched,27,6.0909423828125,19.108957290649414
eval08,happy,full,20,1.5437593460083008,15.249210357666016
eval08,happy,full,21,1.4729989767074585,13.364967346191406
eval08,happy,full,22,2.186439037322998,11.968202590942383
eval08,happy,full,23,2.6375465393066406,11.61856746673584
eval08,happy,full,24,3.091582775115967,11.993561744689941
eval08,happy,full,25,3.293454885482788,11.786428451538086
eval08,happy,full,26,4.667349338531494,12.170110702514648
eval08,happy,full,27,11.566704750061035,17.890474319458008
eval08,happy,orthogonal_matched,20,0.7277764081954956,15.180505752563477
eval08,happy,orthogonal_matched,21,0.5952775478363037,13.295807838439941
eval08,happy,orthogonal_matched,22,1.271633267402649,11.872882843017578
eval08,happy,orthogonal_matched,23,1.6118314266204834,11.48204517364502
eval08,happy,orthogonal_matched,24,1.9791362285614014,11.819018363952637
eval08,happy,orthogonal_matched,25,2.059847831726074,11.598224639892578
eval08,happy,orthogonal_matched,26,3.3603248596191406,11.934059143066406
eval08,happy,orthogonal_matched,27,9.69632339477539,17.009960174560547
eval08,optimistic,full,20,1.7783739566802979,17.815624237060547
eval08,optimistic,full,21,1.6297091245651245,15.890353202819824
eval08,optimistic,full,22,2.388434886932373,14.672232627868652
eval08,optimistic,full,23,2.895376682281494,14.688765525817871
eval08,optimistic,full,24,3.42153000831604,15.283318519592285
eval08,optimistic,full,25,3.547427177429199,15.271772384643555
eval08,optimistic,full,26,4.128909111022949,15.739278793334961
eval08,optimistic,full,27,5.476428508758545,16.976186752319336
eval08,optimistic,orthogonal_matched,20,0.4759168326854706,17.71053123474121
eval08,optimistic,orthogonal_matched,21,0.22082781791687012,15.782380104064941
eval08,optimistic,orthogonal_matched,22,0.9270970225334167,14.518275260925293
eval08,optimistic,orthogonal_matched,23,1.249649167060852,14.450919151306152
eval08,optimistic,orthogonal_matched,24,1.6126593351364136,15.00369930267334
eval08,optimistic,orthogonal_matched,25,1.5468292236328125,14.97218132019043
eval08,optimistic,orthogonal_matched,26,2.011754035949707,15.454117774963379
eval08,optimistic,orthogonal_matched,27,2.548553943634033,16.261295318603516
eval08,delighted,full,20,4.257701396942139,15.530804634094238
eval08,delighted,full,21,4.6291303634643555,14.566110610961914
eval08,delighted,full,22,4.720264434814453,14.387877464294434
eval08,delighted,full,23,5.666194438934326,14.636881828308105
eval08,delighted,full,24,6.205860137939453,15.24864387512207
eval08,delighted,full,25,7.2427167892456055,15.370431900024414
eval08,delighted,full,26,7.8085150718688965,16.101377487182617
eval08,delighted,full,27,12.861552238464355,18.39816665649414
eval08,delighted,orthogonal_matched,20,0.8840696811676025,14.992308616638184
eval08,delighted,orthogonal_matched,21,0.9984534978866577,13.908461570739746
eval08,delighted,orthogonal_matched,22,0.978746235370636,13.754009246826172
eval08,delighted,orthogonal_matched,23,1.526868462562561,13.784382820129395
eval08,delighted,orthogonal_matched,24,1.7166954278945923,14.361847877502441
eval08,delighted,orthogonal_matched,25,2.316425323486328,14.399480819702148
eval08,delighted,orthogonal_matched,26,2.6470696926116943,15.185757637023926
eval08,delighted,orthogonal_matched,27,5.855047225952148,16.310434341430664
eval08,thankful,full,20,-0.21240690350532532,13.660991668701172
eval08,thankful,full,21,-0.47456926107406616,12.510266304016113
eval08,thankful,full,22,-0.05109183490276337,11.718992233276367
eval08,thankful,full,23,-0.17587804794311523,11.651976585388184
eval08,thankful,full,24,0.4101863503456116,12.024125099182129
eval08,thankful,full,25,0.17804957926273346,11.98046875
eval08,thankful,full,26,0.6586524844169617,12.150080680847168
eval08,thankful,full,27,-1.4723230600357056,13.081136703491211
eval08,thankful,orthogonal_matched,20,0.2260064035654068,13.66502571105957
eval08,thankful,orthogonal_matched,21,-0.002204403281211853,12.510457992553711
eval08,thankful,orthogonal_matched,22,0.4355609118938446,11.724802017211914
eval08,thankful,orthogonal_matched,23,0.3642450273036957,11.668322563171387
eval08,thankful,orthogonal_matched,24,0.9900766611099243,12.047523498535156
eval08,thankful,orthogonal_matched,25,0.8110978603363037,12.014193534851074
eval08,thankful,orthogonal_matched,26,1.3174278736114502,12.186598777770996
eval08,thankful,orthogonal_matched,27,-0.568719744682312,12.925280570983887
eval08,inspired,full,20,2.3448736667633057,12.735706329345703
eval08,inspired,full,21,2.496497869491577,12.464760780334473
eval08,inspired,full,22,2.634228229522705,12.211494445800781
eval08,inspired,full,23,2.834029197692871,12.2476224899292
eval08,inspired,full,24,3.2572715282440186,12.804734230041504
eval08,inspired,full,25,3.6399850845336914,13.155412673950195
eval08,inspired,full,26,4.025842189788818,13.996318817138672
eval08,inspired,full,27,8.974958419799805,15.82913875579834
eval08,inspired,orthogonal_matched,20,-0.23014616966247559,12.42258071899414
eval08,inspired,orthogonal_matched,21,-0.2576466202735901,12.083118438720703
eval08,inspired,orthogonal_matched,22,-0.2144840657711029,11.79738712310791
eval08,inspired,orthogonal_matched,23,-0.3269340693950653,11.769810676574707
eval08,inspired,orthogonal_matched,24,-0.18152308464050293,12.290199279785156
eval08,inspired,orthogonal_matched,25,-0.1323552429676056,12.530624389648438
eval08,inspired,orthogonal_matched,26,0.08169835805892944,13.27220630645752
eval08,inspired,orthogonal_matched,27,3.6810450553894043,13.339226722717285
eval08,afraid,full,20,-0.01883886381983757,8.63786506652832
eval08,afraid,full,21,0.02044704183936119,8.21477222442627
eval08,afraid,full,22,-0.058520786464214325,7.963729381561279
eval08,afraid,full,23,-0.058663222938776016,7.861119270324707
eval08,afraid,full,24,0.08058811724185944,8.171666145324707
eval08,afraid,full,25,0.012776151299476624,8.414165496826172
eval08,afraid,full,26,-0.10086753219366074,8.852442741394043
eval08,afraid,full,27,-2.4822893142700195,9.221805572509766
eval08,afraid,orthogonal_matched,20,-0.11366654187440872,8.63830852508545
eval08,afraid,orthogonal_matched,21,-0.0819990411400795,8.215656280517578
eval08,afraid,orthogonal_matched,22,-0.16081805527210236,7.965342998504639
eval08,afraid,orthogonal_matched,23,-0.1648777723312378,7.8588433265686035
eval08,afraid,orthogonal_matched,24,-0.03826886788010597,8.169534683227539
eval08,afraid,orthogonal_matched,25,-0.1173979640007019,8.412343978881836
eval08,afraid,orthogonal_matched,26,-0.22991682589054108,8.846502304077148
eval08,afraid,orthogonal_matched,27,-2.6596078872680664,9.221490859985352
eval08,depressed,full,20,-1.035334825515747,9.261856079101562
eval08,depressed,full,21,-1.1469393968582153,8.936399459838867
eval08,depressed,full,22,-1.1835559606552124,9.034260749816895
eval08,depressed,full,23,-1.539605975151062,9.018538475036621
eval08,depressed,full,24,-1.623486876487732,9.580862998962402
eval08,depressed,full,25,-1.8186569213867188,9.707496643066406
eval08,depressed,full,26,-2.0491228103637695,10.017139434814453
eval08,depressed,full,27,-1.7635852098464966,11.428496360778809
eval08,depressed,orthogonal_matched,20,-0.19153165817260742,9.227644920349121
eval08,depressed,orthogonal_matched,21,-0.2438652515411377,8.878254890441895
eval08,depressed,orthogonal_matched,22,-0.2516636252403259,8.978104591369629
eval08,depressed,orthogonal_matched,23,-0.49800217151641846,8.931583404541016
eval08,depressed,orthogonal_matched,24,-0.47462713718414307,9.50967025756836
eval08,depressed,orthogonal_matched,25,-0.5585845708847046,9.642114639282227
eval08,depressed,orthogonal_matched,26,-0.7063074707984924,9.984397888183594
eval08,depressed,orthogonal_matched,27,-0.00817805528640747,11.585905075073242
eval08,horrified,full,20,0.42414891719818115,11.253829956054688
eval08,horrified,full,21,0.704841136932373,9.615264892578125
eval08,horrified,full,22,0.47662514448165894,8.516427993774414
eval08,horrified,full,23,0.37211939692497253,8.140785217285156
eval08,horrified,full,24,0.2105618715286255,7.521337985992432
eval08,horrified,full,25,0.3398319184780121,7.401132106781006
eval08,horrified,full,26,-0.1534137725830078,6.890391826629639
eval08,horrified,full,27,-0.8439916372299194,6.214620113372803
eval08,horrified,orthogonal_matched,20,-0.29984158277511597,11.258466720581055
eval08,horrified,orthogonal_matched,21,-0.06872552633285522,9.598847389221191
eval08,horrified,orthogonal_matched,22,-0.33065512776374817,8.497136116027832
eval08,horrified,orthogonal_matched,23,-0.5355086326599121,8.131329536437988
eval08,horrified,orthogonal_matched,24,-0.7776666879653931,7.551503658294678
eval08,horrified,orthogonal_matched,25,-0.7402953505516052,7.438920497894287
eval08,horrified,orthogonal_matched,26,-1.28287672996521,6.904903888702393
eval08,horrified,orthogonal_matched,27,-2.35029935836792,6.424532890319824
eval08,disgusted,full,20,-0.38991105556488037,9.78842544555664
eval08,disgusted,full,21,-0.3108913004398346,8.625036239624023
eval08,disgusted,full,22,-0.33704814314842224,8.26952075958252
eval08,disgusted,full,23,-0.449057936668396,8.025490760803223
eval08,disgusted,full,24,-0.45176786184310913,8.016888618469238
eval08,disgusted,full,25,-0.8330875039100647,7.900979518890381
eval08,disgusted,full,26,-1.385738730430603,7.847654819488525
eval08,disgusted,full,27,-4.019080638885498,6.918436527252197
eval08,disgusted,orthogonal_matched,20,-0.15216894447803497,9.784820556640625
eval08,disgusted,orthogonal_matched,21,-0.059300169348716736,8.628545761108398
eval08,disgusted,orthogonal_matched,22,-0.07716929912567139,8.276987075805664
eval08,disgusted,orthogonal_matched,23,-0.15833759307861328,8.0355863571167
eval08,disgusted,orthogonal_matched,24,-0.14000269770622253,8.025300979614258
eval08,disgusted,orthogonal_matched,25,-0.49498432874679565,7.900470733642578
eval08,disgusted,orthogonal_matched,26,-1.0369770526885986,7.8460564613342285
eval08,disgusted,orthogonal_matched,27,-3.5931761264801025,6.875669002532959
eval08,furious,full,20,-1.1512391567230225,20.00685691833496
eval08,furious,full,21,-1.3829939365386963,17.71957015991211
eval08,furious,full,22,-1.2133455276489258,15.653007507324219
eval08,furious,full,23,-0.918804407119751,15.030786514282227
eval08,furious,full,24,-0.8527268171310425,14.813499450683594
eval08,furious,full,25,-0.655424952507019,15.156508445739746
eval08,furious,full,26,-0.16552942991256714,14.228262901306152
eval08,furious,full,27,-2.3703315258026123,10.398334503173828
eval08,furious,orthogonal_matched,20,0.46819445490837097,19.95707130432129
eval08,furious,orthogonal_matched,21,0.36202436685562134,17.66785430908203
eval08,furious,orthogonal_matched,22,0.5979768633842468,15.59866714477539
eval08,furious,orthogonal_matched,23,1.1390050649642944,15.00529956817627
eval08,furious,orthogonal_matched,24,1.3900225162506104,14.780722618103027
eval08,furious,orthogonal_matched,25,1.8413012027740479,15.097661018371582
eval08,furious,orthogonal_matched,26,2.500542163848877,14.088354110717773
eval08,furious,orthogonal_matched,27,1.456593632698059,9.442663192749023
eval08,hurt,full,20,-0.3639505207538605,11.978720664978027
eval08,hurt,full,21,-0.33905234932899475,10.731992721557617
eval08,hurt,full,22,-0.9170272350311279,9.910714149475098
eval08,hurt,full,23,-1.0978007316589355,9.970388412475586
eval08,hurt,full,24,-1.4796099662780762,10.214011192321777
eval08,hurt,full,25,-1.4464396238327026,10.214670181274414
eval08,hurt,full,26,-2.1609747409820557,10.256701469421387
eval08,hurt,full,27,-4.134614944458008,11.730081558227539
eval08,hurt,orthogonal_matched,20,-0.3734496831893921,11.978464126586914
eval08,hurt,orthogonal_matched,21,-0.34478047490119934,10.733625411987305
eval08,hurt,orthogonal_matched,22,-0.9217084646224976,9.915420532226562
eval08,hurt,orthogonal_matched,23,-1.1033759117126465,9.978019714355469
eval08,hurt,orthogonal_matched,24,-1.4889519214630127,10.218323707580566
eval08,hurt,orthogonal_matched,25,-1.451948642730713,10.21544075012207
eval08,hurt,orthogonal_matched,26,-2.1719233989715576,10.25068187713623
eval08,hurt,orthogonal_matched,27,-4.139312744140625,11.725188255310059
eval08,miserable,full,20,-0.7367260456085205,10.850123405456543
eval08,miserable,full,21,-0.5651283264160156,10.024979591369629
eval08,miserable,full,22,-0.6125772595405579,9.970479965209961
eval08,miserable,full,23,-1.0032061338424683,9.73121166229248
eval08,miserable,full,24,-1.0789811611175537,10.098814010620117
eval08,miserable,full,25,-1.264016032218933,10.230791091918945
eval08,miserable,full,26,-1.5483425855636597,10.299182891845703
eval08,miserable,full,27,-2.4108142852783203,10.551876068115234
eval08,miserable,orthogonal_matched,20,-0.13486067950725555,10.84811019897461
eval08,miserable,orthogonal_matched,21,0.08812227845191956,10.021833419799805
eval08,miserable,orthogonal_matched,22,0.07307671010494232,9.983428955078125
eval08,miserable,orthogonal_matched,23,-0.24544192850589752,9.705967903137207
eval08,miserable,orthogonal_matched,24,-0.26901328563690186,10.066755294799805
eval08,miserable,orthogonal_matched,25,-0.3823348879814148,10.188493728637695
eval08,miserable,orthogonal_matched,26,-0.6094370484352112,10.312932968139648
eval08,miserable,orthogonal_matched,27,-1.0949031114578247,10.40986442565918
eval08,hateful,full,20,-1.5119948387145996,11.09575080871582
eval08,hateful,full,21,-1.539251446723938,10.679496765136719
eval08,hateful,full,22,-1.7119852304458618,10.459142684936523
eval08,hateful,full,23,-2.254436731338501,10.891609191894531
eval08,hateful,full,24,-2.316859483718872,11.623190879821777
eval08,hateful,full,25,-2.8507707118988037,11.685263633728027
eval08,hateful,full,26,-3.1296377182006836,11.730866432189941
eval08,hateful,full,27,-6.115521430969238,12.086138725280762
eval08,hateful,orthogonal_matched,20,-0.15439197421073914,11.001082420349121
eval08,hateful,orthogonal_matched,21,-0.08487087488174438,10.601627349853516
eval08,hateful,orthogonal_matched,22,-0.2076067328453064,10.371949195861816
eval08,hateful,orthogonal_matched,23,-0.5876562595367432,10.747297286987305
eval08,hateful,orthogonal_matched,24,-0.4914625287055969,11.48918342590332
eval08,hateful,orthogonal_matched,25,-0.862043559551239,11.536130905151367
eval08,hateful,orthogonal_matched,26,-1.0412312746047974,11.61486530303955
eval08,hateful,orthogonal_matched,27,-3.2306525707244873,11.589516639709473
eval08,tormented,full,20,-1.9521111249923706,11.433680534362793
eval08,tormented,full,21,-1.8565692901611328,11.343428611755371
eval08,tormented,full,22,-1.7142164707183838,11.98607349395752
eval08,tormented,full,23,-2.428539752960205,12.551087379455566
eval08,tormented,full,24,-2.523409366607666,14.032814025878906
eval08,tormented,full,25,-3.2512383460998535,14.552122116088867
eval08,tormented,full,26,-3.4125473499298096,14.670019149780273
eval08,tormented,full,27,-9.441363334655762,12.766531944274902
eval08,tormented,orthogonal_matched,20,-0.1274404227733612,11.2627592086792
eval08,tormented,orthogonal_matched,21,0.10721376538276672,11.158428192138672
eval08,tormented,orthogonal_matched,22,0.3176764249801636,11.835942268371582
eval08,tormented,orthogonal_matched,23,-0.14958065748214722,12.29984188079834
eval08,tormented,orthogonal_matched,24,-0.025272682309150696,13.780284881591797
eval08,tormented,orthogonal_matched,25,-0.5216935873031616,14.213445663452148
eval08,tormented,orthogonal_matched,26,-0.5409691333770752,14.327642440795898
eval08,tormented,orthogonal_matched,27,-5.628862380981445,11.42814826965332
eval08,upset,full,20,0.4351036846637726,12.258392333984375
eval08,upset,full,21,0.6590374708175659,11.06373405456543
eval08,upset,full,22,0.5286865234375,10.530170440673828
eval08,upset,full,23,0.5171648263931274,9.957968711853027
eval08,upset,full,24,0.108033686876297,9.788131713867188
eval08,upset,full,25,0.3530981242656708,9.720895767211914
eval08,upset,full,26,0.09138801693916321,9.413871765136719
eval08,upset,full,27,1.7954230308532715,9.005887031555176
eval08,upset,orthogonal_matched,20,-0.12148241698741913,12.28679084777832
eval08,upset,orthogonal_matched,21,0.060076236724853516,11.075477600097656
eval08,upset,orthogonal_matched,22,-0.09621922671794891,10.526298522949219
eval08,upset,orthogonal_matched,23,-0.18684500455856323,9.950273513793945
eval08,upset,orthogonal_matched,24,-0.6631835103034973,9.791254043579102
eval08,upset,orthogonal_matched,25,-0.49270257353782654,9.729093551635742
eval08,upset,orthogonal_matched,26,-0.8002076148986816,9.359783172607422
eval08,upset,orthogonal_matched,27,0.4392557144165039,8.843782424926758
eval09,empathetic,full,20,1.90041983127594,13.413616180419922
eval09,empathetic,full,21,2.2527289390563965,13.3788480758667
eval09,empathetic,full,22,2.211651086807251,13.235467910766602
eval09,empathetic,full,23,2.281447410583496,13.309366226196289
eval09,empathetic,full,24,2.6363472938537598,13.967721939086914
eval09,empathetic,full,25,2.8603224754333496,14.37386417388916
eval09,empathetic,full,26,2.870492935180664,14.704800605773926
eval09,empathetic,full,27,5.2633280754089355,15.133882522583008
eval09,empathetic,orthogonal_matched,20,0.08856922388076782,13.22021198272705
eval09,empathetic,orthogonal_matched,21,0.28719544410705566,13.087936401367188
eval09,empathetic,orthogonal_matched,22,0.17491528391838074,12.956588745117188
eval09,empathetic,orthogonal_matched,23,0.06513038277626038,13.017308235168457
eval09,empathetic,orthogonal_matched,24,0.19803375005722046,13.660392761230469
eval09,empathetic,orthogonal_matched,25,0.1583249866962433,14.009370803833008
eval09,empathetic,orthogonal_matched,26,0.025517821311950684,14.341293334960938
eval09,empathetic,orthogonal_matched,27,1.072852611541748,14.621525764465332
eval09,exuberant,full,20,1.353620171546936,9.004339218139648
eval09,exuberant,full,21,1.4603729248046875,8.579553604125977
eval09,exuberant,full,22,1.594982385635376,8.51225757598877
eval09,exuberant,full,23,1.9740347862243652,8.33514404296875
eval09,exuberant,full,24,2.2587718963623047,8.549769401550293
eval09,exuberant,full,25,2.399484157562256,8.849431991577148
eval09,exuberant,full,26,2.5001513957977295,9.174424171447754
eval09,exuberant,full,27,4.7628865242004395,11.277056694030762
eval09,exuberant,orthogonal_matched,20,0.19138428568840027,8.883163452148438
eval09,exuberant,orthogonal_matched,21,0.20586399734020233,8.49173641204834
eval09,exuberant,orthogonal_matched,22,0.27662304043769836,8.429286003112793
eval09,exuberant,orthogonal_matched,23,0.5174115896224976,8.235150337219238
eval09,exuberant,orthogonal_matched,24,0.6488264203071594,8.412515640258789
eval09,exuberant,orthogonal_matched,25,0.6069595217704773,8.707119941711426
eval09,exuberant,orthogonal_matched,26,0.6228758692741394,9.000045776367188
eval09,exuberant,orthogonal_matched,27,1.995544195175171,10.672704696655273
eval09,invigorated,full,20,0.8436123132705688,9.857220649719238
eval09,invigorated,full,21,1.0939643383026123,9.647988319396973
eval09,invigorated,full,22,1.0780308246612549,9.73707103729248
eval09,invigorated,full,23,1.1639982461929321,9.88199234008789
eval09,invigorated,full,24,0.944327712059021,10.54715633392334
eval09,invigorated,full,25,1.0241367816925049,11.109981536865234
eval09,invigorated,full,26,1.2495611906051636,11.920449256896973
eval09,invigorated,full,27,5.104495048522949,15.409756660461426
eval09,invigorated,orthogonal_matched,20,0.1566879153251648,9.807586669921875
eval09,invigorated,orthogonal_matched,21,0.3568442761898041,9.584287643432617
eval09,invigorated,orthogonal_matched,22,0.3073103427886963,9.674074172973633
eval09,invigorated,orthogonal_matched,23,0.30692896246910095,9.807785034179688
eval09,invigorated,orthogonal_matched,24,0.0009498298168182373,10.47156810760498
eval09,invigorated,orthogonal_matched,25,-0.023832589387893677,11.024664878845215
eval09,invigorated,orthogonal_matched,26,0.1501518189907074,11.809860229492188
eval09,invigorated,orthogonal_matched,27,3.4960999488830566,14.969449996948242
eval09,cheerful,full,20,2.9170491695404053,10.605059623718262
eval09,cheerful,full,21,3.0838708877563477,10.183311462402344
eval09,cheerful,full,22,3.258974552154541,10.077987670898438
eval09,cheerful,full,23,3.748380661010742,10.175467491149902
eval09,cheerful,full,24,4.179760932922363,10.435970306396484
eval09,cheerful,full,25,4.461231708526611,10.73386001586914
eval09,cheerful,full,26,4.486871719360352,11.611801147460938
eval09,cheerful,full,27,7.8634934425354,15.284614562988281
eval09,cheerful,orthogonal_matched,20,0.2075861096382141,10.15733528137207
eval09,cheerful,orthogonal_matched,21,0.14357006549835205,9.703228950500488
eval09,cheerful,orthogonal_matched,22,0.1864648461341858,9.636241912841797
eval09,cheerful,orthogonal_matched,23,0.39298930764198303,9.651938438415527
eval09,cheerful,orthogonal_matched,24,0.48859232664108276,9.860454559326172
eval09,cheerful,orthogonal_matched,25,0.35593801736831665,10.103134155273438
eval09,cheerful,orthogonal_matched,26,0.18404221534729004,10.963760375976562
eval09,cheerful,orthogonal_matched,27,1.4360005855560303,13.676753997802734
eval09,joyful,full,20,1.7284131050109863,20.12881088256836
eval09,joyful,full,21,1.4931889772415161,17.66774559020996
eval09,joyful,full,22,2.2029762268066406,15.752631187438965
eval09,joyful,full,23,2.841524839401245,15.454496383666992
eval09,joyful,full,24,3.2750751972198486,15.852444648742676
eval09,joyful,full,25,3.7909843921661377,15.631402015686035
eval09,joyful,full,26,5.024764537811279,15.574950218200684
eval09,joyful,full,27,11.560457229614258,23.73261260986328
eval09,joyful,orthogonal_matched,20,0.9833030700683594,20.04399871826172
eval09,joyful,orthogonal_matched,21,0.6906155347824097,17.591962814331055
eval09,joyful,orthogonal_matched,22,1.3578850030899048,15.674932479858398
eval09,joyful,orthogonal_matched,23,1.8945800065994263,15.355409622192383
eval09,joyful,orthogonal_matched,24,2.222435712814331,15.716939926147461
eval09,joyful,orthogonal_matched,25,2.5918221473693848,15.514392852783203
eval09,joyful,orthogonal_matched,26,3.7349395751953125,15.43893814086914
eval09,joyful,orthogonal_matched,27,9.48420524597168,22.89095687866211
eval09,happy,full,20,1.4993400573730469,15.265825271606445
eval09,happy,full,21,1.4996392726898193,13.469146728515625
eval09,happy,full,22,2.2945127487182617,12.231138229370117
eval09,happy,full,23,2.779165267944336,11.903926849365234
eval09,happy,full,24,3.053617000579834,12.534588813781738
eval09,happy,full,25,3.4742703437805176,12.610177040100098
eval09,happy,full,26,5.055374622344971,13.46915340423584
eval09,happy,full,27,14.173484802246094,21.312667846679688
eval09,happy,orthogonal_matched,20,0.6819140911102295,15.199578285217285
eval09,happy,orthogonal_matched,21,0.6115912795066833,13.409414291381836
eval09,happy,orthogonal_matched,22,1.366410255432129,12.149141311645508
eval09,happy,orthogonal_matched,23,1.7559452056884766,11.780752182006836
eval09,happy,orthogonal_matched,24,1.9292353391647339,12.368326187133789
eval09,happy,orthogonal_matched,25,2.2247838973999023,12.411462783813477
eval09,happy,orthogonal_matched,26,3.726707935333252,13.197455406188965
eval09,happy,orthogonal_matched,27,12.036571502685547,20.23316192626953
eval09,optimistic,full,20,1.6594667434692383,17.765153884887695
eval09,optimistic,full,21,1.4922964572906494,15.978641510009766
eval09,optimistic,full,22,2.303881883621216,14.788040161132812
eval09,optimistic,full,23,2.8830442428588867,14.65490436553955
eval09,optimistic,full,24,3.276613473892212,15.412635803222656
eval09,optimistic,full,25,3.31024169921875,15.539801597595215
eval09,optimistic,full,26,3.9712448120117188,15.95547103881836
eval09,optimistic,full,27,6.025163650512695,19.29857635498047
eval09,optimistic,orthogonal_matched,20,0.34740927815437317,17.653202056884766
eval09,optimistic,orthogonal_matched,21,0.0708390474319458,15.8513765335083
eval09,optimistic,orthogonal_matched,22,0.8222910761833191,14.612789154052734
eval09,optimistic,orthogonal_matched,23,1.2336628437042236,14.401933670043945
eval09,optimistic,orthogonal_matched,24,1.4564061164855957,15.09554386138916
eval09,optimistic,orthogonal_matched,25,1.2787268161773682,15.206904411315918
eval09,optimistic,orthogonal_matched,26,1.8072888851165771,15.62618350982666
eval09,optimistic,orthogonal_matched,27,2.6984920501708984,18.28498077392578
eval09,delighted,full,20,4.208385944366455,15.57955265045166
eval09,delighted,full,21,4.696379661560059,14.829004287719727
eval09,delighted,full,22,4.806436538696289,14.755672454833984
eval09,delighted,full,23,5.67114782333374,14.946168899536133
eval09,delighted,full,24,6.168842315673828,15.847399711608887
eval09,delighted,full,25,7.1029438972473145,16.317895889282227
eval09,delighted,full,26,7.49207878112793,17.289888381958008
eval09,delighted,full,27,14.76134967803955,21.731250762939453
eval09,delighted,orthogonal_matched,20,0.8106649518013,15.014409065246582
eval09,delighted,orthogonal_matched,21,1.0119167566299438,14.121565818786621
eval09,delighted,orthogonal_matched,22,0.9850572347640991,14.071417808532715
eval09,delighted,orthogonal_matched,23,1.4951083660125732,14.033378601074219
eval09,delighted,orthogonal_matched,24,1.5895521640777588,14.854164123535156
eval09,delighted,orthogonal_matched,25,2.025330066680908,15.220853805541992
eval09,delighted,orthogonal_matched,26,2.163527727127075,16.196279525756836
eval09,delighted,orthogonal_matched,27,6.927486419677734,19.002246856689453
eval09,thankful,full,20,-0.23650267720222473,13.702672004699707
eval09,thankful,full,21,-0.42625367641448975,12.594425201416016
eval09,thankful,full,22,-0.08069433271884918,11.99303913116455
eval09,thankful,full,23,-0.12450936436653137,11.796600341796875
eval09,thankful,full,24,0.1432582288980484,12.431031227111816
eval09,thankful,full,25,-0.026782549917697906,12.294995307922363
eval09,thankful,full,26,0.3337315022945404,12.441230773925781
eval09,thankful,full,27,-2.0019068717956543,15.00571346282959
eval09,thankful,orthogonal_matched,20,0.1972053349018097,13.714439392089844
eval09,thankful,orthogonal_matched,21,0.0435149222612381,12.603006362915039
eval09,thankful,orthogonal_matched,22,0.40775883197784424,12.002087593078613
eval09,thankful,orthogonal_matched,23,0.42063140869140625,11.79711627960205
eval09,thankful,orthogonal_matched,24,0.7516729831695557,12.434490203857422
eval09,thankful,orthogonal_matched,25,0.6486237645149231,12.301074981689453
eval09,thankful,orthogonal_matched,26,1.0480756759643555,12.436110496520996
eval09,thankful,orthogonal_matched,27,-0.9974911212921143,14.847003936767578
eval09,inspired,full,20,2.4078032970428467,12.756628036499023
eval09,inspired,full,21,2.636249542236328,12.916592597961426
eval09,inspired,full,22,2.7777791023254395,12.862226486206055
eval09,inspired,full,23,2.8951876163482666,13.023180961608887
eval09,inspired,full,24,3.341475009918213,13.91891860961914
eval09,inspired,full,25,3.7429094314575195,14.466629981994629
eval09,inspired,full,26,4.0563836097717285,15.39746379852295
eval09,inspired,full,27,10.48737907409668,19.67184066772461
eval09,inspired,orthogonal_matched,20,-0.18518352508544922,12.451217651367188
eval09,inspired,orthogonal_matched,21,-0.17912358045578003,12.544174194335938
eval09,inspired,orthogonal_matched,22,-0.15185880661010742,12.486001968383789
eval09,inspired,orthogonal_matched,23,-0.3023962676525116,12.60409927368164
eval09,inspired,orthogonal_matched,24,-0.18270528316497803,13.461372375488281
eval09,inspired,orthogonal_matched,25,-0.16590487957000732,13.891231536865234
eval09,inspired,orthogonal_matched,26,-0.052701592445373535,14.708911895751953
eval09,inspired,orthogonal_matched,27,4.256646156311035,16.60214614868164
eval09,afraid,full,20,0.05043809860944748,8.740804672241211
eval09,afraid,full,21,-0.004347316920757294,8.560583114624023
eval09,afraid,full,22,-0.051246196031570435,8.44493579864502
eval09,afraid,full,23,-0.061033137142658234,8.380556106567383
eval09,afraid,full,24,0.1215711310505867,8.848254203796387
eval09,afraid,full,25,0.043512582778930664,9.047755241394043
eval09,afraid,full,26,-0.25190269947052,9.636231422424316
eval09,afraid,full,27,-3.0162253379821777,11.34005355834961
eval09,afraid,orthogonal_matched,20,-0.04774920642375946,8.740035057067871
eval09,afraid,orthogonal_matched,21,-0.11282728612422943,8.558478355407715
eval09,afraid,orthogonal_matched,22,-0.162321999669075,8.443387985229492
eval09,afraid,orthogonal_matched,23,-0.18834957480430603,8.381131172180176
eval09,afraid,orthogonal_matched,24,-0.01436971127986908,8.846389770507812
eval09,afraid,orthogonal_matched,25,-0.10474103689193726,9.04802417755127
eval09,afraid,orthogonal_matched,26,-0.41698721051216125,9.636917114257812
eval09,afraid,orthogonal_matched,27,-3.201949119567871,11.398605346679688
eval09,depressed,full,20,-0.9233932495117188,9.25280475616455
eval09,depressed,full,21,-0.990283727645874,9.059535026550293
eval09,depressed,full,22,-0.9867254495620728,9.102962493896484
eval09,depressed,full,23,-1.3151042461395264,9.109817504882812
eval09,depressed,full,24,-1.3938392400741577,9.699021339416504
eval09,depressed,full,25,-1.5634409189224243,9.839967727661133
eval09,depressed,full,26,-1.7288721799850464,10.253520965576172
eval09,depressed,full,27,-2.194308280944824,12.339634895324707
eval09,depressed,orthogonal_matched,20,-0.08235140889883041,9.216093063354492
eval09,depressed,orthogonal_matched,21,-0.08102983236312866,9.001694679260254
eval09,depressed,orthogonal_matched,22,-0.04487086087465286,9.050496101379395
eval09,depressed,orthogonal_matched,23,-0.2766777276992798,9.022538185119629
eval09,depressed,orthogonal_matched,24,-0.23613972961902618,9.619805335998535
eval09,depressed,orthogonal_matched,25,-0.2874947488307953,9.762556076049805
eval09,depressed,orthogonal_matched,26,-0.3922821879386902,10.197391510009766
eval09,depressed,orthogonal_matched,27,-0.21221129596233368,12.448057174682617
eval09,horrified,full,20,0.4482465088367462,11.176492691040039
eval09,horrified,full,21,0.704010009765625,9.510626792907715
eval09,horrified,full,22,0.38007521629333496,8.290369987487793
eval09,horrified,full,23,0.2433626800775528,7.884272575378418
eval09,horrified,full,24,0.21056854724884033,7.564242362976074
eval09,horrified,full,25,0.3732077479362488,7.529871940612793
eval09,horrified,full,26,-0.17144723236560822,7.191234588623047
eval09,horrified,full,27,-2.138840675354004,7.204559326171875
eval09,horrified,orthogonal_matched,20,-0.27565041184425354,11.18192195892334
eval09,horrified,orthogonal_matched,21,-0.07788312435150146,9.500636100769043
eval09,horrified,orthogonal_matched,22,-0.43427473306655884,8.292130470275879
eval09,horrified,orthogonal_matched,23,-0.6643146276473999,7.879992961883545
eval09,horrified,orthogonal_matched,24,-0.790424108505249,7.593796730041504
eval09,horrified,orthogonal_matched,25,-0.7353423833847046,7.553889751434326
eval09,horrified,orthogonal_matched,26,-1.329715609550476,7.19999361038208
eval09,horrified,orthogonal_matched,27,-3.829885244369507,7.413074493408203
eval09,disgusted,full,20,-0.39818456768989563,9.777721405029297
eval09,disgusted,full,21,-0.3205868601799011,8.757499694824219
eval09,disgusted,full,22,-0.4025287628173828,8.269918441772461
eval09,disgusted,full,23,-0.5530081391334534,8.037483215332031
eval09,disgusted,full,24,-0.43215903639793396,8.079773902893066
eval09,disgusted,full,25,-0.8133454322814941,8.116860389709473
eval09,disgusted,full,26,-1.2856343984603882,8.027763366699219
eval09,disgusted,full,27,-4.674811840057373,8.01887035369873
eval09,disgusted,orthogonal_matched,20,-0.1600911021232605,9.773442268371582
eval09,disgusted,orthogonal_matched,21,-0.06683173775672913,8.75725269317627
eval09,disgusted,orthogonal_matched,22,-0.12636026740074158,8.281786918640137
eval09,disgusted,orthogonal_matched,23,-0.2535923421382904,8.036412239074707
eval09,disgusted,orthogonal_matched,24,-0.0995294600725174,8.084253311157227
eval09,disgusted,orthogonal_matched,25,-0.4453231394290924,8.11497688293457
eval09,disgusted,orthogonal_matched,26,-0.9026591181755066,8.03184986114502
eval09,disgusted,orthogonal_matched,27,-4.186979293823242,8.008211135864258
eval09,furious,full,20,-1.0822868347167969,19.919239044189453
eval09,furious,full,21,-1.20892333984375,17.670875549316406
eval09,furious,full,22,-0.9984738826751709,15.687448501586914
eval09,furious,full,23,-0.4918907582759857,14.972256660461426
eval09,furious,full,24,-0.7833561897277832,15.085297584533691
eval09,furious,full,25,-0.7686141729354858,15.3950777053833
eval09,furious,full,26,-0.3952752947807312,14.690825462341309
eval09,furious,full,27,-1.0662450790405273,10.443708419799805
eval09,furious,orthogonal_matched,20,0.5246007442474365,19.898555755615234
eval09,furious,orthogonal_matched,21,0.5326591730117798,17.652835845947266
eval09,furious,orthogonal_matched,22,0.8114790320396423,15.653485298156738
eval09,furious,orthogonal_matched,23,1.529499888420105,14.953431129455566
eval09,furious,orthogonal_matched,24,1.4297035932540894,15.082564353942871
eval09,furious,orthogonal_matched,25,1.7100099325180054,15.38430404663086
eval09,furious,orthogonal_matched,26,2.2520763874053955,14.609968185424805
eval09,furious,orthogonal_matched,27,3.187593460083008,9.472715377807617
eval09,hurt,full,20,-0.3164607584476471,11.930461883544922
eval09,hurt,full,21,-0.35324034094810486,10.679625511169434
eval09,hurt,full,22,-1.0143284797668457,9.805953979492188
eval09,hurt,full,23,-1.2308710813522339,9.859094619750977
eval09,hurt,full,24,-1.5039937496185303,10.196151733398438
eval09,hurt,full,25,-1.5691215991973877,10.244852066040039
eval09,hurt,full,26,-2.504146099090576,10.24630355834961
eval09,hurt,full,27,-5.277052879333496,13.99176025390625
eval09,hurt,orthogonal_matched,20,-0.32608187198638916,11.927512168884277
eval09,hurt,orthogonal_matched,21,-0.36354103684425354,10.675847053527832
eval09,hurt,orthogonal_matched,22,-1.0248174667358398,9.803572654724121
eval09,hurt,orthogonal_matched,23,-1.2292872667312622,9.868701934814453
eval09,hurt,orthogonal_matched,24,-1.5113413333892822,10.198019027709961
eval09,hurt,orthogonal_matched,25,-1.5739442110061646,10.24856185913086
eval09,hurt,orthogonal_matched,26,-2.5069429874420166,10.247004508972168
eval09,hurt,orthogonal_matched,27,-5.298352241516113,13.98495101928711
eval09,miserable,full,20,-0.6516300439834595,10.837126731872559
eval09,miserable,full,21,-0.42230096459388733,10.129672050476074
eval09,miserable,full,22,-0.44754818081855774,10.003231048583984
eval09,miserable,full,23,-0.8205381035804749,9.757434844970703
eval09,miserable,full,24,-0.8998885154724121,10.309676170349121
eval09,miserable,full,25,-1.063765048980713,10.514236450195312
eval09,miserable,full,26,-1.353192687034607,10.858027458190918
eval09,miserable,full,27,-3.1174559593200684,12.103282928466797
eval09,miserable,orthogonal_matched,20,-0.05185270309448242,10.836830139160156
eval09,miserable,orthogonal_matched,21,0.2287592589855194,10.129133224487305
eval09,miserable,orthogonal_matched,22,0.23338161408901215,10.011819839477539
eval09,miserable,orthogonal_matched,23,-0.06845313310623169,9.730273246765137
eval09,miserable,orthogonal_matched,24,-0.07846779376268387,10.286714553833008
eval09,miserable,orthogonal_matched,25,-0.15724676847457886,10.475735664367676
eval09,miserable,orthogonal_matched,26,-0.3923630714416504,10.839363098144531
eval09,miserable,orthogonal_matched,27,-1.6603212356567383,11.834494590759277
eval09,hateful,full,20,-1.553828477859497,11.0866060256958
eval09,hateful,full,21,-1.6204084157943726,10.741626739501953
eval09,hateful,full,22,-1.7611699104309082,10.49355697631836
eval09,hateful,full,23,-2.251338005065918,10.788652420043945
eval09,hateful,full,24,-2.327995777130127,11.617415428161621
eval09,hateful,full,25,-2.8079724311828613,11.685962677001953
eval09,hateful,full,26,-3.2168211936950684,11.904123306274414
eval09,hateful,full,27,-7.747182369232178,13.995203018188477
eval09,hateful,orthogonal_matched,20,-0.19982200860977173,10.982098579406738
eval09,hateful,orthogonal_matched,21,-0.1641881763935089,10.664864540100098
eval09,hateful,orthogonal_matched,22,-0.24902014434337616,10.407971382141113
eval09,hateful,orthogonal_matched,23,-0.5913513898849487,10.655189514160156
eval09,hateful,orthogonal_matched,24,-0.48169273138046265,11.500320434570312
eval09,hateful,orthogonal_matched,25,-0.7703508734703064,11.549245834350586
eval09,hateful,orthogonal_matched,26,-1.0606321096420288,11.80693244934082
eval09,hateful,orthogonal_matched,27,-4.436729907989502,13.381555557250977
eval09,tormented,full,20,-1.9050793647766113,11.41381549835205
eval09,tormented,full,21,-1.7397187948226929,11.494157791137695
eval09,tormented,full,22,-1.6505484580993652,12.075132369995117
eval09,tormented,full,23,-2.3478481769561768,12.568025588989258
eval09,tormented,full,24,-2.5279905796051025,14.044343948364258
eval09,tormented,full,25,-3.1325039863586426,14.600351333618164
eval09,tormented,full,26,-3.4607772827148438,14.930936813354492
eval09,tormented,full,27,-11.67343521118164,14.642051696777344
eval09,tormented,orthogonal_matched,20,-0.07799752056598663,11.236888885498047
eval09,tormented,orthogonal_matched,21,0.2417559027671814,11.319076538085938
eval09,tormented,orthogonal_matched,22,0.40743377804756165,11.926901817321777
eval09,tormented,orthogonal_matched,23,-0.08143642544746399,12.306448936462402
eval09,tormented,orthogonal_matched,24,-0.013959258794784546,13.761244773864746
eval09,tormented,orthogonal_matched,25,-0.3669314980506897,14.217161178588867
eval09,tormented,orthogonal_matched,26,-0.539827823638916,14.567024230957031
eval09,tormented,orthogonal_matched,27,-7.418783187866211,13.128767967224121
eval09,upset,full,20,0.40286874771118164,12.302623748779297
eval09,upset,full,21,0.5715067982673645,11.14266586303711
eval09,upset,full,22,0.41370147466659546,10.411958694458008
eval09,upset,full,23,0.3713263273239136,9.783307075500488
eval09,upset,full,24,0.12746457755565643,9.708902359008789
eval09,upset,full,25,0.3740151524543762,9.749046325683594
eval09,upset,full,26,-0.00851285457611084,9.349530220031738
eval09,upset,full,27,1.1274927854537964,10.469396591186523
eval09,upset,orthogonal_matched,20,-0.15317878127098083,12.325227737426758
eval09,upset,orthogonal_matched,21,-0.028821617364883423,11.1471529006958
eval09,upset,orthogonal_matched,22,-0.21582511067390442,10.392428398132324
eval09,upset,orthogonal_matched,23,-0.3191046118736267,9.772529602050781
eval09,upset,orthogonal_matched,24,-0.6426554918289185,9.700586318969727
eval09,upset,orthogonal_matched,25,-0.4747947156429291,9.741512298583984
eval09,upset,orthogonal_matched,26,-0.9082275629043579,9.289969444274902
eval09,upset,orthogonal_matched,27,-0.30797404050827026,10.2754545211792
eval10,empathetic,full,20,1.9441087245941162,13.48399543762207
eval10,empathetic,full,21,2.329270362854004,13.51245403289795
eval10,empathetic,full,22,2.100515365600586,13.949820518493652
eval10,empathetic,full,23,2.1396403312683105,14.058931350708008
eval10,empathetic,full,24,2.4970877170562744,15.216870307922363
eval10,empathetic,full,25,2.7979984283447266,15.724992752075195
eval10,empathetic,full,26,2.8220407962799072,16.386072158813477
eval10,empathetic,full,27,4.008847236633301,16.482086181640625
eval10,empathetic,orthogonal_matched,20,0.13078075647354126,13.310824394226074
eval10,empathetic,orthogonal_matched,21,0.3637378215789795,13.288223266601562
eval10,empathetic,orthogonal_matched,22,0.06651913374662399,13.749950408935547
eval10,empathetic,orthogonal_matched,23,-0.11747236549854279,13.856037139892578
eval10,empathetic,orthogonal_matched,24,0.026481792330741882,15.013237953186035
eval10,empathetic,orthogonal_matched,25,0.0829184278845787,15.472635269165039
eval10,empathetic,orthogonal_matched,26,-0.05510646104812622,16.16655731201172
eval10,empathetic,orthogonal_matched,27,0.33084040880203247,16.194381713867188
eval10,exuberant,full,20,1.3238606452941895,9.014449119567871
eval10,exuberant,full,21,1.3846057653427124,8.70732307434082
eval10,exuberant,full,22,1.5155009031295776,8.656583786010742
eval10,exuberant,full,23,1.88654625415802,8.461966514587402
eval10,exuberant,full,24,2.1699018478393555,8.836002349853516
eval10,exuberant,full,25,2.3639163970947266,9.237327575683594
eval10,exuberant,full,26,2.5228376388549805,9.780579566955566
eval10,exuberant,full,27,3.943105459213257,10.07314682006836
eval10,exuberant,orthogonal_matched,20,0.15973247587680817,8.898935317993164
eval10,exuberant,orthogonal_matched,21,0.12598858773708344,8.616683959960938
eval10,exuberant,orthogonal_matched,22,0.2059335708618164,8.561691284179688
eval10,exuberant,orthogonal_matched,23,0.4110208749771118,8.349410057067871
eval10,exuberant,orthogonal_matched,24,0.5581422448158264,8.694560050964355
eval10,exuberant,orthogonal_matched,25,0.5905342102050781,9.073003768920898
eval10,exuberant,orthogonal_matched,26,0.6489553451538086,9.600605010986328
eval10,exuberant,orthogonal_matched,27,1.4683690071105957,9.52685546875
eval10,invigorated,full,20,0.86573725938797,9.916193962097168
eval10,invigorated,full,21,1.0535798072814941,9.805908203125
eval10,invigorated,full,22,0.9924185276031494,9.938800811767578
eval10,invigorated,full,23,0.9916747212409973,10.081988334655762
eval10,invigorated,full,24,0.8867096304893494,10.76711654663086
eval10,invigorated,full,25,1.008601188659668,11.371912002563477
eval10,invigorated,full,26,1.2954323291778564,12.254552841186523
eval10,invigorated,full,27,4.236759185791016,13.60086441040039
eval10,invigorated,orthogonal_matched,20,0.1708972454071045,9.86679744720459
eval10,invigorated,orthogonal_matched,21,0.30367082357406616,9.745142936706543
eval10,invigorated,orthogonal_matched,22,0.20692208409309387,9.88125228881836
eval10,invigorated,orthogonal_matched,23,0.1144590973854065,10.016871452331543
eval10,invigorated,orthogonal_matched,24,-0.08057162165641785,10.700491905212402
eval10,invigorated,orthogonal_matched,25,-0.048751235008239746,11.2938232421875
eval10,invigorated,orthogonal_matched,26,0.1810823678970337,12.152746200561523
eval10,invigorated,orthogonal_matched,27,2.8442258834838867,13.272789001464844
eval10,cheerful,full,20,2.9557437896728516,10.645301818847656
eval10,cheerful,full,21,3.091555118560791,10.298076629638672
eval10,cheerful,full,22,3.243720054626465,10.497675895690918
eval10,cheerful,full,23,3.711988925933838,10.56631851196289
eval10,cheerful,full,24,4.2437424659729,10.911935806274414
eval10,cheerful,full,25,4.533021926879883,11.177486419677734
eval10,cheerful,full,26,4.758805274963379,12.127915382385254
eval10,cheerful,full,27,6.136945724487305,14.415060043334961
eval10,cheerful,orthogonal_matched,20,0.2398899495601654,10.213935852050781
eval10,cheerful,orthogonal_matched,21,0.14778360724449158,9.850648880004883
eval10,cheerful,orthogonal_matched,22,0.17310574650764465,10.09262466430664
eval10,cheerful,orthogonal_matched,23,0.30476200580596924,10.072342872619629
eval10,cheerful,orthogonal_matched,24,0.5064920783042908,10.36518383026123
eval10,cheerful,orthogonal_matched,25,0.4091983139514923,10.602273941040039
eval10,cheerful,orthogonal_matched,26,0.3760852813720703,11.560260772705078
eval10,cheerful,orthogonal_matched,27,0.26133620738983154,13.022950172424316
eval10,joyful,full,20,1.5996862649917603,20.197219848632812
eval10,joyful,full,21,1.2478816509246826,17.962984085083008
eval10,joyful,full,22,1.993558406829834,15.987346649169922
eval10,joyful,full,23,2.58961820602417,15.750307083129883
eval10,joyful,full,24,3.1382761001586914,16.49856948852539
eval10,joyful,full,25,3.557556629180908,16.655717849731445
eval10,joyful,full,26,4.830839157104492,16.72304344177246
eval10,joyful,full,27,8.806987762451172,20.876527786254883
eval10,joyful,orthogonal_matched,20,0.8540732860565186,20.102983474731445
eval10,joyful,orthogonal_matched,21,0.43465185165405273,17.877540588378906
eval10,joyful,orthogonal_matched,22,1.1454355716705322,15.879026412963867
eval10,joyful,orthogonal_matched,23,1.6181585788726807,15.630441665649414
eval10,joyful,orthogonal_matched,24,2.066699504852295,16.330841064453125
eval10,joyful,orthogonal_matched,25,2.3683557510375977,16.47914695739746
eval10,joyful,orthogonal_matched,26,3.5445244312286377,16.519744873046875
eval10,joyful,orthogonal_matched,27,6.9750213623046875,20.096403121948242
eval10,happy,full,20,1.4084843397140503,15.391735076904297
eval10,happy,full,21,1.2899869680404663,13.836250305175781
eval10,happy,full,22,2.0516631603240967,12.558633804321289
eval10,happy,full,23,2.500666618347168,12.379738807678223
eval10,happy,full,24,2.9063477516174316,13.09835147857666
eval10,happy,full,25,3.1705336570739746,13.21990966796875
eval10,happy,full,26,4.766179084777832,13.950433731079102
eval10,happy,full,27,12.338006973266602,18.369396209716797
eval10,happy,orthogonal_matched,20,0.5912472009658813,15.328136444091797
eval10,happy,orthogonal_matched,21,0.40248873829841614,13.776418685913086
eval10,happy,orthogonal_matched,22,1.125057578086853,12.476713180541992
eval10,happy,orthogonal_matched,23,1.4647135734558105,12.239489555358887
eval10,happy,orthogonal_matched,24,1.7772300243377686,12.90140151977539
eval10,happy,orthogonal_matched,25,1.9121835231781006,12.999168395996094
eval10,happy,orthogonal_matched,26,3.417160987854004,13.673662185668945
eval10,happy,orthogonal_matched,27,10.457239151000977,17.485698699951172
eval10,optimistic,full,20,1.6457281112670898,17.847307205200195
eval10,optimistic,full,21,1.4589099884033203,16.266305923461914
eval10,optimistic,full,22,2.3728179931640625,14.958076477050781
eval10,optimistic,full,23,3.190844774246216,15.165379524230957
eval10,optimistic,full,24,3.6278228759765625,15.971981048583984
eval10,optimistic,full,25,3.482346296310425,16.148948669433594
eval10,optimistic,full,26,4.252766132354736,17.031078338623047
eval10,optimistic,full,27,6.005516052246094,17.57040023803711
eval10,optimistic,orthogonal_matched,20,0.33270853757858276,17.734872817993164
eval10,optimistic,orthogonal_matched,21,0.03898903727531433,16.14187240600586
eval10,optimistic,orthogonal_matched,22,0.9000185132026672,14.77655029296875
eval10,optimistic,orthogonal_matched,23,1.5237847566604614,14.902029037475586
eval10,optimistic,orthogonal_matched,24,1.7907310724258423,15.638969421386719
eval10,optimistic,orthogonal_matched,25,1.4552035331726074,15.794539451599121
eval10,optimistic,orthogonal_matched,26,2.074012279510498,16.64425277709961
eval10,optimistic,orthogonal_matched,27,3.020063877105713,16.635473251342773
eval10,delighted,full,20,4.290073871612549,15.560827255249023
eval10,delighted,full,21,4.6674885749816895,14.909780502319336
eval10,delighted,full,22,4.671497344970703,15.146038055419922
eval10,delighted,full,23,5.690345287322998,15.328957557678223
eval10,delighted,full,24,6.14458703994751,16.460786819458008
eval10,delighted,full,25,7.090877532958984,17.11028289794922
eval10,delighted,full,26,7.613691329956055,18.25000762939453
eval10,delighted,full,27,12.753823280334473,20.42803382873535
eval10,delighted,orthogonal_matched,20,0.893592894077301,15.018707275390625
eval10,delighted,orthogonal_matched,21,0.9878364205360413,14.29227066040039
eval10,delighted,orthogonal_matched,22,0.8728707432746887,14.541589736938477
eval10,delighted,orthogonal_matched,23,1.4855496883392334,14.520063400268555
eval10,delighted,orthogonal_matched,24,1.5407551527023315,15.571763038635254
eval10,delighted,orthogonal_matched,25,2.0213184356689453,16.09706687927246
eval10,delighted,orthogonal_matched,26,2.2373697757720947,17.228656768798828
eval10,delighted,orthogonal_matched,27,5.723600387573242,18.10516357421875
eval10,thankful,full,20,-0.24349334836006165,13.683938026428223
eval10,thankful,full,21,-0.4430660009384155,12.936346054077148
eval10,thankful,full,22,-0.23104426264762878,12.511629104614258
eval10,thankful,full,23,-0.37610188126564026,12.352660179138184
eval10,thankful,full,24,-0.01031765341758728,13.07044792175293
eval10,thankful,full,25,-0.13790683448314667,13.051152229309082
eval10,thankful,full,26,0.3331320285797119,13.302302360534668
eval10,thankful,full,27,-1.4126296043395996,14.503701210021973
eval10,thankful,orthogonal_matched,20,0.1892702430486679,13.694698333740234
eval10,thankful,orthogonal_matched,21,0.028247639536857605,12.934896469116211
eval10,thankful,orthogonal_matched,22,0.2557123601436615,12.514039039611816
eval10,thankful,orthogonal_matched,23,0.16712528467178345,12.350506782531738
eval10,thankful,orthogonal_matched,24,0.5842577219009399,13.074542999267578
eval10,thankful,orthogonal_matched,25,0.5216701030731201,13.054201126098633
eval10,thankful,orthogonal_matched,26,1.030122995376587,13.310713768005371
eval10,thankful,orthogonal_matched,27,-0.5176079273223877,14.366676330566406
eval10,inspired,full,20,2.4891796112060547,12.75790786743164
eval10,inspired,full,21,2.7327284812927246,12.872435569763184
eval10,inspired,full,22,2.6635384559631348,12.857301712036133
eval10,inspired,full,23,2.663604259490967,12.948894500732422
eval10,inspired,full,24,3.188356876373291,13.901208877563477
eval10,inspired,full,25,3.6938815116882324,14.54514217376709
eval10,inspired,full,26,4.136124610900879,15.554620742797852
eval10,inspired,full,27,8.636533737182617,17.52133560180664
eval10,inspired,orthogonal_matched,20,-0.10391998291015625,12.483080863952637
eval10,inspired,orthogonal_matched,21,-0.08713605999946594,12.546545028686523
eval10,inspired,orthogonal_matched,22,-0.25876426696777344,12.535649299621582
eval10,inspired,orthogonal_matched,23,-0.5881505608558655,12.581441879272461
eval10,inspired,orthogonal_matched,24,-0.36877119541168213,13.50855541229248
eval10,inspired,orthogonal_matched,25,-0.2227429747581482,14.046184539794922
eval10,inspired,orthogonal_matched,26,0.007953941822052002,14.990782737731934
eval10,inspired,orthogonal_matched,27,3.217388391494751,15.045501708984375
eval10,afraid,full,20,0.035785011947155,8.72114372253418
eval10,afraid,full,21,0.04382514953613281,8.498270034790039
eval10,afraid,full,22,0.018277667462825775,8.467899322509766
eval10,afraid,full,23,-0.0092218779027462,8.455764770507812
eval10,afraid,full,24,0.1760355681180954,8.861847877502441
eval10,afraid,full,25,0.18859972059726715,9.147787094116211
eval10,afraid,full,26,0.06117557734251022,9.706886291503906
eval10,afraid,full,27,-2.1736135482788086,10.118865966796875
eval10,afraid,orthogonal_matched,20,-0.06297527253627777,8.72326946258545
eval10,afraid,orthogonal_matched,21,-0.06257662177085876,8.497733116149902
eval10,afraid,orthogonal_matched,22,-0.09123742580413818,8.467195510864258
eval10,afraid,orthogonal_matched,23,-0.13185855746269226,8.459868431091309
eval10,afraid,orthogonal_matched,24,0.03442513570189476,8.865675926208496
eval10,afraid,orthogonal_matched,25,0.029109865427017212,9.157047271728516
eval10,afraid,orthogonal_matched,26,-0.12939128279685974,9.726266860961914
eval10,afraid,orthogonal_matched,27,-2.412505865097046,10.230209350585938
eval10,depressed,full,20,-0.9256543517112732,9.232555389404297
eval10,depressed,full,21,-1.0543173551559448,9.175630569458008
eval10,depressed,full,22,-1.1179622411727905,9.310925483703613
eval10,depressed,full,23,-1.5902471542358398,9.401529312133789
eval10,depressed,full,24,-1.6749995946884155,10.106722831726074
eval10,depressed,full,25,-1.7064454555511475,10.430493354797363
eval10,depressed,full,26,-1.8817166090011597,11.045543670654297
eval10,depressed,full,27,-1.3589982986450195,11.231828689575195
eval10,depressed,orthogonal_matched,20,-0.08622778207063675,9.195978164672852
eval10,depressed,orthogonal_matched,21,-0.1527833342552185,9.134649276733398
eval10,depressed,orthogonal_matched,22,-0.18846996128559113,9.278874397277832
eval10,depressed,orthogonal_matched,23,-0.5547451376914978,9.340391159057617
eval10,depressed,orthogonal_matched,24,-0.5339057445526123,10.052059173583984
eval10,depressed,orthogonal_matched,25,-0.4462698698043823,10.374238967895508
eval10,depressed,orthogonal_matched,26,-0.543984591960907,11.008441925048828
eval10,depressed,orthogonal_matched,27,0.42154446244239807,11.37108039855957
eval10,horrified,full,20,0.49578067660331726,11.14694595336914
eval10,horrified,full,21,0.8544121980667114,9.614372253417969
eval10,horrified,full,22,0.5186946988105774,8.356791496276855
eval10,horrified,full,23,0.3522821366786957,7.912325859069824
eval10,horrified,full,24,0.2917262017726898,7.818404674530029
eval10,horrified,full,25,0.42326417565345764,7.965789794921875
eval10,horrified,full,26,-0.027176976203918457,7.6687703132629395
eval10,horrified,full,27,-1.3107233047485352,6.9663310050964355
eval10,horrified,orthogonal_matched,20,-0.23181766271591187,11.154481887817383
eval10,horrified,orthogonal_matched,21,0.06557253003120422,9.604962348937988
eval10,horrified,orthogonal_matched,22,-0.29401493072509766,8.358819961547852
eval10,horrified,orthogonal_matched,23,-0.5609167218208313,7.902657985687256
eval10,horrified,orthogonal_matched,24,-0.7079647183418274,7.8452277183532715
eval10,horrified,orthogonal_matched,25,-0.6569380760192871,8.018997192382812
eval10,horrified,orthogonal_matched,26,-1.1744524240493774,7.708540439605713
eval10,horrified,orthogonal_matched,27,-2.74429988861084,7.223037242889404
eval10,disgusted,full,20,-0.3865607976913452,9.755637168884277
eval10,disgusted,full,21,-0.32060447335243225,8.812307357788086
eval10,disgusted,full,22,-0.3912559151649475,8.435412406921387
eval10,disgusted,full,23,-0.4114246964454651,8.322548866271973
eval10,disgusted,full,24,-0.2926245331764221,8.364588737487793
eval10,disgusted,full,25,-0.6976221203804016,8.465109825134277
eval10,disgusted,full,26,-1.217726469039917,8.65118408203125
eval10,disgusted,full,27,-3.2901434898376465,7.414666175842285
eval10,disgusted,orthogonal_matched,20,-0.15214547514915466,9.7495698928833
eval10,disgusted,orthogonal_matched,21,-0.06868062913417816,8.80628776550293
eval10,disgusted,orthogonal_matched,22,-0.12699607014656067,8.445121765136719
eval10,disgusted,orthogonal_matched,23,-0.11249679327011108,8.329049110412598
eval10,disgusted,orthogonal_matched,24,0.030710000544786453,8.375370025634766
eval10,disgusted,orthogonal_matched,25,-0.3483006954193115,8.471029281616211
eval10,disgusted,orthogonal_matched,26,-0.8608932495117188,8.649153709411621
eval10,disgusted,orthogonal_matched,27,-2.7983951568603516,7.384829521179199
eval10,furious,full,20,-1.2577662467956543,19.975980758666992
eval10,furious,full,21,-1.61698579788208,18.047271728515625
eval10,furious,full,22,-1.337411880493164,16.020248413085938
eval10,furious,full,23,-0.908498227596283,15.495092391967773
eval10,furious,full,24,-1.2171285152435303,15.773499488830566
eval10,furious,full,25,-1.1211254596710205,16.264991760253906
eval10,furious,full,26,-0.75028395652771,15.587990760803223
eval10,furious,full,27,-1.918015480041504,11.543954849243164
eval10,furious,orthogonal_matched,20,0.3525579273700714,19.938276290893555
eval10,furious,orthogonal_matched,21,0.12288171052932739,17.994369506835938
eval10,furious,orthogonal_matched,22,0.4596179723739624,15.9858980178833
eval10,furious,orthogonal_matched,23,1.124825119972229,15.455906867980957
eval10,furious,orthogonal_matched,24,1.0060062408447266,15.736604690551758
eval10,furious,orthogonal_matched,25,1.3373401165008545,16.23451042175293
eval10,furious,orthogonal_matched,26,1.9425513744354248,15.448129653930664
eval10,furious,orthogonal_matched,27,1.8401402235031128,10.668039321899414
eval10,hurt,full,20,-0.2506142556667328,12.004782676696777
eval10,hurt,full,21,-0.21325141191482544,10.812809944152832
eval10,hurt,full,22,-0.8993812203407288,9.853044509887695
eval10,hurt,full,23,-1.1530787944793701,10.018325805664062
eval10,hurt,full,24,-1.4575450420379639,10.55363941192627
eval10,hurt,full,25,-1.412696123123169,10.666646957397461
eval10,hurt,full,26,-2.1501235961914062,11.001975059509277
eval10,hurt,full,27,-3.6816635131835938,12.657540321350098
eval10,hurt,orthogonal_matched,20,-0.25935766100883484,12.00401496887207
eval10,hurt,orthogonal_matched,21,-0.22198417782783508,10.810338020324707
eval10,hurt,orthogonal_matched,22,-0.9075272083282471,9.852340698242188
eval10,hurt,orthogonal_matched,23,-1.1627991199493408,10.01931095123291
eval10,hurt,orthogonal_matched,24,-1.4683316946029663,10.554162979125977
eval10,hurt,orthogonal_matched,25,-1.4230196475982666,10.668869018554688
eval10,hurt,orthogonal_matched,26,-2.1692144870758057,10.997509002685547
eval10,hurt,orthogonal_matched,27,-3.720841884613037,12.667632102966309
eval10,miserable,full,20,-0.619772732257843,10.782299041748047
eval10,miserable,full,21,-0.3728864789009094,10.205303192138672
eval10,miserable,full,22,-0.4805375933647156,10.08220100402832
eval10,miserable,full,23,-0.8931683301925659,9.794934272766113
eval10,miserable,full,24,-1.005806803703308,10.301698684692383
eval10,miserable,full,25,-1.0465354919433594,10.616718292236328
eval10,miserable,full,26,-1.4800267219543457,10.809436798095703
eval10,miserable,full,27,-2.248166561126709,10.625469207763672
eval10,miserable,orthogonal_matched,20,-0.01895184814929962,10.785265922546387
eval10,miserable,orthogonal_matched,21,0.2790858745574951,10.21414566040039
eval10,miserable,orthogonal_matched,22,0.19104138016700745,10.092550277709961
eval10,miserable,orthogonal_matched,23,-0.14193986356258392,9.780109405517578
eval10,miserable,orthogonal_matched,24,-0.18558458983898163,10.29111385345459
eval10,miserable,orthogonal_matched,25,-0.15579712390899658,10.592988967895508
eval10,miserable,orthogonal_matched,26,-0.5301872491836548,10.827163696289062
eval10,miserable,orthogonal_matched,27,-0.9678134918212891,10.426788330078125
eval10,hateful,full,20,-1.45072603225708,11.114995956420898
eval10,hateful,full,21,-1.5045714378356934,10.860547065734863
eval10,hateful,full,22,-1.716788649559021,10.642959594726562
eval10,hateful,full,23,-2.3650450706481934,11.078868865966797
eval10,hateful,full,24,-2.475890874862671,11.763338088989258
eval10,hateful,full,25,-2.9948177337646484,12.004188537597656
eval10,hateful,full,26,-3.4620296955108643,12.087624549865723
eval10,hateful,full,27,-6.388717174530029,12.879166603088379
eval10,hateful,orthogonal_matched,20,-0.09035070240497589,11.007588386535645
eval10,hateful,orthogonal_matched,21,-0.037975046783685684,10.75748348236084
eval10,hateful,orthogonal_matched,22,-0.20271918177604675,10.51656436920166
eval10,hateful,orthogonal_matched,23,-0.6853281259536743,10.88868522644043
eval10,hateful,orthogonal_matched,24,-0.6299743056297302,11.576435089111328
eval10,hateful,orthogonal_matched,25,-0.9767581224441528,11.78453540802002
eval10,hateful,orthogonal_matched,26,-1.3053562641143799,11.90212631225586
eval10,hateful,orthogonal_matched,27,-3.532729148864746,12.347216606140137
eval10,tormented,full,20,-1.8542382717132568,11.402462005615234
eval10,tormented,full,21,-1.6275837421417236,11.546623229980469
eval10,tormented,full,22,-1.537099838256836,12.143213272094727
eval10,tormented,full,23,-2.315498113632202,12.660046577453613
eval10,tormented,full,24,-2.4216268062591553,14.054640769958496
eval10,tormented,full,25,-2.9564321041107178,14.812267303466797
eval10,tormented,full,26,-3.297102451324463,15.381815910339355
eval10,tormented,full,27,-8.842336654663086,13.31423568725586
eval10,tormented,orthogonal_matched,20,-0.021163031458854675,11.221784591674805
eval10,tormented,orthogonal_matched,21,0.35525965690612793,11.368638038635254
eval10,tormented,orthogonal_matched,22,0.5138198137283325,11.996232986450195
eval10,tormented,orthogonal_matched,23,-0.01088908314704895,12.40335464477539
eval10,tormented,orthogonal_matched,24,0.12087058275938034,13.791543006896973
eval10,tormented,orthogonal_matched,25,-0.18227240443229675,14.446464538574219
eval10,tormented,orthogonal_matched,26,-0.33051598072052,15.044561386108398
eval10,tormented,orthogonal_matched,27,-5.019889831542969,12.073025703430176
eval10,upset,full,20,0.43169093132019043,12.205728530883789
eval10,upset,full,21,0.7633137106895447,11.08517074584961
eval10,upset,full,22,0.7077394723892212,10.669722557067871
eval10,upset,full,23,0.8007738590240479,10.172907829284668
eval10,upset,full,24,0.6368315815925598,10.566247940063477
eval10,upset,full,25,0.839127779006958,10.80239200592041
eval10,upset,full,26,0.5832865238189697,10.656509399414062
eval10,upset,full,27,2.41159987449646,10.846355438232422
eval10,upset,orthogonal_matched,20,-0.12367081642150879,12.222694396972656
eval10,upset,orthogonal_matched,21,0.16376182436943054,11.083724975585938
eval10,upset,orthogonal_matched,22,0.08540216088294983,10.663105010986328
eval10,upset,orthogonal_matched,23,0.10108596086502075,10.156112670898438
eval10,upset,orthogonal_matched,24,-0.14016719162464142,10.566987991333008
eval10,upset,orthogonal_matched,25,-0.014046549797058105,10.818732261657715
eval10,upset,orthogonal_matched,26,-0.3335193395614624,10.610420227050781
eval10,upset,orthogonal_matched,27,1.0994588136672974,10.753782272338867
eval11,empathetic,full,20,2.012132167816162,13.445404052734375
eval11,empathetic,full,21,2.376124143600464,13.16224479675293
eval11,empathetic,full,22,2.345444917678833,12.972243309020996
eval11,empathetic,full,23,2.455641508102417,12.970685958862305
eval11,empathetic,full,24,2.825455665588379,13.615044593811035
eval11,empathetic,full,25,3.0670857429504395,14.175558090209961
eval11,empathetic,full,26,3.3282864093780518,14.436877250671387
eval11,empathetic,full,27,4.708800315856934,13.779289245605469
eval11,empathetic,orthogonal_matched,20,0.19144940376281738,13.252280235290527
eval11,empathetic,orthogonal_matched,21,0.4328717291355133,12.906455039978027
eval11,empathetic,orthogonal_matched,22,0.33473458886146545,12.722423553466797
eval11,empathetic,orthogonal_matched,23,0.24242079257965088,12.694643020629883
eval11,empathetic,orthogonal_matched,24,0.42031130194664,13.330381393432617
eval11,empathetic,orthogonal_matched,25,0.4092819392681122,13.832220077514648
eval11,empathetic,orthogonal_matched,26,0.5105504989624023,14.123855590820312
eval11,empathetic,orthogonal_matched,27,1.0750198364257812,13.375288009643555
eval11,exuberant,full,20,1.3205459117889404,8.97172737121582
eval11,exuberant,full,21,1.4093124866485596,8.560513496398926
eval11,exuberant,full,22,1.5840141773223877,8.418206214904785
eval11,exuberant,full,23,1.9478988647460938,8.201587677001953
eval11,exuberant,full,24,2.136824607849121,8.361940383911133
eval11,exuberant,full,25,2.296677350997925,8.609260559082031
eval11,exuberant,full,26,2.469196319580078,8.83156967163086
eval11,exuberant,full,27,4.087375640869141,9.29120922088623
eval11,exuberant,orthogonal_matched,20,0.14273963868618011,8.85281753540039
eval11,exuberant,orthogonal_matched,21,0.14889806509017944,8.472421646118164
eval11,exuberant,orthogonal_matched,22,0.27191272377967834,8.334840774536133
eval11,exuberant,orthogonal_matched,23,0.4967321455478668,8.100248336791992
eval11,exuberant,orthogonal_matched,24,0.5525802373886108,8.230231285095215
eval11,exuberant,orthogonal_matched,25,0.5458400249481201,8.4841890335083
eval11,exuberant,orthogonal_matched,26,0.6437461376190186,8.678178787231445
eval11,exuberant,orthogonal_matched,27,1.6213802099227905,8.789223670959473
eval11,invigorated,full,20,0.8351705074310303,9.947038650512695
eval11,invigorated,full,21,1.0725445747375488,9.638260841369629
eval11,invigorated,full,22,1.0959625244140625,9.72334098815918
eval11,invigorated,full,23,1.0826654434204102,9.798248291015625
eval11,invigorated,full,24,0.921472430229187,10.230148315429688
eval11,invigorated,full,25,1.0777640342712402,10.734699249267578
eval11,invigorated,full,26,1.3232917785644531,11.390002250671387
eval11,invigorated,full,27,4.473391056060791,12.433712005615234
eval11,invigorated,orthogonal_matched,20,0.1344020962715149,9.900136947631836
eval11,invigorated,orthogonal_matched,21,0.33058619499206543,9.586931228637695
eval11,invigorated,orthogonal_matched,22,0.3270529508590698,9.678460121154785
eval11,invigorated,orthogonal_matched,23,0.23423773050308228,9.749373435974121
eval11,invigorated,orthogonal_matched,24,-0.0029559433460235596,10.187406539916992
eval11,invigorated,orthogonal_matched,25,0.0481354296207428,10.681028366088867
eval11,invigorated,orthogonal_matched,26,0.238997220993042,11.316156387329102
eval11,invigorated,orthogonal_matched,27,3.008385181427002,12.124845504760742
eval11,cheerful,full,20,2.9945855140686035,10.676143646240234
eval11,cheerful,full,21,3.179065465927124,10.136777877807617
eval11,cheerful,full,22,3.4666714668273926,10.058067321777344
eval11,cheerful,full,23,3.895082950592041,10.158062934875488
eval11,cheerful,full,24,4.3424787521362305,10.334307670593262
eval11,cheerful,full,25,4.695448398590088,10.59117603302002
eval11,cheerful,full,26,5.0225372314453125,11.163542747497559
eval11,cheerful,full,27,7.144865036010742,13.395889282226562
eval11,cheerful,orthogonal_matched,20,0.2695918679237366,10.218279838562012
eval11,cheerful,orthogonal_matched,21,0.2765943109989166,9.664887428283691
eval11,cheerful,orthogonal_matched,22,0.4444870054721832,9.62554931640625
eval11,cheerful,orthogonal_matched,23,0.577960729598999,9.637225151062012
eval11,cheerful,orthogonal_matched,24,0.7297317385673523,9.757742881774902
eval11,cheerful,orthogonal_matched,25,0.679302453994751,9.971711158752441
eval11,cheerful,orthogonal_matched,26,0.7382181286811829,10.567564010620117
eval11,cheerful,orthogonal_matched,27,1.4868271350860596,12.065807342529297
eval11,joyful,full,20,1.7314857244491577,20.288333892822266
eval11,joyful,full,21,1.5792008638381958,17.597057342529297
eval11,joyful,full,22,2.4985926151275635,15.532516479492188
eval11,joyful,full,23,3.127026081085205,15.133195877075195
eval11,joyful,full,24,3.5364506244659424,15.461725234985352
eval11,joyful,full,25,4.142491340637207,15.300593376159668
eval11,joyful,full,26,5.403935432434082,15.301445007324219
eval11,joyful,full,27,10.490678787231445,20.663862228393555
eval11,joyful,orthogonal_matched,20,0.9839656949043274,20.191829681396484
eval11,joyful,orthogonal_matched,21,0.7896225452423096,17.500843048095703
eval11,joyful,orthogonal_matched,22,1.658711552619934,15.439323425292969
eval11,joyful,orthogonal_matched,23,2.1872386932373047,15.01565170288086
eval11,joyful,orthogonal_matched,24,2.500814914703369,15.31781005859375
eval11,joyful,orthogonal_matched,25,2.982630729675293,15.153148651123047
eval11,joyful,orthogonal_matched,26,4.130335330963135,15.120180130004883
eval11,joyful,orthogonal_matched,27,8.730048179626465,19.896800994873047
eval11,happy,full,20,1.4750686883926392,15.37744140625
eval11,happy,full,21,1.6051726341247559,13.316743850708008
eval11,happy,full,22,2.4938297271728516,11.999513626098633
eval11,happy,full,23,2.986173152923584,11.768291473388672
eval11,happy,full,24,3.2738397121429443,12.405256271362305
eval11,happy,full,25,3.6913108825683594,12.579124450683594
eval11,happy,full,26,5.388948440551758,13.45333480834961
eval11,happy,full,27,13.085025787353516,18.357534408569336
eval11,happy,orthogonal_matched,20,0.6490907669067383,15.310291290283203
eval11,happy,orthogonal_matched,21,0.7247543334960938,13.240391731262207
eval11,happy,orthogonal_matched,22,1.5746067762374878,11.906578063964844
eval11,happy,orthogonal_matched,23,1.9723581075668335,11.637543678283691
eval11,happy,orthogonal_matched,24,2.165675163269043,12.234859466552734
eval11,happy,orthogonal_matched,25,2.4503488540649414,12.396017074584961
eval11,happy,orthogonal_matched,26,4.03991174697876,13.220264434814453
eval11,happy,orthogonal_matched,27,11.11255168914795,17.443134307861328
eval11,optimistic,full,20,1.7464783191680908,17.908349990844727
eval11,optimistic,full,21,1.6881508827209473,15.839550018310547
eval11,optimistic,full,22,2.6290574073791504,14.57675552368164
eval11,optimistic,full,23,3.256664514541626,14.433563232421875
eval11,optimistic,full,24,3.5164828300476074,14.995218276977539
eval11,optimistic,full,25,3.5890119075775146,15.052541732788086
eval11,optimistic,full,26,4.446164608001709,15.594592094421387
eval11,optimistic,full,27,6.221877098083496,16.339374542236328
eval11,optimistic,orthogonal_matched,20,0.42668479681015015,17.7773380279541
eval11,optimistic,orthogonal_matched,21,0.2858487665653229,15.690435409545898
eval11,optimistic,orthogonal_matched,22,1.1795592308044434,14.363475799560547
eval11,optimistic,orthogonal_matched,23,1.6317325830459595,14.144320487976074
eval11,optimistic,orthogonal_matched,24,1.7299425601959229,14.633831024169922
eval11,optimistic,orthogonal_matched,25,1.5955761671066284,14.682778358459473
eval11,optimistic,orthogonal_matched,26,2.3211236000061035,15.198577880859375
eval11,optimistic,orthogonal_matched,27,3.357754707336426,15.458051681518555
eval11,delighted,full,20,4.269150733947754,15.781339645385742
eval11,delighted,full,21,4.818241596221924,14.98751449584961
eval11,delighted,full,22,5.033346176147461,14.911589622497559
eval11,delighted,full,23,5.966905117034912,14.94189739227295
eval11,delighted,full,24,6.3709211349487305,15.652278900146484
eval11,delighted,full,25,7.282838821411133,16.021404266357422
eval11,delighted,full,26,7.997946739196777,16.952587127685547
eval11,delighted,full,27,13.08828353881836,18.644445419311523
eval11,delighted,orthogonal_matched,20,0.8410030603408813,15.201976776123047
eval11,delighted,orthogonal_matched,21,1.171446681022644,14.274045944213867
eval11,delighted,orthogonal_matched,22,1.2692687511444092,14.212486267089844
eval11,delighted,orthogonal_matched,23,1.8473855257034302,14.033462524414062
eval11,delighted,orthogonal_matched,24,1.8962620496749878,14.699085235595703
eval11,delighted,orthogonal_matched,25,2.3397040367126465,14.979005813598633
eval11,delighted,orthogonal_matched,26,2.766446590423584,15.905902862548828
eval11,delighted,orthogonal_matched,27,6.117889404296875,16.259798049926758
eval11,thankful,full,20,-0.1890653520822525,13.72408390045166
eval11,thankful,full,21,-0.3098926842212677,12.609395980834961
eval11,thankful,full,22,-0.020803935825824738,11.993170738220215
eval11,thankful,full,23,-0.07678727805614471,11.831815719604492
eval11,thankful,full,24,0.30532288551330566,12.490164756774902
eval11,thankful,full,25,0.16285887360572815,12.520537376403809
eval11,thankful,full,26,0.748701810836792,12.72484302520752
eval11,thankful,full,27,-0.6757181882858276,13.76578140258789
eval11,thankful,orthogonal_matched,20,0.24736091494560242,13.731910705566406
eval11,thankful,orthogonal_matched,21,0.15256154537200928,12.617136001586914
eval11,thankful,orthogonal_matched,22,0.4613700807094574,11.999975204467773
eval11,thankful,orthogonal_matched,23,0.4551267921924591,11.836710929870605
eval11,thankful,orthogonal_matched,24,0.8872804641723633,12.496123313903809
eval11,thankful,orthogonal_matched,25,0.8048095703125,12.526229858398438
eval11,thankful,orthogonal_matched,26,1.4331445693969727,12.715654373168945
eval11,thankful,orthogonal_matched,27,0.21521952748298645,13.608270645141602
eval11,inspired,full,20,2.4816489219665527,12.805335998535156
eval11,inspired,full,21,2.6900405883789062,12.965781211853027
eval11,inspired,full,22,3.0118393898010254,12.965978622436523
eval11,inspired,full,23,3.1009950637817383,13.120206832885742
eval11,inspired,full,24,3.524278163909912,14.017242431640625
eval11,inspired,full,25,3.9187698364257812,14.734070777893066
eval11,inspired,full,26,4.425352096557617,15.535469055175781
eval11,inspired,full,27,10.086365699768066,17.878122329711914
eval11,inspired,orthogonal_matched,20,-0.12151774764060974,12.502724647521973
eval11,inspired,orthogonal_matched,21,-0.08940944075584412,12.641576766967773
eval11,inspired,orthogonal_matched,22,0.12229132652282715,12.63531494140625
eval11,inspired,orthogonal_matched,23,-0.07062482833862305,12.743134498596191
eval11,inspired,orthogonal_matched,24,0.06831467151641846,13.60993766784668
eval11,inspired,orthogonal_matched,25,0.09553831815719604,14.221113204956055
eval11,inspired,orthogonal_matched,26,0.39024484157562256,14.940951347351074
eval11,inspired,orthogonal_matched,27,4.693368911743164,15.355358123779297
eval11,afraid,full,20,0.07478997856378555,8.773988723754883
eval11,afraid,full,21,0.025297977030277252,8.442670822143555
eval11,afraid,full,22,-0.01630733162164688,8.199237823486328
eval11,afraid,full,23,0.02905520796775818,8.08786678314209
eval11,afraid,full,24,0.1275925636291504,8.435271263122559
eval11,afraid,full,25,0.04676971584558487,8.687362670898438
eval11,afraid,full,26,-0.11576131731271744,9.093942642211914
eval11,afraid,full,27,-2.065683364868164,8.950623512268066
eval11,afraid,orthogonal_matched,20,-0.022372443228960037,8.777225494384766
eval11,afraid,orthogonal_matched,21,-0.07480471581220627,8.441946029663086
eval11,afraid,orthogonal_matched,22,-0.12446816265583038,8.198504447937012
eval11,afraid,orthogonal_matched,23,-0.09025406837463379,8.087334632873535
eval11,afraid,orthogonal_matched,24,0.0032668858766555786,8.430148124694824
eval11,afraid,orthogonal_matched,25,-0.09707987308502197,8.684402465820312
eval11,afraid,orthogonal_matched,26,-0.2758355140686035,9.092340469360352
eval11,afraid,orthogonal_matched,27,-2.2894837856292725,8.980761528015137
eval11,depressed,full,20,-0.9592503309249878,9.303165435791016
eval11,depressed,full,21,-1.090428113937378,9.185521125793457
eval11,depressed,full,22,-1.214329719543457,9.209954261779785
eval11,depressed,full,23,-1.597304105758667,9.215782165527344
eval11,depressed,full,24,-1.6721925735473633,9.745240211486816
eval11,depressed,full,25,-1.8778789043426514,9.908246994018555
eval11,depressed,full,26,-2.201842784881592,10.272639274597168
eval11,depressed,full,27,-1.7089452743530273,10.94821548461914
eval11,depressed,orthogonal_matched,20,-0.1116468533873558,9.26102066040039
eval11,depressed,orthogonal_matched,21,-0.19570183753967285,9.119087219238281
eval11,depressed,orthogonal_matched,22,-0.287444144487381,9.147313117980957
eval11,depressed,orthogonal_matched,23,-0.5668382048606873,9.123620986938477
eval11,depressed,orthogonal_matched,24,-0.5229724049568176,9.664985656738281
eval11,depressed,orthogonal_matched,25,-0.6059259176254272,9.825948715209961
eval11,depressed,orthogonal_matched,26,-0.8595741391181946,10.209638595581055
eval11,depressed,orthogonal_matched,27,0.11714151501655579,11.094351768493652
eval11,horrified,full,20,0.4878072440624237,11.189674377441406
eval11,horrified,full,21,0.6854888200759888,9.423318862915039
eval11,horrified,full,22,0.25967180728912354,8.1637544631958
eval11,horrified,full,23,0.12325432896614075,7.782215118408203
eval11,horrified,full,24,-0.04404516518115997,7.2647881507873535
eval11,horrified,full,25,0.06371761858463287,7.275771617889404
eval11,horrified,full,26,-0.44798213243484497,6.881167411804199
eval11,horrified,full,27,-1.8760526180267334,6.4701995849609375
eval11,horrified,orthogonal_matched,20,-0.23867535591125488,11.193601608276367
eval11,horrified,orthogonal_matched,21,-0.08311381936073303,9.419742584228516
eval11,horrified,orthogonal_matched,22,-0.5352515578269958,8.177018165588379
eval11,horrified,orthogonal_matched,23,-0.7592973709106445,7.801006317138672
eval11,horrified,orthogonal_matched,24,-1.0091822147369385,7.307854175567627
eval11,horrified,orthogonal_matched,25,-1.0070654153823853,7.308017730712891
eval11,horrified,orthogonal_matched,26,-1.589684009552002,6.8783278465271
eval11,horrified,orthogonal_matched,27,-3.349032163619995,6.709851264953613
eval11,disgusted,full,20,-0.3631250858306885,9.771751403808594
eval11,disgusted,full,21,-0.3451073169708252,8.688003540039062
eval11,disgusted,full,22,-0.5038778185844421,8.177889823913574
eval11,disgusted,full,23,-0.6033676862716675,7.941389083862305
eval11,disgusted,full,24,-0.6760672330856323,7.91355037689209
eval11,disgusted,full,25,-1.1556050777435303,7.930383205413818
eval11,disgusted,full,26,-1.7062809467315674,7.863404273986816
eval11,disgusted,full,27,-4.1282830238342285,6.811228275299072
eval11,disgusted,orthogonal_matched,20,-0.12095671892166138,9.764949798583984
eval11,disgusted,orthogonal_matched,21,-0.08842891454696655,8.68933391571045
eval11,disgusted,orthogonal_matched,22,-0.2379905879497528,8.184637069702148
eval11,disgusted,orthogonal_matched,23,-0.30811259150505066,7.946913719177246
eval11,disgusted,orthogonal_matched,24,-0.34808868169784546,7.92064094543457
eval11,disgusted,orthogonal_matched,25,-0.7927121520042419,7.931660175323486
eval11,disgusted,orthogonal_matched,26,-1.3233369588851929,7.870693206787109
eval11,disgusted,orthogonal_matched,27,-3.6305320262908936,6.775715351104736
eval11,furious,full,20,-1.1124674081802368,19.922271728515625
eval11,furious,full,21,-1.1370272636413574,17.56853485107422
eval11,furious,full,22,-0.9076706171035767,15.419034004211426
eval11,furious,full,23,-0.42089614272117615,14.7073974609375
eval11,furious,full,24,-0.7048854231834412,14.83469009399414
eval11,furious,full,25,-0.5559593439102173,15.343788146972656
eval11,furious,full,26,-0.13703471422195435,14.75152587890625
eval11,furious,full,27,-1.442638635635376,10.36472225189209
eval11,furious,orthogonal_matched,20,0.5152885913848877,19.878822326660156
eval11,furious,orthogonal_matched,21,0.5934193730354309,17.541847229003906
eval11,furious,orthogonal_matched,22,0.8811025619506836,15.396503448486328
eval11,furious,orthogonal_matched,23,1.592133641242981,14.683443069458008
eval11,furious,orthogonal_matched,24,1.4803006649017334,14.821651458740234
eval11,furious,orthogonal_matched,25,1.8944859504699707,15.305024147033691
eval11,furious,orthogonal_matched,26,2.517378807067871,14.653792381286621
eval11,furious,orthogonal_matched,27,2.312962532043457,9.56724739074707
eval11,hurt,full,20,-0.3161161541938782,12.008846282958984
eval11,hurt,full,21,-0.38959190249443054,10.468364715576172
eval11,hurt,full,22,-1.137623906135559,9.60078239440918
eval11,hurt,full,23,-1.3386638164520264,9.767969131469727
eval11,hurt,full,24,-1.7272248268127441,10.019452095031738
eval11,hurt,full,25,-1.8380656242370605,10.092292785644531
eval11,hurt,full,26,-2.6235475540161133,10.301148414611816
eval11,hurt,full,27,-4.884756088256836,11.895257949829102
eval11,hurt,orthogonal_matched,20,-0.3242804706096649,12.00790023803711
eval11,hurt,orthogonal_matched,21,-0.3966563642024994,10.467253684997559
eval11,hurt,orthogonal_matched,22,-1.146569848060608,9.596683502197266
eval11,hurt,orthogonal_matched,23,-1.3478026390075684,9.762953758239746
eval11,hurt,orthogonal_matched,24,-1.735830545425415,10.011330604553223
eval11,hurt,orthogonal_matched,25,-1.847244381904602,10.086719512939453
eval11,hurt,orthogonal_matched,26,-2.6126327514648438,10.30224609375
eval11,hurt,orthogonal_matched,27,-4.825529098510742,11.865498542785645
eval11,miserable,full,20,-0.6689284443855286,10.812931060791016
eval11,miserable,full,21,-0.4370630383491516,9.991622924804688
eval11,miserable,full,22,-0.5507913827896118,9.925154685974121
eval11,miserable,full,23,-0.9287903308868408,9.673046112060547
eval11,miserable,full,24,-1.071956992149353,10.07418441772461
eval11,miserable,full,25,-1.2081680297851562,10.39346694946289
eval11,miserable,full,26,-1.580478549003601,10.553804397583008
eval11,miserable,full,27,-2.2051873207092285,10.283076286315918
eval11,miserable,orthogonal_matched,20,-0.0695330947637558,10.812261581420898
eval11,miserable,orthogonal_matched,21,0.19741356372833252,9.988701820373535
eval11,miserable,orthogonal_matched,22,0.11442402005195618,9.93175220489502
eval11,miserable,orthogonal_matched,23,-0.19105802476406097,9.653120040893555
eval11,miserable,orthogonal_matched,24,-0.26790857315063477,10.04497241973877
eval11,miserable,orthogonal_matched,25,-0.31378403306007385,10.377114295959473
eval11,miserable,orthogonal_matched,26,-0.6512441039085388,10.53304672241211
eval11,miserable,orthogonal_matched,27,-0.9028449058532715,10.064717292785645
eval11,hateful,full,20,-1.504276156425476,11.08823299407959
eval11,hateful,full,21,-1.5943803787231445,10.627825736999512
eval11,hateful,full,22,-1.7837364673614502,10.319624900817871
eval11,hateful,full,23,-2.348841905593872,10.566341400146484
eval11,hateful,full,24,-2.537848949432373,11.213531494140625
eval11,hateful,full,25,-3.01436710357666,11.294925689697266
eval11,hateful,full,26,-3.428785562515259,11.382438659667969
eval11,hateful,full,27,-6.21396017074585,12.095109939575195
eval11,hateful,orthogonal_matched,20,-0.13604168593883514,10.991843223571777
eval11,hateful,orthogonal_matched,21,-0.14253631234169006,10.544281959533691
eval11,hateful,orthogonal_matched,22,-0.2797912359237671,10.220186233520508
eval11,hateful,orthogonal_matched,23,-0.6860787272453308,10.404230117797852
eval11,hateful,orthogonal_matched,24,-0.7139630317687988,11.063234329223633
eval11,hateful,orthogonal_matched,25,-1.0024484395980835,11.12964916229248
eval11,hateful,orthogonal_matched,26,-1.3005183935165405,11.256429672241211
eval11,hateful,orthogonal_matched,27,-3.33953857421875,11.670781135559082
eval11,tormented,full,20,-1.9107389450073242,11.447927474975586
eval11,tormented,full,21,-1.8193652629852295,11.45393180847168
eval11,tormented,full,22,-1.7768465280532837,11.952942848205566
eval11,tormented,full,23,-2.489802122116089,12.376720428466797
eval11,tormented,full,24,-2.571129322052002,13.743963241577148
eval11,tormented,full,25,-3.0959532260894775,14.294153213500977
eval11,tormented,full,26,-3.3538200855255127,14.588886260986328
eval11,tormented,full,27,-8.90982723236084,12.756292343139648
eval11,tormented,orthogonal_matched,20,-0.06750661134719849,11.269744873046875
eval11,tormented,orthogonal_matched,21,0.1414209008216858,11.268561363220215
eval11,tormented,orthogonal_matched,22,0.25914695858955383,11.802875518798828
eval11,tormented,orthogonal_matched,23,-0.23153577744960785,12.11192798614502
eval11,tormented,orthogonal_matched,24,-0.10896144807338715,13.459233283996582
eval11,tormented,orthogonal_matched,25,-0.3840109407901764,13.936447143554688
eval11,tormented,orthogonal_matched,26,-0.48871439695358276,14.243736267089844
eval11,tormented,orthogonal_matched,27,-5.15858268737793,11.533662796020508
eval11,upset,full,20,0.37566548585891724,12.300610542297363
eval11,upset,full,21,0.5360400080680847,11.131778717041016
eval11,upset,full,22,0.3468090891838074,10.58678150177002
eval11,upset,full,23,0.2975393533706665,10.065522193908691
eval11,upset,full,24,-0.15129926800727844,10.062463760375977
eval11,upset,full,25,0.0677374005317688,10.275857925415039
eval11,upset,full,26,-0.4249640107154846,9.767077445983887
eval11,upset,full,27,0.6115894913673401,9.504692077636719
eval11,upset,orthogonal_matched,20,-0.1830088198184967,12.327896118164062
eval11,upset,orthogonal_matched,21,-0.05589395761489868,11.139025688171387
eval11,upset,orthogonal_matched,22,-0.2677014172077179,10.58120346069336
eval11,upset,orthogonal_matched,23,-0.38572585582733154,10.045921325683594
eval11,upset,orthogonal_matched,24,-0.9051111936569214,10.056446075439453
eval11,upset,orthogonal_matched,25,-0.7603685855865479,10.26377010345459
eval11,upset,orthogonal_matched,26,-1.3280175924301147,9.711146354675293
eval11,upset,orthogonal_matched,27,-0.6640494465827942,9.418023109436035
eval12,empathetic,full,20,1.9937522411346436,13.74279499053955
eval12,empathetic,full,21,2.562041759490967,13.996859550476074
eval12,empathetic,full,22,2.5297954082489014,14.010478973388672
eval12,empathetic,full,23,2.4973793029785156,14.103474617004395
eval12,empathetic,full,24,2.597066640853882,14.52581787109375
eval12,empathetic,full,25,3.0483767986297607,15.07556438446045
eval12,empathetic,full,26,3.1578545570373535,15.244098663330078
eval12,empathetic,full,27,3.732685089111328,14.165009498596191
eval12,empathetic,orthogonal_matched,20,0.10155311226844788,13.539586067199707
eval12,empathetic,orthogonal_matched,21,0.48526132106781006,13.683685302734375
eval12,empathetic,orthogonal_matched,22,0.32161518931388855,13.697989463806152
eval12,empathetic,orthogonal_matched,23,0.07018093764781952,13.781903266906738
eval12,empathetic,orthogonal_matched,24,-0.04575832188129425,14.211631774902344
eval12,empathetic,orthogonal_matched,25,0.084477499127388,14.66819953918457
eval12,empathetic,orthogonal_matched,26,0.0051701366901397705,14.850200653076172
eval12,empathetic,orthogonal_matched,27,-0.48707014322280884,13.80675220489502
eval12,exuberant,full,20,1.2911288738250732,9.250322341918945
eval12,exuberant,full,21,1.3244400024414062,8.94298267364502
eval12,exuberant,full,22,1.4803696870803833,9.068546295166016
eval12,exuberant,full,23,1.811505675315857,8.960321426391602
eval12,exuberant,full,24,1.9503086805343628,9.275275230407715
eval12,exuberant,full,25,2.1701807975769043,9.660062789916992
eval12,exuberant,full,26,2.4040722846984863,10.00518798828125
eval12,exuberant,full,27,5.576500415802002,11.741741180419922
eval12,exuberant,orthogonal_matched,20,0.07792112231254578,9.127058982849121
eval12,exuberant,orthogonal_matched,21,-0.011409521102905273,8.856429100036621
eval12,exuberant,orthogonal_matched,22,0.058793067932128906,8.965253829956055
eval12,exuberant,orthogonal_matched,23,0.23384447395801544,8.826862335205078
eval12,exuberant,orthogonal_matched,24,0.2271927148103714,9.104782104492188
eval12,exuberant,orthogonal_matched,25,0.22353802621364594,9.473506927490234
eval12,exuberant,orthogonal_matched,26,0.3305739164352417,9.789173126220703
eval12,exuberant,orthogonal_matched,27,2.7151801586151123,11.075626373291016
eval12,invigorated,full,20,0.8107808828353882,10.126313209533691
eval12,invigorated,full,21,0.956001877784729,9.893362045288086
eval12,invigorated,full,22,0.9661123752593994,10.087484359741211
eval12,invigorated,full,23,0.8182388544082642,10.35319995880127
eval12,invigorated,full,24,0.2886466383934021,10.974940299987793
eval12,invigorated,full,25,0.27282363176345825,11.700326919555664
eval12,invigorated,full,26,0.15968939661979675,12.731809616088867
eval12,invigorated,full,27,3.737292528152466,15.358881950378418
eval12,invigorated,orthogonal_matched,20,0.08916568756103516,10.081222534179688
eval12,invigorated,orthogonal_matched,21,0.16508397459983826,9.842940330505371
eval12,invigorated,orthogonal_matched,22,0.12112006545066833,10.030289649963379
eval12,invigorated,orthogonal_matched,23,-0.12445682287216187,10.291322708129883
eval12,invigorated,orthogonal_matched,24,-0.7372497320175171,10.916271209716797
eval12,invigorated,orthogonal_matched,25,-0.889111340045929,11.62886905670166
eval12,invigorated,orthogonal_matched,26,-1.0614255666732788,12.618512153625488
eval12,invigorated,orthogonal_matched,27,2.183523654937744,14.990462303161621
eval12,cheerful,full,20,2.9269919395446777,10.762165069580078
eval12,cheerful,full,21,3.0603551864624023,10.262836456298828
eval12,cheerful,full,22,3.3424441814422607,10.266525268554688
eval12,cheerful,full,23,3.7114901542663574,10.315882682800293
eval12,cheerful,full,24,3.847611904144287,10.298469543457031
eval12,cheerful,full,25,4.263049125671387,10.694178581237793
eval12,cheerful,full,26,4.425962448120117,11.522336959838867
eval12,cheerful,full,27,6.829153060913086,13.320247650146484
eval12,cheerful,orthogonal_matched,20,0.10591387748718262,10.287967681884766
eval12,cheerful,orthogonal_matched,21,-0.04172194004058838,9.75317668914795
eval12,cheerful,orthogonal_matched,22,0.02481403946876526,9.775066375732422
eval12,cheerful,orthogonal_matched,23,0.06390240788459778,9.726163864135742
eval12,cheerful,orthogonal_matched,24,-0.11666154861450195,9.712167739868164
eval12,cheerful,orthogonal_matched,25,-0.1857522428035736,10.028850555419922
eval12,cheerful,orthogonal_matched,26,-0.3411879241466522,10.920598983764648
eval12,cheerful,orthogonal_matched,27,0.26610851287841797,11.878808975219727
eval12,joyful,full,20,1.6319247484207153,20.430551528930664
eval12,joyful,full,21,1.1647590398788452,18.426637649536133
eval12,joyful,full,22,1.810943365097046,16.614871978759766
eval12,joyful,full,23,2.2192251682281494,16.31187629699707
eval12,joyful,full,24,2.6347737312316895,16.75090980529785
eval12,joyful,full,25,3.510535717010498,16.84491729736328
eval12,joyful,full,26,5.146383285522461,17.388059616088867
eval12,joyful,full,27,14.63868522644043,26.39116668701172
eval12,joyful,orthogonal_matched,20,0.8590788841247559,20.32374382019043
eval12,joyful,orthogonal_matched,21,0.322118878364563,18.339147567749023
eval12,joyful,orthogonal_matched,22,0.913299560546875,16.514753341674805
eval12,joyful,orthogonal_matched,23,1.2099721431732178,16.19161605834961
eval12,joyful,orthogonal_matched,24,1.521757960319519,16.622676849365234
eval12,joyful,orthogonal_matched,25,2.231907367706299,16.716997146606445
eval12,joyful,orthogonal_matched,26,3.7735941410064697,17.2393741607666
eval12,joyful,orthogonal_matched,27,12.660497665405273,25.591049194335938
eval12,happy,full,20,1.344076156616211,15.433870315551758
eval12,happy,full,21,1.1367684602737427,13.820302963256836
eval12,happy,full,22,1.8625415563583374,12.512558937072754
eval12,happy,full,23,2.135559558868408,12.262740135192871
eval12,happy,full,24,2.233032464981079,12.841022491455078
eval12,happy,full,25,2.862018346786499,13.228796005249023
eval12,happy,full,26,4.440548419952393,14.418462753295898
eval12,happy,full,27,13.623607635498047,22.39008903503418
eval12,happy,orthogonal_matched,20,0.4932038187980652,15.366250038146973
eval12,happy,orthogonal_matched,21,0.1958969235420227,13.761658668518066
eval12,happy,orthogonal_matched,22,0.8610198497772217,12.431974411010742
eval12,happy,orthogonal_matched,23,1.01144278049469,12.137962341308594
eval12,happy,orthogonal_matched,24,1.0192326307296753,12.668110847473145
eval12,happy,orthogonal_matched,25,1.4871371984481812,13.017096519470215
eval12,happy,orthogonal_matched,26,2.972454071044922,14.136853218078613
eval12,happy,orthogonal_matched,27,11.640625,21.35226058959961
eval12,optimistic,full,20,1.8252685070037842,18.07083511352539
eval12,optimistic,full,21,1.6615922451019287,16.550167083740234
eval12,optimistic,full,22,2.373647928237915,15.661823272705078
eval12,optimistic,full,23,2.949632167816162,15.736076354980469
eval12,optimistic,full,24,3.5468387603759766,16.69721221923828
eval12,optimistic,full,25,3.7645161151885986,17.08892822265625
eval12,optimistic,full,26,4.802175998687744,17.89746856689453
eval12,optimistic,full,27,7.495641231536865,21.14317512512207
eval12,optimistic,orthogonal_matched,20,0.4647384583950043,17.941072463989258
eval12,optimistic,orthogonal_matched,21,0.15978673100471497,16.418724060058594
eval12,optimistic,orthogonal_matched,22,0.7666442394256592,15.477956771850586
eval12,optimistic,orthogonal_matched,23,1.1519618034362793,15.465322494506836
eval12,optimistic,orthogonal_matched,24,1.5794419050216675,16.368824005126953
eval12,optimistic,orthogonal_matched,25,1.5403659343719482,16.754364013671875
eval12,optimistic,orthogonal_matched,26,2.4206931591033936,17.560041427612305
eval12,optimistic,orthogonal_matched,27,4.266318321228027,20.25962257385254
eval12,delighted,full,20,4.329813480377197,15.95355224609375
eval12,delighted,full,21,4.84968376159668,15.430931091308594
eval12,delighted,full,22,4.850978851318359,15.679895401000977
eval12,delighted,full,23,5.446011066436768,15.879772186279297
eval12,delighted,full,24,5.682859897613525,16.730995178222656
eval12,delighted,full,25,6.628726959228516,17.474746704101562
eval12,delighted,full,26,6.847243309020996,18.64384651184082
eval12,delighted,full,27,12.815133094787598,21.440345764160156
eval12,delighted,orthogonal_matched,20,0.7962945103645325,15.330757141113281
eval12,delighted,orthogonal_matched,21,0.9843497276306152,14.701395988464355
eval12,delighted,orthogonal_matched,22,0.7360522150993347,14.968524932861328
eval12,delighted,orthogonal_matched,23,0.9118854999542236,14.918319702148438
eval12,delighted,orthogonal_matched,24,0.7848465442657471,15.7383451461792
eval12,delighted,orthogonal_matched,25,1.1554207801818848,16.350587844848633
eval12,delighted,orthogonal_matched,26,1.017918348312378,17.56619644165039
eval12,delighted,orthogonal_matched,27,5.012206077575684,19.125953674316406
eval12,thankful,full,20,-0.18044646084308624,13.88087272644043
eval12,thankful,full,21,-0.5449706315994263,13.100164413452148
eval12,thankful,full,22,-0.4142475426197052,12.63562297821045
eval12,thankful,full,23,-0.699254035949707,12.414710998535156
eval12,thankful,full,24,-0.4587060809135437,13.22780990600586
eval12,thankful,full,25,-0.6565961837768555,13.38534927368164
eval12,thankful,full,26,-0.13067886233329773,13.476461410522461
eval12,thankful,full,27,-2.4274041652679443,15.86529541015625
eval12,thankful,orthogonal_matched,20,0.26781976222991943,13.898979187011719
eval12,thankful,orthogonal_matched,21,-0.05088150501251221,13.111800193786621
eval12,thankful,orthogonal_matched,22,0.11227789521217346,12.644619941711426
eval12,thankful,orthogonal_matched,23,-0.11423541605472565,12.411824226379395
eval12,thankful,orthogonal_matched,24,0.18068072199821472,13.230314254760742
eval12,thankful,orthogonal_matched,25,0.07580234110355377,13.381547927856445
eval12,thankful,orthogonal_matched,26,0.653388500213623,13.468384742736816
eval12,thankful,orthogonal_matched,27,-1.3115708827972412,15.652691841125488
eval12,inspired,full,20,2.292954444885254,12.854385375976562
eval12,inspired,full,21,2.41776180267334,13.050060272216797
eval12,inspired,full,22,2.561372995376587,13.214839935302734
eval12,inspired,full,23,2.4133269786834717,13.405492782592773
eval12,inspired,full,24,2.432715892791748,14.188995361328125
eval12,inspired,full,25,2.874614953994751,14.91804027557373
eval12,inspired,full,26,3.104942798614502,16.00043487548828
eval12,inspired,full,27,9.613183975219727,19.19024658203125
eval12,inspired,orthogonal_matched,20,-0.4079432785511017,12.56613540649414
eval12,inspired,orthogonal_matched,21,-0.5567012429237366,12.709691047668457
eval12,inspired,orthogonal_matched,22,-0.6071287393569946,12.823199272155762
eval12,inspired,orthogonal_matched,23,-1.0735180377960205,12.945653915405273
eval12,inspired,orthogonal_matched,24,-1.3428518772125244,13.739448547363281
eval12,inspired,orthogonal_matched,25,-1.3635225296020508,14.318170547485352
eval12,inspired,orthogonal_matched,26,-1.4037201404571533,15.315573692321777
eval12,inspired,orthogonal_matched,27,3.4808082580566406,16.462709426879883
eval12,afraid,full,20,0.1481713354587555,8.934252738952637
eval12,afraid,full,21,0.112471804022789,8.744510650634766
eval12,afraid,full,22,0.06702212989330292,8.572453498840332
eval12,afraid,full,23,0.2041877806186676,8.562119483947754
eval12,afraid,full,24,0.49950137734413147,8.958356857299805
eval12,afraid,full,25,0.40468570590019226,9.286767959594727
eval12,afraid,full,26,0.3707665205001831,9.878881454467773
eval12,afraid,full,27,-1.3510924577713013,11.187562942504883
eval12,afraid,orthogonal_matched,20,0.03742409124970436,8.933006286621094
eval12,afraid,orthogonal_matched,21,-0.007841240614652634,8.739566802978516
eval12,afraid,orthogonal_matched,22,-0.05907025933265686,8.57046890258789
eval12,afraid,orthogonal_matched,23,0.06459861993789673,8.561342239379883
eval12,afraid,orthogonal_matched,24,0.34790366888046265,8.957921981811523
eval12,afraid,orthogonal_matched,25,0.23923619091510773,9.28917121887207
eval12,afraid,orthogonal_matched,26,0.18281054496765137,9.890963554382324
eval12,afraid,orthogonal_matched,27,-1.6725618839263916,11.282032012939453
eval12,depressed,full,20,-1.0769749879837036,9.483757019042969
eval12,depressed,full,21,-1.3849812746047974,9.425289154052734
eval12,depressed,full,22,-1.5347660779953003,9.58791732788086
eval12,depressed,full,23,-1.9102572202682495,9.674894332885742
eval12,depressed,full,24,-2.0161030292510986,10.136299133300781
eval12,depressed,full,25,-2.4006924629211426,10.331661224365234
eval12,depressed,full,26,-2.8669962882995605,10.631009101867676
eval12,depressed,full,27,-1.929363489151001,12.434793472290039
eval12,depressed,orthogonal_matched,20,-0.19257068634033203,9.433117866516113
eval12,depressed,orthogonal_matched,21,-0.4088939130306244,9.352300643920898
eval12,depressed,orthogonal_matched,22,-0.49706223607063293,9.518473625183105
eval12,depressed,orthogonal_matched,23,-0.756280779838562,9.567404747009277
eval12,depressed,orthogonal_matched,24,-0.745778501033783,10.037897109985352
eval12,depressed,orthogonal_matched,25,-0.9654511213302612,10.228123664855957
eval12,depressed,orthogonal_matched,26,-1.349839210510254,10.537029266357422
eval12,depressed,orthogonal_matched,27,0.1255098283290863,12.56295394897461
eval12,horrified,full,20,0.38467690348625183,11.288995742797852
eval12,horrified,full,21,0.6222357749938965,9.71527099609375
eval12,horrified,full,22,0.3321264982223511,8.502716064453125
eval12,horrified,full,23,0.12061649560928345,8.09080982208252
eval12,horrified,full,24,-0.0373033732175827,7.621005058288574
eval12,horrified,full,25,-0.20724016427993774,7.598929405212402
eval12,horrified,full,26,-0.973540186882019,7.276970863342285
eval12,horrified,full,27,-3.488008737564087,7.055859088897705
eval12,horrified,orthogonal_matched,20,-0.3779080808162689,11.289148330688477
eval12,horrified,orthogonal_matched,21,-0.22112205624580383,9.686142921447754
eval12,horrified,orthogonal_matched,22,-0.5660555958747864,8.48141860961914
eval12,horrified,orthogonal_matched,23,-0.8782674074172974,8.090181350708008
eval12,horrified,orthogonal_matched,24,-1.135866403579712,7.639889717102051
eval12,horrified,orthogonal_matched,25,-1.4376215934753418,7.623553276062012
eval12,horrified,orthogonal_matched,26,-2.289775848388672,7.282799243927002
eval12,horrified,orthogonal_matched,27,-5.293891906738281,7.299144744873047
eval12,disgusted,full,20,-0.4463598132133484,9.89855670928955
eval12,disgusted,full,21,-0.45113271474838257,8.910290718078613
eval12,disgusted,full,22,-0.5786445140838623,8.456153869628906
eval12,disgusted,full,23,-0.8211628198623657,8.190735816955566
eval12,disgusted,full,24,-0.6474468111991882,8.191091537475586
eval12,disgusted,full,25,-1.2955119609832764,8.327581405639648
eval12,disgusted,full,26,-1.9408247470855713,8.445343017578125
eval12,disgusted,full,27,-6.38323974609375,8.263092041015625
eval12,disgusted,orthogonal_matched,20,-0.19342152774333954,9.892204284667969
eval12,disgusted,orthogonal_matched,21,-0.17667438089847565,8.908536911010742
eval12,disgusted,orthogonal_matched,22,-0.28878676891326904,8.462516784667969
eval12,disgusted,orthogonal_matched,23,-0.4888487458229065,8.197909355163574
eval12,disgusted,orthogonal_matched,24,-0.2909379005432129,8.20111083984375
eval12,disgusted,orthogonal_matched,25,-0.8882948160171509,8.33549976348877
eval12,disgusted,orthogonal_matched,26,-1.4810988903045654,8.464035987854004
eval12,disgusted,orthogonal_matched,27,-5.78102445602417,8.19229507446289
eval12,furious,full,20,-1.1659836769104004,20.024166107177734
eval12,furious,full,21,-1.3781816959381104,17.835308074951172
eval12,furious,full,22,-1.4833121299743652,15.890775680541992
eval12,furious,full,23,-1.0616226196289062,15.107808113098145
eval12,furious,full,24,-1.4303748607635498,14.813889503479004
eval12,furious,full,25,-1.0122246742248535,15.455526351928711
eval12,furious,full,26,-0.12183636426925659,14.789779663085938
eval12,furious,full,27,2.167080879211426,9.588470458984375
eval12,furious,orthogonal_matched,20,0.5336282253265381,20.0023193359375
eval12,furious,orthogonal_matched,21,0.4932083487510681,17.80504608154297
eval12,furious,orthogonal_matched,22,0.5102145671844482,15.831876754760742
eval12,furious,orthogonal_matched,23,1.171254277229309,15.092523574829102
eval12,furious,orthogonal_matched,24,1.0126533508300781,14.79456901550293
eval12,furious,orthogonal_matched,25,1.7510547637939453,15.421426773071289
eval12,furious,orthogonal_matched,26,2.8630754947662354,14.690899848937988
eval12,furious,orthogonal_matched,27,6.204415798187256,8.803394317626953
eval12,hurt,full,20,-0.4956369400024414,12.126039505004883
eval12,hurt,full,21,-0.6319140791893005,10.926802635192871
eval12,hurt,full,22,-1.3646759986877441,10.394804000854492
eval12,hurt,full,23,-1.6341103315353394,10.550411224365234
eval12,hurt,full,24,-2.007613182067871,10.941617965698242
eval12,hurt,full,25,-2.265388011932373,11.142877578735352
eval12,hurt,full,26,-3.373398542404175,11.166180610656738
eval12,hurt,full,27,-5.931572914123535,14.77963638305664
eval12,hurt,orthogonal_matched,20,-0.5058162808418274,12.122692108154297
eval12,hurt,orthogonal_matched,21,-0.6434241533279419,10.922149658203125
eval12,hurt,orthogonal_matched,22,-1.3768683671951294,10.390334129333496
eval12,hurt,orthogonal_matched,23,-1.646925449371338,10.554430961608887
eval12,hurt,orthogonal_matched,24,-2.023508310317993,10.94360637664795
eval12,hurt,orthogonal_matched,25,-2.284914255142212,11.146760940551758
eval12,hurt,orthogonal_matched,26,-3.405435562133789,11.166475296020508
eval12,hurt,orthogonal_matched,27,-5.961034774780273,14.78506088256836
eval12,miserable,full,20,-0.7758262157440186,10.999570846557617
eval12,miserable,full,21,-0.6888222098350525,10.35676097869873
eval12,miserable,full,22,-0.7753282785415649,10.270337104797363
eval12,miserable,full,23,-1.2287983894348145,10.141328811645508
eval12,miserable,full,24,-1.430387258529663,10.342121124267578
eval12,miserable,full,25,-1.7545748949050903,10.671541213989258
eval12,miserable,full,26,-2.407973051071167,10.701825141906738
eval12,miserable,full,27,-3.9014334678649902,11.739025115966797
eval12,miserable,orthogonal_matched,20,-0.14974133670330048,10.991254806518555
eval12,miserable,orthogonal_matched,21,0.002134650945663452,10.345630645751953
eval12,miserable,orthogonal_matched,22,-0.030930429697036743,10.27190113067627
eval12,miserable,orthogonal_matched,23,-0.40388375520706177,10.101797103881836
eval12,miserable,orthogonal_matched,24,-0.5383960008621216,10.306385040283203
eval12,miserable,orthogonal_matched,25,-0.7488086223602295,10.612004280090332
eval12,miserable,orthogonal_matched,26,-1.3425654172897339,10.66223430633545
eval12,miserable,orthogonal_matched,27,-2.3299973011016846,11.444232940673828
eval12,hateful,full,20,-1.6953264474868774,11.434331893920898
eval12,hateful,full,21,-1.8180485963821411,11.156455993652344
eval12,hateful,full,22,-2.0702476501464844,11.004660606384277
eval12,hateful,full,23,-2.741147518157959,11.451497077941895
eval12,hateful,full,24,-2.777003526687622,12.228812217712402
eval12,hateful,full,25,-3.4168319702148438,12.475160598754883
eval12,hateful,full,26,-3.910520076751709,12.701980590820312
eval12,hateful,full,27,-7.927396297454834,14.859097480773926
eval12,hateful,orthogonal_matched,20,-0.26606786251068115,11.298160552978516
eval12,hateful,orthogonal_matched,21,-0.24131569266319275,11.035317420959473
eval12,hateful,orthogonal_matched,22,-0.39255020022392273,10.870183944702148
eval12,hateful,orthogonal_matched,23,-0.8700720071792603,11.24718952178955
eval12,hateful,orthogonal_matched,24,-0.744116485118866,12.024968147277832
eval12,hateful,orthogonal_matched,25,-1.135695457458496,12.216182708740234
eval12,hateful,orthogonal_matched,26,-1.4665439128875732,12.477210998535156
eval12,hateful,orthogonal_matched,27,-4.408885955810547,14.007134437561035
eval12,tormented,full,20,-2.0548436641693115,11.653203010559082
eval12,tormented,full,21,-2.130479335784912,11.764152526855469
eval12,tormented,full,22,-2.139814853668213,12.361544609069824
eval12,tormented,full,23,-2.914911985397339,12.762825012207031
eval12,tormented,full,24,-3.1092581748962402,14.128321647644043
eval12,tormented,full,25,-4.005136013031006,14.871793746948242
eval12,tormented,full,26,-4.469954490661621,15.302157402038574
eval12,tormented,full,27,-13.956192016601562,14.715749740600586
eval12,tormented,orthogonal_matched,20,-0.1182364970445633,11.441722869873047
eval12,tormented,orthogonal_matched,21,0.006910830736160278,11.521554946899414
eval12,tormented,orthogonal_matched,22,0.13981398940086365,12.134688377380371
eval12,tormented,orthogonal_matched,23,-0.3664102852344513,12.392975807189941
eval12,tormented,orthogonal_matched,24,-0.3369208574295044,13.740365982055664
eval12,tormented,orthogonal_matched,25,-0.9019942879676819,14.346190452575684
eval12,tormented,orthogonal_matched,26,-1.1460967063903809,14.768012046813965
eval12,tormented,orthogonal_matched,27,-9.411578178405762,12.994085311889648
eval12,upset,full,20,0.3171802759170532,12.487030982971191
eval12,upset,full,21,0.5748815536499023,11.458199501037598
eval12,upset,full,22,0.4385412931442261,10.856568336486816
eval12,upset,full,23,0.3273952305316925,10.220108985900879
eval12,upset,full,24,0.014660611748695374,10.126803398132324
eval12,upset,full,25,0.016977906227111816,10.370048522949219
eval12,upset,full,26,-0.7266644239425659,9.943899154663086
eval12,upset,full,27,-0.32011938095092773,10.5970458984375
eval12,upset,orthogonal_matched,20,-0.26602619886398315,12.514001846313477
eval12,upset,orthogonal_matched,21,-0.06464742124080658,11.447176933288574
eval12,upset,orthogonal_matched,22,-0.25114139914512634,10.81755542755127
eval12,upset,orthogonal_matched,23,-0.4511248767375946,10.174159049987793
eval12,upset,orthogonal_matched,24,-0.8430839776992798,10.094355583190918
eval12,upset,orthogonal_matched,25,-0.9428337812423706,10.344466209411621
eval12,upset,orthogonal_matched,26,-1.7619960308074951,9.857176780700684
eval12,upset,orthogonal_matched,27,-1.8302110433578491,10.393863677978516
eval13,empathetic,full,20,1.7902960777282715,13.080257415771484
eval13,empathetic,full,21,2.078739643096924,12.888511657714844
eval13,empathetic,full,22,1.8255641460418701,12.715389251708984
eval13,empathetic,full,23,2.0241129398345947,12.658973693847656
eval13,empathetic,full,24,2.2643661499023438,13.24315357208252
eval13,empathetic,full,25,2.375145673751831,13.496866226196289
eval13,empathetic,full,26,2.2880334854125977,13.603995323181152
eval13,empathetic,full,27,2.6602587699890137,14.535873413085938
eval13,empathetic,orthogonal_matched,20,0.034339845180511475,12.918508529663086
eval13,empathetic,orthogonal_matched,21,0.2181178331375122,12.67460823059082
eval13,empathetic,orthogonal_matched,22,-0.06204436719417572,12.521125793457031
eval13,empathetic,orthogonal_matched,23,-0.0762489065527916,12.44964599609375
eval13,empathetic,orthogonal_matched,24,0.002580072730779648,13.012701034545898
eval13,empathetic,orthogonal_matched,25,-0.0884244292974472,13.226961135864258
eval13,empathetic,orthogonal_matched,26,-0.27911755442619324,13.31895923614502
eval13,empathetic,orthogonal_matched,27,-1.0175970792770386,14.164934158325195
eval13,exuberant,full,20,1.2705775499343872,8.755383491516113
eval13,exuberant,full,21,1.3294519186019897,8.377029418945312
eval13,exuberant,full,22,1.4008632898330688,8.103816986083984
eval13,exuberant,full,23,1.6825547218322754,7.828508377075195
eval13,exuberant,full,24,1.8764503002166748,7.985045433044434
eval13,exuberant,full,25,1.9691460132598877,8.166402816772461
eval13,exuberant,full,26,2.077561378479004,8.431158065795898
eval13,exuberant,full,27,3.9706673622131348,9.284478187561035
eval13,exuberant,orthogonal_matched,20,0.15062175691127777,8.643495559692383
eval13,exuberant,orthogonal_matched,21,0.1445741057395935,8.287939071655273
eval13,exuberant,orthogonal_matched,22,0.1926182508468628,8.0132474899292
eval13,exuberant,orthogonal_matched,23,0.32179930806159973,7.728635787963867
eval13,exuberant,orthogonal_matched,24,0.4155106544494629,7.863112926483154
eval13,exuberant,orthogonal_matched,25,0.36863306164741516,8.05264949798584
eval13,exuberant,orthogonal_matched,26,0.4320904612541199,8.302793502807617
eval13,exuberant,orthogonal_matched,27,1.6260377168655396,8.827849388122559
eval13,invigorated,full,20,0.8178999423980713,9.795026779174805
eval13,invigorated,full,21,1.1024370193481445,9.460994720458984
eval13,invigorated,full,22,0.9623498320579529,9.354033470153809
eval13,invigorated,full,23,1.0606900453567505,9.342033386230469
eval13,invigorated,full,24,0.9460554718971252,9.722264289855957
eval13,invigorated,full,25,1.0223157405853271,10.171808242797852
eval13,invigorated,full,26,1.3358618021011353,10.829591751098633
eval13,invigorated,full,27,4.990105628967285,12.339216232299805
eval13,invigorated,orthogonal_matched,20,0.14918747544288635,9.745408058166504
eval13,invigorated,orthogonal_matched,21,0.4010615944862366,9.399518013000488
eval13,invigorated,orthogonal_matched,22,0.25340715050697327,9.301595687866211
eval13,invigorated,orthogonal_matched,23,0.2734295129776001,9.276571273803711
eval13,invigorated,orthogonal_matched,24,0.08917433023452759,9.664824485778809
eval13,invigorated,orthogonal_matched,25,0.09110066294670105,10.099715232849121
eval13,invigorated,orthogonal_matched,26,0.374503493309021,10.740744590759277
eval13,invigorated,orthogonal_matched,27,3.5952324867248535,12.037030220031738
eval13,cheerful,full,20,2.798476219177246,10.391361236572266
eval13,cheerful,full,21,2.9182159900665283,9.981460571289062
eval13,cheerful,full,22,2.9723119735717773,9.743149757385254
eval13,cheerful,full,23,3.5232114791870117,9.822861671447754
eval13,cheerful,full,24,3.7927021980285645,10.037773132324219
eval13,cheerful,full,25,3.952634572982788,10.192893981933594
eval13,cheerful,full,26,3.970959424972534,10.872323989868164
eval13,cheerful,full,27,5.712724685668945,14.029703140258789
eval13,cheerful,orthogonal_matched,20,0.16047903895378113,9.989306449890137
eval13,cheerful,orthogonal_matched,21,0.11167299747467041,9.563258171081543
eval13,cheerful,orthogonal_matched,22,0.10833173990249634,9.386953353881836
eval13,cheerful,orthogonal_matched,23,0.3507654070854187,9.37185287475586
eval13,cheerful,orthogonal_matched,24,0.38594937324523926,9.52570629119873
eval13,cheerful,orthogonal_matched,25,0.2197149693965912,9.647018432617188
eval13,cheerful,orthogonal_matched,26,0.050902724266052246,10.352439880371094
eval13,cheerful,orthogonal_matched,27,0.018636465072631836,12.750147819519043
eval13,joyful,full,20,1.5186986923217773,20.271989822387695
eval13,joyful,full,21,1.2192330360412598,17.90743637084961
eval13,joyful,full,22,1.891083002090454,15.883756637573242
eval13,joyful,full,23,2.3866641521453857,15.322460174560547
eval13,joyful,full,24,2.742035150527954,15.915889739990234
eval13,joyful,full,25,3.0065600872039795,15.714350700378418
eval13,joyful,full,26,3.9679226875305176,15.834501266479492
eval13,joyful,full,27,9.387008666992188,21.805601119995117
eval13,joyful,orthogonal_matched,20,0.7937008738517761,20.190797805786133
eval13,joyful,orthogonal_matched,21,0.45110535621643066,17.83632469177246
eval13,joyful,orthogonal_matched,22,1.103654146194458,15.795876502990723
eval13,joyful,orthogonal_matched,23,1.4928514957427979,15.219416618347168
eval13,joyful,orthogonal_matched,24,1.7668049335479736,15.78281307220459
eval13,joyful,orthogonal_matched,25,1.9277889728546143,15.57436466217041
eval13,joyful,orthogonal_matched,26,2.8138086795806885,15.678333282470703
eval13,joyful,orthogonal_matched,27,7.481082916259766,21.02392578125
eval13,happy,full,20,1.3644737005233765,15.296565055847168
eval13,happy,full,21,1.3201088905334473,13.35754108428955
eval13,happy,full,22,2.072208881378174,11.963949203491211
eval13,happy,full,23,2.4559690952301025,11.520623207092285
eval13,happy,full,24,2.635246753692627,12.05256175994873
eval13,happy,full,25,2.7575836181640625,11.95477294921875
eval13,happy,full,26,4.057520866394043,12.414083480834961
eval13,happy,full,27,12.357802391052246,17.605619430541992
eval13,happy,orthogonal_matched,20,0.5724869966506958,15.238929748535156
eval13,happy,orthogonal_matched,21,0.4800049066543579,13.310440063476562
eval13,happy,orthogonal_matched,22,1.2159161567687988,11.896778106689453
eval13,happy,orthogonal_matched,23,1.507404088973999,11.413090705871582
eval13,happy,orthogonal_matched,24,1.621703863143921,11.912198066711426
eval13,happy,orthogonal_matched,25,1.6368670463562012,11.797794342041016
eval13,happy,orthogonal_matched,26,2.880476474761963,12.20887565612793
eval13,happy,orthogonal_matched,27,10.504022598266602,16.782573699951172
eval13,optimistic,full,20,1.4465011358261108,17.836742401123047
eval13,optimistic,full,21,1.268370270729065,16.021699905395508
eval13,optimistic,full,22,2.2518973350524902,14.439359664916992
eval13,optimistic,full,23,2.767299175262451,14.076835632324219
eval13,optimistic,full,24,3.093231439590454,14.59646224975586
eval13,optimistic,full,25,3.1210827827453613,14.663082122802734
eval13,optimistic,full,26,3.6947288513183594,14.995353698730469
eval13,optimistic,full,27,6.679248332977295,16.397878646850586
eval13,optimistic,orthogonal_matched,20,0.17192953824996948,17.72772216796875
eval13,optimistic,orthogonal_matched,21,-0.08354061841964722,15.893098831176758
eval13,optimistic,orthogonal_matched,22,0.8784521222114563,14.24728012084961
eval13,optimistic,orthogonal_matched,23,1.2161518335342407,13.81632137298584
eval13,optimistic,orthogonal_matched,24,1.422792673110962,14.279059410095215
eval13,optimistic,orthogonal_matched,25,1.2838479280471802,14.330164909362793
eval13,optimistic,orthogonal_matched,26,1.7619173526763916,14.662508964538574
eval13,optimistic,orthogonal_matched,27,3.806077480316162,15.589324951171875
eval13,delighted,full,20,4.075346946716309,15.253568649291992
eval13,delighted,full,21,4.4439263343811035,14.409454345703125
eval13,delighted,full,22,4.474620342254639,14.016519546508789
eval13,delighted,full,23,5.299685955047607,14.020857810974121
eval13,delighted,full,24,5.69777774810791,14.665882110595703
eval13,delighted,full,25,6.545525550842285,14.980135917663574
eval13,delighted,full,26,7.075579643249512,15.70473861694336
eval13,delighted,full,27,13.301319122314453,19.33320426940918
eval13,delighted,orthogonal_matched,20,0.7750206589698792,14.738062858581543
eval13,delighted,orthogonal_matched,21,0.9289798140525818,13.789731979370117
eval13,delighted,orthogonal_matched,22,0.9248079061508179,13.387212753295898
eval13,delighted,orthogonal_matched,23,1.3696264028549194,13.194930076599121
eval13,delighted,orthogonal_matched,24,1.4900745153427124,13.770477294921875
eval13,delighted,orthogonal_matched,25,1.9572466611862183,13.98394775390625
eval13,delighted,orthogonal_matched,26,2.294067144393921,14.694305419921875
eval13,delighted,orthogonal_matched,27,6.388765335083008,16.900283813476562
eval13,thankful,full,20,-0.37641656398773193,13.662549018859863
eval13,thankful,full,21,-0.5807777643203735,12.63865852355957
eval13,thankful,full,22,-0.20864784717559814,11.7105712890625
eval13,thankful,full,23,-0.2843353748321533,11.465461730957031
eval13,thankful,full,24,0.011422067880630493,12.156383514404297
eval13,thankful,full,25,-0.07178786396980286,12.273826599121094
eval13,thankful,full,26,0.38882824778556824,12.825970649719238
eval13,thankful,full,27,-1.5743430852890015,14.376761436462402
eval13,thankful,orthogonal_matched,20,0.04525182396173477,13.669641494750977
eval13,thankful,orthogonal_matched,21,-0.13466139137744904,12.63664722442627
eval13,thankful,orthogonal_matched,22,0.24309828877449036,11.72014331817627
eval13,thankful,orthogonal_matched,23,0.22557654976844788,11.470149040222168
eval13,thankful,orthogonal_matched,24,0.5639069080352783,12.167856216430664
eval13,thankful,orthogonal_matched,25,0.535662055015564,12.282100677490234
eval13,thankful,orthogonal_matched,26,1.026191234588623,12.831920623779297
eval13,thankful,orthogonal_matched,27,-0.7053686380386353,14.20701789855957
eval13,inspired,full,20,2.341045618057251,12.5873441696167
eval13,inspired,full,21,2.5272765159606934,12.471708297729492
eval13,inspired,full,22,2.475435495376587,12.12724494934082
eval13,inspired,full,23,2.6740541458129883,12.164421081542969
eval13,inspired,full,24,3.014481544494629,12.883113861083984
eval13,inspired,full,25,3.391613006591797,13.260200500488281
eval13,inspired,full,26,3.6639761924743652,13.946398735046387
eval13,inspired,full,27,8.978939056396484,17.17206573486328
eval13,inspired,orthogonal_matched,20,-0.1752786636352539,12.325599670410156
eval13,inspired,orthogonal_matched,21,-0.14456024765968323,12.171465873718262
eval13,inspired,orthogonal_matched,22,-0.24298733472824097,11.847235679626465
eval13,inspired,orthogonal_matched,23,-0.3249843716621399,11.835312843322754
eval13,inspired,orthogonal_matched,24,-0.21040111780166626,12.524625778198242
eval13,inspired,orthogonal_matched,25,-0.12996357679367065,12.811047554016113
eval13,inspired,orthogonal_matched,26,-0.0037544965744018555,13.40881633758545
eval13,inspired,orthogonal_matched,27,3.616748094558716,14.634054183959961
eval13,afraid,full,20,0.009886667132377625,8.713014602661133
eval13,afraid,full,21,0.0029948577284812927,8.337173461914062
eval13,afraid,full,22,-0.08747683465480804,8.059778213500977
eval13,afraid,full,23,-0.06745090335607529,7.917402267456055
eval13,afraid,full,24,0.02192569151520729,8.128714561462402
eval13,afraid,full,25,-0.0236432533711195,8.283228874206543
eval13,afraid,full,26,-0.19654439389705658,8.667770385742188
eval13,afraid,full,27,-2.988065481185913,9.257335662841797
eval13,afraid,orthogonal_matched,20,-0.08238592743873596,8.71211051940918
eval13,afraid,orthogonal_matched,21,-0.09950221329927444,8.334988594055176
eval13,afraid,orthogonal_matched,22,-0.19051192700862885,8.059361457824707
eval13,afraid,orthogonal_matched,23,-0.18499058485031128,7.922431945800781
eval13,afraid,orthogonal_matched,24,-0.10192359983921051,8.131328582763672
eval13,afraid,orthogonal_matched,25,-0.15812402963638306,8.287166595458984
eval13,afraid,orthogonal_matched,26,-0.33064913749694824,8.66356086730957
eval13,afraid,orthogonal_matched,27,-3.2071714401245117,9.320337295532227
eval13,depressed,full,20,-0.830814003944397,9.09445571899414
eval13,depressed,full,21,-0.8618353605270386,8.786723136901855
eval13,depressed,full,22,-0.9199489951133728,8.713838577270508
eval13,depressed,full,23,-1.2382444143295288,8.680852890014648
eval13,depressed,full,24,-1.2654714584350586,9.030755996704102
eval13,depressed,full,25,-1.3616347312927246,9.111481666564941
eval13,depressed,full,26,-1.4345999956130981,9.507614135742188
eval13,depressed,full,27,-0.6761945486068726,10.629545211791992
eval13,depressed,orthogonal_matched,20,-0.02319096028804779,9.066396713256836
eval13,depressed,orthogonal_matched,21,-0.014561871066689491,8.740103721618652
eval13,depressed,orthogonal_matched,22,-0.06105810031294823,8.672111511230469
eval13,depressed,orthogonal_matched,23,-0.2911173105239868,8.60551929473877
eval13,depressed,orthogonal_matched,24,-0.2404250204563141,8.962858200073242
eval13,depressed,orthogonal_matched,25,-0.24576140940189362,9.0440673828125
eval13,depressed,orthogonal_matched,26,-0.28464046120643616,9.45036506652832
eval13,depressed,orthogonal_matched,27,1.0295758247375488,10.762557983398438
eval13,horrified,full,20,0.5350658297538757,11.12396240234375
eval13,horrified,full,21,0.8733577132225037,9.610806465148926
eval13,horrified,full,22,0.5065382719039917,8.293172836303711
eval13,horrified,full,23,0.44215166568756104,7.854045867919922
eval13,horrified,full,24,0.38240015506744385,7.410526275634766
eval13,horrified,full,25,0.5265274047851562,7.468055248260498
eval13,horrified,full,26,0.13510693609714508,7.00065803527832
eval13,horrified,full,27,-0.7185689210891724,6.45131778717041
eval13,horrified,orthogonal_matched,20,-0.16687393188476562,11.124079704284668
eval13,horrified,orthogonal_matched,21,0.1362931728363037,9.603975296020508
eval13,horrified,orthogonal_matched,22,-0.23553058505058289,8.31457805633545
eval13,horrified,orthogonal_matched,23,-0.3912695646286011,7.867514610290527
eval13,horrified,orthogonal_matched,24,-0.5250698328018188,7.4416985511779785
eval13,horrified,orthogonal_matched,25,-0.4554262161254883,7.5170488357543945
eval13,horrified,orthogonal_matched,26,-0.8876317143440247,7.030242443084717
eval13,horrified,orthogonal_matched,27,-2.113831043243408,6.640610218048096
eval13,disgusted,full,20,-0.37901249527931213,9.750537872314453
eval13,disgusted,full,21,-0.2860103249549866,8.73459243774414
eval13,disgusted,full,22,-0.3358692526817322,8.25501537322998
eval13,disgusted,full,23,-0.4634471535682678,7.912082195281982
eval13,disgusted,full,24,-0.477741003036499,7.92913818359375
eval13,disgusted,full,25,-0.8427914381027222,7.892145156860352
eval13,disgusted,full,26,-1.2281209230422974,7.915515899658203
eval13,disgusted,full,27,-4.129820346832275,7.055338382720947
eval13,disgusted,orthogonal_matched,20,-0.14936579763889313,9.748270988464355
eval13,disgusted,orthogonal_matched,21,-0.04346536099910736,8.739108085632324
eval13,disgusted,orthogonal_matched,22,-0.09074708819389343,8.263097763061523
eval13,disgusted,orthogonal_matched,23,-0.19105300307273865,7.915142059326172
eval13,disgusted,orthogonal_matched,24,-0.18881745636463165,7.92697286605835
eval13,disgusted,orthogonal_matched,25,-0.5299975872039795,7.879486083984375
eval13,disgusted,orthogonal_matched,26,-0.9101922512054443,7.902829170227051
eval13,disgusted,orthogonal_matched,27,-3.7135024070739746,7.0183892250061035
eval13,furious,full,20,-1.1773853302001953,19.987106323242188
eval13,furious,full,21,-1.3399094343185425,17.715946197509766
eval13,furious,full,22,-1.017359972000122,15.405749320983887
eval13,furious,full,23,-0.6953060626983643,14.701563835144043
eval13,furious,full,24,-0.8291447162628174,14.67862319946289
eval13,furious,full,25,-0.8727771043777466,15.262145042419434
eval13,furious,full,26,-0.5782493352890015,14.501008033752441
eval13,furious,full,27,-3.3038740158081055,11.757026672363281
eval13,furious,orthogonal_matched,20,0.3809523284435272,19.964466094970703
eval13,furious,orthogonal_matched,21,0.310346782207489,17.702028274536133
eval13,furious,orthogonal_matched,22,0.6523431539535522,15.417049407958984
eval13,furious,orthogonal_matched,23,1.2008992433547974,14.716459274291992
eval13,furious,orthogonal_matched,24,1.1971303224563599,14.699614524841309
eval13,furious,orthogonal_matched,25,1.3610336780548096,15.279619216918945
eval13,furious,orthogonal_matched,26,1.7932478189468384,14.422628402709961
eval13,furious,orthogonal_matched,27,0.3048272132873535,10.927349090576172
eval13,hurt,full,20,-0.1303393840789795,11.871356010437012
eval13,hurt,full,21,-0.08234906196594238,10.568440437316895
eval13,hurt,full,22,-0.720237672328949,9.547467231750488
eval13,hurt,full,23,-0.9160071611404419,9.540657997131348
eval13,hurt,full,24,-1.1807819604873657,9.675263404846191
eval13,hurt,full,25,-1.2898308038711548,9.643637657165527
eval13,hurt,full,26,-1.9694890975952148,9.673737525939941
eval13,hurt,full,27,-4.576140403747559,11.505233764648438
eval13,hurt,orthogonal_matched,20,-0.1389467716217041,11.874116897583008
eval13,hurt,orthogonal_matched,21,-0.08918580412864685,10.576641082763672
eval13,hurt,orthogonal_matched,22,-0.7260417938232422,9.555547714233398
eval13,hurt,orthogonal_matched,23,-0.9256973266601562,9.542183876037598
eval13,hurt,orthogonal_matched,24,-1.1891400814056396,9.67812442779541
eval13,hurt,orthogonal_matched,25,-1.3029053211212158,9.646791458129883
eval13,hurt,orthogonal_matched,26,-1.9781572818756104,9.674639701843262
eval13,hurt,orthogonal_matched,27,-4.507992744445801,11.483901977539062
eval13,miserable,full,20,-0.48822322487831116,10.640347480773926
eval13,miserable,full,21,-0.1889745444059372,9.918987274169922
eval13,miserable,full,22,-0.2960659861564636,9.667831420898438
eval13,miserable,full,23,-0.6324007511138916,9.307607650756836
eval13,miserable,full,24,-0.6887569427490234,9.631982803344727
eval13,miserable,full,25,-0.8194315433502197,9.840885162353516
eval13,miserable,full,26,-0.9722426533699036,10.064963340759277
eval13,miserable,full,27,-1.1203405857086182,10.32654094696045
eval13,miserable,orthogonal_matched,20,0.09378442913293839,10.647804260253906
eval13,miserable,orthogonal_matched,21,0.4285452365875244,9.933300971984863
eval13,miserable,orthogonal_matched,22,0.3333178758621216,9.692179679870605
eval13,miserable,orthogonal_matched,23,0.06132665276527405,9.307025909423828
eval13,miserable,orthogonal_matched,24,0.042274534702301025,9.612672805786133
eval13,miserable,orthogonal_matched,25,-0.01328093558549881,9.832734107971191
eval13,miserable,orthogonal_matched,26,-0.14044438302516937,10.065738677978516
eval13,miserable,orthogonal_matched,27,0.10270726680755615,10.1634521484375
eval13,hateful,full,20,-1.330310344696045,10.95530891418457
eval13,hateful,full,21,-1.295112133026123,10.633383750915527
eval13,hateful,full,22,-1.4844868183135986,10.256461143493652
eval13,hateful,full,23,-2.0117459297180176,10.51289176940918
eval13,hateful,full,24,-2.0876810550689697,11.053086280822754
eval13,hateful,full,25,-2.492467164993286,11.102128028869629
eval13,hateful,full,26,-2.651737928390503,11.042192459106445
eval13,hateful,full,27,-5.959028244018555,12.433502197265625
eval13,hateful,orthogonal_matched,20,-0.018465735018253326,10.872995376586914
eval13,hateful,orthogonal_matched,21,0.08687511086463928,10.558611869812012
eval13,hateful,orthogonal_matched,22,-0.08434092253446579,10.172889709472656
eval13,hateful,orthogonal_matched,23,-0.4535728991031647,10.366989135742188
eval13,hateful,orthogonal_matched,24,-0.40369075536727905,10.917106628417969
eval13,hateful,orthogonal_matched,25,-0.6584569215774536,10.956873893737793
eval13,hateful,orthogonal_matched,26,-0.7282184362411499,10.944022178649902
eval13,hateful,orthogonal_matched,27,-3.1133241653442383,12.053607940673828
eval13,tormented,full,20,-1.76180899143219,11.264704704284668
eval13,tormented,full,21,-1.5609546899795532,11.147468566894531
eval13,tormented,full,22,-1.4526922702789307,11.503979682922363
eval13,tormented,full,23,-2.0982959270477295,11.87483024597168
eval13,tormented,full,24,-2.1899490356445312,13.0527982711792
eval13,tormented,full,25,-2.622844696044922,13.609243392944336
eval13,tormented,full,26,-2.702674150466919,13.839459419250488
eval13,tormented,full,27,-8.502395629882812,12.270254135131836
eval13,tormented,orthogonal_matched,20,0.008540384471416473,11.10987663269043
eval13,tormented,orthogonal_matched,21,0.31892067193984985,10.967480659484863
eval13,tormented,orthogonal_matched,22,0.4505370557308197,11.356400489807129
eval13,tormented,orthogonal_matched,23,0.038275063037872314,11.629798889160156
eval13,tormented,orthogonal_matched,24,0.11275644600391388,12.795955657958984
eval13,tormented,orthogonal_matched,25,-0.12549591064453125,13.294899940490723
eval13,tormented,orthogonal_matched,26,-0.10399511456489563,13.544818878173828
eval13,tormented,orthogonal_matched,27,-4.897059440612793,11.180398941040039
eval13,upset,full,20,0.5278034210205078,12.189873695373535
eval13,upset,full,21,0.7939960956573486,10.9243803024292
eval13,upset,full,22,0.6881288290023804,10.245306968688965
eval13,upset,full,23,0.6868927478790283,9.51745319366455
eval13,upset,full,24,0.3870832622051239,9.597373008728027
eval13,upset,full,25,0.6312946081161499,9.678421020507812
eval13,upset,full,26,0.4505472779273987,9.348580360412598
eval13,upset,full,27,2.1705596446990967,9.032916069030762
eval13,upset,orthogonal_matched,20,-0.0063833147287368774,12.216504096984863
eval13,upset,orthogonal_matched,21,0.2337043583393097,10.941162109375
eval13,upset,orthogonal_matched,22,0.1186273992061615,10.258438110351562
eval13,upset,orthogonal_matched,23,0.04666969180107117,9.509811401367188
eval13,upset,orthogonal_matched,24,-0.3149734437465668,9.593151092529297
eval13,upset,orthogonal_matched,25,-0.12894363701343536,9.689287185668945
eval13,upset,orthogonal_matched,26,-0.36296772956848145,9.286561965942383
eval13,upset,orthogonal_matched,27,0.8939954042434692,8.866257667541504
eval14,empathetic,full,20,1.7745124101638794,13.173337936401367
eval14,empathetic,full,21,1.982032060623169,13.025774002075195
eval14,empathetic,full,22,1.8014044761657715,13.051390647888184
eval14,empathetic,full,23,1.997020959854126,13.15526008605957
eval14,empathetic,full,24,2.246149778366089,13.63028621673584
eval14,empathetic,full,25,2.461367130279541,14.010982513427734
eval14,empathetic,full,26,2.6522583961486816,14.132739067077637
eval14,empathetic,full,27,4.367911338806152,14.377557754516602
eval14,empathetic,orthogonal_matched,20,0.04017442464828491,13.00674819946289
eval14,empathetic,orthogonal_matched,21,0.156607985496521,12.807398796081543
eval14,empathetic,orthogonal_matched,22,-0.04857081174850464,12.83938217163086
eval14,empathetic,orthogonal_matched,23,-0.03892848640680313,12.944890975952148
eval14,empathetic,orthogonal_matched,24,0.056592583656311035,13.41372299194336
eval14,empathetic,orthogonal_matched,25,0.07827593386173248,13.761667251586914
eval14,empathetic,orthogonal_matched,26,0.17692604660987854,13.869646072387695
eval14,empathetic,orthogonal_matched,27,0.990629255771637,13.990219116210938
eval14,exuberant,full,20,1.2876031398773193,8.786538124084473
eval14,exuberant,full,21,1.2967042922973633,8.40281867980957
eval14,exuberant,full,22,1.2998203039169312,8.1690092086792
eval14,exuberant,full,23,1.643596887588501,7.940699100494385
eval14,exuberant,full,24,1.832241177558899,8.08852767944336
eval14,exuberant,full,25,1.8486034870147705,8.32145881652832
eval14,exuberant,full,26,1.8808050155639648,8.581212043762207
eval14,exuberant,full,27,3.631194591522217,9.280488014221191
eval14,exuberant,orthogonal_matched,20,0.17649902403354645,8.680622100830078
eval14,exuberant,orthogonal_matched,21,0.13486678898334503,8.324220657348633
eval14,exuberant,orthogonal_matched,22,0.11167682707309723,8.111406326293945
eval14,exuberant,orthogonal_matched,23,0.31122779846191406,7.872881889343262
eval14,exuberant,orthogonal_matched,24,0.40112191438674927,7.991245269775391
eval14,exuberant,orthogonal_matched,25,0.2873011529445648,8.217791557312012
eval14,exuberant,orthogonal_matched,26,0.2531123161315918,8.466001510620117
eval14,exuberant,orthogonal_matched,27,1.3963117599487305,8.869487762451172
eval14,invigorated,full,20,0.8011764287948608,9.828361511230469
eval14,invigorated,full,21,1.0296220779418945,9.605990409851074
eval14,invigorated,full,22,0.957843542098999,9.634002685546875
eval14,invigorated,full,23,1.0085220336914062,9.753480911254883
eval14,invigorated,full,24,0.9693857431411743,10.31473445892334
eval14,invigorated,full,25,1.0138664245605469,10.868565559387207
eval14,invigorated,full,26,1.1825551986694336,11.417205810546875
eval14,invigorated,full,27,4.698049068450928,12.847972869873047
eval14,invigorated,orthogonal_matched,20,0.14286741614341736,9.782303810119629
eval14,invigorated,orthogonal_matched,21,0.3417190611362457,9.553239822387695
eval14,invigorated,orthogonal_matched,22,0.25426384806632996,9.594964027404785
eval14,invigorated,orthogonal_matched,23,0.22870680689811707,9.70570182800293
eval14,invigorated,orthogonal_matched,24,0.131304532289505,10.271663665771484
eval14,invigorated,orthogonal_matched,25,0.0959990918636322,10.823151588439941
eval14,invigorated,orthogonal_matched,26,0.24080052971839905,11.369868278503418
eval14,invigorated,orthogonal_matched,27,3.449239730834961,12.605297088623047
eval14,cheerful,full,20,2.7657060623168945,10.478631019592285
eval14,cheerful,full,21,2.880807876586914,9.979137420654297
eval14,cheerful,full,22,2.946150064468384,9.740007400512695
eval14,cheerful,full,23,3.4578166007995605,9.901019096374512
eval14,cheerful,full,24,3.8242075443267822,10.055563926696777
eval14,cheerful,full,25,4.0049943923950195,10.132993698120117
eval14,cheerful,full,26,3.8935489654541016,10.75027084350586
eval14,cheerful,full,27,5.775784492492676,12.972606658935547
eval14,cheerful,orthogonal_matched,20,0.14763778448104858,10.067489624023438
eval14,cheerful,orthogonal_matched,21,0.12039145827293396,9.544201850891113
eval14,cheerful,orthogonal_matched,22,0.13017931580543518,9.370443344116211
eval14,cheerful,orthogonal_matched,23,0.35342487692832947,9.461067199707031
eval14,cheerful,orthogonal_matched,24,0.4940603971481323,9.58060073852539
eval14,cheerful,orthogonal_matched,25,0.345785915851593,9.660856246948242
eval14,cheerful,orthogonal_matched,26,0.08665096759796143,10.298389434814453
eval14,cheerful,orthogonal_matched,27,0.47281479835510254,11.780088424682617
eval14,joyful,full,20,1.6350469589233398,20.120141983032227
eval14,joyful,full,21,1.2396235466003418,17.851459503173828
eval14,joyful,full,22,1.7930101156234741,15.668672561645508
eval14,joyful,full,23,2.2454628944396973,15.220163345336914
eval14,joyful,full,24,2.5839855670928955,15.460365295410156
eval14,joyful,full,25,2.725478172302246,15.145182609558105
eval14,joyful,full,26,3.5632236003875732,14.652154922485352
eval14,joyful,full,27,7.515621185302734,19.073652267456055
eval14,joyful,orthogonal_matched,20,0.9142094850540161,20.03357696533203
eval14,joyful,orthogonal_matched,21,0.48343533277511597,17.76611328125
eval14,joyful,orthogonal_matched,22,1.0157557725906372,15.568052291870117
eval14,joyful,orthogonal_matched,23,1.3679113388061523,15.119501113891602
eval14,joyful,orthogonal_matched,24,1.6379327774047852,15.324655532836914
eval14,joyful,orthogonal_matched,25,1.6807466745376587,15.019123077392578
eval14,joyful,orthogonal_matched,26,2.4535071849823,14.528571128845215
eval14,joyful,orthogonal_matched,27,5.8663716316223145,18.421323776245117
eval14,happy,full,20,1.459568977355957,15.251025199890137
eval14,happy,full,21,1.4192430973052979,13.412983894348145
eval14,happy,full,22,2.0234668254852295,12.076456069946289
eval14,happy,full,23,2.4253458976745605,11.679403305053711
eval14,happy,full,24,2.685732364654541,12.127922058105469
eval14,happy,full,25,2.8409745693206787,12.154671669006348
eval14,happy,full,26,3.9409584999084473,12.667290687561035
eval14,happy,full,27,11.011701583862305,16.973451614379883
eval14,happy,orthogonal_matched,20,0.6719249486923218,15.193684577941895
eval14,happy,orthogonal_matched,21,0.5913810133934021,13.345054626464844
eval14,happy,orthogonal_matched,22,1.1763741970062256,11.990507125854492
eval14,happy,orthogonal_matched,23,1.490630865097046,11.558549880981445
eval14,happy,orthogonal_matched,24,1.680996298789978,11.967138290405273
eval14,happy,orthogonal_matched,25,1.7394511699676514,11.977383613586426
eval14,happy,orthogonal_matched,26,2.768566608428955,12.457757949829102
eval14,happy,orthogonal_matched,27,9.173859596252441,16.160884857177734
eval14,optimistic,full,20,1.5666322708129883,17.71883201599121
eval14,optimistic,full,21,1.2366666793823242,16.02031707763672
eval14,optimistic,full,22,1.8896366357803345,14.672734260559082
eval14,optimistic,full,23,2.4257352352142334,14.40592098236084
eval14,optimistic,full,24,2.5972554683685303,14.920756340026855
eval14,optimistic,full,25,2.5308451652526855,15.045007705688477
eval14,optimistic,full,26,3.0624349117279053,15.556512832641602
eval14,optimistic,full,27,4.21059513092041,15.848590850830078
eval14,optimistic,orthogonal_matched,20,0.31167662143707275,17.600481033325195
eval14,optimistic,orthogonal_matched,21,-0.09295433759689331,15.8751220703125
eval14,optimistic,orthogonal_matched,22,0.5373123288154602,14.474594116210938
eval14,optimistic,orthogonal_matched,23,0.9016737341880798,14.152188301086426
eval14,optimistic,orthogonal_matched,24,0.9616225957870483,14.61023235321045
eval14,optimistic,orthogonal_matched,25,0.7293913960456848,14.729423522949219
eval14,optimistic,orthogonal_matched,26,1.181872010231018,15.248228073120117
eval14,optimistic,orthogonal_matched,27,1.512340784072876,15.067662239074707
eval14,delighted,full,20,4.080702781677246,15.239397048950195
eval14,delighted,full,21,4.369747161865234,14.526227951049805
eval14,delighted,full,22,4.318772315979004,14.482376098632812
eval14,delighted,full,23,5.260547637939453,14.471413612365723
eval14,delighted,full,24,5.690121173858643,15.231038093566895
eval14,delighted,full,25,6.56630277633667,15.664828300476074
eval14,delighted,full,26,7.00287389755249,16.322763442993164
eval14,delighted,full,27,13.108000755310059,19.506916046142578
eval14,delighted,orthogonal_matched,20,0.809261679649353,14.730466842651367
eval14,delighted,orthogonal_matched,21,0.9169560074806213,13.911039352416992
eval14,delighted,orthogonal_matched,22,0.8261857032775879,13.894524574279785
eval14,delighted,orthogonal_matched,23,1.4218575954437256,13.72092342376709
eval14,delighted,orthogonal_matched,24,1.5741839408874512,14.422490119934082
eval14,delighted,orthogonal_matched,25,2.0624001026153564,14.790740966796875
eval14,delighted,orthogonal_matched,26,2.34187650680542,15.504124641418457
eval14,delighted,orthogonal_matched,27,6.606385707855225,17.315839767456055
eval14,thankful,full,20,-0.2540312111377716,13.622553825378418
eval14,thankful,full,21,-0.5892964601516724,12.640931129455566
eval14,thankful,full,22,-0.49783042073249817,12.094058990478516
eval14,thankful,full,23,-0.4340461492538452,11.634305000305176
eval14,thankful,full,24,-0.12190661579370499,12.124516487121582
eval14,thankful,full,25,-0.3809662461280823,12.143274307250977
eval14,thankful,full,26,-0.07503440976142883,12.268169403076172
eval14,thankful,full,27,-2.1383955478668213,13.725198745727539
eval14,thankful,orthogonal_matched,20,0.1647162288427353,13.625925064086914
eval14,thankful,orthogonal_matched,21,-0.14785650372505188,12.63711929321289
eval14,thankful,orthogonal_matched,22,-0.05246149003505707,12.102272033691406
eval14,thankful,orthogonal_matched,23,0.05352845788002014,11.650165557861328
eval14,thankful,orthogonal_matched,24,0.412428081035614,12.140122413635254
eval14,thankful,orthogonal_matched,25,0.19976438581943512,12.168071746826172
eval14,thankful,orthogonal_matched,26,0.5361546874046326,12.271474838256836
eval14,thankful,orthogonal_matched,27,-1.2750837802886963,13.56015396118164
eval14,inspired,full,20,2.2961926460266113,12.60169506072998
eval14,inspired,full,21,2.3846800327301025,12.490141868591309
eval14,inspired,full,22,2.40075421333313,12.263815879821777
eval14,inspired,full,23,2.5722360610961914,12.378181457519531
eval14,inspired,full,24,2.858829975128174,12.932135581970215
eval14,inspired,full,25,3.0960419178009033,13.198269844055176
eval14,inspired,full,26,3.3791685104370117,13.824584007263184
eval14,inspired,full,27,8.93098258972168,16.376373291015625
eval14,inspired,orthogonal_matched,20,-0.19914549589157104,12.334928512573242
eval14,inspired,orthogonal_matched,21,-0.24128538370132446,12.203352928161621
eval14,inspired,orthogonal_matched,22,-0.27375903725624084,12.003501892089844
eval14,inspired,orthogonal_matched,23,-0.3741687536239624,12.104097366333008
eval14,inspired,orthogonal_matched,24,-0.29500311613082886,12.636213302612305
eval14,inspired,orthogonal_matched,25,-0.339476615190506,12.838676452636719
eval14,inspired,orthogonal_matched,26,-0.21231025457382202,13.384112358093262
eval14,inspired,orthogonal_matched,27,3.874028444290161,14.004293441772461
eval14,afraid,full,20,0.05748863145709038,8.655767440795898
eval14,afraid,full,21,0.04500740393996239,8.290496826171875
eval14,afraid,full,22,0.003162384033203125,8.015336990356445
eval14,afraid,full,23,0.019060246646404266,7.847082138061523
eval14,afraid,full,24,0.05388924479484558,8.072484970092773
eval14,afraid,full,25,-0.037962742149829865,8.200552940368652
eval14,afraid,full,26,-0.24930167198181152,8.669071197509766
eval14,afraid,full,27,-2.6473491191864014,8.854131698608398
eval14,afraid,orthogonal_matched,20,-0.03640487790107727,8.655956268310547
eval14,afraid,orthogonal_matched,21,-0.054569061845541,8.290349006652832
eval14,afraid,orthogonal_matched,22,-0.10132703185081482,8.015341758728027
eval14,afraid,orthogonal_matched,23,-0.08865445852279663,7.849681854248047
eval14,afraid,orthogonal_matched,24,-0.06478485465049744,8.07529067993164
eval14,afraid,orthogonal_matched,25,-0.1637672781944275,8.204092979431152
eval14,afraid,orthogonal_matched,26,-0.38956761360168457,8.671584129333496
eval14,afraid,orthogonal_matched,27,-2.8292019367218018,8.92547607421875
eval14,depressed,full,20,-0.8503496050834656,9.241117477416992
eval14,depressed,full,21,-0.8666653037071228,9.02627182006836
eval14,depressed,full,22,-0.876013994216919,9.017498016357422
eval14,depressed,full,23,-1.1640371084213257,9.039571762084961
eval14,depressed,full,24,-1.2024707794189453,9.512523651123047
eval14,depressed,full,25,-1.4411033391952515,9.687986373901367
eval14,depressed,full,26,-1.6669195890426636,9.989470481872559
eval14,depressed,full,27,-0.9435214996337891,11.069704055786133
eval14,depressed,orthogonal_matched,20,-0.04161248356103897,9.20499324798584
eval14,depressed,orthogonal_matched,21,-0.02063460275530815,8.967778205871582
eval14,depressed,orthogonal_matched,22,-0.023823853582143784,8.969799995422363
eval14,depressed,orthogonal_matched,23,-0.21447959542274475,8.96638011932373
eval14,depressed,orthogonal_matched,24,-0.17290163040161133,9.450630187988281
eval14,depressed,orthogonal_matched,25,-0.31167733669281006,9.627950668334961
eval14,depressed,orthogonal_matched,26,-0.5074784159660339,9.942874908447266
eval14,depressed,orthogonal_matched,27,0.6908791065216064,11.18703842163086
eval14,horrified,full,20,0.5157862901687622,11.110105514526367
eval14,horrified,full,21,0.8964563608169556,9.608931541442871
eval14,horrified,full,22,0.6923319101333618,8.487226486206055
eval14,horrified,full,23,0.6309872269630432,8.005910873413086
eval14,horrified,full,24,0.6613699793815613,7.572338104248047
eval14,horrified,full,25,0.8645504117012024,7.636075019836426
eval14,horrified,full,26,0.5111085772514343,7.258323669433594
eval14,horrified,full,27,-0.43691015243530273,6.476606369018555
eval14,horrified,orthogonal_matched,20,-0.17623871564865112,11.112357139587402
eval14,horrified,orthogonal_matched,21,0.17469516396522522,9.608474731445312
eval14,horrified,orthogonal_matched,22,-0.03675183653831482,8.495597839355469
eval14,horrified,orthogonal_matched,23,-0.17530478537082672,8.014399528503418
eval14,horrified,orthogonal_matched,24,-0.21405655145645142,7.608628273010254
eval14,horrified,orthogonal_matched,25,-0.08777038753032684,7.671023368835449
eval14,horrified,orthogonal_matched,26,-0.4653246998786926,7.260710716247559
eval14,horrified,orthogonal_matched,27,-1.76239013671875,6.616677284240723
eval14,disgusted,full,20,-0.3521740436553955,9.643494606018066
eval14,disgusted,full,21,-0.22156989574432373,8.547791481018066
eval14,disgusted,full,22,-0.2594325542449951,7.994292259216309
eval14,disgusted,full,23,-0.2564784586429596,7.701491832733154
eval14,disgusted,full,24,-0.20428337156772614,7.675992488861084
eval14,disgusted,full,25,-0.5233975648880005,7.699251174926758
eval14,disgusted,full,26,-0.9259876012802124,7.516339302062988
eval14,disgusted,full,27,-3.5720932483673096,6.515264511108398
eval14,disgusted,orthogonal_matched,20,-0.12868797779083252,9.637657165527344
eval14,disgusted,orthogonal_matched,21,0.015416145324707031,8.543895721435547
eval14,disgusted,orthogonal_matched,22,-0.02049677073955536,7.995257377624512
eval14,disgusted,orthogonal_matched,23,0.007478557527065277,7.697537422180176
eval14,disgusted,orthogonal_matched,24,0.07721894234418869,7.674160957336426
eval14,disgusted,orthogonal_matched,25,-0.2274303138256073,7.690873622894287
eval14,disgusted,orthogonal_matched,26,-0.6239066123962402,7.514075756072998
eval14,disgusted,orthogonal_matched,27,-3.1286017894744873,6.489467620849609
eval14,furious,full,20,-0.9954754114151001,19.942562103271484
eval14,furious,full,21,-1.1845653057098389,17.809288024902344
eval14,furious,full,22,-1.060872197151184,15.625837326049805
eval14,furious,full,23,-0.8105547428131104,14.873129844665527
eval14,furious,full,24,-0.8799947500228882,14.709272384643555
eval14,furious,full,25,-0.7939873933792114,15.102702140808105
eval14,furious,full,26,-0.43227657675743103,14.120658874511719
eval14,furious,full,27,-2.45706844329834,10.56716537475586
eval14,furious,orthogonal_matched,20,0.5398790240287781,19.910160064697266
eval14,furious,orthogonal_matched,21,0.42863762378692627,17.808908462524414
eval14,furious,orthogonal_matched,22,0.5723419189453125,15.615726470947266
eval14,furious,orthogonal_matched,23,1.0279136896133423,14.866168975830078
eval14,furious,orthogonal_matched,24,1.0882893800735474,14.714747428894043
eval14,furious,orthogonal_matched,25,1.3701192140579224,15.103673934936523
eval14,furious,orthogonal_matched,26,1.8702123165130615,14.00706672668457
eval14,furious,orthogonal_matched,27,1.0420451164245605,9.713802337646484
eval14,hurt,full,20,-0.25347578525543213,11.90849494934082
eval14,hurt,full,21,-0.13251912593841553,10.56435775756836
eval14,hurt,full,22,-0.6416388750076294,9.701991081237793
eval14,hurt,full,23,-0.79986572265625,9.68624210357666
eval14,hurt,full,24,-0.9564370512962341,9.921564102172852
eval14,hurt,full,25,-0.9321997165679932,10.052153587341309
eval14,hurt,full,26,-1.5650575160980225,10.20552921295166
eval14,hurt,full,27,-3.4182677268981934,11.223852157592773
eval14,hurt,orthogonal_matched,20,-0.26381221413612366,11.907094955444336
eval14,hurt,orthogonal_matched,21,-0.14181828498840332,10.562932014465332
eval14,hurt,orthogonal_matched,22,-0.6482393741607666,9.704315185546875
eval14,hurt,orthogonal_matched,23,-0.8049066066741943,9.689230918884277
eval14,hurt,orthogonal_matched,24,-0.9595798254013062,9.928181648254395
eval14,hurt,orthogonal_matched,25,-0.9384658336639404,10.064661026000977
eval14,hurt,orthogonal_matched,26,-1.59819495677948,10.208747863769531
eval14,hurt,orthogonal_matched,27,-3.4891319274902344,11.289443016052246
eval14,miserable,full,20,-0.5443471670150757,10.664756774902344
eval14,miserable,full,21,-0.1707499921321869,9.892542839050293
eval14,miserable,full,22,-0.1390027105808258,9.672013282775879
eval14,miserable,full,23,-0.42981621623039246,9.398837089538574
eval14,miserable,full,24,-0.43691158294677734,9.746713638305664
eval14,miserable,full,25,-0.538248598575592,10.043338775634766
eval14,miserable,full,26,-0.7841852903366089,10.118120193481445
eval14,miserable,full,27,-0.8338316679000854,9.861370086669922
eval14,miserable,orthogonal_matched,20,0.02333982288837433,10.671514511108398
eval14,miserable,orthogonal_matched,21,0.427028089761734,9.89830493927002
eval14,miserable,orthogonal_matched,22,0.4697396159172058,9.689895629882812
eval14,miserable,orthogonal_matched,23,0.24509070813655853,9.394227027893066
eval14,miserable,orthogonal_matched,24,0.2725357413291931,9.734399795532227
eval14,miserable,orthogonal_matched,25,0.2263048142194748,10.018205642700195
eval14,miserable,orthogonal_matched,26,0.018398340791463852,10.115537643432617
eval14,miserable,orthogonal_matched,27,0.38756242394447327,9.706648826599121
eval14,hateful,full,20,-1.3610070943832397,10.987221717834473
eval14,hateful,full,21,-1.2819682359695435,10.572876930236816
eval14,hateful,full,22,-1.3658193349838257,10.219677925109863
eval14,hateful,full,23,-1.7866885662078857,10.50984001159668
eval14,hateful,full,24,-1.8950783014297485,11.123046875
eval14,hateful,full,25,-2.297001838684082,11.248613357543945
eval14,hateful,full,26,-2.4359233379364014,11.284205436706543
eval14,hateful,full,27,-4.827445983886719,11.362241744995117
eval14,hateful,orthogonal_matched,20,-0.07334242761135101,10.916436195373535
eval14,hateful,orthogonal_matched,21,0.059164147824048996,10.524357795715332
eval14,hateful,orthogonal_matched,22,-0.01637451723217964,10.167840957641602
eval14,hateful,orthogonal_matched,23,-0.29757383465766907,10.410235404968262
eval14,hateful,orthogonal_matched,24,-0.29063156247138977,11.041524887084961
eval14,hateful,orthogonal_matched,25,-0.5516630411148071,11.167397499084473
eval14,hateful,orthogonal_matched,26,-0.6186211705207825,11.23216438293457
eval14,hateful,orthogonal_matched,27,-2.2745800018310547,11.05492877960205
eval14,tormented,full,20,-1.7254993915557861,11.400163650512695
eval14,tormented,full,21,-1.4973396062850952,11.343395233154297
eval14,tormented,full,22,-1.4386974573135376,11.791983604431152
eval14,tormented,full,23,-2.0127720832824707,12.288211822509766
eval14,tormented,full,24,-2.1675171852111816,13.611713409423828
eval14,tormented,full,25,-2.7166457176208496,14.252328872680664
eval14,tormented,full,26,-2.9446184635162354,14.427254676818848
eval14,tormented,full,27,-8.516357421875,12.088306427001953
eval14,tormented,orthogonal_matched,20,0.010601259768009186,11.249996185302734
eval14,tormented,orthogonal_matched,21,0.3206561207771301,11.18556022644043
eval14,tormented,orthogonal_matched,22,0.3961321711540222,11.674139022827148
eval14,tormented,orthogonal_matched,23,0.020954281091690063,12.102417945861816
eval14,tormented,orthogonal_matched,24,0.028226301074028015,13.43231201171875
eval14,tormented,orthogonal_matched,25,-0.33667945861816406,14.019667625427246
eval14,tormented,orthogonal_matched,26,-0.47139984369277954,14.238639831542969
eval14,tormented,orthogonal_matched,27,-5.197007656097412,11.147483825683594
eval14,upset,full,20,0.46347010135650635,12.095538139343262
eval14,upset,full,21,0.9451746344566345,11.004932403564453
eval14,upset,full,22,1.1228554248809814,10.538707733154297
eval14,upset,full,23,1.1282720565795898,9.696529388427734
eval14,upset,full,24,0.9551435112953186,9.557580947875977
eval14,upset,full,25,1.3423329591751099,9.71778392791748
eval14,upset,full,26,1.1995371580123901,9.1522798538208
eval14,upset,full,27,2.66976261138916,9.111785888671875
eval14,upset,orthogonal_matched,20,-0.05972972512245178,12.116949081420898
eval14,upset,orthogonal_matched,21,0.4050872325897217,11.014730453491211
eval14,upset,orthogonal_matched,22,0.5763354301452637,10.5496826171875
eval14,upset,orthogonal_matched,23,0.5255925059318542,9.699244499206543
eval14,upset,orthogonal_matched,24,0.287306010723114,9.56213092803955
eval14,upset,orthogonal_matched,25,0.6118727922439575,9.728514671325684
eval14,upset,orthogonal_matched,26,0.42896896600723267,9.112775802612305
eval14,upset,orthogonal_matched,27,1.5541319847106934,9.023382186889648
eval15,empathetic,full,20,1.9246268272399902,13.492134094238281
eval15,empathetic,full,21,2.545358419418335,13.720293998718262
eval15,empathetic,full,22,2.447481393814087,13.633746147155762
eval15,empathetic,full,23,2.6743454933166504,13.670204162597656
eval15,empathetic,full,24,3.092758893966675,14.131613731384277
eval15,empathetic,full,25,3.3367884159088135,14.504874229431152
eval15,empathetic,full,26,3.492147445678711,14.689153671264648
eval15,empathetic,full,27,4.687157154083252,13.925413131713867
eval15,empathetic,orthogonal_matched,20,0.12623104453086853,13.299833297729492
eval15,empathetic,orthogonal_matched,21,0.6266712546348572,13.427083969116211
eval15,empathetic,orthogonal_matched,22,0.4683453440666199,13.348103523254395
eval15,empathetic,orthogonal_matched,23,0.4881276488304138,13.385527610778809
eval15,empathetic,orthogonal_matched,24,0.7306700944900513,13.836782455444336
eval15,empathetic,orthogonal_matched,25,0.7325655817985535,14.154533386230469
eval15,empathetic,orthogonal_matched,26,0.7537521123886108,14.32909870147705
eval15,empathetic,orthogonal_matched,27,1.2005188465118408,13.558475494384766
eval15,exuberant,full,20,1.3079800605773926,9.044248580932617
eval15,exuberant,full,21,1.3868986368179321,8.685907363891602
eval15,exuberant,full,22,1.5443806648254395,8.710576057434082
eval15,exuberant,full,23,1.889061450958252,8.551801681518555
eval15,exuberant,full,24,2.055832624435425,8.740025520324707
eval15,exuberant,full,25,2.2242045402526855,9.095375061035156
eval15,exuberant,full,26,2.4012668132781982,9.404038429260254
eval15,exuberant,full,27,4.191091537475586,9.700817108154297
eval15,exuberant,orthogonal_matched,20,0.15579193830490112,8.926729202270508
eval15,exuberant,orthogonal_matched,21,0.16521722078323364,8.600153923034668
eval15,exuberant,orthogonal_matched,22,0.27252504229545593,8.620476722717285
eval15,exuberant,orthogonal_matched,23,0.4766371250152588,8.44876766204834
eval15,exuberant,orthogonal_matched,24,0.5189668536186218,8.603373527526855
eval15,exuberant,orthogonal_matched,25,0.5279626846313477,8.947517395019531
eval15,exuberant,orthogonal_matched,26,0.6034106016159058,9.250065803527832
eval15,exuberant,orthogonal_matched,27,1.8307439088821411,9.226940155029297
eval15,invigorated,full,20,0.8378113508224487,10.00233268737793
eval15,invigorated,full,21,1.103254795074463,9.908596992492676
eval15,invigorated,full,22,1.0398364067077637,10.100255012512207
eval15,invigorated,full,23,1.08585786819458,10.293680191040039
eval15,invigorated,full,24,0.9310535788536072,10.746503829956055
eval15,invigorated,full,25,1.0445315837860107,11.392656326293945
eval15,invigorated,full,26,1.2292671203613281,12.168548583984375
eval15,invigorated,full,27,4.531345367431641,13.023409843444824
eval15,invigorated,orthogonal_matched,20,0.15006938576698303,9.958736419677734
eval15,invigorated,orthogonal_matched,21,0.3727495074272156,9.867340087890625
eval15,invigorated,orthogonal_matched,22,0.28678053617477417,10.058403015136719
eval15,invigorated,orthogonal_matched,23,0.24430572986602783,10.249232292175293
eval15,invigorated,orthogonal_matched,24,0.00957682728767395,10.71217155456543
eval15,invigorated,orthogonal_matched,25,0.022268563508987427,11.36031723022461
eval15,invigorated,orthogonal_matched,26,0.16920803487300873,12.132972717285156
eval15,invigorated,orthogonal_matched,27,3.2060108184814453,12.806829452514648
eval15,cheerful,full,20,2.911916732788086,10.784605026245117
eval15,cheerful,full,21,3.1655473709106445,10.44392204284668
eval15,cheerful,full,22,3.3522191047668457,10.408519744873047
eval15,cheerful,full,23,3.8395495414733887,10.611408233642578
eval15,cheerful,full,24,4.310011863708496,10.796540260314941
eval15,cheerful,full,25,4.564078330993652,11.04467487335205
eval15,cheerful,full,26,4.87449312210083,11.793670654296875
eval15,cheerful,full,27,6.38908576965332,13.55036735534668
eval15,cheerful,orthogonal_matched,20,0.2165265679359436,10.326062202453613
eval15,cheerful,orthogonal_matched,21,0.29127371311187744,9.96166706085205
eval15,cheerful,orthogonal_matched,22,0.36387407779693604,9.961345672607422
eval15,cheerful,orthogonal_matched,23,0.539499819278717,10.105162620544434
eval15,cheerful,orthogonal_matched,24,0.7239148616790771,10.245915412902832
eval15,cheerful,orthogonal_matched,25,0.6015432476997375,10.456306457519531
eval15,cheerful,orthogonal_matched,26,0.6687436103820801,11.217531204223633
eval15,cheerful,orthogonal_matched,27,0.8268904685974121,12.341597557067871
eval15,joyful,full,20,1.7181785106658936,20.36042594909668
eval15,joyful,full,21,1.5901873111724854,17.89553451538086
eval15,joyful,full,22,2.384188175201416,15.803709030151367
eval15,joyful,full,23,2.8826045989990234,15.52116584777832
eval15,joyful,full,24,3.3794500827789307,15.842146873474121
eval15,joyful,full,25,3.9207005500793457,15.87662410736084
eval15,joyful,full,26,5.142472267150879,15.902177810668945
eval15,joyful,full,27,10.280387878417969,20.949981689453125
eval15,joyful,orthogonal_matched,20,0.9730092883110046,20.27202796936035
eval15,joyful,orthogonal_matched,21,0.8000888228416443,17.822690963745117
eval15,joyful,orthogonal_matched,22,1.561687707901001,15.704595565795898
eval15,joyful,orthogonal_matched,23,1.9527307748794556,15.421518325805664
eval15,joyful,orthogonal_matched,24,2.356239080429077,15.722818374633789
eval15,joyful,orthogonal_matched,25,2.7742791175842285,15.751449584960938
eval15,joyful,orthogonal_matched,26,3.8954269886016846,15.735328674316406
eval15,joyful,orthogonal_matched,27,8.419769287109375,20.232688903808594
eval15,happy,full,20,1.374442219734192,15.349506378173828
eval15,happy,full,21,1.4012519121170044,13.389887809753418
eval15,happy,full,22,2.179960012435913,11.957879066467285
eval15,happy,full,23,2.61924147605896,11.79865837097168
eval15,happy,full,24,2.9554665088653564,12.277464866638184
eval15,happy,full,25,3.3471055030822754,12.45051097869873
eval15,happy,full,26,4.969583034515381,13.33297348022461
eval15,happy,full,27,12.192571640014648,17.727840423583984
eval15,happy,orthogonal_matched,20,0.5584726333618164,15.280561447143555
eval15,happy,orthogonal_matched,21,0.5316613912582397,13.328048706054688
eval15,happy,orthogonal_matched,22,1.2718181610107422,11.871417999267578
eval15,happy,orthogonal_matched,23,1.6116036176681519,11.68589973449707
eval15,happy,orthogonal_matched,24,1.8669325113296509,12.130239486694336
eval15,happy,orthogonal_matched,25,2.1317310333251953,12.28610610961914
eval15,happy,orthogonal_matched,26,3.6613900661468506,13.115492820739746
eval15,happy,orthogonal_matched,27,10.304281234741211,16.90038299560547
eval15,optimistic,full,20,1.6647088527679443,17.864547729492188
eval15,optimistic,full,21,1.5113927125930786,16.03400993347168
eval15,optimistic,full,22,2.421039581298828,14.724360466003418
eval15,optimistic,full,23,2.8740572929382324,14.713570594787598
eval15,optimistic,full,24,3.2113184928894043,15.267544746398926
eval15,optimistic,full,25,3.2716493606567383,15.582598686218262
eval15,optimistic,full,26,4.122314929962158,16.21551513671875
eval15,optimistic,full,27,5.611105918884277,16.82480239868164
eval15,optimistic,orthogonal_matched,20,0.36612585186958313,17.73401641845703
eval15,optimistic,orthogonal_matched,21,0.1240176260471344,15.907794952392578
eval15,optimistic,orthogonal_matched,22,0.9861736297607422,14.533130645751953
eval15,optimistic,orthogonal_matched,23,1.2663359642028809,14.44730281829834
eval15,optimistic,orthogonal_matched,24,1.4430752992630005,14.953858375549316
eval15,optimistic,orthogonal_matched,25,1.3215956687927246,15.244096755981445
eval15,optimistic,orthogonal_matched,26,2.0192031860351562,15.869497299194336
eval15,optimistic,orthogonal_matched,27,2.7609951496124268,16.07050895690918
eval15,delighted,full,20,4.167815685272217,15.82689094543457
eval15,delighted,full,21,4.883789539337158,15.323020935058594
eval15,delighted,full,22,4.949317455291748,15.458165168762207
eval15,delighted,full,23,5.8380866050720215,15.709592819213867
eval15,delighted,full,24,6.184409141540527,16.453392028808594
eval15,delighted,full,25,7.0783610343933105,17.032724380493164
eval15,delighted,full,26,7.751039981842041,18.184730529785156
eval15,delighted,full,27,13.210960388183594,20.188785552978516
eval15,delighted,orthogonal_matched,20,0.7904278039932251,15.247132301330566
eval15,delighted,orthogonal_matched,21,1.2768055200576782,14.620687484741211
eval15,delighted,orthogonal_matched,22,1.2258460521697998,14.740447044372559
eval15,delighted,orthogonal_matched,23,1.7502676248550415,14.786337852478027
eval15,delighted,orthogonal_matched,24,1.7595559358596802,15.45916748046875
eval15,delighted,orthogonal_matched,25,2.2178962230682373,15.93149185180664
eval15,delighted,orthogonal_matched,26,2.5944058895111084,17.066770553588867
eval15,delighted,orthogonal_matched,27,6.404367923736572,17.839740753173828
eval15,thankful,full,20,-0.28276801109313965,13.737682342529297
eval15,thankful,full,21,-0.5045107007026672,12.809995651245117
eval15,thankful,full,22,-0.22470566630363464,12.215038299560547
eval15,thankful,full,23,-0.44546955823898315,12.179216384887695
eval15,thankful,full,24,-0.11510677635669708,12.8282470703125
eval15,thankful,full,25,-0.25072231888771057,12.876534461975098
eval15,thankful,full,26,0.1833452582359314,13.061827659606934
eval15,thankful,full,27,-1.1408239603042603,13.675875663757324
eval15,thankful,orthogonal_matched,20,0.1408122479915619,13.75289249420166
eval15,thankful,orthogonal_matched,21,-0.0504051148891449,12.817054748535156
eval15,thankful,orthogonal_matched,22,0.2462833821773529,12.228687286376953
eval15,thankful,orthogonal_matched,23,0.07621428370475769,12.187762260437012
eval15,thankful,orthogonal_matched,24,0.45740222930908203,12.838748931884766
eval15,thankful,orthogonal_matched,25,0.3746432960033417,12.894841194152832
eval15,thankful,orthogonal_matched,26,0.8620993494987488,13.064302444458008
eval15,thankful,orthogonal_matched,27,-0.23198191821575165,13.524749755859375
eval15,inspired,full,20,2.409240245819092,12.85545539855957
eval15,inspired,full,21,2.7488961219787598,13.121097564697266
eval15,inspired,full,22,2.8229246139526367,13.152914047241211
eval15,inspired,full,23,2.925973415374756,13.390373229980469
eval15,inspired,full,24,3.330444097518921,14.237640380859375
eval15,inspired,full,25,3.6934311389923096,14.730981826782227
eval15,inspired,full,26,4.072238922119141,15.563545227050781
eval15,inspired,full,27,9.46273136138916,17.786340713500977
eval15,inspired,orthogonal_matched,20,-0.17020216584205627,12.575583457946777
eval15,inspired,orthogonal_matched,21,-0.008965164422988892,12.790328979492188
eval15,inspired,orthogonal_matched,22,-0.045189082622528076,12.83371353149414
eval15,inspired,orthogonal_matched,23,-0.24569886922836304,13.05251407623291
eval15,inspired,orthogonal_matched,24,-0.11528611183166504,13.87220573425293
eval15,inspired,orthogonal_matched,25,-0.0993962287902832,14.269012451171875
eval15,inspired,orthogonal_matched,26,0.06211036443710327,15.03693962097168
eval15,inspired,orthogonal_matched,27,4.086822032928467,15.408252716064453
eval15,afraid,full,20,0.11398239433765411,8.786477088928223
eval15,afraid,full,21,0.08476065844297409,8.613317489624023
eval15,afraid,full,22,0.025412730872631073,8.449211120605469
eval15,afraid,full,23,0.003151005133986473,8.390317916870117
eval15,afraid,full,24,0.10839904844760895,8.661526679992676
eval15,afraid,full,25,-0.009109221398830414,8.914405822753906
eval15,afraid,full,26,-0.18205919861793518,9.42679500579834
eval15,afraid,full,27,-2.2098357677459717,9.322802543640137
eval15,afraid,orthogonal_matched,20,0.010164797306060791,8.786744117736816
eval15,afraid,orthogonal_matched,21,-0.02445235475897789,8.609903335571289
eval15,afraid,orthogonal_matched,22,-0.08774927258491516,8.446475982666016
eval15,afraid,orthogonal_matched,23,-0.1290009766817093,8.391817092895508
eval15,afraid,orthogonal_matched,24,-0.03289251774549484,8.662668228149414
eval15,afraid,orthogonal_matched,25,-0.16770020127296448,8.910364151000977
eval15,afraid,orthogonal_matched,26,-0.3484744727611542,9.420581817626953
eval15,afraid,orthogonal_matched,27,-2.435407876968384,9.362853050231934
eval15,depressed,full,20,-0.97381591796875,9.285173416137695
eval15,depressed,full,21,-1.1363223791122437,9.269804000854492
eval15,depressed,full,22,-1.2622184753417969,9.443546295166016
eval15,depressed,full,23,-1.634459376335144,9.466058731079102
eval15,depressed,full,24,-1.733686923980713,9.924992561340332
eval15,depressed,full,25,-1.8767017126083374,10.16602897644043
eval15,depressed,full,26,-2.183946132659912,10.551485061645508
eval15,depressed,full,27,-1.433388113975525,11.122659683227539
eval15,depressed,orthogonal_matched,20,-0.14179542660713196,9.247050285339355
eval15,depressed,orthogonal_matched,21,-0.2538612186908722,9.210269927978516
eval15,depressed,orthogonal_matched,22,-0.3545267581939697,9.38550090789795
eval15,depressed,orthogonal_matched,23,-0.6250239014625549,9.373842239379883
eval15,depressed,orthogonal_matched,24,-0.6318376660346985,9.828984260559082
eval15,depressed,orthogonal_matched,25,-0.6678962111473083,10.068897247314453
eval15,depressed,orthogonal_matched,26,-0.9091271758079529,10.463016510009766
eval15,depressed,orthogonal_matched,27,0.25017064809799194,11.221441268920898
eval15,horrified,full,20,0.4617825448513031,11.23176097869873
eval15,horrified,full,21,0.5819185972213745,9.697356224060059
eval15,horrified,full,22,0.2317524552345276,8.549189567565918
eval15,horrified,full,23,0.1336691677570343,8.30603313446045
eval15,horrified,full,24,-0.052895426750183105,7.894371032714844
eval15,horrified,full,25,0.014288857579231262,7.955521583557129
eval15,horrified,full,26,-0.47152286767959595,7.642961502075195
eval15,horrified,full,27,-2.0981717109680176,7.213597774505615
eval15,horrified,orthogonal_matched,20,-0.25929898023605347,11.241357803344727
eval15,horrified,orthogonal_matched,21,-0.18256482481956482,9.697134017944336
eval15,horrified,orthogonal_matched,22,-0.5637702345848083,8.554330825805664
eval15,horrified,orthogonal_matched,23,-0.7465172410011292,8.314732551574707
eval15,horrified,orthogonal_matched,24,-1.0105738639831543,7.9263081550598145
eval15,horrified,orthogonal_matched,25,-1.0393884181976318,7.989091873168945
eval15,horrified,orthogonal_matched,26,-1.5690996646881104,7.6853556632995605
eval15,horrified,orthogonal_matched,27,-3.48748517036438,7.421640396118164
eval15,disgusted,full,20,-0.44002556800842285,9.803997993469238
eval15,disgusted,full,21,-0.4465101361274719,8.834246635437012
eval15,disgusted,full,22,-0.5831531882286072,8.490646362304688
eval15,disgusted,full,23,-0.7121925354003906,8.346636772155762
eval15,disgusted,full,24,-0.8332016468048096,8.369256973266602
eval15,disgusted,full,25,-1.3624017238616943,8.408929824829102
eval15,disgusted,full,26,-1.8439098596572876,8.554243087768555
eval15,disgusted,full,27,-4.7129034996032715,7.286495208740234
eval15,disgusted,orthogonal_matched,20,-0.2035379856824875,9.796141624450684
eval15,disgusted,orthogonal_matched,21,-0.19723764061927795,8.83521842956543
eval15,disgusted,orthogonal_matched,22,-0.3282705545425415,8.490169525146484
eval15,disgusted,orthogonal_matched,23,-0.422119140625,8.346673965454102
eval15,disgusted,orthogonal_matched,24,-0.5147101879119873,8.367475509643555
eval15,disgusted,orthogonal_matched,25,-1.015642762184143,8.401406288146973
eval15,disgusted,orthogonal_matched,26,-1.477950096130371,8.538566589355469
eval15,disgusted,orthogonal_matched,27,-4.220917224884033,7.25732421875
eval15,furious,full,20,-1.1330317258834839,19.85881996154785
eval15,furious,full,21,-1.2256829738616943,17.449798583984375
eval15,furious,full,22,-1.0536785125732422,15.276015281677246
eval15,furious,full,23,-0.7853505611419678,14.80624008178711
eval15,furious,full,24,-0.8918431997299194,14.833356857299805
eval15,furious,full,25,-0.6626894474029541,15.443199157714844
eval15,furious,full,26,-0.2154574990272522,15.097077369689941
eval15,furious,full,27,-1.4757577180862427,10.568719863891602
eval15,furious,orthogonal_matched,20,0.47059905529022217,19.830821990966797
eval15,furious,orthogonal_matched,21,0.4786204695701599,17.414684295654297
eval15,furious,orthogonal_matched,22,0.7090849280357361,15.262585639953613
eval15,furious,orthogonal_matched,23,1.1867033243179321,14.80453109741211
eval15,furious,orthogonal_matched,24,1.2510716915130615,14.806268692016602
eval15,furious,orthogonal_matched,25,1.718138337135315,15.39293384552002
eval15,furious,orthogonal_matched,26,2.361316204071045,14.988629341125488
eval15,furious,orthogonal_matched,27,2.211641788482666,9.694107055664062
eval15,hurt,full,20,-0.28251639008522034,12.082502365112305
eval15,hurt,full,21,-0.3159470558166504,10.823833465576172
eval15,hurt,full,22,-1.065298080444336,10.041241645812988
eval15,hurt,full,23,-1.125972032546997,10.259178161621094
eval15,hurt,full,24,-1.411144733428955,10.53549861907959
eval15,hurt,full,25,-1.4662079811096191,10.709695816040039
eval15,hurt,full,26,-2.2210521697998047,10.944177627563477
eval15,hurt,full,27,-4.427646160125732,12.145212173461914
eval15,hurt,orthogonal_matched,20,-0.2920881509780884,12.082393646240234
eval15,hurt,orthogonal_matched,21,-0.3263942003250122,10.824109077453613
eval15,hurt,orthogonal_matched,22,-1.0759453773498535,10.043048858642578
eval15,hurt,orthogonal_matched,23,-1.1339600086212158,10.261480331420898
eval15,hurt,orthogonal_matched,24,-1.4270087480545044,10.53601360321045
eval15,hurt,orthogonal_matched,25,-1.494598627090454,10.707215309143066
eval15,hurt,orthogonal_matched,26,-2.2453908920288086,10.93979549407959
eval15,hurt,orthogonal_matched,27,-4.5447516441345215,12.165253639221191
eval15,miserable,full,20,-0.626970112323761,10.73990249633789
eval15,miserable,full,21,-0.4389704167842865,10.01885986328125
eval15,miserable,full,22,-0.5125281810760498,9.895737648010254
eval15,miserable,full,23,-0.8224478960037231,9.711935043334961
eval15,miserable,full,24,-0.961717426776886,9.996786117553711
eval15,miserable,full,25,-1.0616438388824463,10.30086898803711
eval15,miserable,full,26,-1.3564180135726929,10.429553985595703
eval15,miserable,full,27,-1.6168705224990845,10.246713638305664
eval15,miserable,orthogonal_matched,20,-0.028078027069568634,10.739230155944824
eval15,miserable,orthogonal_matched,21,0.2028774470090866,10.025079727172852
eval15,miserable,orthogonal_matched,22,0.15462566912174225,9.909455299377441
eval15,miserable,orthogonal_matched,23,-0.08778920769691467,9.692740440368652
eval15,miserable,orthogonal_matched,24,-0.17100432515144348,9.978299140930176
eval15,miserable,orthogonal_matched,25,-0.20003581047058105,10.281808853149414
eval15,miserable,orthogonal_matched,26,-0.4495199918746948,10.428264617919922
eval15,miserable,orthogonal_matched,27,-0.38435396552085876,10.133695602416992
eval15,hateful,full,20,-1.4915199279785156,11.108636856079102
eval15,hateful,full,21,-1.572557806968689,10.792850494384766
eval15,hateful,full,22,-1.8199607133865356,10.51050090789795
eval15,hateful,full,23,-2.3691530227661133,10.908607482910156
eval15,hateful,full,24,-2.5968613624572754,11.35837173461914
eval15,hateful,full,25,-3.0988473892211914,11.566385269165039
eval15,hateful,full,26,-3.4665451049804688,11.678942680358887
eval15,hateful,full,27,-5.787321090698242,12.524781227111816
eval15,hateful,orthogonal_matched,20,-0.1429448425769806,10.989733695983887
eval15,hateful,orthogonal_matched,21,-0.13635794818401337,10.696778297424316
eval15,hateful,orthogonal_matched,22,-0.32953745126724243,10.397042274475098
eval15,hateful,orthogonal_matched,23,-0.7259004712104797,10.737472534179688
eval15,hateful,orthogonal_matched,24,-0.8049214482307434,11.198901176452637
eval15,hateful,orthogonal_matched,25,-1.1261650323867798,11.382918357849121
eval15,hateful,orthogonal_matched,26,-1.3814585208892822,11.53197193145752
eval15,hateful,orthogonal_matched,27,-3.005131959915161,12.101436614990234
eval15,tormented,full,20,-1.95857834815979,11.411252975463867
eval15,tormented,full,21,-1.9735500812530518,11.401535034179688
eval15,tormented,full,22,-1.9516170024871826,11.965381622314453
eval15,tormented,full,23,-2.78865385055542,12.396812438964844
eval15,tormented,full,24,-2.918917179107666,13.582113265991211
eval15,tormented,full,25,-3.4997479915618896,14.240812301635742
eval15,tormented,full,26,-3.870293140411377,14.586048126220703
eval15,tormented,full,27,-9.898653984069824,12.945055961608887
eval15,tormented,orthogonal_matched,20,-0.14143887162208557,11.235061645507812
eval15,tormented,orthogonal_matched,21,-0.041676513850688934,11.205562591552734
eval15,tormented,orthogonal_matched,22,0.05538199841976166,11.806046485900879
eval15,tormented,orthogonal_matched,23,-0.5668215155601501,12.136808395385742
eval15,tormented,orthogonal_matched,24,-0.5024850368499756,13.303210258483887
eval15,tormented,orthogonal_matched,25,-0.8469911813735962,13.875764846801758
eval15,tormented,orthogonal_matched,26,-1.0653822422027588,14.24404525756836
eval15,tormented,orthogonal_matched,27,-6.309697151184082,11.768136024475098
eval15,upset,full,20,0.4612404704093933,12.286101341247559
eval15,upset,full,21,0.6323592066764832,11.190413475036621
eval15,upset,full,22,0.6063824892044067,10.79629898071289
eval15,upset,full,23,0.7072603106498718,10.322554588317871
eval15,upset,full,24,0.3335230052471161,10.47773265838623
eval15,upset,full,25,0.5106368660926819,10.73702621459961
eval15,upset,full,26,0.18863487243652344,10.44067668914795
eval15,upset,full,27,1.2373727560043335,10.18655014038086
eval15,upset,orthogonal_matched,20,-0.09173348546028137,12.306658744812012
eval15,upset,orthogonal_matched,21,0.051920607686042786,11.199596405029297
eval15,upset,orthogonal_matched,22,0.004394307732582092,10.802108764648438
eval15,upset,orthogonal_matched,23,0.03776243329048157,10.314579010009766
eval15,upset,orthogonal_matched,24,-0.39841943979263306,10.481127738952637
eval15,upset,orthogonal_matched,25,-0.29051265120506287,10.735210418701172
eval15,upset,orthogonal_matched,26,-0.6603635549545288,10.404519081115723
eval15,upset,orthogonal_matched,27,0.054101407527923584,10.104645729064941
eval16,empathetic,full,20,2.074941396713257,13.692231178283691
eval16,empathetic,full,21,2.6345980167388916,13.984418869018555
eval16,empathetic,full,22,2.7857980728149414,14.322092056274414
eval16,empathetic,full,23,2.7715060710906982,14.426676750183105
eval16,empathetic,full,24,3.13904070854187,15.583077430725098
eval16,empathetic,full,25,3.660001277923584,16.349599838256836
eval16,empathetic,full,26,3.5837652683258057,16.976987838745117
eval16,empathetic,full,27,3.6994214057922363,16.707592010498047
eval16,empathetic,orthogonal_matched,20,0.18386393785476685,13.490682601928711
eval16,empathetic,orthogonal_matched,21,0.5294998288154602,13.69027328491211
eval16,empathetic,orthogonal_matched,22,0.5257132053375244,14.029568672180176
eval16,empathetic,orthogonal_matched,23,0.25712448358535767,14.117792129516602
eval16,empathetic,orthogonal_matched,24,0.43172699213027954,15.266602516174316
eval16,empathetic,orthogonal_matched,25,0.6495451331138611,15.938960075378418
eval16,empathetic,orthogonal_matched,26,0.37583237886428833,16.595653533935547
eval16,empathetic,orthogonal_matched,27,-0.6657469272613525,16.411705017089844
eval16,exuberant,full,20,1.2331734895706177,9.219249725341797
eval16,exuberant,full,21,1.2326180934906006,9.096762657165527
eval16,exuberant,full,22,1.473913550376892,9.38741683959961
eval16,exuberant,full,23,1.714172124862671,9.248067855834961
eval16,exuberant,full,24,1.8303439617156982,9.711531639099121
eval16,exuberant,full,25,1.9622139930725098,10.184226036071777
eval16,exuberant,full,26,2.0131359100341797,10.591771125793457
eval16,exuberant,full,27,4.376216888427734,10.78247356414795
eval16,exuberant,orthogonal_matched,20,0.011889338493347168,9.109992027282715
eval16,exuberant,orthogonal_matched,21,-0.11741840839385986,9.03248119354248
eval16,exuberant,orthogonal_matched,22,0.02285286784172058,9.30225944519043
eval16,exuberant,orthogonal_matched,23,0.09038722515106201,9.139955520629883
eval16,exuberant,orthogonal_matched,24,0.06694293022155762,9.54966926574707
eval16,exuberant,orthogonal_matched,25,-0.0071020424365997314,10.013655662536621
eval16,exuberant,orthogonal_matched,26,-0.06717577576637268,10.360011100769043
eval16,exuberant,orthogonal_matched,27,1.594975471496582,10.158431053161621
eval16,invigorated,full,20,0.7953120470046997,10.220589637756348
eval16,invigorated,full,21,0.9108365774154663,10.266556739807129
eval16,invigorated,full,22,0.8165284395217896,10.658699035644531
eval16,invigorated,full,23,0.4884451627731323,10.992475509643555
eval16,invigorated,full,24,0.20604905486106873,11.809051513671875
eval16,invigorated,full,25,0.055700093507766724,12.596339225769043
eval16,invigorated,full,26,-0.29502758383750916,13.568864822387695
eval16,invigorated,full,27,3.0651304721832275,13.791906356811523
eval16,invigorated,orthogonal_matched,20,0.05820146203041077,10.18006706237793
eval16,invigorated,orthogonal_matched,21,0.09925892949104309,10.23094654083252
eval16,invigorated,orthogonal_matched,22,-0.05685460567474365,10.624016761779785
eval16,invigorated,orthogonal_matched,23,-0.49238860607147217,10.957365036010742
eval16,invigorated,orthogonal_matched,24,-0.861589252948761,11.779386520385742
eval16,invigorated,orthogonal_matched,25,-1.129997730255127,12.5579833984375
eval16,invigorated,orthogonal_matched,26,-1.5618499517440796,13.509231567382812
eval16,invigorated,orthogonal_matched,27,1.330256700515747,13.468881607055664
eval16,cheerful,full,20,2.934124231338501,10.857782363891602
eval16,cheerful,full,21,3.1975748538970947,10.689336776733398
eval16,cheerful,full,22,3.645677328109741,11.14426326751709
eval16,cheerful,full,23,3.918072462081909,11.387731552124023
eval16,cheerful,full,24,4.359786033630371,11.96714973449707
eval16,cheerful,full,25,4.748279571533203,12.57596492767334
eval16,cheerful,full,26,4.715588092803955,13.639507293701172
eval16,cheerful,full,27,6.333050727844238,15.477049827575684
eval16,cheerful,orthogonal_matched,20,0.08890584111213684,10.385027885437012
eval16,cheerful,orthogonal_matched,21,0.04220041632652283,10.211933135986328
eval16,cheerful,orthogonal_matched,22,0.2530845105648041,10.683069229125977
eval16,cheerful,orthogonal_matched,23,0.13443595170974731,10.807700157165527
eval16,cheerful,orthogonal_matched,24,0.26431524753570557,11.311081886291504
eval16,cheerful,orthogonal_matched,25,0.18355920910835266,11.858541488647461
eval16,cheerful,orthogonal_matched,26,-0.17886191606521606,12.902620315551758
eval16,cheerful,orthogonal_matched,27,-0.5773322582244873,13.761734008789062
eval16,joyful,full,20,1.5656965970993042,20.636545181274414
eval16,joyful,full,21,1.126051425933838,18.831157684326172
eval16,joyful,full,22,2.18129301071167,17.43392562866211
eval16,joyful,full,23,2.7548203468322754,17.42307472229004
eval16,joyful,full,24,3.1658496856689453,18.748992919921875
eval16,joyful,full,25,3.835935592651367,19.831584930419922
eval16,joyful,full,26,5.674802303314209,20.726221084594727
eval16,joyful,full,27,15.661705017089844,26.314910888671875
eval16,joyful,orthogonal_matched,20,0.7834697365760803,20.545169830322266
eval16,joyful,orthogonal_matched,21,0.26232993602752686,18.7711181640625
eval16,joyful,orthogonal_matched,22,1.2424613237380981,17.352169036865234
eval16,joyful,orthogonal_matched,23,1.6841342449188232,17.31157875061035
eval16,joyful,orthogonal_matched,24,1.9996647834777832,18.56937026977539
eval16,joyful,orthogonal_matched,25,2.525451183319092,19.62885856628418
eval16,joyful,orthogonal_matched,26,4.243467330932617,20.458736419677734
eval16,joyful,orthogonal_matched,27,13.575423240661621,25.338314056396484
eval16,happy,full,20,1.3078374862670898,15.448287963867188
eval16,happy,full,21,1.1154158115386963,13.972238540649414
eval16,happy,full,22,2.0139236450195312,12.75846004486084
eval16,happy,full,23,2.469196319580078,12.807453155517578
eval16,happy,full,24,2.854583740234375,13.527963638305664
eval16,happy,full,25,3.3063302040100098,13.978227615356445
eval16,happy,full,26,5.077282428741455,15.098076820373535
eval16,happy,full,27,15.567916870117188,21.54494857788086
eval16,happy,orthogonal_matched,20,0.44234633445739746,15.393083572387695
eval16,happy,orthogonal_matched,21,0.155450701713562,13.930523872375488
eval16,happy,orthogonal_matched,22,0.9780029058456421,12.683377265930176
eval16,happy,orthogonal_matched,23,1.3031187057495117,12.681175231933594
eval16,happy,orthogonal_matched,24,1.5961357355117798,13.332511901855469
eval16,happy,orthogonal_matched,25,1.8827240467071533,13.7494478225708
eval16,happy,orthogonal_matched,26,3.5397629737854004,14.726675033569336
eval16,happy,orthogonal_matched,27,13.469703674316406,20.42030906677246
eval16,optimistic,full,20,1.8608067035675049,18.037538528442383
eval16,optimistic,full,21,1.7832422256469727,16.75081443786621
eval16,optimistic,full,22,2.680330276489258,16.13488006591797
eval16,optimistic,full,23,3.5444700717926025,16.212779998779297
eval16,optimistic,full,24,3.9350507259368896,17.53217887878418
eval16,optimistic,full,25,4.1137189865112305,18.443416595458984
eval16,optimistic,full,26,5.505934238433838,19.678138732910156
eval16,optimistic,full,27,10.75205135345459,20.994216918945312
eval16,optimistic,orthogonal_matched,20,0.4785640835762024,17.92030143737793
eval16,optimistic,orthogonal_matched,21,0.2488313764333725,16.64426040649414
eval16,optimistic,orthogonal_matched,22,1.0393352508544922,15.95511245727539
eval16,optimistic,orthogonal_matched,23,1.682152271270752,15.946952819824219
eval16,optimistic,orthogonal_matched,24,1.8995654582977295,17.16632843017578
eval16,optimistic,orthogonal_matched,25,1.8501384258270264,18.04319953918457
eval16,optimistic,orthogonal_matched,26,3.068765878677368,19.208078384399414
eval16,optimistic,orthogonal_matched,27,7.392544746398926,19.84128189086914
eval16,delighted,full,20,4.343991756439209,15.910327911376953
eval16,delighted,full,21,5.015563488006592,15.540176391601562
eval16,delighted,full,22,5.1427788734436035,16.13388442993164
eval16,delighted,full,23,5.739821434020996,16.5472354888916
eval16,delighted,full,24,5.945910930633545,17.855222702026367
eval16,delighted,full,25,6.780372142791748,19.01219367980957
eval16,delighted,full,26,7.050426483154297,20.7002010345459
eval16,delighted,full,27,13.061904907226562,22.26958656311035
eval16,delighted,orthogonal_matched,20,0.7862266302108765,15.300690650939941
eval16,delighted,orthogonal_matched,21,1.073638677597046,14.856070518493652
eval16,delighted,orthogonal_matched,22,0.9222245812416077,15.44283390045166
eval16,delighted,orthogonal_matched,23,1.0695198774337769,15.612642288208008
eval16,delighted,orthogonal_matched,24,0.9232264161109924,16.81192970275879
eval16,delighted,orthogonal_matched,25,1.2093486785888672,17.810598373413086
eval16,delighted,orthogonal_matched,26,1.122770071029663,19.434690475463867
eval16,delighted,orthogonal_matched,27,4.889125823974609,19.303497314453125
eval16,thankful,full,20,-0.18668535351753235,14.181756019592285
eval16,thankful,full,21,-0.6195347309112549,13.539868354797363
eval16,thankful,full,22,-0.3043205440044403,13.36181926727295
eval16,thankful,full,23,-0.400671124458313,13.368072509765625
eval16,thankful,full,24,0.03735943138599396,14.545750617980957
eval16,thankful,full,25,-0.04483652114868164,14.778929710388184
eval16,thankful,full,26,0.7362661957740784,14.949369430541992
eval16,thankful,full,27,0.5127167105674744,15.060958862304688
eval16,thankful,orthogonal_matched,20,0.2664111852645874,14.188377380371094
eval16,thankful,orthogonal_matched,21,-0.1165439635515213,13.527957916259766
eval16,thankful,orthogonal_matched,22,0.2336357980966568,13.35936450958252
eval16,thankful,orthogonal_matched,23,0.20629584789276123,13.362344741821289
eval16,thankful,orthogonal_matched,24,0.6932979822158813,14.556617736816406
eval16,thankful,orthogonal_matched,25,0.6892850399017334,14.787927627563477
eval16,thankful,orthogonal_matched,26,1.5254020690917969,14.96806526184082
eval16,thankful,orthogonal_matched,27,1.6034600734710693,14.85262393951416
eval16,inspired,full,20,2.4969165325164795,13.205533981323242
eval16,inspired,full,21,2.75960636138916,13.638733863830566
eval16,inspired,full,22,3.0468029975891113,14.100200653076172
eval16,inspired,full,23,2.951849937438965,14.3797607421875
eval16,inspired,full,24,3.5345187187194824,15.548409461975098
eval16,inspired,full,25,4.156454563140869,16.750244140625
eval16,inspired,full,26,4.097398281097412,18.045711517333984
eval16,inspired,full,27,9.202719688415527,19.090591430664062
eval16,inspired,orthogonal_matched,20,-0.22897398471832275,12.917526245117188
eval16,inspired,orthogonal_matched,21,-0.28509092330932617,13.334860801696777
eval16,inspired,orthogonal_matched,22,-0.23445260524749756,13.756175994873047
eval16,inspired,orthogonal_matched,23,-0.7054576873779297,13.954721450805664
eval16,inspired,orthogonal_matched,24,-0.44582420587539673,15.060111999511719
eval16,inspired,orthogonal_matched,25,-0.2820010781288147,16.09491539001465
eval16,inspired,orthogonal_matched,26,-0.633808970451355,17.286605834960938
eval16,inspired,orthogonal_matched,27,2.6207199096679688,15.939435958862305
eval16,afraid,full,20,0.09550340473651886,8.88131332397461
eval16,afraid,full,21,0.1354345977306366,8.768898963928223
eval16,afraid,full,22,0.11903227865695953,8.822996139526367
eval16,afraid,full,23,0.25101786851882935,8.764653205871582
eval16,afraid,full,24,0.5208348035812378,9.128329277038574
eval16,afraid,full,25,0.5515338182449341,9.494420051574707
eval16,afraid,full,26,0.46639326214790344,10.218511581420898
eval16,afraid,full,27,-0.9375700354576111,9.9166259765625
eval16,afraid,orthogonal_matched,20,-0.01818409189581871,8.882669448852539
eval16,afraid,orthogonal_matched,21,0.006757903844118118,8.769451141357422
eval16,afraid,orthogonal_matched,22,-0.012781966477632523,8.822403907775879
eval16,afraid,orthogonal_matched,23,0.09624055027961731,8.763139724731445
eval16,afraid,orthogonal_matched,24,0.34910666942596436,9.121330261230469
eval16,afraid,orthogonal_matched,25,0.35869306325912476,9.488685607910156
eval16,afraid,orthogonal_matched,26,0.26299211382865906,10.210578918457031
eval16,afraid,orthogonal_matched,27,-1.2052183151245117,9.938054084777832
eval16,depressed,full,20,-1.0167787075042725,9.485991477966309
eval16,depressed,full,21,-1.3107677698135376,9.610793113708496
eval16,depressed,full,22,-1.5600649118423462,9.887192726135254
eval16,depressed,full,23,-1.9618470668792725,10.066856384277344
eval16,depressed,full,24,-2.0502772331237793,10.83045482635498
eval16,depressed,full,25,-2.3270349502563477,11.256370544433594
eval16,depressed,full,26,-2.654500722885132,11.94595718383789
eval16,depressed,full,27,-1.8469457626342773,12.137802124023438
eval16,depressed,orthogonal_matched,20,-0.13366778194904327,9.445111274719238
eval16,depressed,orthogonal_matched,21,-0.3298235833644867,9.54316520690918
eval16,depressed,orthogonal_matched,22,-0.5140680074691772,9.829876899719238
eval16,depressed,orthogonal_matched,23,-0.78513503074646,9.973461151123047
eval16,depressed,orthogonal_matched,24,-0.7641422152519226,10.733864784240723
eval16,depressed,orthogonal_matched,25,-0.9048122763633728,11.173912048339844
eval16,depressed,orthogonal_matched,26,-1.1521854400634766,11.866924285888672
eval16,depressed,orthogonal_matched,27,0.2099275141954422,12.29007339477539
eval16,horrified,full,20,0.42671436071395874,11.273454666137695
eval16,horrified,full,21,0.6616005301475525,9.741979598999023
eval16,horrified,full,22,0.30801835656166077,8.805716514587402
eval16,horrified,full,23,-0.01698857545852661,8.319396018981934
eval16,horrified,full,24,-0.29873013496398926,7.968741416931152
eval16,horrified,full,25,-0.4599613547325134,8.1436767578125
eval16,horrified,full,26,-1.3824598789215088,7.717596054077148
eval16,horrified,full,27,-4.633846282958984,6.794000625610352
eval16,horrified,orthogonal_matched,20,-0.3332708775997162,11.257966041564941
eval16,horrified,orthogonal_matched,21,-0.17097362875938416,9.671249389648438
eval16,horrified,orthogonal_matched,22,-0.5826420783996582,8.724465370178223
eval16,horrified,orthogonal_matched,23,-1.0221911668777466,8.24555778503418
eval16,horrified,orthogonal_matched,24,-1.3925158977508545,7.927227020263672
eval16,horrified,orthogonal_matched,25,-1.6629897356033325,8.108426094055176
eval16,horrified,orthogonal_matched,26,-2.6463449001312256,7.687445640563965
eval16,horrified,orthogonal_matched,27,-6.434531211853027,6.994974136352539
eval16,disgusted,full,20,-0.3024674355983734,9.903116226196289
eval16,disgusted,full,21,-0.2508404850959778,8.901154518127441
eval16,disgusted,full,22,-0.4242936968803406,8.579238891601562
eval16,disgusted,full,23,-0.5561662912368774,8.454236030578613
eval16,disgusted,full,24,-0.5798399448394775,8.673276901245117
eval16,disgusted,full,25,-1.153101921081543,8.813186645507812
eval16,disgusted,full,26,-1.8093936443328857,9.116801261901855
eval16,disgusted,full,27,-5.342149257659912,7.951402187347412
eval16,disgusted,orthogonal_matched,20,-0.04881519079208374,9.896106719970703
eval16,disgusted,orthogonal_matched,21,0.02910393476486206,8.907352447509766
eval16,disgusted,orthogonal_matched,22,-0.12526240944862366,8.594090461730957
eval16,disgusted,orthogonal_matched,23,-0.21049430966377258,8.468666076660156
eval16,disgusted,orthogonal_matched,24,-0.2075030505657196,8.684804916381836
eval16,disgusted,orthogonal_matched,25,-0.7365742325782776,8.819587707519531
eval16,disgusted,orthogonal_matched,26,-1.3698571920394897,9.117815017700195
eval16,disgusted,orthogonal_matched,27,-4.733631134033203,7.923022270202637
eval16,furious,full,20,-1.1787227392196655,20.045000076293945
eval16,furious,full,21,-1.3947300910949707,18.246200561523438
eval16,furious,full,22,-1.1872823238372803,16.45210838317871
eval16,furious,full,23,-0.771325945854187,15.805171966552734
eval16,furious,full,24,-1.260388731956482,16.076400756835938
eval16,furious,full,25,-1.0058445930480957,17.130847930908203
eval16,furious,full,26,0.2367691993713379,16.6190128326416
eval16,furious,full,27,5.358608245849609,8.639205932617188
eval16,furious,orthogonal_matched,20,0.5103558897972107,20.004587173461914
eval16,furious,orthogonal_matched,21,0.47325533628463745,18.178813934326172
eval16,furious,orthogonal_matched,22,0.8077641129493713,16.389312744140625
eval16,furious,orthogonal_matched,23,1.498725414276123,15.734582901000977
eval16,furious,orthogonal_matched,24,1.203937292098999,15.977485656738281
eval16,furious,orthogonal_matched,25,1.749077320098877,16.993309020996094
eval16,furious,orthogonal_matched,26,3.2336113452911377,16.456348419189453
eval16,furious,orthogonal_matched,27,9.45379638671875,7.7807769775390625
eval16,hurt,full,20,-0.4560756981372833,12.193791389465332
eval16,hurt,full,21,-0.47362592816352844,11.212336540222168
eval16,hurt,full,22,-1.3192778825759888,10.764174461364746
eval16,hurt,full,23,-1.7714080810546875,10.872448921203613
eval16,hurt,full,24,-2.243731737136841,11.779699325561523
eval16,hurt,full,25,-2.533271074295044,12.248156547546387
eval16,hurt,full,26,-3.885849952697754,12.934381484985352
eval16,hurt,full,27,-8.179378509521484,16.01477813720703
eval16,hurt,orthogonal_matched,20,-0.4636610746383667,12.191550254821777
eval16,hurt,orthogonal_matched,21,-0.481773316860199,11.205345153808594
eval16,hurt,orthogonal_matched,22,-1.3281211853027344,10.759056091308594
eval16,hurt,orthogonal_matched,23,-1.7844569683074951,10.865188598632812
eval16,hurt,orthogonal_matched,24,-2.2619948387145996,11.773935317993164
eval16,hurt,orthogonal_matched,25,-2.55698823928833,12.252192497253418
eval16,hurt,orthogonal_matched,26,-3.9076805114746094,12.94174575805664
eval16,hurt,orthogonal_matched,27,-8.267230987548828,16.052967071533203
eval16,miserable,full,20,-0.6536837220191956,10.909449577331543
eval16,miserable,full,21,-0.5192246437072754,10.354255676269531
eval16,miserable,full,22,-0.7339489459991455,10.455713272094727
eval16,miserable,full,23,-1.246334433555603,10.254785537719727
eval16,miserable,full,24,-1.4569661617279053,10.834574699401855
eval16,miserable,full,25,-1.7972033023834229,11.417808532714844
eval16,miserable,full,26,-2.4117507934570312,11.939854621887207
eval16,miserable,full,27,-4.4261345863342285,11.665968894958496
eval16,miserable,orthogonal_matched,20,-0.039975300431251526,10.904009819030762
eval16,miserable,orthogonal_matched,21,0.15875612199306488,10.367339134216309
eval16,miserable,orthogonal_matched,22,-0.015062689781188965,10.472498893737793
eval16,miserable,orthogonal_matched,23,-0.44119468331336975,10.244854927062988
eval16,miserable,orthogonal_matched,24,-0.5861029028892517,10.807031631469727
eval16,miserable,orthogonal_matched,25,-0.832924485206604,11.381975173950195
eval16,miserable,orthogonal_matched,26,-1.3863670825958252,11.891705513000488
eval16,miserable,orthogonal_matched,27,-2.9520437717437744,11.35239028930664
eval16,hateful,full,20,-1.61585533618927,11.262676239013672
eval16,hateful,full,21,-1.857306718826294,11.267226219177246
eval16,hateful,full,22,-2.366220712661743,11.32111644744873
eval16,hateful,full,23,-3.0370242595672607,11.863883018493652
eval16,hateful,full,24,-3.1158018112182617,12.703170776367188
eval16,hateful,full,25,-3.765240430831909,13.29970645904541
eval16,hateful,full,26,-4.455912113189697,13.822866439819336
eval16,hateful,full,27,-9.554483413696289,14.77396011352539
eval16,hateful,orthogonal_matched,20,-0.20094706118106842,11.133771896362305
eval16,hateful,orthogonal_matched,21,-0.29418063163757324,11.15834903717041
eval16,hateful,orthogonal_matched,22,-0.6933683753013611,11.179285049438477
eval16,hateful,orthogonal_matched,23,-1.1540976762771606,11.632972717285156
eval16,hateful,orthogonal_matched,24,-1.062935471534729,12.49686050415039
eval16,hateful,orthogonal_matched,25,-1.4711337089538574,13.048989295959473
eval16,hateful,orthogonal_matched,26,-2.0085949897766113,13.557265281677246
eval16,hateful,orthogonal_matched,27,-6.140542507171631,13.902063369750977
eval16,tormented,full,20,-1.8909801244735718,11.435462951660156
eval16,tormented,full,21,-1.9893746376037598,11.646238327026367
eval16,tormented,full,22,-2.046349287033081,12.23983097076416
eval16,tormented,full,23,-2.672924757003784,12.740630149841309
eval16,tormented,full,24,-2.5847580432891846,14.041034698486328
eval16,tormented,full,25,-3.111659526824951,14.973272323608398
eval16,tormented,full,26,-3.388827323913574,15.638941764831543
eval16,tormented,full,27,-10.350955963134766,13.572517395019531
eval16,tormented,orthogonal_matched,20,0.031115442514419556,11.225980758666992
eval16,tormented,orthogonal_matched,21,0.13883040845394135,11.407950401306152
eval16,tormented,orthogonal_matched,22,0.22896000742912292,12.029942512512207
eval16,tormented,orthogonal_matched,23,-0.09256644546985626,12.359106063842773
eval16,tormented,orthogonal_matched,24,0.24639543890953064,13.58790397644043
eval16,tormented,orthogonal_matched,25,0.038293689489364624,14.375429153442383
eval16,tormented,orthogonal_matched,26,-0.006494179368019104,15.023481369018555
eval16,tormented,orthogonal_matched,27,-5.7328596115112305,11.786182403564453
eval16,upset,full,20,0.34334826469421387,12.429656982421875
eval16,upset,full,21,0.6964908242225647,11.48238754272461
eval16,upset,full,22,0.5022324919700623,11.23063850402832
eval16,upset,full,23,0.26955968141555786,10.728666305541992
eval16,upset,full,24,-0.21579508483409882,11.004639625549316
eval16,upset,full,25,-0.30928730964660645,11.204033851623535
eval16,upset,full,26,-0.9835570454597473,10.72304916381836
eval16,upset,full,27,-1.138672947883606,10.114537239074707
eval16,upset,orthogonal_matched,20,-0.23846451938152313,12.447501182556152
eval16,upset,orthogonal_matched,21,0.05882285535335541,11.458442687988281
eval16,upset,orthogonal_matched,22,-0.17696452140808105,11.18740463256836
eval16,upset,orthogonal_matched,23,-0.4993952512741089,10.675166130065918
eval16,upset,orthogonal_matched,24,-1.0502432584762573,10.978480339050293
eval16,upset,orthogonal_matched,25,-1.2436127662658691,11.179913520812988
eval16,upset,orthogonal_matched,26,-1.9964194297790527,10.625567436218262
eval16,upset,orthogonal_matched,27,-2.644228935241699,9.966912269592285
eval17,empathetic,full,20,2.012173891067505,13.863664627075195
eval17,empathetic,full,21,2.517343044281006,13.909377098083496
eval17,empathetic,full,22,2.436400890350342,14.232160568237305
eval17,empathetic,full,23,2.5451879501342773,14.358952522277832
eval17,empathetic,full,24,3.0257182121276855,15.521203994750977
eval17,empathetic,full,25,3.32112193107605,16.079133987426758
eval17,empathetic,full,26,3.2330572605133057,16.6740665435791
eval17,empathetic,full,27,4.557149410247803,16.30402374267578
eval17,empathetic,orthogonal_matched,20,0.15973135828971863,13.665651321411133
eval17,empathetic,orthogonal_matched,21,0.49125537276268005,13.638813972473145
eval17,empathetic,orthogonal_matched,22,0.30073463916778564,13.973259925842285
eval17,empathetic,orthogonal_matched,23,0.15343736112117767,14.083404541015625
eval17,empathetic,orthogonal_matched,24,0.4087168276309967,15.239896774291992
eval17,empathetic,orthogonal_matched,25,0.4424746036529541,15.737262725830078
eval17,empathetic,orthogonal_matched,26,0.17008334398269653,16.354398727416992
eval17,empathetic,orthogonal_matched,27,0.9630705118179321,15.945367813110352
eval17,exuberant,full,20,1.3012925386428833,9.24699878692627
eval17,exuberant,full,21,1.4440598487854004,9.019002914428711
eval17,exuberant,full,22,1.646000623703003,9.14958381652832
eval17,exuberant,full,23,1.9922606945037842,9.10295295715332
eval17,exuberant,full,24,2.271045207977295,9.472099304199219
eval17,exuberant,full,25,2.5579235553741455,9.980917930603027
eval17,exuberant,full,26,2.8528013229370117,10.505746841430664
eval17,exuberant,full,27,4.26701545715332,10.186935424804688
eval17,exuberant,orthogonal_matched,20,0.11894825100898743,9.116254806518555
eval17,exuberant,orthogonal_matched,21,0.15651264786720276,8.920665740966797
eval17,exuberant,orthogonal_matched,22,0.2867084741592407,9.027827262878418
eval17,exuberant,orthogonal_matched,23,0.4543945789337158,8.961614608764648
eval17,exuberant,orthogonal_matched,24,0.5651131272315979,9.293611526489258
eval17,exuberant,orthogonal_matched,25,0.6784732937812805,9.794112205505371
eval17,exuberant,orthogonal_matched,26,0.8486253619194031,10.280073165893555
eval17,exuberant,orthogonal_matched,27,1.9044071435928345,9.653313636779785
eval17,invigorated,full,20,0.8299353718757629,10.17467212677002
eval17,invigorated,full,21,1.1552326679229736,10.048006057739258
eval17,invigorated,full,22,1.1967799663543701,10.264766693115234
eval17,invigorated,full,23,1.1993420124053955,10.533342361450195
eval17,invigorated,full,24,1.1524391174316406,11.13453197479248
eval17,invigorated,full,25,1.2443695068359375,11.777602195739746
eval17,invigorated,full,26,1.4344875812530518,12.570104598999023
eval17,invigorated,full,27,4.107932090759277,13.10010814666748
eval17,invigorated,orthogonal_matched,20,0.1134578287601471,10.123085975646973
eval17,invigorated,orthogonal_matched,21,0.3729996085166931,9.986647605895996
eval17,invigorated,orthogonal_matched,22,0.37430310249328613,10.192214012145996
eval17,invigorated,orthogonal_matched,23,0.2762817442417145,10.446600914001465
eval17,invigorated,orthogonal_matched,24,0.13602033257484436,11.045613288879395
eval17,invigorated,orthogonal_matched,25,0.11316663026809692,11.675482749938965
eval17,invigorated,orthogonal_matched,26,0.24225687980651855,12.444829940795898
eval17,invigorated,orthogonal_matched,27,2.6968297958374023,12.797659873962402
eval17,cheerful,full,20,2.997408390045166,11.06257438659668
eval17,cheerful,full,21,3.3415679931640625,10.812016487121582
eval17,cheerful,full,22,3.6396970748901367,11.062426567077637
eval17,cheerful,full,23,4.154816627502441,11.305954933166504
eval17,cheerful,full,24,4.791637897491455,11.669808387756348
eval17,cheerful,full,25,5.148996829986572,12.00900650024414
eval17,cheerful,full,26,5.5215678215026855,12.980180740356445
eval17,cheerful,full,27,7.022690773010254,15.070146560668945
eval17,cheerful,orthogonal_matched,20,0.21718856692314148,10.575834274291992
eval17,cheerful,orthogonal_matched,21,0.2964397966861725,10.30064582824707
eval17,cheerful,orthogonal_matched,22,0.4244064688682556,10.554988861083984
eval17,cheerful,orthogonal_matched,23,0.5612895488739014,10.668936729431152
eval17,cheerful,orthogonal_matched,24,0.8623731136322021,10.972853660583496
eval17,cheerful,orthogonal_matched,25,0.8179011940956116,11.268393516540527
eval17,cheerful,orthogonal_matched,26,0.9112531542778015,12.190882682800293
eval17,cheerful,orthogonal_matched,27,1.5101532936096191,13.612532615661621
eval17,joyful,full,20,1.7208179235458374,20.363258361816406
eval17,joyful,full,21,1.6932482719421387,17.93718719482422
eval17,joyful,full,22,2.615980863571167,16.367589950561523
eval17,joyful,full,23,3.3270859718322754,16.148645401000977
eval17,joyful,full,24,3.8609671592712402,17.176443099975586
eval17,joyful,full,25,4.3730363845825195,17.390775680541992
eval17,joyful,full,26,5.726031303405762,17.957433700561523
eval17,joyful,full,27,9.659721374511719,21.502031326293945
eval17,joyful,orthogonal_matched,20,0.9561140537261963,20.274658203125
eval17,joyful,orthogonal_matched,21,0.8557424545288086,17.862016677856445
eval17,joyful,orthogonal_matched,22,1.7137141227722168,16.279449462890625
eval17,joyful,orthogonal_matched,23,2.2972617149353027,16.02799415588379
eval17,joyful,orthogonal_matched,24,2.7167301177978516,17.010189056396484
eval17,joyful,orthogonal_matched,25,3.090998649597168,17.213825225830078
eval17,joyful,orthogonal_matched,26,4.334554672241211,17.725914001464844
eval17,joyful,orthogonal_matched,27,7.838264465332031,20.697509765625
eval17,happy,full,20,1.5074200630187988,15.433329582214355
eval17,happy,full,21,1.596174955368042,13.554604530334473
eval17,happy,full,22,2.5416736602783203,12.486888885498047
eval17,happy,full,23,3.0256083011627197,12.488147735595703
eval17,happy,full,24,3.379268169403076,13.285004615783691
eval17,happy,full,25,3.6044418811798096,13.448383331298828
eval17,happy,full,26,5.179939270019531,14.56509017944336
eval17,happy,full,27,12.23409652709961,17.729015350341797
eval17,happy,orthogonal_matched,20,0.6651535630226135,15.362027168273926
eval17,happy,orthogonal_matched,21,0.6729588508605957,13.49394416809082
eval17,happy,orthogonal_matched,22,1.5634348392486572,12.393837928771973
eval17,happy,orthogonal_matched,23,1.9077717065811157,12.341550827026367
eval17,happy,orthogonal_matched,24,2.1543304920196533,13.08265495300293
eval17,happy,orthogonal_matched,25,2.2406437397003174,13.22885513305664
eval17,happy,orthogonal_matched,26,3.719731092453003,14.246411323547363
eval17,happy,orthogonal_matched,27,10.27746868133545,16.856815338134766
eval17,optimistic,full,20,1.850468397140503,18.00571060180664
eval17,optimistic,full,21,1.9632353782653809,16.117721557617188
eval17,optimistic,full,22,2.9778504371643066,15.051443099975586
eval17,optimistic,full,23,3.840317964553833,15.26508617401123
eval17,optimistic,full,24,4.334283351898193,16.106306076049805
eval17,optimistic,full,25,4.307942867279053,16.336637496948242
eval17,optimistic,full,26,5.157268524169922,17.129133224487305
eval17,optimistic,full,27,6.6298956871032715,16.710111618041992
eval17,optimistic,orthogonal_matched,20,0.5069260597229004,17.889999389648438
eval17,optimistic,orthogonal_matched,21,0.48776906728744507,15.985390663146973
eval17,optimistic,orthogonal_matched,22,1.422580599784851,14.845691680908203
eval17,optimistic,orthogonal_matched,23,2.0669753551483154,14.963096618652344
eval17,optimistic,orthogonal_matched,24,2.3755905628204346,15.719449996948242
eval17,optimistic,orthogonal_matched,25,2.148420572280884,15.910333633422852
eval17,optimistic,orthogonal_matched,26,2.8357093334198,16.655336380004883
eval17,optimistic,orthogonal_matched,27,3.821125030517578,15.789831161499023
eval17,delighted,full,20,4.340872764587402,16.100582122802734
eval17,delighted,full,21,5.180732250213623,15.526766777038574
eval17,delighted,full,22,5.375330448150635,15.96646785736084
eval17,delighted,full,23,6.53663444519043,16.42789649963379
eval17,delighted,full,24,7.1296515464782715,17.407814025878906
eval17,delighted,full,25,8.11970043182373,18.138729095458984
eval17,delighted,full,26,8.773051261901855,19.423931121826172
eval17,delighted,full,27,13.015853881835938,20.536544799804688
eval17,delighted,orthogonal_matched,20,0.868204653263092,15.503822326660156
eval17,delighted,orthogonal_matched,21,1.3685318231582642,14.812705993652344
eval17,delighted,orthogonal_matched,22,1.3611000776290894,15.230195045471191
eval17,delighted,orthogonal_matched,23,2.049983024597168,15.416407585144043
eval17,delighted,orthogonal_matched,24,2.2310683727264404,16.282114028930664
eval17,delighted,orthogonal_matched,25,2.7430503368377686,16.89361000061035
eval17,delighted,orthogonal_matched,26,3.047212600708008,18.134628295898438
eval17,delighted,orthogonal_matched,27,6.131951808929443,17.950908660888672
eval17,thankful,full,20,-0.17697878181934357,13.994141578674316
eval17,thankful,full,21,-0.2726265788078308,13.133715629577637
eval17,thankful,full,22,-0.014849543571472168,12.84161376953125
eval17,thankful,full,23,-0.2122204303741455,13.133524894714355
eval17,thankful,full,24,0.25265413522720337,13.991924285888672
eval17,thankful,full,25,0.08703677356243134,13.964916229248047
eval17,thankful,full,26,0.4634428322315216,14.207077980041504
eval17,thankful,full,27,-0.6902370452880859,14.848627090454102
eval17,thankful,orthogonal_matched,20,0.260745108127594,14.00993537902832
eval17,thankful,orthogonal_matched,21,0.20393720269203186,13.14239501953125
eval17,thankful,orthogonal_matched,22,0.49372848868370056,12.847355842590332
eval17,thankful,orthogonal_matched,23,0.34981435537338257,13.14365291595459
eval17,thankful,orthogonal_matched,24,0.8829676508903503,14.008102416992188
eval17,thankful,orthogonal_matched,25,0.7841280102729797,13.979555130004883
eval17,thankful,orthogonal_matched,26,1.1966423988342285,14.238422393798828
eval17,thankful,orthogonal_matched,27,0.14458203315734863,14.713666915893555
eval17,inspired,full,20,2.537038803100586,13.202800750732422
eval17,inspired,full,21,3.004293441772461,13.603180885314941
eval17,inspired,full,22,3.2758703231811523,13.758139610290527
eval17,inspired,full,23,3.4036011695861816,14.077341079711914
eval17,inspired,full,24,4.097662925720215,15.034896850585938
eval17,inspired,full,25,4.669422149658203,15.799749374389648
eval17,inspired,full,26,5.1993279457092285,16.815494537353516
eval17,inspired,full,27,9.968063354492188,18.54343032836914
eval17,inspired,orthogonal_matched,20,-0.11186724901199341,12.898483276367188
eval17,inspired,orthogonal_matched,21,0.0951058566570282,13.242866516113281
eval17,inspired,orthogonal_matched,22,0.19670510292053223,13.367698669433594
eval17,inspired,orthogonal_matched,23,-0.047849059104919434,13.611775398254395
eval17,inspired,orthogonal_matched,24,0.324724018573761,14.533395767211914
eval17,inspired,orthogonal_matched,25,0.515234649181366,15.175735473632812
eval17,inspired,orthogonal_matched,26,0.7822527289390564,16.099485397338867
eval17,inspired,orthogonal_matched,27,4.670668601989746,16.151264190673828
eval17,afraid,full,20,0.10642334818840027,8.879212379455566
eval17,afraid,full,21,0.04030343145132065,8.625282287597656
eval17,afraid,full,22,-0.05381523072719574,8.532167434692383
eval17,afraid,full,23,-0.060339778661727905,8.485245704650879
eval17,afraid,full,24,0.04966461658477783,8.861266136169434
eval17,afraid,full,25,-0.010823573917150497,9.233519554138184
eval17,afraid,full,26,-0.15351176261901855,9.924221992492676
eval17,afraid,full,27,-2.1069495677948,9.310440063476562
eval17,afraid,orthogonal_matched,20,2.926960587501526e-05,8.879715919494629
eval17,afraid,orthogonal_matched,21,-0.07162851840257645,8.621650695800781
eval17,afraid,orthogonal_matched,22,-0.17132100462913513,8.528255462646484
eval17,afraid,orthogonal_matched,23,-0.19825589656829834,8.4834623336792
eval17,afraid,orthogonal_matched,24,-0.10806708037853241,8.863497734069824
eval17,afraid,orthogonal_matched,25,-0.18618381023406982,9.23954963684082
eval17,afraid,orthogonal_matched,26,-0.34736064076423645,9.93195915222168
eval17,afraid,orthogonal_matched,27,-2.3112120628356934,9.317127227783203
eval17,depressed,full,20,-1.04669189453125,9.37202262878418
eval17,depressed,full,21,-1.3077503442764282,9.399341583251953
eval17,depressed,full,22,-1.3896762132644653,9.686846733093262
eval17,depressed,full,23,-1.8861873149871826,9.850132942199707
eval17,depressed,full,24,-2.0702645778656006,10.562438011169434
eval17,depressed,full,25,-2.1950881481170654,10.884971618652344
eval17,depressed,full,26,-2.469552993774414,11.578475952148438
eval17,depressed,full,27,-1.8471661806106567,11.285872459411621
eval17,depressed,orthogonal_matched,20,-0.1853148490190506,9.33938980102539
eval17,depressed,orthogonal_matched,21,-0.3748853802680969,9.359249114990234
eval17,depressed,orthogonal_matched,22,-0.41607359051704407,9.647371292114258
eval17,depressed,orthogonal_matched,23,-0.7730768322944641,9.774955749511719
eval17,depressed,orthogonal_matched,24,-0.846996545791626,10.48131275177002
eval17,depressed,orthogonal_matched,25,-0.8492255210876465,10.803523063659668
eval17,depressed,orthogonal_matched,26,-1.050281286239624,11.511173248291016
eval17,depressed,orthogonal_matched,27,-0.24050699174404144,11.315157890319824
eval17,horrified,full,20,0.46357110142707825,11.161340713500977
eval17,horrified,full,21,0.6025575995445251,9.491196632385254
eval17,horrified,full,22,0.2647016942501068,8.464366912841797
eval17,horrified,full,23,0.1344224214553833,8.086389541625977
eval17,horrified,full,24,-0.04642397165298462,7.957871913909912
eval17,horrified,full,25,-0.004690319299697876,8.001923561096191
eval17,horrified,full,26,-0.5113139748573303,7.865212440490723
eval17,horrified,full,27,-1.9789471626281738,6.856678485870361
eval17,horrified,orthogonal_matched,20,-0.27427977323532104,11.165139198303223
eval17,horrified,orthogonal_matched,21,-0.20147907733917236,9.463600158691406
eval17,horrified,orthogonal_matched,22,-0.5830685496330261,8.437148094177246
eval17,horrified,orthogonal_matched,23,-0.8236603736877441,8.069975852966309
eval17,horrified,orthogonal_matched,24,-1.104382038116455,7.966776371002197
eval17,horrified,orthogonal_matched,25,-1.1676015853881836,8.012322425842285
eval17,horrified,orthogonal_matched,26,-1.725769281387329,7.86973237991333
eval17,horrified,orthogonal_matched,27,-3.360701084136963,7.0820159912109375
eval17,disgusted,full,20,-0.37346917390823364,9.885567665100098
eval17,disgusted,full,21,-0.3595176637172699,8.847258567810059
eval17,disgusted,full,22,-0.5245797634124756,8.515447616577148
eval17,disgusted,full,23,-0.6615203022956848,8.418593406677246
eval17,disgusted,full,24,-0.7706483602523804,8.55285358428955
eval17,disgusted,full,25,-1.2371525764465332,8.506756782531738
eval17,disgusted,full,26,-1.7659038305282593,8.77506160736084
eval17,disgusted,full,27,-3.471466541290283,7.248403072357178
eval17,disgusted,orthogonal_matched,20,-0.1310424506664276,9.878361701965332
eval17,disgusted,orthogonal_matched,21,-0.09793546795845032,8.848196029663086
eval17,disgusted,orthogonal_matched,22,-0.2518894076347351,8.524309158325195
eval17,disgusted,orthogonal_matched,23,-0.34739601612091064,8.427457809448242
eval17,disgusted,orthogonal_matched,24,-0.42050281167030334,8.562938690185547
eval17,disgusted,orthogonal_matched,25,-0.8545083999633789,8.512060165405273
eval17,disgusted,orthogonal_matched,26,-1.3562971353530884,8.762003898620605
eval17,disgusted,orthogonal_matched,27,-3.0231947898864746,7.201408863067627
eval17,furious,full,20,-1.0949196815490723,19.948701858520508
eval17,furious,full,21,-1.2054219245910645,17.584938049316406
eval17,furious,full,22,-0.9848058223724365,15.710573196411133
eval17,furious,full,23,-0.6063832640647888,15.234382629394531
eval17,furious,full,24,-1.027481198310852,15.802807807922363
eval17,furious,full,25,-1.0043964385986328,16.420557022094727
eval17,furious,full,26,-0.5877752304077148,16.265705108642578
eval17,furious,full,27,-2.4010560512542725,11.600948333740234
eval17,furious,orthogonal_matched,20,0.547966718673706,19.911361694335938
eval17,furious,orthogonal_matched,21,0.5843918323516846,17.53173828125
eval17,furious,orthogonal_matched,22,0.8967934250831604,15.660881042480469
eval17,furious,orthogonal_matched,23,1.5316805839538574,15.197049140930176
eval17,furious,orthogonal_matched,24,1.3200620412826538,15.770288467407227
eval17,furious,orthogonal_matched,25,1.6015024185180664,16.372802734375
eval17,furious,orthogonal_matched,26,2.232398271560669,16.1812686920166
eval17,furious,orthogonal_matched,27,1.1566717624664307,10.93276596069336
eval17,hurt,full,20,-0.35320210456848145,12.15481185913086
eval17,hurt,full,21,-0.4271218776702881,10.916319847106934
eval17,hurt,full,22,-1.1773693561553955,10.23554515838623
eval17,hurt,full,23,-1.4519124031066895,10.503841400146484
eval17,hurt,full,24,-1.893274188041687,11.09186840057373
eval17,hurt,full,25,-1.9033441543579102,11.273555755615234
eval17,hurt,full,26,-2.626682758331299,11.730314254760742
eval17,hurt,full,27,-4.428216934204102,12.546412467956543
eval17,hurt,orthogonal_matched,20,-0.3596659004688263,12.153895378112793
eval17,hurt,orthogonal_matched,21,-0.43208375573158264,10.914804458618164
eval17,hurt,orthogonal_matched,22,-1.181278944015503,10.237878799438477
eval17,hurt,orthogonal_matched,23,-1.457627296447754,10.50776481628418
eval17,hurt,orthogonal_matched,24,-1.8980133533477783,11.099726676940918
eval17,hurt,orthogonal_matched,25,-1.9055235385894775,11.281173706054688
eval17,hurt,orthogonal_matched,26,-2.6298458576202393,11.739027976989746
eval17,hurt,orthogonal_matched,27,-4.520029067993164,12.55650520324707
eval17,miserable,full,20,-0.7015092372894287,10.88143539428711
eval17,miserable,full,21,-0.6555089950561523,10.262347221374512
eval17,miserable,full,22,-0.7777276039123535,10.324834823608398
eval17,miserable,full,23,-1.2612510919570923,10.247298240661621
eval17,miserable,full,24,-1.5417232513427734,10.76495361328125
eval17,miserable,full,25,-1.6493905782699585,11.132986068725586
eval17,miserable,full,26,-2.076045274734497,11.45620346069336
eval17,miserable,full,27,-2.422433376312256,10.693609237670898
eval17,miserable,orthogonal_matched,20,-0.08833504468202591,10.881072044372559
eval17,miserable,orthogonal_matched,21,0.016276448965072632,10.284262657165527
eval17,miserable,orthogonal_matched,22,-0.06870651245117188,10.363736152648926
eval17,miserable,orthogonal_matched,23,-0.46068474650382996,10.257589340209961
eval17,miserable,orthogonal_matched,24,-0.6735485792160034,10.766984939575195
eval17,miserable,orthogonal_matched,25,-0.6981703639030457,11.129724502563477
eval17,miserable,orthogonal_matched,26,-1.087721824645996,11.437830924987793
eval17,miserable,orthogonal_matched,27,-1.2180811166763306,10.484415054321289
eval17,hateful,full,20,-1.5456011295318604,11.324877738952637
eval17,hateful,full,21,-1.7465804815292358,11.07320499420166
eval17,hateful,full,22,-2.144984722137451,10.996783256530762
eval17,hateful,full,23,-2.880054473876953,11.52178955078125
eval17,hateful,full,24,-3.076889753341675,12.157751083374023
eval17,hateful,full,25,-3.665417194366455,12.394235610961914
eval17,hateful,full,26,-4.293142318725586,12.633041381835938
eval17,hateful,full,27,-5.89309549331665,13.115891456604004
eval17,hateful,orthogonal_matched,20,-0.16486641764640808,11.205769538879395
eval17,hateful,orthogonal_matched,21,-0.244792640209198,10.973088264465332
eval17,hateful,orthogonal_matched,22,-0.5775705575942993,10.874478340148926
eval17,hateful,orthogonal_matched,23,-1.121450424194336,11.318875312805176
eval17,hateful,orthogonal_matched,24,-1.142011046409607,11.963757514953613
eval17,hateful,orthogonal_matched,25,-1.5481140613555908,12.173684120178223
eval17,hateful,orthogonal_matched,26,-2.048595905303955,12.44146728515625
eval17,hateful,orthogonal_matched,27,-3.1540114879608154,12.583120346069336
eval17,tormented,full,20,-1.9017688035964966,11.552262306213379
eval17,tormented,full,21,-1.9057459831237793,11.632518768310547
eval17,tormented,full,22,-1.8366343975067139,12.37718677520752
eval17,tormented,full,23,-2.6882073879241943,12.944416046142578
eval17,tormented,full,24,-2.842514991760254,14.181774139404297
eval17,tormented,full,25,-3.454592227935791,14.912178993225098
eval17,tormented,full,26,-3.8865551948547363,15.483969688415527
eval17,tormented,full,27,-8.489211082458496,13.085126876831055
eval17,tormented,orthogonal_matched,20,-0.033439770340919495,11.366430282592773
eval17,tormented,orthogonal_matched,21,0.12849099934101105,11.459146499633789
eval17,tormented,orthogonal_matched,22,0.30243366956710815,12.239128112792969
eval17,tormented,orthogonal_matched,23,-0.2652411460876465,12.671379089355469
eval17,tormented,orthogonal_matched,24,-0.18546262383460999,13.867439270019531
eval17,tormented,orthogonal_matched,25,-0.5324076414108276,14.509084701538086
eval17,tormented,orthogonal_matched,26,-0.7943857908248901,15.074917793273926
eval17,tormented,orthogonal_matched,27,-4.871809005737305,11.87288761138916
eval17,upset,full,20,0.43494707345962524,12.329886436462402
eval17,upset,full,21,0.6002991199493408,11.04021167755127
eval17,upset,full,22,0.46346205472946167,10.453310012817383
eval17,upset,full,23,0.6016600131988525,10.21453857421875
eval17,upset,full,24,0.24085432291030884,10.48563289642334
eval17,upset,full,25,0.480401873588562,10.602798461914062
eval17,upset,full,26,0.10275505483150482,10.413412094116211
eval17,upset,full,27,1.0189992189407349,9.597772598266602
eval17,upset,orthogonal_matched,20,-0.1331932693719864,12.348877906799316
eval17,upset,orthogonal_matched,21,-0.014131411910057068,11.034323692321777
eval17,upset,orthogonal_matched,22,-0.19109757244586945,10.429591178894043
eval17,upset,orthogonal_matched,23,-0.13823890686035156,10.189481735229492
eval17,upset,orthogonal_matched,24,-0.5807663202285767,10.464361190795898
eval17,upset,orthogonal_matched,25,-0.41646045446395874,10.591655731201172
eval17,upset,orthogonal_matched,26,-0.844801127910614,10.393646240234375
eval17,upset,orthogonal_matched,27,-0.18491804599761963,9.520317077636719
eval18,empathetic,full,20,1.8921587467193604,13.42468547821045
eval18,empathetic,full,21,2.2004051208496094,13.284001350402832
eval18,empathetic,full,22,2.0015451908111572,13.593694686889648
eval18,empathetic,full,23,1.9566465616226196,13.977326393127441
eval18,empathetic,full,24,2.1421914100646973,14.907130241394043
eval18,empathetic,full,25,2.3142781257629395,15.32947063446045
eval18,empathetic,full,26,2.2784528732299805,15.87522029876709
eval18,empathetic,full,27,2.347100019454956,15.634305000305176
eval18,empathetic,orthogonal_matched,20,0.07475921511650085,13.256911277770996
eval18,empathetic,orthogonal_matched,21,0.22262726724147797,13.06595230102539
eval18,empathetic,orthogonal_matched,22,-0.04038229584693909,13.412752151489258
eval18,empathetic,orthogonal_matched,23,-0.3141191303730011,13.798677444458008
eval18,empathetic,orthogonal_matched,24,-0.29316335916519165,14.734586715698242
eval18,empathetic,orthogonal_matched,25,-0.32751914858818054,15.10503101348877
eval18,empathetic,orthogonal_matched,26,-0.4377284049987793,15.677473068237305
eval18,empathetic,orthogonal_matched,27,-0.9755387306213379,15.4225435256958
eval18,exuberant,full,20,1.313611626625061,9.031476020812988
eval18,exuberant,full,21,1.3668529987335205,8.529715538024902
eval18,exuberant,full,22,1.521796703338623,8.58469295501709
eval18,exuberant,full,23,1.8316757678985596,8.598998069763184
eval18,exuberant,full,24,2.1129326820373535,8.921365737915039
eval18,exuberant,full,25,2.1259989738464355,9.346990585327148
eval18,exuberant,full,26,2.317300319671631,9.871861457824707
eval18,exuberant,full,27,3.264204978942871,9.338409423828125
eval18,exuberant,orthogonal_matched,20,0.1686750054359436,8.909690856933594
eval18,exuberant,orthogonal_matched,21,0.13154271245002747,8.437520980834961
eval18,exuberant,orthogonal_matched,22,0.250467985868454,8.486480712890625
eval18,exuberant,orthogonal_matched,23,0.402934193611145,8.474504470825195
eval18,exuberant,orthogonal_matched,24,0.5803788304328918,8.763067245483398
eval18,exuberant,orthogonal_matched,25,0.4636209011077881,9.179336547851562
eval18,exuberant,orthogonal_matched,26,0.5958951711654663,9.679845809936523
eval18,exuberant,orthogonal_matched,27,1.1922054290771484,8.851263046264648
eval18,invigorated,full,20,0.8624123334884644,9.959700584411621
eval18,invigorated,full,21,1.025089979171753,9.60461139678955
eval18,invigorated,full,22,0.9337877035140991,9.772632598876953
eval18,invigorated,full,23,0.8975011110305786,9.896510124206543
eval18,invigorated,full,24,0.754925549030304,10.407612800598145
eval18,invigorated,full,25,0.7777043581008911,10.917524337768555
eval18,invigorated,full,26,1.0083881616592407,11.601188659667969
eval18,invigorated,full,27,3.35493540763855,12.11819839477539
eval18,invigorated,orthogonal_matched,20,0.17607808113098145,9.906352996826172
eval18,invigorated,orthogonal_matched,21,0.2839409410953522,9.536840438842773
eval18,invigorated,orthogonal_matched,22,0.1690623164176941,9.703788757324219
eval18,invigorated,orthogonal_matched,23,0.02852940559387207,9.811676025390625
eval18,invigorated,orthogonal_matched,24,-0.17900049686431885,10.330737113952637
eval18,invigorated,orthogonal_matched,25,-0.23479735851287842,10.83273983001709
eval18,invigorated,orthogonal_matched,26,-0.022472292184829712,11.507410049438477
eval18,invigorated,orthogonal_matched,27,2.138181686401367,11.853985786437988
eval18,cheerful,full,20,2.892727851867676,10.569086074829102
eval18,cheerful,full,21,3.0113790035247803,10.00401782989502
eval18,cheerful,full,22,3.076690196990967,10.05038070678711
eval18,cheerful,full,23,3.502728223800659,10.206716537475586
eval18,cheerful,full,24,3.8527915477752686,10.3637113571167
eval18,cheerful,full,25,4.058009624481201,10.506197929382324
eval18,cheerful,full,26,4.064844608306885,11.324735641479492
eval18,cheerful,full,27,4.546380043029785,12.196645736694336
eval18,cheerful,orthogonal_matched,20,0.18345826864242554,10.135880470275879
eval18,cheerful,orthogonal_matched,21,0.07338076829910278,9.558658599853516
eval18,cheerful,orthogonal_matched,22,0.042525142431259155,9.670024871826172
eval18,cheerful,orthogonal_matched,23,0.1116827130317688,9.72088623046875
eval18,cheerful,orthogonal_matched,24,0.21467456221580505,9.837888717651367
eval18,cheerful,orthogonal_matched,25,0.10851484537124634,9.956706047058105
eval18,cheerful,orthogonal_matched,26,-0.024428486824035645,10.78864574432373
eval18,cheerful,orthogonal_matched,27,-0.44123244285583496,11.028851509094238
eval18,joyful,full,20,1.5686460733413696,20.2053279876709
eval18,joyful,full,21,1.1537373065948486,17.479951858520508
eval18,joyful,full,22,1.7366877794265747,16.051719665527344
eval18,joyful,full,23,2.217132806777954,15.604459762573242
eval18,joyful,full,24,2.609076499938965,16.52499771118164
eval18,joyful,full,25,2.804152011871338,16.689090728759766
eval18,joyful,full,26,3.6695404052734375,17.17498779296875
eval18,joyful,full,27,6.5815582275390625,19.70488739013672
eval18,joyful,orthogonal_matched,20,0.8187889456748962,20.11154556274414
eval18,joyful,orthogonal_matched,21,0.35044026374816895,17.399755477905273
eval18,joyful,orthogonal_matched,22,0.9019590616226196,15.969181060791016
eval18,joyful,orthogonal_matched,23,1.264815092086792,15.484685897827148
eval18,joyful,orthogonal_matched,24,1.5805096626281738,16.366750717163086
eval18,joyful,orthogonal_matched,25,1.6796642541885376,16.50881576538086
eval18,joyful,orthogonal_matched,26,2.4762392044067383,16.94561195373535
eval18,joyful,orthogonal_matched,27,5.003974914550781,18.971923828125
eval18,happy,full,20,1.425040364265442,15.22230339050293
eval18,happy,full,21,1.2960314750671387,13.189371109008789
eval18,happy,full,22,1.9444762468338013,12.054198265075684
eval18,happy,full,23,2.292243242263794,11.894599914550781
eval18,happy,full,24,2.61983585357666,12.498418807983398
eval18,happy,full,25,2.602281093597412,12.661993026733398
eval18,happy,full,26,3.9091734886169434,13.270660400390625
eval18,happy,full,27,9.818039894104004,16.173778533935547
eval18,happy,orthogonal_matched,20,0.6163439750671387,15.158140182495117
eval18,happy,orthogonal_matched,21,0.423204243183136,13.13041877746582
eval18,happy,orthogonal_matched,22,1.044535517692566,11.97745132446289
eval18,happy,orthogonal_matched,23,1.2823035717010498,11.765969276428223
eval18,happy,orthogonal_matched,24,1.543438196182251,12.317424774169922
eval18,happy,orthogonal_matched,25,1.4203112125396729,12.459878921508789
eval18,happy,orthogonal_matched,26,2.6702277660369873,12.996686935424805
eval18,happy,orthogonal_matched,27,8.225695610046387,15.400533676147461
eval18,optimistic,full,20,1.7003257274627686,17.885570526123047
eval18,optimistic,full,21,1.565948486328125,15.873263359069824
eval18,optimistic,full,22,2.3615808486938477,14.942268371582031
eval18,optimistic,full,23,3.115628480911255,15.119869232177734
eval18,optimistic,full,24,3.586775779724121,16.121448516845703
eval18,optimistic,full,25,3.543915271759033,16.40650749206543
eval18,optimistic,full,26,3.948718786239624,17.189502716064453
eval18,optimistic,full,27,5.172079563140869,16.157901763916016
eval18,optimistic,orthogonal_matched,20,0.396748423576355,17.772075653076172
eval18,optimistic,orthogonal_matched,21,0.1477360725402832,15.758682250976562
eval18,optimistic,orthogonal_matched,22,0.898382306098938,14.785382270812988
eval18,optimistic,orthogonal_matched,23,1.446241855621338,14.889532089233398
eval18,optimistic,orthogonal_matched,24,1.7888720035552979,15.809318542480469
eval18,optimistic,orthogonal_matched,25,1.5831916332244873,16.06389045715332
eval18,optimistic,orthogonal_matched,26,1.8826408386230469,16.82270050048828
eval18,optimistic,orthogonal_matched,27,2.5666027069091797,15.4366455078125
eval18,delighted,full,20,4.20033073425293,15.502805709838867
eval18,delighted,full,21,4.46832275390625,14.736538887023926
eval18,delighted,full,22,4.569057464599609,14.935259819030762
eval18,delighted,full,23,5.441481113433838,15.303255081176758
eval18,delighted,full,24,5.712803840637207,16.19906997680664
eval18,delighted,full,25,6.554844379425049,16.715927124023438
eval18,delighted,full,26,6.6882195472717285,17.87228012084961
eval18,delighted,full,27,10.429299354553223,18.217361450195312
eval18,delighted,orthogonal_matched,20,0.826301634311676,14.975931167602539
eval18,delighted,orthogonal_matched,21,0.8069793581962585,14.154269218444824
eval18,delighted,orthogonal_matched,22,0.8056062459945679,14.396904945373535
eval18,delighted,orthogonal_matched,23,1.2575912475585938,14.56466007232666
eval18,delighted,orthogonal_matched,24,1.2399165630340576,15.380970001220703
eval18,delighted,orthogonal_matched,25,1.709478497505188,15.80016803741455
eval18,delighted,orthogonal_matched,26,1.674196720123291,17.024293899536133
eval18,delighted,orthogonal_matched,27,4.3039469718933105,16.331480026245117
eval18,thankful,full,20,-0.27726274728775024,13.753427505493164
eval18,thankful,full,21,-0.4212280213832855,12.586360931396484
eval18,thankful,full,22,-0.14499995112419128,12.15243911743164
eval18,thankful,full,23,-0.23840519785881042,12.22133731842041
eval18,thankful,full,24,0.1777447611093521,12.868660926818848
eval18,thankful,full,25,0.02261275053024292,13.028044700622559
eval18,thankful,full,26,0.4030841290950775,13.386451721191406
eval18,thankful,full,27,-1.7047266960144043,13.786540985107422
eval18,thankful,orthogonal_matched,20,0.16489577293395996,13.757036209106445
eval18,thankful,orthogonal_matched,21,0.055782169103622437,12.582788467407227
eval18,thankful,orthogonal_matched,22,0.3468344807624817,12.162962913513184
eval18,thankful,orthogonal_matched,23,0.32246851921081543,12.227398872375488
eval18,thankful,orthogonal_matched,24,0.7894514799118042,12.886427879333496
eval18,thankful,orthogonal_matched,25,0.6869004368782043,13.053773880004883
eval18,thankful,orthogonal_matched,26,1.1154870986938477,13.402023315429688
eval18,thankful,orthogonal_matched,27,-0.7771067023277283,13.646186828613281
eval18,inspired,full,20,2.406139373779297,12.795513153076172
eval18,inspired,full,21,2.625422716140747,12.669750213623047
eval18,inspired,full,22,2.56575608253479,12.681665420532227
eval18,inspired,full,23,2.6381869316101074,12.699199676513672
eval18,inspired,full,24,2.982297420501709,13.367789268493652
eval18,inspired,full,25,3.324855327606201,13.79232120513916
eval18,inspired,full,26,3.748342990875244,14.667573928833008
eval18,inspired,full,27,7.080188751220703,15.41602897644043
eval18,inspired,orthogonal_matched,20,-0.15978896617889404,12.500175476074219
eval18,inspired,orthogonal_matched,21,-0.1597577929496765,12.331146240234375
eval18,inspired,orthogonal_matched,22,-0.3038841187953949,12.329606056213379
eval18,inspired,orthogonal_matched,23,-0.5437653064727783,12.287633895874023
eval18,inspired,orthogonal_matched,24,-0.44097965955734253,12.934242248535156
eval18,inspired,orthogonal_matched,25,-0.38560283184051514,13.255599021911621
eval18,inspired,orthogonal_matched,26,-0.11796212196350098,14.117911338806152
eval18,inspired,orthogonal_matched,27,2.2886276245117188,13.287240982055664
eval18,afraid,full,20,0.08168404549360275,8.731200218200684
eval18,afraid,full,21,0.14239178597927094,8.411552429199219
eval18,afraid,full,22,0.0988054871559143,8.40350341796875
eval18,afraid,full,23,0.15346863865852356,8.472794532775879
eval18,afraid,full,24,0.342803031206131,8.888481140136719
eval18,afraid,full,25,0.25649526715278625,9.333210945129395
eval18,afraid,full,26,0.14221039414405823,10.084799766540527
eval18,afraid,full,27,-2.0639946460723877,9.266660690307617
eval18,afraid,orthogonal_matched,20,-0.013730831444263458,8.734682083129883
eval18,afraid,orthogonal_matched,21,0.041402436792850494,8.412871360778809
eval18,afraid,orthogonal_matched,22,-0.00851527601480484,8.40128231048584
eval18,afraid,orthogonal_matched,23,0.029520323500037193,8.471964836120605
eval18,afraid,orthogonal_matched,24,0.21120585501194,8.886387825012207
eval18,afraid,orthogonal_matched,25,0.1096629947423935,9.335400581359863
eval18,afraid,orthogonal_matched,26,0.004014663398265839,10.078461647033691
eval18,afraid,orthogonal_matched,27,-2.2349414825439453,9.28977108001709
eval18,depressed,full,20,-0.9616876840591431,9.319576263427734
eval18,depressed,full,21,-1.0096290111541748,8.917120933532715
eval18,depressed,full,22,-0.9986982941627502,9.04856014251709
eval18,depressed,full,23,-1.3441154956817627,9.182363510131836
eval18,depressed,full,24,-1.3793596029281616,9.805838584899902
eval18,depressed,full,25,-1.444899559020996,10.196846008300781
eval18,depressed,full,26,-1.395636796951294,10.745214462280273
eval18,depressed,full,27,-0.5656272172927856,10.464723587036133
eval18,depressed,orthogonal_matched,20,-0.1240118071436882,9.292092323303223
eval18,depressed,orthogonal_matched,21,-0.10800708830356598,8.878097534179688
eval18,depressed,orthogonal_matched,22,-0.06889906525611877,9.02335262298584
eval18,depressed,orthogonal_matched,23,-0.3016951382160187,9.130435943603516
eval18,depressed,orthogonal_matched,24,-0.25678229331970215,9.768287658691406
eval18,depressed,orthogonal_matched,25,-0.22541138529777527,10.160988807678223
eval18,depressed,orthogonal_matched,26,-0.1442016214132309,10.730308532714844
eval18,depressed,orthogonal_matched,27,0.9242212772369385,10.573244094848633
eval18,horrified,full,20,0.4340967833995819,11.095571517944336
eval18,horrified,full,21,0.8208569884300232,9.391878128051758
eval18,horrified,full,22,0.5246454477310181,8.274202346801758
eval18,horrified,full,23,0.46437543630599976,7.828191757202148
eval18,horrified,full,24,0.32492879033088684,7.578535556793213
eval18,horrified,full,25,0.48378461599349976,7.643687725067139
eval18,horrified,full,26,0.15971170365810394,7.3462066650390625
eval18,horrified,full,27,-0.5882076025009155,6.275986671447754
eval18,horrified,orthogonal_matched,20,-0.29142025113105774,11.103898048400879
eval18,horrified,orthogonal_matched,21,0.03381571173667908,9.367684364318848
eval18,horrified,orthogonal_matched,22,-0.2808350622653961,8.248659133911133
eval18,horrified,orthogonal_matched,23,-0.4423958361148834,7.818317413330078
eval18,horrified,orthogonal_matched,24,-0.6548676490783691,7.601737976074219
eval18,horrified,orthogonal_matched,25,-0.5688222646713257,7.675364017486572
eval18,horrified,orthogonal_matched,26,-0.933846652507782,7.366950035095215
eval18,horrified,orthogonal_matched,27,-1.8942314386367798,6.503057956695557
eval18,disgusted,full,20,-0.36272484064102173,9.802735328674316
eval18,disgusted,full,21,-0.3519784212112427,8.70744800567627
eval18,disgusted,full,22,-0.3778838515281677,8.506864547729492
eval18,disgusted,full,23,-0.3918183147907257,8.497509956359863
eval18,disgusted,full,24,-0.2809598445892334,8.71548080444336
eval18,disgusted,full,25,-0.6703407764434814,8.915632247924805
eval18,disgusted,full,26,-0.9479687809944153,9.287311553955078
eval18,disgusted,full,27,-2.7720417976379395,7.282092094421387
eval18,disgusted,orthogonal_matched,20,-0.133244127035141,9.794184684753418
eval18,disgusted,orthogonal_matched,21,-0.1044335663318634,8.706167221069336
eval18,disgusted,orthogonal_matched,22,-0.12522687017917633,8.510881423950195
eval18,disgusted,orthogonal_matched,23,-0.11084100604057312,8.499780654907227
eval18,disgusted,orthogonal_matched,24,0.01912568509578705,8.72032642364502
eval18,disgusted,orthogonal_matched,25,-0.3432675004005432,8.919472694396973
eval18,disgusted,orthogonal_matched,26,-0.6167247295379639,9.304483413696289
eval18,disgusted,orthogonal_matched,27,-2.384478807449341,7.308163642883301
eval18,furious,full,20,-1.2798585891723633,20.098102569580078
eval18,furious,full,21,-1.5655701160430908,17.79374122619629
eval18,furious,full,22,-1.3286834955215454,16.14874267578125
eval18,furious,full,23,-0.9221305847167969,15.664153099060059
eval18,furious,full,24,-0.9598573446273804,16.111494064331055
eval18,furious,full,25,-0.8853424191474915,16.723541259765625
eval18,furious,full,26,-0.8071798086166382,16.159278869628906
eval18,furious,full,27,-3.2137155532836914,12.253475189208984
eval18,furious,orthogonal_matched,20,0.35247892141342163,20.063871383666992
eval18,furious,orthogonal_matched,21,0.20262230932712555,17.749725341796875
eval18,furious,orthogonal_matched,22,0.4926440119743347,16.09705924987793
eval18,furious,orthogonal_matched,23,1.1731274127960205,15.632205963134766
eval18,furious,orthogonal_matched,24,1.2825814485549927,16.106916427612305
eval18,furious,orthogonal_matched,25,1.5721592903137207,16.722932815551758
eval18,furious,orthogonal_matched,26,1.7916266918182373,16.111007690429688
eval18,furious,orthogonal_matched,27,0.18611156940460205,11.527915954589844
eval18,hurt,full,20,-0.3194310665130615,11.956531524658203
eval18,hurt,full,21,-0.26683053374290466,10.518941879272461
eval18,hurt,full,22,-0.8678615093231201,9.591699600219727
eval18,hurt,full,23,-1.211989164352417,9.752059936523438
eval18,hurt,full,24,-1.5873383283615112,10.150704383850098
eval18,hurt,full,25,-1.5023550987243652,10.190681457519531
eval18,hurt,full,26,-2.0720841884613037,10.496671676635742
eval18,hurt,full,27,-3.551051616668701,10.883331298828125
eval18,hurt,orthogonal_matched,20,-0.3286617398262024,11.960424423217773
eval18,hurt,orthogonal_matched,21,-0.27803799510002136,10.52140998840332
eval18,hurt,orthogonal_matched,22,-0.8781668543815613,9.596647262573242
eval18,hurt,orthogonal_matched,23,-1.2261748313903809,9.757646560668945
eval18,hurt,orthogonal_matched,24,-1.6061835289001465,10.151863098144531
eval18,hurt,orthogonal_matched,25,-1.5274956226348877,10.191454887390137
eval18,hurt,orthogonal_matched,26,-2.0908827781677246,10.504332542419434
eval18,hurt,orthogonal_matched,27,-3.5970005989074707,10.874262809753418
eval18,miserable,full,20,-0.7421925067901611,10.82259750366211
eval18,miserable,full,21,-0.45633816719055176,10.06995964050293
eval18,miserable,full,22,-0.4694555997848511,10.033354759216309
eval18,miserable,full,23,-0.9544650912284851,9.836522102355957
eval18,miserable,full,24,-1.092437505722046,10.244903564453125
eval18,miserable,full,25,-1.1818751096725464,10.350290298461914
eval18,miserable,full,26,-1.2867902517318726,10.645529747009277
eval18,miserable,full,27,-1.545348048210144,9.659414291381836
eval18,miserable,orthogonal_matched,20,-0.13722440600395203,10.822073936462402
eval18,miserable,orthogonal_matched,21,0.20280584692955017,10.078758239746094
eval18,miserable,orthogonal_matched,22,0.20743456482887268,10.050195693969727
eval18,miserable,orthogonal_matched,23,-0.19468572735786438,9.826091766357422
eval18,miserable,orthogonal_matched,24,-0.28865665197372437,10.229411125183105
eval18,miserable,orthogonal_matched,25,-0.3047195076942444,10.347424507141113
eval18,miserable,orthogonal_matched,26,-0.3976631164550781,10.654459953308105
eval18,miserable,orthogonal_matched,27,-0.36221766471862793,9.559713363647461
eval18,hateful,full,20,-1.5389167070388794,11.20279598236084
eval18,hateful,full,21,-1.5467242002487183,10.818922996520996
eval18,hateful,full,22,-1.6750719547271729,10.63613224029541
eval18,hateful,full,23,-2.255505084991455,11.137467384338379
eval18,hateful,full,24,-2.434253692626953,11.775630950927734
eval18,hateful,full,25,-2.8145341873168945,11.956915855407715
eval18,hateful,full,26,-2.9689042568206787,12.097957611083984
eval18,hateful,full,27,-5.073389053344727,12.103429794311523
eval18,hateful,orthogonal_matched,20,-0.18037304282188416,11.104523658752441
eval18,hateful,orthogonal_matched,21,-0.081298828125,10.724122047424316
eval18,hateful,orthogonal_matched,22,-0.17339326441287994,10.525541305541992
eval18,hateful,orthogonal_matched,23,-0.5887830257415771,10.9703950881958
eval18,hateful,orthogonal_matched,24,-0.635109543800354,11.624343872070312
eval18,hateful,orthogonal_matched,25,-0.8761640787124634,11.787585258483887
eval18,hateful,orthogonal_matched,26,-0.9660251140594482,11.950897216796875
eval18,hateful,orthogonal_matched,27,-2.6779866218566895,11.636761665344238
eval18,tormented,full,20,-1.9745903015136719,11.42684555053711
eval18,tormented,full,21,-1.764767050743103,11.35628604888916
eval18,tormented,full,22,-1.6554265022277832,11.947097778320312
eval18,tormented,full,23,-2.2798879146575928,12.609214782714844
eval18,tormented,full,24,-2.3898792266845703,13.9473237991333
eval18,tormented,full,25,-2.884699821472168,14.529365539550781
eval18,tormented,full,26,-3.0666065216064453,14.961445808410645
eval18,tormented,full,27,-7.480439186096191,12.420122146606445
eval18,tormented,orthogonal_matched,20,-0.1371842622756958,11.254453659057617
eval18,tormented,orthogonal_matched,21,0.22856096923351288,11.179976463317871
eval18,tormented,orthogonal_matched,22,0.39849910140037537,11.828696250915527
eval18,tormented,orthogonal_matched,23,0.02728484570980072,12.37971019744873
eval18,tormented,orthogonal_matched,24,0.0959479808807373,13.718851089477539
eval18,tormented,orthogonal_matched,25,-0.18721407651901245,14.22341537475586
eval18,tormented,orthogonal_matched,26,-0.2375616580247879,14.704744338989258
eval18,tormented,orthogonal_matched,27,-4.0989789962768555,11.194721221923828
eval18,upset,full,20,0.45085805654525757,12.235860824584961
eval18,upset,full,21,0.7311634421348572,10.96294116973877
eval18,upset,full,22,0.6663841605186462,10.635123252868652
eval18,upset,full,23,0.7630093693733215,10.283551216125488
eval18,upset,full,24,0.5035774111747742,10.476590156555176
eval18,upset,full,25,0.6989638805389404,10.722332000732422
eval18,upset,full,26,0.5074748992919922,10.611454010009766
eval18,upset,full,27,2.4112019538879395,9.97619342803955
eval18,upset,orthogonal_matched,20,-0.10702913999557495,12.253628730773926
eval18,upset,orthogonal_matched,21,0.12823539972305298,10.949972152709961
eval18,upset,orthogonal_matched,22,0.0448257178068161,10.602750778198242
eval18,upset,orthogonal_matched,23,0.05727875232696533,10.25293254852295
eval18,upset,orthogonal_matched,24,-0.2574349045753479,10.469886779785156
eval18,upset,orthogonal_matched,25,-0.1266779899597168,10.717498779296875
eval18,upset,orthogonal_matched,26,-0.3447308838367462,10.604026794433594
eval18,upset,orthogonal_matched,27,1.2606849670410156,9.927336692810059
eval19,empathetic,full,20,1.9460151195526123,13.411187171936035
eval19,empathetic,full,21,2.3956820964813232,13.337918281555176
eval19,empathetic,full,22,2.481658697128296,13.41977596282959
eval19,empathetic,full,23,2.669994592666626,13.514715194702148
eval19,empathetic,full,24,2.950650930404663,13.964875221252441
eval19,empathetic,full,25,3.2083487510681152,14.514192581176758
eval19,empathetic,full,26,3.2394871711730957,14.82078742980957
eval19,empathetic,full,27,5.556802749633789,14.867685317993164
eval19,empathetic,orthogonal_matched,20,0.137403666973114,13.228517532348633
eval19,empathetic,orthogonal_matched,21,0.4619290232658386,13.067174911499023
eval19,empathetic,orthogonal_matched,22,0.4712814390659332,13.158599853515625
eval19,empathetic,orthogonal_matched,23,0.4705761671066284,13.236637115478516
eval19,empathetic,orthogonal_matched,24,0.5922262668609619,13.686457633972168
eval19,empathetic,orthogonal_matched,25,0.5934102535247803,14.18167495727539
eval19,empathetic,orthogonal_matched,26,0.4866176247596741,14.521891593933105
eval19,empathetic,orthogonal_matched,27,1.8575834035873413,14.445789337158203
eval19,exuberant,full,20,1.3454757928848267,9.1177339553833
eval19,exuberant,full,21,1.3401329517364502,8.841888427734375
eval19,exuberant,full,22,1.5632925033569336,8.857075691223145
eval19,exuberant,full,23,1.9231191873550415,8.76356315612793
eval19,exuberant,full,24,2.2216362953186035,9.013543128967285
eval19,exuberant,full,25,2.386683225631714,9.431467056274414
eval19,exuberant,full,26,2.6565890312194824,9.74170207977295
eval19,exuberant,full,27,4.576327323913574,11.085762977600098
eval19,exuberant,orthogonal_matched,20,0.18715563416481018,8.999444007873535
eval19,exuberant,orthogonal_matched,21,0.0967547595500946,8.758353233337402
eval19,exuberant,orthogonal_matched,22,0.25757598876953125,8.771270751953125
eval19,exuberant,orthogonal_matched,23,0.4868564009666443,8.663597106933594
eval19,exuberant,orthogonal_matched,24,0.6673562526702881,8.88393783569336
eval19,exuberant,orthogonal_matched,25,0.6831020712852478,9.29244613647461
eval19,exuberant,orthogonal_matched,26,0.8529567718505859,9.583290100097656
eval19,exuberant,orthogonal_matched,27,2.154839038848877,10.575648307800293
eval19,invigorated,full,20,0.8681850433349609,10.032078742980957
eval19,invigorated,full,21,0.991606593132019,9.776159286499023
eval19,invigorated,full,22,1.041792631149292,10.012683868408203
eval19,invigorated,full,23,1.1269911527633667,10.117481231689453
eval19,invigorated,full,24,1.0392467975616455,10.562496185302734
eval19,invigorated,full,25,1.1743481159210205,11.220109939575195
eval19,invigorated,full,26,1.546571135520935,12.068275451660156
eval19,invigorated,full,27,4.852573871612549,14.233800888061523
eval19,invigorated,orthogonal_matched,20,0.18298470973968506,9.980504989624023
eval19,invigorated,orthogonal_matched,21,0.26156044006347656,9.715703964233398
eval19,invigorated,orthogonal_matched,22,0.2732093930244446,9.948165893554688
eval19,invigorated,orthogonal_matched,23,0.2793394923210144,10.03742790222168
eval19,invigorated,orthogonal_matched,24,0.12015867233276367,10.490507125854492
eval19,invigorated,orthogonal_matched,25,0.1626420021057129,11.137645721435547
eval19,invigorated,orthogonal_matched,26,0.4841366410255432,11.978803634643555
eval19,invigorated,orthogonal_matched,27,3.4721693992614746,13.894861221313477
eval19,cheerful,full,20,2.99729323387146,10.676532745361328
eval19,cheerful,full,21,3.0738251209259033,10.256965637207031
eval19,cheerful,full,22,3.4198899269104004,10.338903427124023
eval19,cheerful,full,23,3.874238967895508,10.335469245910645
eval19,cheerful,full,24,4.340130805969238,10.504498481750488
eval19,cheerful,full,25,4.668449878692627,10.762454986572266
eval19,cheerful,full,26,4.804865837097168,11.56743049621582
eval19,cheerful,full,27,7.551419734954834,14.16883659362793
eval19,cheerful,orthogonal_matched,20,0.31200334429740906,10.228384017944336
eval19,cheerful,orthogonal_matched,21,0.19594088196754456,9.773107528686523
eval19,cheerful,orthogonal_matched,22,0.41369590163230896,9.878532409667969
eval19,cheerful,orthogonal_matched,23,0.5957999229431152,9.791289329528809
eval19,cheerful,orthogonal_matched,24,0.7955038547515869,9.929275512695312
eval19,cheerful,orthogonal_matched,25,0.7479102611541748,10.148880004882812
eval19,cheerful,orthogonal_matched,26,0.6356848478317261,10.97727108001709
eval19,cheerful,orthogonal_matched,27,1.7702937126159668,12.741336822509766
eval19,joyful,full,20,1.6729774475097656,20.252578735351562
eval19,joyful,full,21,1.1368756294250488,18.101825714111328
eval19,joyful,full,22,1.8007837533950806,16.18268394470215
eval19,joyful,full,23,2.272183895111084,16.025331497192383
eval19,joyful,full,24,2.693504810333252,16.107749938964844
eval19,joyful,full,25,3.1509804725646973,16.064891815185547
eval19,joyful,full,26,4.541564464569092,15.90349006652832
eval19,joyful,full,27,8.639934539794922,21.88920021057129
eval19,joyful,orthogonal_matched,20,0.93178391456604,20.169321060180664
eval19,joyful,orthogonal_matched,21,0.35023361444473267,18.03760528564453
eval19,joyful,orthogonal_matched,22,0.9739038944244385,16.111854553222656
eval19,joyful,orthogonal_matched,23,1.3425064086914062,15.943329811096191
eval19,joyful,orthogonal_matched,24,1.6904411315917969,15.996187210083008
eval19,joyful,orthogonal_matched,25,2.031459093093872,15.952841758728027
eval19,joyful,orthogonal_matched,26,3.3305468559265137,15.80627727508545
eval19,joyful,orthogonal_matched,27,6.743695259094238,21.256059646606445
eval19,happy,full,20,1.4778118133544922,15.340377807617188
eval19,happy,full,21,1.2388734817504883,13.63537311553955
eval19,happy,full,22,1.9567763805389404,12.473636627197266
eval19,happy,full,23,2.2729015350341797,12.287848472595215
eval19,happy,full,24,2.6250147819519043,12.750007629394531
eval19,happy,full,25,2.9288549423217773,12.870829582214355
eval19,happy,full,26,4.461299896240234,13.39366340637207
eval19,happy,full,27,12.581960678100586,19.12758445739746
eval19,happy,orthogonal_matched,20,0.6607259511947632,15.269980430603027
eval19,happy,orthogonal_matched,21,0.3663867115974426,13.573798179626465
eval19,happy,orthogonal_matched,22,1.039962887763977,12.387556076049805
eval19,happy,orthogonal_matched,23,1.2693686485290527,12.155235290527344
eval19,happy,orthogonal_matched,24,1.5529719591140747,12.568368911743164
eval19,happy,orthogonal_matched,25,1.7388358116149902,12.666450500488281
eval19,happy,orthogonal_matched,26,3.1952199935913086,13.139005661010742
eval19,happy,orthogonal_matched,27,10.709892272949219,18.202720642089844
eval19,optimistic,full,20,1.633986234664917,17.89264488220215
eval19,optimistic,full,21,1.450136661529541,16.167829513549805
eval19,optimistic,full,22,2.2406814098358154,15.10140323638916
eval19,optimistic,full,23,2.7535245418548584,15.063982009887695
eval19,optimistic,full,24,3.0590128898620605,15.487159729003906
eval19,optimistic,full,25,3.0425567626953125,15.803752899169922
eval19,optimistic,full,26,3.690835475921631,16.302087783813477
eval19,optimistic,full,27,5.11538028717041,18.10747718811035
eval19,optimistic,orthogonal_matched,20,0.33021414279937744,17.784757614135742
eval19,optimistic,orthogonal_matched,21,0.04564553499221802,16.059547424316406
eval19,optimistic,orthogonal_matched,22,0.7661772966384888,14.960257530212402
eval19,optimistic,orthogonal_matched,23,1.1146221160888672,14.839098930358887
eval19,optimistic,orthogonal_matched,24,1.2833359241485596,15.226813316345215
eval19,optimistic,orthogonal_matched,25,1.068777084350586,15.53093147277832
eval19,optimistic,orthogonal_matched,26,1.5837793350219727,16.048213958740234
eval19,optimistic,orthogonal_matched,27,2.1215012073516846,17.371864318847656
eval19,delighted,full,20,4.259711265563965,15.753105163574219
eval19,delighted,full,21,4.649657726287842,15.000496864318848
eval19,delighted,full,22,4.798055171966553,14.864614486694336
eval19,delighted,full,23,5.655946731567383,15.07520580291748
eval19,delighted,full,24,6.083229064941406,15.799559593200684
eval19,delighted,full,25,7.093570232391357,16.332115173339844
eval19,delighted,full,26,7.78812837600708,17.140979766845703
eval19,delighted,full,27,14.095969200134277,20.089120864868164
eval19,delighted,orthogonal_matched,20,0.8897396922111511,15.201323509216309
eval19,delighted,orthogonal_matched,21,1.040772795677185,14.323992729187012
eval19,delighted,orthogonal_matched,22,1.0446350574493408,14.213995933532715
eval19,delighted,orthogonal_matched,23,1.551237940788269,14.220685005187988
eval19,delighted,orthogonal_matched,24,1.675220012664795,14.931403160095215
eval19,delighted,orthogonal_matched,25,2.232816457748413,15.378169059753418
eval19,delighted,orthogonal_matched,26,2.6667492389678955,16.262243270874023
eval19,delighted,orthogonal_matched,27,7.10308837890625,17.982839584350586
eval19,thankful,full,20,-0.21456633508205414,13.70570182800293
eval19,thankful,full,21,-0.4328022003173828,12.774328231811523
eval19,thankful,full,22,-0.16992177069187164,12.269418716430664
eval19,thankful,full,23,-0.24337619543075562,12.10538101196289
eval19,thankful,full,24,0.155973419547081,12.563968658447266
eval19,thankful,full,25,-0.1365393102169037,12.59554386138916
eval19,thankful,full,26,0.2848288416862488,12.6480131149292
eval19,thankful,full,27,-1.7037293910980225,14.021718978881836
eval19,thankful,orthogonal_matched,20,0.21337151527404785,13.718117713928223
eval19,thankful,orthogonal_matched,21,0.027970656752586365,12.775643348693848
eval19,thankful,orthogonal_matched,22,0.31362849473953247,12.276936531066895
eval19,thankful,orthogonal_matched,23,0.2964954376220703,12.103015899658203
eval19,thankful,orthogonal_matched,24,0.7405916452407837,12.573346138000488
eval19,thankful,orthogonal_matched,25,0.513898491859436,12.606374740600586
eval19,thankful,orthogonal_matched,26,0.9840463399887085,12.648327827453613
eval19,thankful,orthogonal_matched,27,-0.7223072052001953,13.866584777832031
eval19,inspired,full,20,2.39180326461792,12.843015670776367
eval19,inspired,full,21,2.521836280822754,12.695079803466797
eval19,inspired,full,22,2.7705798149108887,12.759174346923828
eval19,inspired,full,23,2.885193109512329,12.882911682128906
eval19,inspired,full,24,3.36427640914917,13.671553611755371
eval19,inspired,full,25,3.7734122276306152,14.238454818725586
eval19,inspired,full,26,4.233649253845215,15.016196250915527
eval19,inspired,full,27,10.101069450378418,18.34925651550293
eval19,inspired,orthogonal_matched,20,-0.17071595788002014,12.540999412536621
eval19,inspired,orthogonal_matched,21,-0.21598505973815918,12.33464527130127
eval19,inspired,orthogonal_matched,22,-0.07301884889602661,12.38780403137207
eval19,inspired,orthogonal_matched,23,-0.2243081033229828,12.464694023132324
eval19,inspired,orthogonal_matched,24,0.010545670986175537,13.230923652648926
eval19,inspired,orthogonal_matched,25,0.0816718339920044,13.676013946533203
eval19,inspired,orthogonal_matched,26,0.3407552242279053,14.374258041381836
eval19,inspired,orthogonal_matched,27,4.7363996505737305,15.826766967773438
eval19,afraid,full,20,0.02114097774028778,8.754565238952637
eval19,afraid,full,21,0.001719929277896881,8.498600959777832
eval19,afraid,full,22,-0.03554179519414902,8.344091415405273
eval19,afraid,full,23,-0.030494429171085358,8.259489059448242
eval19,afraid,full,24,0.05755798891186714,8.580708503723145
eval19,afraid,full,25,0.0023393332958221436,8.891653060913086
eval19,afraid,full,26,-0.18580782413482666,9.38453483581543
eval19,afraid,full,27,-2.776301383972168,10.431620597839355
eval19,afraid,orthogonal_matched,20,-0.0795525312423706,8.755309104919434
eval19,afraid,orthogonal_matched,21,-0.10673454403877258,8.500482559204102
eval19,afraid,orthogonal_matched,22,-0.14496131241321564,8.348108291625977
eval19,afraid,orthogonal_matched,23,-0.15534721314907074,8.265080451965332
eval19,afraid,orthogonal_matched,24,-0.08305254578590393,8.584576606750488
eval19,afraid,orthogonal_matched,25,-0.15303342044353485,8.895967483520508
eval19,afraid,orthogonal_matched,26,-0.34730249643325806,9.391154289245605
eval19,afraid,orthogonal_matched,27,-3.003166437149048,10.453667640686035
eval19,depressed,full,20,-1.0355626344680786,9.336750984191895
eval19,depressed,full,21,-1.1686830520629883,9.267108917236328
eval19,depressed,full,22,-1.249958872795105,9.42931079864502
eval19,depressed,full,23,-1.6032073497772217,9.437580108642578
eval19,depressed,full,24,-1.6078858375549316,9.913479804992676
eval19,depressed,full,25,-1.796302318572998,10.11448860168457
eval19,depressed,full,26,-2.014647960662842,10.548794746398926
eval19,depressed,full,27,-2.082141637802124,12.128787994384766
eval19,depressed,orthogonal_matched,20,-0.19825999438762665,9.301472663879395
eval19,depressed,orthogonal_matched,21,-0.2777853310108185,9.217010498046875
eval19,depressed,orthogonal_matched,22,-0.3238973319530487,9.381587982177734
eval19,depressed,orthogonal_matched,23,-0.5874643325805664,9.35693645477295
eval19,depressed,orthogonal_matched,24,-0.497591108083725,9.834221839904785
eval19,depressed,orthogonal_matched,25,-0.5825275778770447,10.041701316833496
eval19,depressed,orthogonal_matched,26,-0.7623802423477173,10.494817733764648
eval19,depressed,orthogonal_matched,27,-0.4146721363067627,12.233739852905273
eval19,horrified,full,20,0.44235631823539734,11.276788711547852
eval19,horrified,full,21,0.7814608812332153,9.717144966125488
eval19,horrified,full,22,0.4447224736213684,8.547198295593262
eval19,horrified,full,23,0.28981781005859375,8.173172950744629
eval19,horrified,full,24,0.20704826712608337,7.704596519470215
eval19,horrified,full,25,0.34810084104537964,7.735845565795898
eval19,horrified,full,26,-0.1026223748922348,7.458288192749023
eval19,horrified,full,27,-1.5214438438415527,7.188899993896484
eval19,horrified,orthogonal_matched,20,-0.28648942708969116,11.279011726379395
eval19,horrified,orthogonal_matched,21,0.006768465042114258,9.709932327270508
eval19,horrified,orthogonal_matched,22,-0.35950303077697754,8.553650856018066
eval19,horrified,orthogonal_matched,23,-0.6048591136932373,8.19234561920166
eval19,horrified,orthogonal_matched,24,-0.7563297748565674,7.75941276550293
eval19,horrified,orthogonal_matched,25,-0.7105684280395508,7.8036065101623535
eval19,horrified,orthogonal_matched,26,-1.223404884338379,7.493856906890869
eval19,horrified,orthogonal_matched,27,-3.0846352577209473,7.428232192993164
eval19,disgusted,full,20,-0.4331364631652832,9.800309181213379
eval19,disgusted,full,21,-0.3973621726036072,8.849767684936523
eval19,disgusted,full,22,-0.43987053632736206,8.487072944641113
eval19,disgusted,full,23,-0.522602915763855,8.260636329650879
eval19,disgusted,full,24,-0.4616006910800934,8.327676773071289
eval19,disgusted,full,25,-0.8367576003074646,8.354008674621582
eval19,disgusted,full,26,-1.3451783657073975,8.464071273803711
eval19,disgusted,full,27,-4.300483226776123,7.898382186889648
eval19,disgusted,orthogonal_matched,20,-0.19350683689117432,9.793106079101562
eval19,disgusted,orthogonal_matched,21,-0.14325450360774994,8.846657752990723
eval19,disgusted,orthogonal_matched,22,-0.17435765266418457,8.490558624267578
eval19,disgusted,orthogonal_matched,23,-0.2355172038078308,8.255882263183594
eval19,disgusted,orthogonal_matched,24,-0.14993810653686523,8.32839584350586
eval19,disgusted,orthogonal_matched,25,-0.49797049164772034,8.347274780273438
eval19,disgusted,orthogonal_matched,26,-0.9841943383216858,8.460274696350098
eval19,disgusted,orthogonal_matched,27,-3.8298327922821045,7.85588264465332
eval19,furious,full,20,-1.2347899675369263,20.009532928466797
eval19,furious,full,21,-1.4979127645492554,18.021575927734375
eval19,furious,full,22,-1.5357059240341187,16.32624626159668
eval19,furious,full,23,-1.179490566253662,15.617518424987793
eval19,furious,full,24,-1.2301102876663208,15.497458457946777
eval19,furious,full,25,-1.242279291152954,16.010967254638672
eval19,furious,full,26,-0.7776501178741455,15.234270095825195
eval19,furious,full,27,-3.461646556854248,12.516470909118652
eval19,furious,orthogonal_matched,20,0.38028237223625183,19.97031021118164
eval19,furious,orthogonal_matched,21,0.24005746841430664,17.975879669189453
eval19,furious,orthogonal_matched,22,0.2818402647972107,16.269689559936523
eval19,furious,orthogonal_matched,23,0.8569563627243042,15.602407455444336
eval19,furious,orthogonal_matched,24,0.9556859731674194,15.47605037689209
eval19,furious,orthogonal_matched,25,1.1908272504806519,15.971969604492188
eval19,furious,orthogonal_matched,26,1.8367359638214111,15.111705780029297
eval19,furious,orthogonal_matched,27,0.48881399631500244,11.502203941345215
eval19,hurt,full,20,-0.3270268440246582,12.067442893981934
eval19,hurt,full,21,-0.28501129150390625,10.819388389587402
eval19,hurt,full,22,-0.8818631172180176,10.008530616760254
eval19,hurt,full,23,-1.0111886262893677,10.092222213745117
eval19,hurt,full,24,-1.2360670566558838,10.358059883117676
eval19,hurt,full,25,-1.2193546295166016,10.491846084594727
eval19,hurt,full,26,-1.9557260274887085,10.726860046386719
eval19,hurt,full,27,-4.00847053527832,12.979333877563477
eval19,hurt,orthogonal_matched,20,-0.3350653350353241,12.068364143371582
eval19,hurt,orthogonal_matched,21,-0.2952691912651062,10.819628715515137
eval19,hurt,orthogonal_matched,22,-0.891750693321228,10.009716987609863
eval19,hurt,orthogonal_matched,23,-1.025432825088501,10.089618682861328
eval19,hurt,orthogonal_matched,24,-1.2499192953109741,10.353313446044922
eval19,hurt,orthogonal_matched,25,-1.2276520729064941,10.492734909057617
eval19,hurt,orthogonal_matched,26,-1.9750316143035889,10.724569320678711
eval19,hurt,orthogonal_matched,27,-4.042353630065918,12.976617813110352
eval19,miserable,full,20,-0.7468729615211487,10.902840614318848
eval19,miserable,full,21,-0.5292714834213257,10.312055587768555
eval19,miserable,full,22,-0.5277320742607117,10.396141052246094
eval19,miserable,full,23,-0.8768242597579956,10.129673957824707
eval19,miserable,full,24,-0.959945559501648,10.529390335083008
eval19,miserable,full,25,-1.1091326475143433,10.762229919433594
eval19,miserable,full,26,-1.4381296634674072,11.119223594665527
eval19,miserable,full,27,-2.7091012001037598,11.207284927368164
eval19,miserable,orthogonal_matched,20,-0.14617955684661865,10.906277656555176
eval19,miserable,orthogonal_matched,21,0.11277186870574951,10.313397407531738
eval19,miserable,orthogonal_matched,22,0.14537285268306732,10.405243873596191
eval19,miserable,orthogonal_matched,23,-0.13306130468845367,10.103321075439453
eval19,miserable,orthogonal_matched,24,-0.16502338647842407,10.50308895111084
eval19,miserable,orthogonal_matched,25,-0.23049677908420563,10.732173919677734
eval19,miserable,orthogonal_matched,26,-0.5206540822982788,11.113931655883789
eval19,miserable,orthogonal_matched,27,-1.42240309715271,10.993843078613281
eval19,hateful,full,20,-1.5320227146148682,11.21337604522705
eval19,hateful,full,21,-1.5501699447631836,10.861503601074219
eval19,hateful,full,22,-1.6748054027557373,10.714652061462402
eval19,hateful,full,23,-2.0600223541259766,10.97364330291748
eval19,hateful,full,24,-2.0833213329315186,11.624985694885254
eval19,hateful,full,25,-2.47560453414917,11.812837600708008
eval19,hateful,full,26,-2.5747272968292236,12.065600395202637
eval19,hateful,full,27,-6.253747940063477,12.44839096069336
eval19,hateful,orthogonal_matched,20,-0.17169903218746185,11.124224662780762
eval19,hateful,orthogonal_matched,21,-0.09551585465669632,10.79998779296875
eval19,hateful,orthogonal_matched,22,-0.1581563949584961,10.640179634094238
eval19,hateful,orthogonal_matched,23,-0.39924299716949463,10.840555191040039
eval19,hateful,orthogonal_matched,24,-0.2834969162940979,11.507050514221191
eval19,hateful,orthogonal_matched,25,-0.5021532773971558,11.670281410217285
eval19,hateful,orthogonal_matched,26,-0.486694872379303,11.960198402404785
eval19,hateful,orthogonal_matched,27,-3.3253612518310547,11.926137924194336
eval19,tormented,full,20,-2.0291943550109863,11.529796600341797
eval19,tormented,full,21,-1.8875937461853027,11.576546669006348
eval19,tormented,full,22,-1.862755298614502,12.167388916015625
eval19,tormented,full,23,-2.527177572250366,12.644240379333496
eval19,tormented,full,24,-2.654780387878418,14.0385160446167
eval19,tormented,full,25,-3.3244969844818115,14.650763511657715
eval19,tormented,full,26,-3.7313613891601562,15.133320808410645
eval19,tormented,full,27,-10.935016632080078,14.05926513671875
eval19,tormented,orthogonal_matched,20,-0.20113970339298248,11.354096412658691
eval19,tormented,orthogonal_matched,21,0.07221578061580658,11.403495788574219
eval19,tormented,orthogonal_matched,22,0.1808302253484726,12.025609016418457
eval19,tormented,orthogonal_matched,23,-0.27158117294311523,12.392874717712402
eval19,tormented,orthogonal_matched,24,-0.20973215997219086,13.784947395324707
eval19,tormented,orthogonal_matched,25,-0.6353607177734375,14.310080528259277
eval19,tormented,orthogonal_matched,26,-0.8644214868545532,14.800657272338867
eval19,tormented,orthogonal_matched,27,-7.087651252746582,12.6480712890625
eval19,upset,full,20,0.4277791678905487,12.355184555053711
eval19,upset,full,21,0.7015034556388855,11.2779541015625
eval19,upset,full,22,0.6050468683242798,10.941438674926758
eval19,upset,full,23,0.5935945510864258,10.373747825622559
eval19,upset,full,24,0.3094576299190521,10.387166023254395
eval19,upset,full,25,0.6402593851089478,10.567251205444336
eval19,upset,full,26,0.32248568534851074,10.268173217773438
eval19,upset,full,27,1.7483478784561157,10.765935897827148
eval19,upset,orthogonal_matched,20,-0.12116293609142303,12.383231163024902
eval19,upset,orthogonal_matched,21,0.11666686832904816,11.286927223205566
eval19,upset,orthogonal_matched,22,-0.011090025305747986,10.92917251586914
eval19,upset,orthogonal_matched,23,-0.08599485456943512,10.36743450164795
eval19,upset,orthogonal_matched,24,-0.4215039312839508,10.404611587524414
eval19,upset,orthogonal_matched,25,-0.16315075755119324,10.592202186584473
eval19,upset,orthogonal_matched,26,-0.5365563631057739,10.240461349487305
eval19,upset,orthogonal_matched,27,0.4946855306625366,10.652605056762695
eval20,empathetic,full,20,1.7709345817565918,13.179287910461426
eval20,empathetic,full,21,2.0084359645843506,12.80057144165039
eval20,empathetic,full,22,1.6987855434417725,12.933669090270996
eval20,empathetic,full,23,1.91282057762146,12.915050506591797
eval20,empathetic,full,24,2.2955527305603027,13.516206741333008
eval20,empathetic,full,25,2.4056825637817383,13.926101684570312
eval20,empathetic,full,26,2.2841129302978516,14.222564697265625
eval20,empathetic,full,27,4.064825534820557,13.514991760253906
eval20,empathetic,orthogonal_matched,20,0.045372217893600464,13.01694393157959
eval20,empathetic,orthogonal_matched,21,0.19760483503341675,12.597658157348633
eval20,empathetic,orthogonal_matched,22,-0.15021242201328278,12.745880126953125
eval20,empathetic,orthogonal_matched,23,-0.1371595561504364,12.702540397644043
eval20,empathetic,orthogonal_matched,24,0.11407631635665894,13.295321464538574
eval20,empathetic,orthogonal_matched,25,0.03202831745147705,13.658705711364746
eval20,empathetic,orthogonal_matched,26,-0.19025154411792755,13.945789337158203
eval20,empathetic,orthogonal_matched,27,0.9136344194412231,13.162639617919922
eval20,exuberant,full,20,1.1787514686584473,8.867067337036133
eval20,exuberant,full,21,1.2035512924194336,8.4544677734375
eval20,exuberant,full,22,1.3018797636032104,8.216384887695312
eval20,exuberant,full,23,1.5976593494415283,7.998279094696045
eval20,exuberant,full,24,1.8644077777862549,8.182073593139648
eval20,exuberant,full,25,1.96036696434021,8.46621036529541
eval20,exuberant,full,26,2.149155616760254,8.80387020111084
eval20,exuberant,full,27,3.512979030609131,8.885865211486816
eval20,exuberant,orthogonal_matched,20,0.07709315419197083,8.763172149658203
eval20,exuberant,orthogonal_matched,21,0.04977288842201233,8.37791919708252
eval20,exuberant,orthogonal_matched,22,0.11980186402797699,8.140575408935547
eval20,exuberant,orthogonal_matched,23,0.2685520350933075,7.922192573547363
eval20,exuberant,orthogonal_matched,24,0.44038963317871094,8.088701248168945
eval20,exuberant,orthogonal_matched,25,0.41882479190826416,8.369946479797363
eval20,exuberant,orthogonal_matched,26,0.5280404090881348,8.680702209472656
eval20,exuberant,orthogonal_matched,27,1.4353034496307373,8.515362739562988
eval20,invigorated,full,20,0.7244454622268677,9.799367904663086
eval20,invigorated,full,21,0.9509760141372681,9.405966758728027
eval20,invigorated,full,22,0.8424985408782959,9.354864120483398
eval20,invigorated,full,23,0.9990824460983276,9.441558837890625
eval20,invigorated,full,24,0.8429533243179321,9.866100311279297
eval20,invigorated,full,25,0.9459118843078613,10.347625732421875
eval20,invigorated,full,26,1.2490663528442383,10.973517417907715
eval20,invigorated,full,27,3.6973259449005127,11.532225608825684
eval20,invigorated,orthogonal_matched,20,0.06915751099586487,9.753637313842773
eval20,invigorated,orthogonal_matched,21,0.2655606269836426,9.351663589477539
eval20,invigorated,orthogonal_matched,22,0.1446622908115387,9.306778907775879
eval20,invigorated,orthogonal_matched,23,0.222471684217453,9.389734268188477
eval20,invigorated,orthogonal_matched,24,-0.0007495582103729248,9.820547103881836
eval20,invigorated,orthogonal_matched,25,0.026954352855682373,10.294682502746582
eval20,invigorated,orthogonal_matched,26,0.28877365589141846,10.903092384338379
eval20,invigorated,orthogonal_matched,27,2.483748197555542,11.260417938232422
eval20,cheerful,full,20,2.715420722961426,10.435049057006836
eval20,cheerful,full,21,2.7800796031951904,9.803585052490234
eval20,cheerful,full,22,2.8430891036987305,9.783767700195312
eval20,cheerful,full,23,3.358584403991699,9.92607593536377
eval20,cheerful,full,24,3.714916706085205,10.125224113464355
eval20,cheerful,full,25,3.85587215423584,10.332500457763672
eval20,cheerful,full,26,3.944385528564453,11.067593574523926
eval20,cheerful,full,27,6.107143402099609,12.88673210144043
eval20,cheerful,orthogonal_matched,20,0.11681252717971802,10.033430099487305
eval20,cheerful,orthogonal_matched,21,0.0464651882648468,9.391600608825684
eval20,cheerful,orthogonal_matched,22,0.043011754751205444,9.401970863342285
eval20,cheerful,orthogonal_matched,23,0.2621723413467407,9.467277526855469
eval20,cheerful,orthogonal_matched,24,0.39580395817756653,9.624482154846191
eval20,cheerful,orthogonal_matched,25,0.22580701112747192,9.80664348602295
eval20,cheerful,orthogonal_matched,26,0.1424294412136078,10.5551118850708
eval20,cheerful,orthogonal_matched,27,1.219587802886963,11.7257661819458
eval20,joyful,full,20,1.533570647239685,20.12814712524414
eval20,joyful,full,21,1.1359906196594238,17.94513511657715
eval20,joyful,full,22,1.8098360300064087,15.761255264282227
eval20,joyful,full,23,2.154080629348755,15.328898429870605
eval20,joyful,full,24,2.537886142730713,15.68045425415039
eval20,joyful,full,25,2.5290069580078125,15.401066780090332
eval20,joyful,full,26,3.445486068725586,15.374159812927246
eval20,joyful,full,27,6.242132186889648,17.440982818603516
eval20,joyful,orthogonal_matched,20,0.8171414136886597,20.04637908935547
eval20,joyful,orthogonal_matched,21,0.3856605887413025,17.870121002197266
eval20,joyful,orthogonal_matched,22,1.0295689105987549,15.675887107849121
eval20,joyful,orthogonal_matched,23,1.2663681507110596,15.2479887008667
eval20,joyful,orthogonal_matched,24,1.577324628829956,15.58403205871582
eval20,joyful,orthogonal_matched,25,1.471826195716858,15.307585716247559
eval20,joyful,orthogonal_matched,26,2.3364059925079346,15.25306224822998
eval20,joyful,orthogonal_matched,27,4.690990924835205,16.847877502441406
eval20,happy,full,20,1.3143508434295654,15.206559181213379
eval20,happy,full,21,1.247739315032959,13.369536399841309
eval20,happy,full,22,1.985060453414917,11.929032325744629
eval20,happy,full,23,2.3803834915161133,11.455385208129883
eval20,happy,full,24,2.706730842590332,11.736781120300293
eval20,happy,full,25,2.7955048084259033,11.72568130493164
eval20,happy,full,26,4.1744184494018555,12.33667278289795
eval20,happy,full,27,9.295882225036621,15.626341819763184
eval20,happy,orthogonal_matched,20,0.5282416343688965,15.155471801757812
eval20,happy,orthogonal_matched,21,0.4256156086921692,13.307838439941406
eval20,happy,orthogonal_matched,22,1.1410804986953735,11.847692489624023
eval20,happy,orthogonal_matched,23,1.427872657775879,11.350774765014648
eval20,happy,orthogonal_matched,24,1.6990289688110352,11.58834171295166
eval20,happy,orthogonal_matched,25,1.7025353908538818,11.56364917755127
eval20,happy,orthogonal_matched,26,3.021517276763916,12.129501342773438
eval20,happy,orthogonal_matched,27,7.698826789855957,14.90884017944336
eval20,optimistic,full,20,1.412083387374878,17.732778549194336
eval20,optimistic,full,21,1.225022554397583,15.880603790283203
eval20,optimistic,full,22,2.0847556591033936,14.429356575012207
eval20,optimistic,full,23,2.494314670562744,14.246498107910156
eval20,optimistic,full,24,2.7494821548461914,14.826192855834961
eval20,optimistic,full,25,2.4172778129577637,14.881266593933105
eval20,optimistic,full,26,2.9102227687835693,15.462662696838379
eval20,optimistic,full,27,3.9326350688934326,15.376360893249512
eval20,optimistic,orthogonal_matched,20,0.16366249322891235,17.63266372680664
eval20,optimistic,orthogonal_matched,21,-0.0839596688747406,15.76356315612793
eval20,optimistic,orthogonal_matched,22,0.7519498467445374,14.25513744354248
eval20,optimistic,orthogonal_matched,23,0.9832048416137695,14.007672309875488
eval20,optimistic,orthogonal_matched,24,1.1144968271255493,14.564224243164062
eval20,optimistic,orthogonal_matched,25,0.6289912462234497,14.600543975830078
eval20,optimistic,orthogonal_matched,26,1.0216939449310303,15.182198524475098
eval20,optimistic,orthogonal_matched,27,1.4718823432922363,14.672781944274902
eval20,delighted,full,20,4.000190734863281,15.346925735473633
eval20,delighted,full,21,4.339053630828857,14.32293701171875
eval20,delighted,full,22,4.317896366119385,14.361068725585938
eval20,delighted,full,23,5.213671684265137,14.459720611572266
eval20,delighted,full,24,5.66624116897583,15.243993759155273
eval20,delighted,full,25,6.506186485290527,15.733743667602539
eval20,delighted,full,26,6.952360153198242,16.673934936523438
eval20,delighted,full,27,11.328822135925293,18.490785598754883
eval20,delighted,orthogonal_matched,20,0.7445038557052612,14.86273193359375
eval20,delighted,orthogonal_matched,21,0.9126035571098328,13.736577987670898
eval20,delighted,orthogonal_matched,22,0.8276833295822144,13.762885093688965
eval20,delighted,orthogonal_matched,23,1.3473482131958008,13.68478775024414
eval20,delighted,orthogonal_matched,24,1.5373830795288086,14.446067810058594
eval20,delighted,orthogonal_matched,25,2.009359359741211,14.862739562988281
eval20,delighted,orthogonal_matched,26,2.2774477005004883,15.828792572021484
eval20,delighted,orthogonal_matched,27,5.22821569442749,16.403352737426758
eval20,thankful,full,20,-0.4558090567588806,13.640931129455566
eval20,thankful,full,21,-0.720771312713623,12.740181922912598
eval20,thankful,full,22,-0.4820290207862854,12.096881866455078
eval20,thankful,full,23,-0.6210729479789734,11.798094749450684
eval20,thankful,full,24,-0.2870733439922333,12.22856330871582
eval20,thankful,full,25,-0.517116904258728,12.256831169128418
eval20,thankful,full,26,-0.17738352715969086,12.701659202575684
eval20,thankful,full,27,-1.8313157558441162,12.969084739685059
eval20,thankful,orthogonal_matched,20,-0.04468151926994324,13.653426170349121
eval20,thankful,orthogonal_matched,21,-0.29412633180618286,12.751402854919434
eval20,thankful,orthogonal_matched,22,-0.0466935932636261,12.120390892028809
eval20,thankful,orthogonal_matched,23,-0.12566718459129333,11.80561351776123
eval20,thankful,orthogonal_matched,24,0.23722900450229645,12.245277404785156
eval20,thankful,orthogonal_matched,25,0.05722075700759888,12.275558471679688
eval20,thankful,orthogonal_matched,26,0.4147493839263916,12.734374046325684
eval20,thankful,orthogonal_matched,27,-1.0261136293411255,12.82640552520752
eval20,inspired,full,20,2.190048933029175,12.552811622619629
eval20,inspired,full,21,2.3580808639526367,12.249383926391602
eval20,inspired,full,22,2.296781539916992,12.057621002197266
eval20,inspired,full,23,2.421544075012207,12.110502243041992
eval20,inspired,full,24,2.8597638607025146,12.792695999145508
eval20,inspired,full,25,3.2092723846435547,13.219566345214844
eval20,inspired,full,26,3.5241222381591797,14.035603523254395
eval20,inspired,full,27,8.285468101501465,15.18301773071289
eval20,inspired,orthogonal_matched,20,-0.30288636684417725,12.305440902709961
eval20,inspired,orthogonal_matched,21,-0.26552414894104004,12.001556396484375
eval20,inspired,orthogonal_matched,22,-0.3804459869861603,11.843867301940918
eval20,inspired,orthogonal_matched,23,-0.5296922922134399,11.860932350158691
eval20,inspired,orthogonal_matched,24,-0.30262356996536255,12.531900405883789
eval20,inspired,orthogonal_matched,25,-0.2293536365032196,12.893766403198242
eval20,inspired,orthogonal_matched,26,-0.053196072578430176,13.63519287109375
eval20,inspired,orthogonal_matched,27,3.6554970741271973,13.113533020019531
eval20,afraid,full,20,0.0787758082151413,8.694255828857422
eval20,afraid,full,21,0.10813617706298828,8.35148811340332
eval20,afraid,full,22,0.03603016585111618,8.16117000579834
eval20,afraid,full,23,0.008703408762812614,8.024540901184082
eval20,afraid,full,24,0.008443464525043964,8.324724197387695
eval20,afraid,full,25,-0.08132437616586685,8.586484909057617
eval20,afraid,full,26,-0.4218270182609558,9.081528663635254
eval20,afraid,full,27,-1.8589518070220947,9.065311431884766
eval20,afraid,orthogonal_matched,20,-0.013580899685621262,8.693556785583496
eval20,afraid,orthogonal_matched,21,0.009306248277425766,8.34998893737793
eval20,afraid,orthogonal_matched,22,-0.06412555277347565,8.160593032836914
eval20,afraid,orthogonal_matched,23,-0.10982536524534225,8.026208877563477
eval20,afraid,orthogonal_matched,24,-0.11227189004421234,8.322501182556152
eval20,afraid,orthogonal_matched,25,-0.21176306903362274,8.589900970458984
eval20,afraid,orthogonal_matched,26,-0.5664820075035095,9.094954490661621
eval20,afraid,orthogonal_matched,27,-2.0102133750915527,9.097259521484375
eval20,depressed,full,20,-0.8229067325592041,9.27354907989502
eval20,depressed,full,21,-0.8737972974777222,8.984729766845703
eval20,depressed,full,22,-0.875015377998352,8.964120864868164
eval20,depressed,full,23,-1.1653426885604858,9.037015914916992
eval20,depressed,full,24,-1.1974908113479614,9.562947273254395
eval20,depressed,full,25,-1.2240703105926514,9.719624519348145
eval20,depressed,full,26,-1.3494700193405151,10.233834266662598
eval20,depressed,full,27,-1.0085417032241821,10.667041778564453
eval20,depressed,orthogonal_matched,20,-0.037335846573114395,9.245418548583984
eval20,depressed,orthogonal_matched,21,-0.053120288997888565,8.943916320800781
eval20,depressed,orthogonal_matched,22,-0.041043978184461594,8.921634674072266
eval20,depressed,orthogonal_matched,23,-0.2361433207988739,8.966535568237305
eval20,depressed,orthogonal_matched,24,-0.19308175146579742,9.507882118225098
eval20,depressed,orthogonal_matched,25,-0.13714756071567535,9.66484546661377
eval20,depressed,orthogonal_matched,26,-0.22450940310955048,10.190134048461914
eval20,depressed,orthogonal_matched,27,0.4256991744041443,10.76425552368164
eval20,horrified,full,20,0.5350596308708191,11.167762756347656
eval20,horrified,full,21,0.8162064552307129,9.512855529785156
eval20,horrified,full,22,0.5117055177688599,8.222455024719238
eval20,horrified,full,23,0.4738447964191437,7.774953365325928
eval20,horrified,full,24,0.4752693474292755,7.570623397827148
eval20,horrified,full,25,0.7649198174476624,7.6268205642700195
eval20,horrified,full,26,0.3978869318962097,7.444805145263672
eval20,horrified,full,27,-0.29153263568878174,6.51935338973999
eval20,horrified,orthogonal_matched,20,-0.14524462819099426,11.181273460388184
eval20,horrified,orthogonal_matched,21,0.10987767577171326,9.529495239257812
eval20,horrified,orthogonal_matched,22,-0.2164144366979599,8.245044708251953
eval20,horrified,orthogonal_matched,23,-0.3432639241218567,7.794969081878662
eval20,horrified,orthogonal_matched,24,-0.40397414565086365,7.603204250335693
eval20,horrified,orthogonal_matched,25,-0.1863185167312622,7.675826072692871
eval20,horrified,orthogonal_matched,26,-0.5884870290756226,7.480414390563965
eval20,horrified,orthogonal_matched,27,-1.549673080444336,6.71666145324707
eval20,disgusted,full,20,-0.339204341173172,9.774691581726074
eval20,disgusted,full,21,-0.2167600393295288,8.737204551696777
eval20,disgusted,full,22,-0.24522864818572998,8.29865550994873
eval20,disgusted,full,23,-0.28770607709884644,8.028691291809082
eval20,disgusted,full,24,-0.2362222522497177,8.099212646484375
eval20,disgusted,full,25,-0.5224539637565613,8.168341636657715
eval20,disgusted,full,26,-1.0159395933151245,8.274296760559082
eval20,disgusted,full,27,-2.5186991691589355,6.910707473754883
eval20,disgusted,orthogonal_matched,20,-0.11693075299263,9.772125244140625
eval20,disgusted,orthogonal_matched,21,0.008605733513832092,8.735796928405762
eval20,disgusted,orthogonal_matched,22,-0.013943880796432495,8.299689292907715
eval20,disgusted,orthogonal_matched,23,-0.03344617784023285,8.026936531066895
eval20,disgusted,orthogonal_matched,24,0.032994888722896576,8.0950927734375
eval20,disgusted,orthogonal_matched,25,-0.22815173864364624,8.156298637390137
eval20,disgusted,orthogonal_matched,26,-0.6822783946990967,8.26858139038086
eval20,disgusted,orthogonal_matched,27,-2.092203140258789,6.875596046447754
eval20,furious,full,20,-0.9035748243331909,19.97268295288086
eval20,furious,full,21,-0.973332405090332,17.81785774230957
eval20,furious,full,22,-0.7035915851593018,15.526241302490234
eval20,furious,full,23,-0.41279521584510803,14.847413063049316
eval20,furious,full,24,-0.5376360416412354,15.115721702575684
eval20,furious,full,25,-0.5977789163589478,15.770624160766602
eval20,furious,full,26,-0.5047876834869385,15.170028686523438
eval20,furious,full,27,-2.741349697113037,10.750580787658691
eval20,furious,orthogonal_matched,20,0.6045157313346863,19.947891235351562
eval20,furious,orthogonal_matched,21,0.605544924736023,17.81113052368164
eval20,furious,orthogonal_matched,22,0.9067947268486023,15.531591415405273
eval20,furious,orthogonal_matched,23,1.4133186340332031,14.850397109985352
eval20,furious,orthogonal_matched,24,1.411696195602417,15.092885971069336
eval20,furious,orthogonal_matched,25,1.5390307903289795,15.745403289794922
eval20,furious,orthogonal_matched,26,1.7557640075683594,15.088159561157227
eval20,furious,orthogonal_matched,27,0.3797184228897095,9.971774101257324
eval20,hurt,full,20,-0.10796433687210083,11.904757499694824
eval20,hurt,full,21,-0.015991121530532837,10.613577842712402
eval20,hurt,full,22,-0.5423492789268494,9.561820983886719
eval20,hurt,full,23,-0.6051090359687805,9.620110511779785
eval20,hurt,full,24,-0.7965527772903442,9.894993782043457
eval20,hurt,full,25,-0.7116589546203613,9.958169937133789
eval20,hurt,full,26,-1.3504239320755005,10.328924179077148
eval20,hurt,full,27,-2.9172205924987793,11.113346099853516
eval20,hurt,orthogonal_matched,20,-0.11695435643196106,11.904025077819824
eval20,hurt,orthogonal_matched,21,-0.020952433347702026,10.61888599395752
eval20,hurt,orthogonal_matched,22,-0.5530497431755066,9.565518379211426
eval20,hurt,orthogonal_matched,23,-0.6156896352767944,9.62486743927002
eval20,hurt,orthogonal_matched,24,-0.8072776794433594,9.902884483337402
eval20,hurt,orthogonal_matched,25,-0.7222083806991577,9.973240852355957
eval20,hurt,orthogonal_matched,26,-1.3650767803192139,10.34123706817627
eval20,hurt,orthogonal_matched,27,-2.9315152168273926,11.115875244140625
eval20,miserable,full,20,-0.4828663766384125,10.701640129089355
eval20,miserable,full,21,-0.19883403182029724,9.901069641113281
eval20,miserable,full,22,-0.1127520352602005,9.763649940490723
eval20,miserable,full,23,-0.4195488393306732,9.50377082824707
eval20,miserable,full,24,-0.429099440574646,9.935093879699707
eval20,miserable,full,25,-0.3714851140975952,10.228201866149902
eval20,miserable,full,26,-0.41822880506515503,10.520874977111816
eval20,miserable,full,27,-0.8190261125564575,9.29243278503418
eval20,miserable,orthogonal_matched,20,0.07833768427371979,10.710396766662598
eval20,miserable,orthogonal_matched,21,0.3947153687477112,9.91684627532959
eval20,miserable,orthogonal_matched,22,0.49434515833854675,9.791213989257812
eval20,miserable,orthogonal_matched,23,0.25654613971710205,9.523330688476562
eval20,miserable,orthogonal_matched,24,0.2716609835624695,9.95379638671875
eval20,miserable,orthogonal_matched,25,0.3780949115753174,10.235722541809082
eval20,miserable,orthogonal_matched,26,0.3772731423377991,10.557944297790527
eval20,miserable,orthogonal_matched,27,0.21368283033370972,9.162402153015137
eval20,hateful,full,20,-1.312248945236206,11.009445190429688
eval20,hateful,full,21,-1.2241475582122803,10.636750221252441
eval20,hateful,full,22,-1.3362752199172974,10.360342979431152
eval20,hateful,full,23,-1.817702293395996,10.598489761352539
eval20,hateful,full,24,-1.7820936441421509,11.197931289672852
eval20,hateful,full,25,-2.040341377258301,11.344534873962402
eval20,hateful,full,26,-2.1701831817626953,11.488292694091797
eval20,hateful,full,27,-4.044218063354492,11.563170433044434
eval20,hateful,orthogonal_matched,20,-0.04832646995782852,10.93264102935791
eval20,hateful,orthogonal_matched,21,0.09770162403583527,10.574268341064453
eval20,hateful,orthogonal_matched,22,0.0036458559334278107,10.28470516204834
eval20,hateful,orthogonal_matched,23,-0.33130449056625366,10.477110862731934
eval20,hateful,orthogonal_matched,24,-0.19517596065998077,11.097408294677734
eval20,hateful,orthogonal_matched,25,-0.3154858648777008,11.24376392364502
eval20,hateful,orthogonal_matched,26,-0.3944815695285797,11.412542343139648
eval20,hateful,orthogonal_matched,27,-1.8003525733947754,11.24701976776123
eval20,tormented,full,20,-1.7340517044067383,11.310922622680664
eval20,tormented,full,21,-1.5324153900146484,11.310171127319336
eval20,tormented,full,22,-1.4026005268096924,11.679022789001465
eval20,tormented,full,23,-2.024435520172119,12.193268775939941
eval20,tormented,full,24,-2.1568078994750977,13.360811233520508
eval20,tormented,full,25,-2.4873878955841064,13.910491943359375
eval20,tormented,full,26,-2.475399971008301,14.25660514831543
eval20,tormented,full,27,-6.391908645629883,13.088264465332031
eval20,tormented,orthogonal_matched,20,-0.02943778783082962,11.179611206054688
eval20,tormented,orthogonal_matched,21,0.2514820098876953,11.176761627197266
eval20,tormented,orthogonal_matched,22,0.4183920621871948,11.586688995361328
eval20,tormented,orthogonal_matched,23,0.014126069843769073,12.027825355529785
eval20,tormented,orthogonal_matched,24,0.023554779589176178,13.202250480651855
eval20,tormented,orthogonal_matched,25,-0.1224483922123909,13.69648551940918
eval20,tormented,orthogonal_matched,26,-0.0260784775018692,14.0631685256958
eval20,tormented,orthogonal_matched,27,-3.3692893981933594,12.08895492553711
eval20,upset,full,20,0.5379349589347839,12.301952362060547
eval20,upset,full,21,0.8048241138458252,11.01556396484375
eval20,upset,full,22,0.8222320675849915,10.494230270385742
eval20,upset,full,23,0.9422098398208618,9.783756256103516
eval20,upset,full,24,0.6899740695953369,9.784503936767578
eval20,upset,full,25,1.0308083295822144,9.913164138793945
eval20,upset,full,26,0.8286815881729126,9.699065208435059
eval20,upset,full,27,1.9733291864395142,9.338993072509766
eval20,upset,orthogonal_matched,20,0.023298650979995728,12.32406234741211
eval20,upset,orthogonal_matched,21,0.2696024775505066,11.029586791992188
eval20,upset,orthogonal_matched,22,0.2752175033092499,10.509551048278809
eval20,upset,orthogonal_matched,23,0.32522374391555786,9.781234741210938
eval20,upset,orthogonal_matched,24,0.03315538167953491,9.795848846435547
eval20,upset,orthogonal_matched,25,0.3208279609680176,9.929638862609863
eval20,upset,orthogonal_matched,26,0.08036523312330246,9.67127799987793
eval20,upset,orthogonal_matched,27,1.0209431648254395,9.26335334777832
